ybeF,1.17
glpQ,0.9721
ybdT,1.32
ybxH,1.36
ybdM,2.63
ybdK,0.8532
ybxF,2.52
rplJ,6.14
rplK,2.73
rpmG,2.91
yacP,0.6454
rplL,5.33
ybdE,0.5047
ybcT,0.8349
ybcQ,1.26
ybcO,1.2
ybcL,2.9
ybcH,4.57
cysE,0.8215
yacN,0.2759
yacL,1.09
sms,0.7887
yacH,2.0
glpT,0.9297
ybyB,1.64
ybxI,0.6903
csgA,1.71
ybdL,1.61
ybdJ,1.61
ybxB,10.02
rplA,3.34
nusG,2.81
sigH,2.13
yacO,0.6463
ybdA,0.6572
ybcS,0.6904
ybcP,1.35
ybcM,1.62
ybcI,4.74
ybcF,4.64
gltX,0.8779
yacM,0.7765
yacK,0.6061
yacI,1.49
ctsR,2.11
ydbB,0.3833
ydbA,0.4682
ydaS,1.51
ydaQ,2.45
mutT,1.69
ydaN,0.9409
yciB,0.401
nasA,0.0
nasD,0.0
nasF,0.8606
ycgS,3.36
ycgQ,1.45
ydaL,0.8636
ydaJ,2.44
lrpC,1.22
ydaH,1.99
ydaF,2.69
ydaD,1.1
ycgO,1.4
ycgM,0.4866
cah,0.6914
ycgJ,1.11
tmrB,4.09
ycgH,1.32
gsiB,0.9883
ydaT,2.08
ydaR,0.9796
ydaP,1.13
ydaO,1.93
ydaM,0.7328
yciA,0.5707
nasC,0.0
nasE,0.0
ycgT,1.38
ycgR,1.65
ycgP,2.61
ydaK,1.02
ydzA,0.822
ydaG,2.48
ydaE,1.16
ydaC,0.6591
ycgN,2.74
ycgL,0.5592
ycgK,1.63
aroI,2.49
nadE,0.3428
ycgG,2.05
purL,0.0
purC,0.2984
purK,0.5648
yebG,2.41
yebE,8.64
yebC,7.73
ydfK,2.44
ydfJ,1.43
ydfH,1.1
ydfF,1.35
ydfD,2.46
ydfB,1.71
guaA,1.17
yeaD,1.07
yeaB,0.5885
yeaA,0.9162
ydjO,1.5
ydjM,2.38
ydeT,5.35
ydeR,2.58
ydeP,4.75
ydzF,1.29
ydeM,1.22
ydeK,1.26
yexA,0.282
purB,0.2836
purE,1.04
yebF,2.34
yebD,3.47
yebB,1.82
nap,1.69
ydfI,0.4635
ydfG,0.9006
ydfE,1.64
ydfC,1.24
ydfA,4.6
yebA,0.0
yeaC,0.9664
gabP,0.7443
ydjP,1.06
ydjN,5.65
ydjL,0.4498
ydeS,0.6006
ydeQ,2.26
ydeO,1.02
ydeN,1.42
ydeL,1.95
ydeJ,1.2
yfhS,0.8737
yfhO,0.3813
yfhM,1.77
yfhK,1.3
yfhI,6.08
yfhG,1.46
yflS,0.9902
yflT,1.13
yfmC,0.0
yfmE,1.72
yfmG,0.0
yfmI,1.24
yfhE,0.0
yfhC,0.7358
yfhA,0.3863
yfiY,0.52
yfiV,1.6
yfiT,0.6324
yfmK,1.32
yfmM,1.71
yfmO,2.43
yfmQ,0.3543
yfmS,1.16
yfnA,0.0
yfhP,2.68
csbB,2.41
yfhL,1.26
yfhJ,2.17
yfhH,1.32
yfhF,1.33
pel,0.1494
yfmA,0.8431
yfmD,1.81
yfmF,1.82
yfmH,0.956
yfmJ,0.8634
yfhD,0.0
yfhB,0.3992
yfiZ,0.4275
yfiW,1.72
yfiU,1.05
yfiS,1.15
yfmL,1.77
yfmN,1.03
yfmP,1.86
yfmR,1.39
yfmT,0.0
yfnD,1.97
yisK,0.1685
yisI,0.0
yisG,1.33
yisE,1.14
yisB,0.4872
addA,0.0
yhdY,2.31
yhdW,3.91
yhdU,1.79
yhdS,0.7984
yhdQ,1.61
yhdO,0.817
yhjQ,0.9963
yhjM,3.63
yhjK,0.9085
yhjI,2.06
yhjG,0.8978
yhjE,1.9
yhdL,3.72
yhdJ,1.59
yhdH,1.72
yhdF,1.12
citR,1.16
phoA,0.8035
yisJ,0.9833
yisH,0.0
yisF,1.34
yisC,1.14
sbcD,0.4877
yhjR,1.2
yhdX,2.82
yhdV,3.38
yhdT,0.886
yhdR,0.201
yhdP,1.66
yhdM,3.42
yhjO,1.33
yhjL,1.77
yhjJ,1.2
yhjH,1.14
sipV,1.15
yhjD,1.78
yhdK,2.79
yhdI,0.7925
yhdG,0.0
citA,0.8446
lytE,1.1
spoVR,1.71
xkdU,1.14
xkdS,0.5374
xkdQ,1.1
xkdN,0.8469
xkdK,0.6264
xkdI,0.7256
yjbX,0.7107
yjbV,0.4848
yjbT,0.4312
yjbR,0.4088
tenA,0.4455
yjbP,0.9333
xkdG,0.7725
xkdE,1.34
xpf,1.28
xkdD,0.3279
xkdB,0.8765
xkdA,1.82
yjbN,0.3334
yjbL,0.5946
yjbJ,1.15
yjbH,1.67
yjbF,0.7833
yjbE,7.3
xkdT,1.1
xkdR,0.714
xkdP,0.9884
xkdM,0.5941
xkdJ,0.7406
xkdH,0.5928
yjbW,0.2055
yjbU,0.4696
yjbS,0.728
tenI,0.5347
yjbQ,1.28
yjbO,0.5395
xkdF,0.7019
xtmA,0.7333
xtrA,0.9866
xkdC,0.953
xre,4.45
yjqC,1.03
yjbM,0.3855
yjbK,1.19
yjbI,1.61
yjbG,0.3974
mecA,10.04
yjbD,1.18
ylaM,2.44
ylaK,2.38
ylaH,2.07
ylaF,1.41
ylaD,0.0
ylaB,0.0
ykvM,2.12
ykvK,1.77
ykvI,1.36
motA,1.11
ykvE,12.65
eag,3.17
nprE,1.03
ykzC,0.4699
ykzI,1.07
yktA,0.2341
slp,5.88
pdhC,0.2146
ykvA,1.98
ykrY,0.2892
ykrW,0.762
ykrU,1.33
ykrS,0.1802
ykrQ,0.8222
ylaL,0.208
ylaJ,1.32
ylaG,2.31
ylaE,0.9076
ylaC,1.85
ylaA,1.32
ykvL,3.02
ykvJ,2.66
clpE,1.13
motB,0.8744
ykvD,4.46
spo0E,5.75
yktD,3.42
yktC,0.5694
yktB,0.2746
cad,8.72
pdhD,0.1962
pdhB,0.1406
ykrZ,0.2578
ykrX,0.3833
ykrV,1.38
ykrT,0.1927
dat,0.8211
ykrM,4.52
ymfM,0.7097
ymfK,1.16
ymfI,1.07
ymfF,0.3777
ymfD,1.46
spoIIIE,1.48
yloW,2.87
yloU,0.5777
spoVM,1.41
yloR,0.4033
ymfA,0.8931
dapG,0.8107
spoVFB,1.45
ymxH,0.6146
ylxY,0.2548
ribC,0.6023
fmt,0.89
priA,0.0
yloH,1.46
yloC,1.71
ylnF,0.2986
ylnD,0.2368
ymfL,0.7731
ymfJ,1.1
ymfH,0.3975
ymfE,1.85
ymfC,2.62
ymfB,2.18
yloV,0.71
rpmB,2.88
yloS,2.56
yloQ,0.6146
yloO,0.4884
yloM,1.02
dapA,0.7227
asd,0.4397
spoVFA,1.04
ymxG,0.5918
rpsO,4.62
truB,0.6419
def,1.08
yloI,1.31
yloD,1.26
yloA,0.7693
ylnE,0.2401
ylnC,0.2201
yobK,0.5946
yobI,0.0
yozL,0.7829
yobH,1.18
rapK,1.19
yobF,3.8
yneI,1.09
ynzD,8.36
yneE,1.77
ynzC,1.77
yneA,2.38
yndN,1.68
yozI,1.29
yobD,1.16
pps,1.94
yobA,1.17
yoaZ,1.85
yoaV,1.53
yndL,1.08
yndJ,0.958
yndG,1.51
yndD,1.57
yndB,1.42
ynzA,1.39
yobJ,1.7
yozM,0.7678
yozK,0.7693
phrK,0.5702
yozJ,1.08
yobE,2.7
ccdA,1.83
yneF,3.86
tkt,0.1799
yneB,1.99
lexA,2.15
yndM,1.23
yozH,1.37
xynA,0.9963
yobB,0.8487
penP,1.38
yoaW,0.9281
yoaU,1.3
yndK,0.7137
yndH,1.55
yndE,1.29
ynzB,1.17
yndA,0.933
cotC,1.85
yonR,5.26
yonT,1.02
yonV,0.0
yopA,1.12
yopC,0.5932
yopE,1.08
yosR,0.0
yosT,2.0
yosV,0.0
yosZ,0.0
yotB,0.0
yotD,0.0
yopG,0.6361
yopI,0.6397
yopK,0.5024
yopM,0.8072
yopO,1.16
yopQ,2.18
yotF,0.0
yotH,0.0
yotJ,0.0
yotL,4.3
yotN,1.07
yodV,1.09
yonS,3.32
yonU,0.9898
yonX,2.6
yopB,0.0
yopD,1.42
yopF,0.7171
yosS,0.4477
yosU,0.6263
yosX,0.0
sspC,1.26
yotC,1.11
yotE,0.0
yopH,0.6651
yopJ,0.5603
yopL,0.2278
yopN,0.5985
yopP,2.54
yopR,1.57
yotG,0.0
yotI,0.0
yotK,1.34
yotM,0.0
yodU,0.0
cgeA,0.0
fer,4.04
recQ,0.6875
ypbE,0.0
ypbH,0.0
ypdA,0.0
sleB,0.0
ypcP,0.0
ypdP,0.0
ypeQ,1.79
degR,1.8
ypfP,2.77
bsaA,0.3089
ypfA,0.8232
cmk,0.4768
ypgA,0.3421
yphB,1.25
gpsA,2.35
yphF,0.6986
ypgR,0.638
yphP,1.67
ypjP,1.72
thyB,1.89
ypkP,1.6
yplP,0.6948
ypbB,0.6983
ypbD,1.07
ypbF,0.7717
ypcA,0.2911
ypdC,0.8993
ypeB,2.25
ypdQ,0.7024
ypeP,2.11
ypzA,1.04
cspD,1.06
metB,1.29
ypgQ,0.4215
ypfB,0.3884
ypfD,0.3065
yphA,1.22
yphC,2.38
yphE,0.5895
spoIVA,0.8907
ilvD,0.1934
ypiP,2.31
ypjQ,1.49
dfrA,1.5
yplQ,0.6928
ilvA,0.3948
yqgA,0.1222
yqgC,0.3638
yqgE,0.9493
yqgG,1.31
yqgI,1.36
yqgK,1.05
bfmBAB,0.713
bmrR,1.76
yqiW,0.5223
yqiY,0.1936
yqjA,3.0
yqjC,1.19
yqgL,2.21
yqgN,1.18
yqgP,0.3834
glcK,1.12
yqgU,0.8201
yqgW,3.19
yqjE,0.6796
yqjG,2.61
yqjI,0.1918
yqjK,0.6555
yqjM,2.05
yqjO,3.86
yqgB,0.4156
sodA,0.3462
pbpA,2.0
yqgH,0.8706
yqgJ,1.15
yqzD,1.33
bfmBB,0.6875
bmr,1.35
yqiX,0.06643
yqiZ,0.1454
yqjB,2.58
yqjD,0.4061
yqgM,1.58
yqgO,0.9602
yqgQ,0.9839
yqgT,2.63
yqgV,0.7108
yqgX,0.2999
yqjF,0.8008
yqjH,0.7055
yqjJ,0.1988
yqjL,1.38
yqjN,1.36
yqjP,1.19
levE,0.8926
levG,0.6526
adhA,0.9172
yraC,1.96
yraE,0.0
yraF,0.0
yqbK,0.5652
yqbM,1.87
yqbN,0.0
yqbQ,1.42
yqbS,0.0
yqcA,0.0
yraH,1.35
yraJ,0.5759
yraL,0.997
yraM,1.11
yraO,0.0
sigZ,1.84
yqcD,0.0
yqxG,1.52
yqxI,0.245
yqcF,0.748
yqzI,1.26
rapE,0.8057
levF,0.6125
sacC,1.32
yraB,1.95
yraD,0.0
adhB,1.11
yraG,1.06
yqbL,1.73
yqdB,2.18
yqbP,0.3448
yqbR,0.0
yqbT,0.8329
yqcB,0.0
yraI,0.3737
yraK,1.53
csn,0.6201
yraN,0.3425
yrpG,1.08
yrpE,0.371
yqcE,0.0
cwlA,1.45
yqxJ,0.3255
yqcG,0.546
phrE,1.12
yqcI,1.39
ytaF,1.44
ytbE,2.07
ytcD,1.74
ytcF,8.82
dnaB,2.27
ytxB,1.33
folC,0.3785
spoIIB,0.709
ysxA,0.9005
mreC,0.742
minC,0.7714
spoIVFA,1.48
thrS,0.0
lytS,3.39
ysbA,8.09
yscB,1.43
infC,3.19
rplT,4.03
rplU,3.55
spo0B,2.42
p`eB,1.96
pheB,1.92
yrxA,0.6506
nadB,0.5888
nadA,0.4553
ytaG,1.38
ytbD,1.77
gapB,1.27
ytcG,7.5
dnaI,1.69
ytxC,1.27
comC,0.747
maf,1.23
mreB,0.8067
mreD,0.8902
minD,0.6772
spoIVFB,2.19
ysaA,1.19
lytT,1.95
ysbB,3.64
yscA,7.46
rpmI,3.52
ysdA,6.26
ysxB,2.93
obg,2.41
pheA,1.22
nifS,1.67
nadC,0.5572
yrbA,0.3959
yubA,1.1
yubC,3.1
yubE,6.01
yubG,3.15
yuaB,0.2049
gbsA,1.62
yteP,0.0
yteR,1.09
yteT,1.1
yteV,0.0
ytfP,1.48
ytzG,1.3
yuaD,1.97
yuaG,0.3923
yuaJ,3.03
glgD,1.14
ytaB,0.0
ytxN,1.24
ytzE,1.8
ythQ,0.9007
ytjP,0.4038
ytlP,1.58
ytlR,0.6634
ytmP,3.25
yubB,1.68
yubD,3.4
yubF,3.19
yuaA,3.54
yuaC,4.77
gbsB,1.64
yteQ,0.8997
yteS,0.0
yteU,1.31
opuD,2.69
ytgP,1.91
ytzF,2.27
yuaF,0.3455
yuaI,0.5626
glgB,3.29
glgA,1.11
ytaA,0.0
cotS,1.25
ythP,1.41
ytiP,1.1
ytkP,2.82
ytlQ,0.6997
amyX,0.9439
ytzH,3.67
yvrB,0.5257
yvqK,0.6076
yvqI,0.7133
yvqG,2.51
yvqE,1.19
gerAC,1.11
yutL,2.63
paiA,1.06
yumD,0.769
yumC,0.5073
yuiA,0.1903
yuiC,0.3684
gerAA,0.9338
yuxN,1.12
yvqA,2.55
yvtB,1.52
yusZ,4.75
yusW,0.6953
yuiE,0.3434
yuiG,0.9522
yuiI,0.9479
dhbC,0.482
dhbB,0.0
yukL,0.0
yvrA,0.3904
yvqJ,0.6033
yvqH,0.952
yvqF,2.41
yvqC,1.45
gerAB,1.05
yutM,1.95
paiB,1.6
yuzG,2.19
yumB,1.36
yuiB,0.1865
yuiD,1.99
citG,0.2413
yvqB,1.48
yvtA,1.41
mrgA,5.83
yusX,0.4586
yusV,0.8388
yuiF,0.2404
yuiH,1.91
dhbA,0.5332
dhbE,0.9625
yukM,0.7597
yukJ,0.6624
yvyD,0.1424
cccB,1.02
ftsX,5.43
yvzD,0.9727
yvkA,1.39
yvkC,0.0
yvfH,0.0
lacR,0.0
yvfM,1.4
yvfO,0.0
yvfS,1.17
yvfU,0.5973
uvrB,1.51
yvzB,1.15
yvlA,0.7721
yvlC,0.9863
yvmB,2.79
cypX,1.72
yvfW,0.2029
yvbX,0.6544
yvbV,0.9727
yvbT,2.43
araE,0.1772
gap,0.1979
yvjA,0.2263
ftsE,7.35
yvjB,7.09
yvjD,2.82
yvkB,3.26
csbA,5.77
yvfI,1.23
yvfL,1.17
lacA,0.0
yvfR,0.0
yvfT,0.3074
yvfV,0.1717
uvrA,1.3
yvkN,2.41
yvlB,0.8066
yvmA,2.02
yvmC,2.19
yvnA,1.76
yvbY,0.3727
yvbW,0.0
yvbU,1.57
araR,0.0
yvbQ,0.5284
pgk,0.04268
ywhR,0.6016
sbo,0.4091
argS,0.6914
fnr,0.6715
ywiD,0.8586
narH,0.6508
ywpD,1.57
ywpF,2.04
ywpH,0.537
ywqB,1.99
ywqD,2.2
ywqF,1.45
narI,0.0
ywjA,1.15
ywjC,0.824
ywjE,0.0
rpoE,1.69
ywjG,2.84
ywqH,1.17
ywqJ,1.39
ywqL,0.8414
ywqN,2.65
ywrA,1.28
ywrC,1.35
ywiA,0.6384
ywiB,0.3977
narK,1.25
ywiC,1.2
narG,0.0
narJ,0.8929
ywpE,1.84
ywpG,0.7183
ywpJ,0.0
ywqC,2.2
ywqE,1.81
ywqG,2.11
ywiE,1.11
ywjB,0.8393
ywjD,0.7098
acdA,1.31
ctrA,6.17
spo0F,0.369
ywqI,1.22
ywqK,0.8607
ywqM,3.24
ywqO,5.89
ywrB,1.25
ywrD,2.48
hutI,1.38
hutP,1.67
yxiB,0.798
yxiD,0.5264
yxxE,0.4675
bglH,0.5927
ywbA,1.28
ywbC,0.8582
ywbE,0.3309
ywbG,0.7699
ywbI,1.08
thiC,0.872
yxxF,2.02
yxiF,0.108
yxiG,0.3524
yxzG,0.1684
yxiJ,0.1891
yxiL,0.263
ywbO,0.4329
ywcB,0.7004
ywcD,0.3118
ywzA,1.09
qoxB,0.5272
qoxD,0.716
hutU,0.0
yxiA,0.3406
yxiC,1.54
yxxD,0.4128
bglP,0.8847
yxiE,0.9064
ywbB,2.63
ywbD,1.14
ywbF,0.0
ywbH,0.513
thiK,1.01
ywbM,0.6288
yxxG,0.0
yxzC,0.1202
yxiH,0.1592
yxiI,0.1697
yxiK,0.2168
yxiM,0.2476
ywcA,0.9474
ywcC,0.5896
galT,0.0
qoxA,0.5337
qoxC,0.3841
ywcE,1.1
ytrP,1.15
yprA,0.507
yloN,0.9113
yerG,0.8668
wprA,0.09171
yycJ,1.82
rocR,1.06
rocE,0.9315
phrG,0.4467
yycN,1.33
yycP,1.22
topB,1.45
polA,0.9722
mmgA,0.6813
ileS,0.4775
dinG,0.4108
carB,0.1276
yycR,0.8672
yydA,0.4212
yydC,0.4679
fbp,1.45
yydG,0.2522
yydI,3.52
ytsD,1.12
yrvE,1.56
yloP,0.1941
ykuA,0.3147
ydhL,0.2033
valS,0.2639
yyxA,1.6
rocD,0.5991
rocF,0.8746
rapG,0.7135
yycO,1.08
yycQ,0.67
smc,0.3936
murD,0.7585
lonA,0.8605
hrcA,3.06
cheA,0.2076
alaS,0.5521
yycS,1.42
yydB,0.2069
yydD,0.1888
yydF,0.5509
yydH,3.31
yydJ,2.73
yveM,0.7142
yutK,3.25
yueB,0.3114
yufK,2.12
ytpQ,0.5605
ytmO,0.8389
yndF,0.7279
pksL,0.2763
mcpC,0.3501
yisZ,1.2
ydbH,3.03
ybxG,0.6158
ysdB,4.25
yrhE,1.15
yqcC,0.0
ponA,2.03
yomI,0.0
cgeC,0.0
wapA,0.09661
ppsA,0.543
pksM,0.3498
yetO,1.01
rpoC,1.5
dra,0.7131
yvfQ,1.89
yukA,0.5719
yuxO,0.8304
glgC,1.18
yttP,2.3
pykA,0.8715
pksP,0.6955
pksK,0.4291
oppD,1.18
srfAA,0.3323
yccK,0.9997
secE,2.4
rpmA,2.95
yrpC,2.18
yqgS,3.14
ypbR,1.61
yorL,0.8713
odhA,0.2278
dhbF,1.47
pksR,0.3722
yfkN,0.6224
gutR,0.0
yxeF,0.0
galK,0.0
rbcL,0.9428
aceF,0.0
kdtA,1.17
tufA_E,1.8
yazC,0.5363
yrhC,0.0
yerC,0.8713
yshA,4.59
yoqX,2.09
yacF,2.72
yhcD,0.0
yetG,0.4978
ywnG,1.61
ywqA,1.45
degU,0.2867
yvnB,0.0
cysS,0.6374
yqjU,0.4774
ylaI,0.9998
yuaE,0.8148
yqaD,1.88
yozD,2.17
yazB,2.79
yfnB,0.9936
ywmD,1.2
glcR,1.06
ggaB,1.05
prfB,1.01
yvoD,0.6984
ybcD,4.74
ndhF,3.13
adaA,2.31
ybbU,1.19
ybbT,0.4143
ybbP,2.48
folK,1.84
sul,1.92
pabA,2.48
cysK,1.28
yacC,3.97
sigW,3.18
ybbJ,1.99
ybbH,1.02
ybbE,0.3379
ybbC,1.36
feuA,0.4264
yabT,2.49
yabR,1.8
yabQ,0.5628
yabO,1.34
spoVT,0.9895
ybcC,3.39
adaB,1.97
alkA,2.24
glmS,1.22
ybbR,1.71
ybbM,2.56
folA,1.43
pabC,2.18
pabB,1.51
yacD,0.681
yacB,7.82
ybbK,1.86
ybbI,0.8374
ybbF,1.06
ybbD,0.5455
ybbB,1.41
feuB,0.9298
yabS,2.22
divIC,0.4329
yabP,0.9839
yabM,5.21
spoVC,1.43
ydaB,1.19
ycsN,1.13
yczI,2.39
ycsO,0.2231
ycsI,0.422
ycsE,0.4448
ycgF,2.19
mdr,1.24
lctE,0.05139
ycgB,2.38
opuAC,3.04
yceK,4.57
yczH,1.16
ycsA,0.4853
mtlA,0.683
ycnK,0.4954
ycnI,0.5297
ycxE,1.19
yceI,2.09
yceF,1.11
yceD,0.7562
yceB,2.55
ycdI,3.2
ycdG,1.24
ydaA,0.8431
yczJ,1.86
ycsK,0.5672
ycsJ,0.2858
ycsF,0.4867
ycsD,1.09
ycgE,1.2
lctP,0.0
amyE,1.95
ycgA,1.17
opuAB,3.29
yceJ,1.81
sipU,1.1
mtlD,0.6754
ycnL,1.51
ycnJ,0.5545
gdh,0.3414
ycnH,1.32
yceG,0.5122
yceE,0.8165
yceC,0.7612
yceA,4.04
ycdH,0.9932
ycdF,1.0
ydjJ,1.35
ydjH,0.2042
ydjF,0.1248
gutB,0.8184
ydjB,2.66
ydiR,0.297
ydeI,2.74
ydeG,1.25
ydeE,1.63
ydeC,1.98
ydeB,1.22
ydeA,1.68
ydiP,1.28
ydiN,0.5718
groEL,0.2672
ydiL,1.12
ydiJ,1.34
ydiH,1.97
yddS,3.28
yddQ,2.23
lrpA,1.61
phrI,1.08
yddJ,4.55
yddH,1.41
ydjI,0.4124
ydjG,0.1876
ydjE,0.8198
ydjC,1.06
ydiS,0.278
ydiQ,1.85
ydeH,6.55
ydeF,3.21
ydeD,1.59
ydzE,1.99
cspC,1.94
yddT,3.53
ydiO,1.66
ydiM,0.3505
groES,0.07923
ydiK,1.11
ydiI,1.21
ydiG,1.77
yddR,2.62
lrpB,3.56
yddM,1.37
rapI,1.02
yddI,1.35
yddG,0.0
yfiR,0.782
lipB,0.825
yfiN,1.56
yfiL,0.8836
yfiJ,1.23
yfiH,0.8694
yfnE,1.62
yfnG,1.66
yfnI,2.28
yetL,2.91
yetJ,1.18
yezB,1.85
yfiF,2.04
yfiD,2.15
glvC,0.8251
glvA,0.8669
yfjB,0.9719
yfjD,0.3376
yetH,0.8346
lplD,1.18
lplB,0.763
yetA,0.0
yesX,1.45
yesV,0.7879
yfiQ,1.41
yfiO,2.6
yfiM,0.7343
yfiK,1.25
yfiI,0.8769
yfiG,0.8779
yfnF,1.72
yfnH,1.36
yetN,2.11
yetK,0.3985
yezD,0.7955
yetI,1.89
yfiE,2.67
yfiC,0.2314
yfiA,1.13
yfjA,0.5172
yfjC,0.1985
yfjE,0.4098
yetF,2.41
lplC,0.5494
lplA,0.9353
yesZ,0.9238
yesW,0.6365
yesU,0.8114
yhjC,0.9158
yhxD,0.4995
yhzC,0.85
yhfW,0.6859
yhfU,2.29
yhfS,0.256
ygxB,1.26
yhdD,0.5192
yhdB,1.52
yhcZ,1.12
yhxB,0.3303
glpK,2.68
yhfO,0.5854
yhfN,0.0
yhfL,0.9042
yhfJ,0.2151
yhfH,2.77
yhfF,0.5301
glpP,1.58
yhcX,0.4276
yhcV,3.03
yhcT,1.12
yhcR,0.7559
yhcP,1.01
yhjA,0.963
comK,0.6683
yhxC,0.9427
yhfV,0.38
yhfT,0.2874
yhfP,0.7518
yhdE,3.41
yhdC,1.06
yhdA,1.32
yhcY,1.55
glpD,0.8698
glpF,1.81
aprE,0.9243
yhfM,1.21
yhfK,0.3648
yhfI,0.2067
gltT,2.02
yhfE,0.2304
yhxA,1.81
yhcW,0.3053
yhcU,2.65
yhcS,0.5602
yhcQ,1.8
yhcO,0.0
yjqB,1.04
xlyB,1.07
phrA,0.9744
yjoB,1.06
yjnA,0.9888
yjmI,0.6501
yjbC,0.3886
oppF,1.34
oppB,1.26
trpS,0.981
appC,0.1541
appA,0.0799
yjmG,0.9334
yjmE,0.739
yjmC,1.54
yjmA,1.13
yjlC,0.8096
yjlA,1.9
appD,1.24
yjaY,1.21
yjzA,2.11
yjaV,1.28
yjzD,1.87
argF,0.06666
yjqA,0.9873
yjpA,0.6623
rapA,0.8227
yjoA,0.1686
yjmJ,0.749
yjmH,1.54
yjbB,1.04
oppC,1.27
oppA,0.8481
yjbA,0.2965
appB,0.2109
appF,0.4878
yjmF,0.6755
yjmD,3.45
yjmB,0.8765
yjlD,0.6705
yjlB,1.38
yjkB,1.38
yjaZ,0.8884
yjzB,1.78
med,1.34
yjaU,0.7456
yjzC,0.5354
pdhA,0.1552
ykrB,1.06
ykzG,0.6158
adeC,1.32
ykqA,0.2276
abh,0.2445
ykrL,2.58
sspD,0.9065
ykoZ,11.7
ykoV,1.0
ykoT,1.31
ykoQ,2.53
ykpC,3.47
ykpB,1.02
ykoA,1.48
fruA,2.87
yknZ,0.3202
yknX,0.3285
ykoN,1.21
ykoL,0.8967
tnrA,2.23
ykzD,0.6425
ykoI,0.64
ykoG,0.7892
ykyA,1.7
ykrA,0.8229
ykqC,0.4349
ykqB,0.9482
kinC,0.2634
mreBH,2.21
ykrK,1.78
ykrI,3.46
ykoX,1.31
ykoU,2.0
ykoS,1.21
ykoP,0.909
ampS,0.2902
ykpA,1.35
sipT,1.44
fruR,3.87
yknY,0.4417
yknW,0.6823
ykoM,0.2717
ykzB,1.5
ykoK,10.8
ykoJ,0.7436
ykoH,0.5305
ykoF,0.3198
rbfA,2.48
infB,2.01
ylxR,2.42
ylxS,3.01
yluC,0.7504
cdsA,1.37
ylnB,0.2549
cysH,0.8761
pyrF,2.83
pyrDII,2.87
pyrC,4.77
pyrP,8.45
frr,1.07
tsf,0.5828
ylxL,0.4878
cheD,0.3353
cheW,0.2222
cheB,0.1932
ylyB,1.68
ylyA,1.29
divIVA,1.1
ylmG,1.37
ylmE,0.6198
ylmC,0.4499
ylxP,2.64
ylxQ,2.83
nusA,2.5
proS,0.8347
yluB,0.6881
yluA,2.18
ylnA,0.5746
pyrE,2.91
pyrD,3.18
pyrAA,3.88
pyrB,8.64
pyrR,9.68
smbA,0.8564
rpsB,2.48
sigD,0.3645
cheC,0.2746
ylxH,0.2555
lsp,1.07
ylmH,0.2979
ylmF,0.8548
ylmD,0.3063
ylmB,0.3338
yoaT,0.8399
yoaS,2.04
yozF,0.0
yoaP,1.11
yoaN,1.65
pelB,1.87
yncM,1.62
ynzH,0.8003
yncE,0.7882
yncC,3.07
xylB,0.5636
xylR,2.31
yoaJ,1.18
yoaH,1.55
yoaF,0.6127
yoaD,0.05262
yoaB,0.04267
yoxB,0.862
ynaJ,0.6053
ynaG,0.678
ynaE,0.7009
ynaC,1.8
ynzG,1.98
ynxB,2.7
yozG,1.71
yoaR,1.31
yoaQ,2.16
yoaO,0.685
yoaM,1.73
yoaK,0.616
thyA,0.8289
yncF,0.4456
yncD,0.6025
yncB,0.8279
xylA,1.06
xynB,1.6
yoaI,1.14
yoaG,0.3857
yoaE,0.4024
yoaC,0.05437
yoaA,1.0
yoxC,0.9621
ynaI,0.9258
ynaF,0.527
ynaD,0.4852
ynaB,1.34
ynzF,1.86
glnA,0.2116
yopS,1.39
yopU,1.71
yopW,1.12
yopY,0.0
yoqA,0.9244
yoqC,1.42
cgeD,1.14
yodT,0.4247
yodR,1.0
yodP,1.83
yozE,2.05
yodM,2.93
yoqE,0.0
yoqG,0.0
yoqI,0.0
yoqK,1.02
yoqM,0.8284
yoqO,1.37
deoD,0.3055
yodI,1.22
ctpA,1.06
yodE,0.8982
yodC,1.64
yojA,0.4581
yopT,1.66
yopV,0.7003
yopX,0.9088
yopZ,1.04
yoqB,1.53
yoqD,0.0
cgeE,1.4
yodS,1.07
argE,1.43
yodO,1.03
yodN,5.46
yodL,3.43
yoqF,0.0
yoqH,0.0
yoqJ,0.0
yoqL,0.767
yoqN,0.8509
yoqP,0.0
yodJ,1.26
yodH,1.07
yodF,0.2757
yodD,0.9284
yodA,2.47
yojB,0.8455
hbs,0.2786
mtrB,1.43
gerCB,0.6622
ndk,0.3132
aroF,0.1569
aroH,0.1796
ypmP,0.6717
ypmR,2.89
ypmT,2.59
ypoP,1.41
yppQ,1.21
yokA,4.95
trpD,10.11
trpF,7.89
trpA,2.35
tyrA,0.377
ypiA,1.16
ypiF,0.0
yokC,0.6213
yokE,0.2994
yokG,1.42
yokI,0.3431
yokK,0.3074
yolA,0.07962
mtrA,1.93
gerCA,0.8399
gerCC,0.0
cheR,0.0
aroB,0.1861
trpE,5.66
ypmQ,0.6095
ypmS,3.09
ypnP,2.86
yppP,1.26
ypqP,3.27
yokB,1.3
trpC,7.06
trpB,8.71
hisC,0.0
aroE,0.0
ypiB,0.0
qcrA,0.497
yokD,0.8716
yokF,0.2785
yokH,1.09
yokJ,0.1855
yokL,0.3533
yolB,0.1037
yqgY,0.8835
yqhA,1.39
yqxL,0.7204
comGB,0.3376
comGD,0.3052
comGF,0.1902
yqjQ,0.7751
yqjS,0.4541
yqjV,1.04
yqjW,1.02
yqjY,1.06
yqkA,0.397
yqzE,0.3641
yqxM,2.15
cotN,0.3727
sinI,1.57
yqhH,0.8412
yqhJ,0.6096
yqkC,1.76
yqkE,1.94
yqkG,1.54
ansA,0.9176
yqkI,2.88
yqkK,2.97
yqgZ,1.37
yqhB,1.61
comGA,0.0
comGC,0.3559
comGE,0.3078
comGG,0.1645
yqjR,0.5137
yqjT,0.4156
yqzH,1.3
yqjX,0.9495
yqjZ,0.844
yqkB,0.84
yqzG,0.5342
sipW,0.8424
sinR,1.74
yqhG,0.6892
yqhI,0.5949
yqhK,0.4034
yqkD,1.49
yqkF,0.1966
ansR,1.08
ansB,0.9558
yqkJ,2.02
spoIIM,2.15
yrpD,0.4966
aadK,0.8177
yrdB,1.12
yrdD,0.0
yrdF,0.0
azlC,1.11
yqcJ,1.25
yqcL,1.15
spoIVCA,2.7
nucB,1.27
yqeC,1.03
yqeE,0.5809
brnQ,1.24
gltR,1.42
czcD,0.0
yrdQ,2.96
yrkA,0.8693
blt,3.59
yqeG,4.61
aroD,2.97
yqeJ,2.67
yqeL,2.31
comER,0.7267
comEB,1.01
yrpB,1.77
yrdA,1.05
yrdC,0.0
cypA,0.8108
azlB,0.9968
azlD,0.8883
yqcK,1.38
yqcM,1.11
spoIVCB,1.41
yqeB,1.76
yqeD,0.5704
yqeF,1.06
yrdK,0.9606
yrdN,0.0
trkA,0.0
yrdR,0.9412
bltD,0.8974
bltR,0.7236
yqeH,2.63
yqeI,2.22
yqeK,2.14
yqeM,1.49
comEA,0.7016
comEC,0.7686
ysdC,0.4784
araA,1.45
araD,0.0
araM,0.512
araP,0.9587
abfA,1.47
yrbB,0.5042
yrbD,1.01
yrzG,1.35
yrbE,0.7825
bofC,1.27
ruvB,1.04
ysfE,0.4152
ysfC,0.7397
ysfA,0.0
pheS,0.2878
ysgB,2.19
yshC,2.15
tgt,1.13
yrzE,1.71
spoVB,1.62
yrvB,0.2328
yrvC,0.893
abnA,0.9993
araB,0.6855
araL,1.07
araN,1.04
araQ,0.7972
cstA,0.0
yrbC,1.45
yrzH,1.95
yrzF,1.24
csbX,1.88
ruvA,1.13
queA,0.9722
ysfD,0.6156
ysfB,0.6599
ysgA,2.52
pheT,0.1656
yshB,2.72
yshD,0.0
yrbF,0.8047
yrbG,1.32
yrzD,0.1731
secF,0.3838
yrvD,0.3815
apt,2.04
ytxO,1.19
ytcB,0.6448
ytdA,1.0
menF,2.03
ytxM,0.7033
menE,0.6983
ytmQ,0.0
malS,0.3438
ytoP,0.5489
ytpP,0.5196
ytpS,0.9391
murC,1.67
ytgA,0.6708
ytgC,0.8198
ythB,2.85
ytiA,1.06
ytjA,1.86
ytkA,0.6016
ytxH,0.3485
aroA,0.2947
ytxD,1.76
acuC,1.04
acsA,0.8805
rpsD,4.31
ytcC,0.6954
ytcA,0.8061
yteA,0.8944
menD,1.08
menB,0.4614
ytfD,0.7459
ytnP,0.3148
ytzB,0.9197
ytoQ,0.4153
ytpR,0.744
ytpT,0.7483
ytxG,0.3075
ytgB,0.4725
ytgD,0.6951
ythA,1.89
ytiB,1.88
ytjB,1.39
dps,0.1624
ytxJ,0.4109
ccpA,2.11
ytxE,0.725
acuA,0.8943
tyrS,0.2996
yusU,0.7739
yusS,0.8967
yusQ,2.68
yusO,3.83
yusM,2.09
yusK,0.4839
yuxI,0.5851
yukE,0.4713
yukC,0.5127
yueC,0.2619
yueE,7.92
yuzE,1.6
yusI,0.2027
yusG,0.6175
yusE,1.82
yusC,0.8605
yusA,0.2871
yurY,1.06
yueG,2.0
yueI,1.15
yueK,0.3447
yuzC,0.6389
comQ,1.58
comP,0.0
yusT,0.854
yusR,0.7884
yusP,2.86
yusN,1.23
yusL,0.0
yusJ,0.755
ald,0.6756
yukD,1.51
yukB,1.01
yueD,0.4425
yuzF,6.26
yueF,0.9041
yusH,0.3761
yusF,1.37
yusD,1.63
yusB,0.5222
yurZ,0.9617
yurX,0.6111
yueH,1.54
yueJ,0.2889
yuxH,0.3317
degQ,2.09
comX,1.06
comA,0.3642
yvoA,0.5173
nagA,0.7019
lgt,0.3981
yvpA,1.21
hisZ,0.08431
hisD,0.04338
tpi,0.07283
eno,0.1423
yvbJ,0.2853
yvbH,7.05
yvbF,6.05
opuCB,11.94
hisH,0.03252
hisF,0.03632
yvcA,4.8
yvzA,2.29
yvcD,0.0
trxB,0.0
opuCD,2.13
yvaZ,4.4
yvaX,0.7367
yvaV,2.84
opuBC,7.71
yvaQ,2.33
nagB,0.0669
yvoB,0.3756
yvpB,1.6
hisG,0.04702
hisB,0.0284
pgm,0.08294
yvbK,0.7649
yvbI,0.9622
yvbG,8.6
opuCA,12.96
opuCC,7.45
hisA,0.02953
hisI,0.03872
yvcB,2.76
yvcC,4.72
yvcE,5.45
yvcI,1.72
yvbA,3.86
yvaY,0.1794
yvaW,1.42
opuBB,2.24
opuBD,0.0
yvaP,2.91
fbaA,0.2131
murZ,0.3379
rpmE,3.19
ywkB,1.08
ywkD,0.3045
ywkE,2.25
ywrE,2.18
cotG,1.26
cotB,1.29
ywrK,0.7986
alsS,1.77
ywrO,0.5719
ywlA,2.1
ywlB,2.46
ywlE,2.15
ywlG,1.71
upp,4.95
atpB,0.5866
ywsB,2.36
rbsC,1.1
rbsD,0.0
rbsR,0.8483
ywtA,1.64
ywtC,0.3807
ywjH,0.3071
ywjI,0.3242
ywkA,2.71
ywkC,0.4404
prfA,3.27
ywkF,2.15
ywrF,0.2759
cotH,1.24
ywrJ,1.19
alsR,0.6585
alsD,1.5
ywsA,0.7466
spoIIR,2.82
ywlD,3.3
ywlF,1.55
glyA,0.2964
atpI,1.28
atpE,0.4028
rbsB,0.8195
rbsA,0.8331
rbsK,0.7071
ywsC,1.51
ywtB,0.9178
ywtD,0.8263
deaD,0.6876
yxiP,1.89
bglS,0.7761
katB,1.1
yxiT,1.08
yxjB,4.5
ywcF,5.45
ywcH,0.828
ywcI,0.5354
ywcJ,0.4027
sacA,0.8352
thiD,0.9503
yxjD,1.03
yxjF,0.0
yxjH,0.1279
yxjJ,0.7288
yxjL,0.7763
yxjN,2.59
ywdD,3.82
ywdF,1.26
ywdH,1.64
ywdJ,1.04
ywdL,1.2
spsB,1.36
yxiO,0.0
licT,3.49
yxiQ,0.7809
yxiS,1.23
yxjA,2.04
yxjC,0.903
ywcG,1.13
vpr,0.3108
sacT,2.29
sacP,1.03
ywdA,3.06
ywdC,2.77
yxjE,0.6055
yxjG,0.06116
yxjI,1.37
pepT,0.3392
yxjM,1.15
yxjO,1.11
ywdE,4.17
ung,1.3
ywdI,1.09
ywdK,0.9151
spsA,1.16
spsC,1.57
rnpA,1.26
jag,0.7124
gidB,2.01
yydK,1.09
bglA,0.7413
ahpC,0.6391
gntP,1.45
gntR,2.2
yxaB,1.06
yyaB,0.9014
spo0J,0.6757
yyaD,1.1
yyaF,1.26
ssb,2.02
exoA,7.25
yxaD,1.66
yxaF,2.09
yxaH,2.3
yxaJ,0.5021
yxaM,0.4979
yxbB,0.7095
rpmH,3.39
spoIIIJ,1.13
thdF,3.41
yyaA,1.7
yyzE,1.32
ahpF,0.8242
gntZ,0.0
gntK,1.39
yxaA,0.9902
yxaC,3.36
soj,0.7026
yyaC,2.39
yyaE,0.0
rpsF,1.31
rpsR,3.15
yyaG,3.44
yxnA,1.56
yxaG,2.02
yxaI,2.35
yxaL,0.2255
yxbA,0.5577
yxbC,0.5672
gltA,0.2293
ppsE,0.4338
ebrA,4.25
ymfG,0.3372
bpr,0.7563
cheV,0.8193
rho,2.34
tagD,2.03
yvfE,0.2086
yvgP,0.0
yurC,0.0
aapA,3.27
spoIIS,3.43
xtmB,0.0
yhjN,1.93
yhaA,0.6173
yheJ,1.24
yfmB,0.7983
yqhQ,2.68
yosN,1.12
pnpA,0.0
flhA,0.2384
fliP,0.1746
fruB,3.53
ppsC,0.5431
yngB,1.5
pyrAB,3.08
polC,1.48
pycA,0.6652
ptsH,0.623
tdk,1.36
yvfC,0.3448
yvfK,1.02
yusY,0.4315
ysnF,0.9624
lepA,2.1
xkdO,0.7362
yirY,0.4349
yhfQ,1.86
yhaQ,0.642
yfkL,1.83
yfnC,0.7773
spoIIIAG,0.9497
yojG,0.5848
flhF,0.2764
flhB,0.1765
cheY,0.1086
moaD,0.4436
hprT,1.52
yvoF,0.5413
yvdS,1.47
sacB,1.09
ffh,4.48
ssuC,0.8247
yvfP,0.9391
ctc,1.28
ppsB,0.486
yvgR,0.2818
ydjK,0.9026
spoIIE,0.0
ywbL,1.22
sigL,0.7531
yacA,1.75
yvdR,1.13
yveB,0.902
yqxK,1.01
yhaR,1.43
pnbA,0.5573
ytnM,0.5368
prs,1.31
ykoW,1.37
cotA,1.11
ydjA,0.3749
hutH,0.3758
secA,0.9297
ybaS,2.67
ybaN,2.38
gerD,0.8128
cwlD,1.01
ybaJ,1.1
rplM,2.54
gcaD,1.78
yabJ,1.09
yabH,2.11
veg,0.9306
ksgA,3.39
ybaF,5.01
ybxA,3.33
rpoA,1.38
rpsM,1.38
infA,1.84
adk,1.54
abrB,0.1824
yazA,2.72
yabA,4.03
holB,2.95
yaaQ,2.25
ybaR,5.15
kbaA,0.7778
ybaL,0.3026
ybaK,2.3
rpsI,3.39
truA,4.45
spoVG,0.4201
purR,1.34
sspF,2.32
yabG,3.28
yabF,4.95
ybaE,3.84
rplQ,1.61
rpsK,1.6
rpmJ,1.48
map,1.24
secY,1.36
yabC,3.25
yabB,4.18
yaaT,3.15
yaaR,2.0
tmk,2.62
ycnG,0.951
yczG,2.17
ycnD,0.4365
yclQ,0.0
yclO,0.0
yclM,0.0
rapJ,0.0
ycdC,0.0
natB,1.05
yccH,0.7617
yccF,1.43
yczB,1.47
yclK,0.9641
yclI,0.7932
gerKB,0.7141
gerKA,1.24
yclE,0.4658
yclC,0.9003
cwlJ,0.4502
ycbO,0.0
ycbL,0.0
yczA,2.09
ycbH,1.58
ycbF,2.28
ycnF,1.41
ycnE,0.6673
ycnC,3.07
yclP,1.26
yclN,1.79
rapC,0.5734
ycdD,3.23
ycdA,0.0
natA,0.9976
yccG,0.5078
lipA,0.08253
phoD,1.4
yclJ,1.26
yclH,1.33
gerKC,1.38
yczF,0.5698
yclD,0.9747
yclB,1.18
ycbP,0.5885
ycbN,0.0
ycbK,0.7114
ycbJ,0.847
ycbG,2.3
ycbE,2.63
ydiF,1.06
ydiD,0.5693
ydiB,0.8594
ydhU,0.971
ydhS,0.7415
ydhQ,1.59
yddF,0.0
yddC,1.07
yddA,1.29
ydcS,1.08
ydcQ,0.3503
ydcO,1.14
ydhO,0.6692
ydhM,1.2
ydhK,2.56
ydhI,1.55
ydhG,0.9375
ydhF,1.32
ydcN,1.9
ydcL,2.13
ydcH,2.66
ydcF,1.19
sigB,0.9573
rsbU,0.9523
ydiE,0.6706
ydiC,0.5829
ydiA,1.4
ydhT,0.9189
ydhR,1.82
ydhP,1.74
yddD,0.7105
yddB,0.9752
ydcT,1.2
ydcR,1.31
ydcP,1.37
sacV,1.14
ydhN,1.11
ydhJ,1.11
ydhH,1.3
phoB,0.98
ydhE,1.13
ydcM,1.93
ydcK,0.0
ydcG,2.72
rsbX,0.8511
rsbW,0.894
rsbT,1.28
yfjF,0.451
acoR,1.38
acoC,0.6589
acoA,0.5188
yfjM,0.8875
yfjO,1.7
yesT,1.12
yesR,0.8719
yesP,0.7027
yesM,0.7501
yesK,0.8706
cotJB,0.7105
yfjQ,0.7744
yfjS,1.87
yfkA,1.78
yfkC,1.31
yfkE,1.11
yfkJ,1.03
yesF,0.786
yeeK,1.24
rapH,0.4471
yezA,1.2
yeeC,2.99
yeeA,0.0
yfjU,0.9803
acoL,0.9038
acoB,0.6941
yfjL,0.6514
yfjN,4.56
yfjP,1.08
yesS,0.2353
yesQ,1.05
yesO,0.5646
yesL,0.7786
yesJ,0.6902
cotJA,0.7286
yfjR,1.27
yfjT,0.0
yfkB,1.94
yfkD,1.38
yfkH,0.8705
yfkK,1.45
yesE,0.8931
yeeI,0.0
yeeG,1.48
yeeD,2.55
yeeB,2.01
yefC,3.04
yhfD,0.3456
yhfB,0.31
yhgD,1.56
hemH,0.7574
pbpF,2.94
yhgB,0.771
yhcN,1.35
yhcL,1.09
yhcJ,1.13
yhcI,0.9368
yhcG,1.66
yhcE,3.29
ecsC,0.6249
ecsA,0.6417
serC,0.5767
yhaH,1.07
yhaI,1.24
yhaK,1.97
yhcB,2.92
yhbJ,2.48
yhbH,1.61
yhbF,1.07
yhbD,1.22
yhbA,4.49
yhfC,0.7355
yhgE,3.22
hemY,0.7339
hemE,0.9454
yhgC,0.6851
yhfA,1.18
yhcM,0.4531
yhcK,3.13
cspB,2.68
yhcH,1.04
yhcF,2.41
yhcC,3.04
ecsB,0.6703
hit,0.5494
yhaG,1.03
hpr,0.6575
yhaJ,1.45
prsA,0.7051
yhcA,2.23
yhbI,2.71
prkA,2.12
yhbE,0.9319
cspR,0.08266
yhzB,10.08
yjkA,1.25
yjiC,0.6601
yjiA,1.84
yjhA,0.05356
yjgB,1.18
yjfC,1.34
carA,0.09508
argB,0.2188
argC,0.125
yitY,0.5558
yitW,0.5599
yitU,0.7619
yjfA,2.05
cotT,1.15
yjdJ,3.38
yjdG,2.29
yjdE,0.9054
yjdC,1.32
yitT,2.92
nprB,0.849
yitQ,1.0
yitO,0.934
yitM,0.1514
yitK,0.7301
yjjA,0.3612
yjiB,1.09
yjhB,0.3386
yjgD,0.8246
yjgA,1.33
yjfB,1.01
argD,0.1546
argJ,0.1028
yitZ,1.19
yitX,0.6188
yitV,0.5234
ipi,1.55
yjeA,0.2128
yjdK,0.7225
yjdI,1.23
yjdF,1.43
yjdD,0.8074
yjdB,1.34
yitS,2.23
yitR,0.7749
yitP,1.12
yitN,0.8687
yitL,0.4309
yitJ,0.1241
yknV,1.04
moaE,0.4905
moeA,0.5266
mobA,0.8275
ykuV,1.18
ykuT,2.26
ykoE,0.3947
ykoC,0.4524
ispA,1.7
yknA,0.414
ykmA,1.15
proA,0.5706
ykuR,0.3832
ykuP,0.5755
ykuN,1.04
ykuL,2.49
ykuK,0.7567
ykuI,1.12
ykkE,7.71
ykkC,1.05
ykkA,1.27
ykzH,1.49
ykhA,0.5023
ykgB,0.1564
yknU,0.0
mobB,0.4762
moeB,0.5938
ykuW,1.51
ykuU,1.53
ykuS,0.4034
ykoD,0.4487
ispU,0.3158
metC,0.0
ykzA,1.34
yklA,0.499
proB,0.818
ykuQ,0.2102
ykuO,0.6197
ykuM,0.6999
ykzF,2.52
ykuJ,0.9923
ykuH,3.3
ykkD,2.6
ykkB,0.6003
ykjA,1.59
hmp,0.9011
ykgA,0.8932
ykfD,1.15
fliR,0.2191
fliZ,0.1789
fliM,0.1735
flgE,0.2594
fliK,0.2765
fliJ,0.2693
ylmA,0.2616
sigE,0.7841
ftsZ,0.5109
sbp,0.2474
ylxW,0.7074
murB,0.9286
fliH,0.242
fliF,0.4491
flgC,0.9556
codY,1.48
clpQ,1.44
gid,3.33
spoVE,1.14
mraY,0.8399
pbpB,0.921
ylxA,0.356
yllA,0.3408
ylbP,0.652
fliQ,0.2548
fliY,0.07325
fliL,0.2077
ylxG,0.2558
ylxF,0.2737
fliI,0.3541
sigG,1.28
spoIIGA,0.6906
ftsA,0.3447
ylxX,0.5665
divIB,0.9357
murG,1.1
fliG,0.1814
fliE,0.7501
flgB,0.9601
clpY,0.9998
codV,2.32
topA,1.48
murE,0.7324
ftsL,0.4824
yllB,0.4057
ylbQ,0.662
ylbO,5.6
yoxD,0.3055
proH,1.73
gltC,0.8666
yogA,0.4632
ggt,0.9966
yoeC,1.26
glnR,0.9057
ynbA,0.3631
cwlC,1.15
nrdF,1.22
ymaA,1.99
ymzC,0.6046
yoeA,1.1
pbp,0.464
yngK,0.8068
yngJ,0.8444
yngH,1.12
yngF,0.8407
miaA,0.4644
ymaG,0.9119
ymaD,0.4576
aprX,1.08
ymzB,0.3848
pksN,0.5356
rtp,0.4368
proJ,2.3
gltB,0.1657
yofA,1.92
yoeD,1.37
yoeB,0.06511
ynbB,0.4913
spoVK,2.31
ymaB,0.8621
nrdE,1.31
ymzA,1.03
ymaH,0.287
yoxA,0.2953
yngL,0.8497
ynzE,0.7748
yngI,0.15
yngG,0.9941
yngE,1.66
ymaF,0.0
ebrB,2.34
ymaC,0.7854
ymaE,0.1679
pksS,0.771
pksJ,0.0
yoqR,0.0
yoqT,1.0
yoqV,1.37
yoqY,2.84
yorA,0.627
yorC,0.7133
yojC,0.9801
yojF,0.5351
yojI,3.48
yojK,0.7107
yojM,0.3771
yojO,1.68
yorE,0.553
yorG,0.6677
yorI,0.8482
yorK,0.0
yorN,1.01
yorP,0.6868
yocS,0.6054
sodF,1.67
dhaS,2.18
yozO,1.31
yozN,1.35
yocL,0.8036
yoqS,0.0
yoqU,0.6099
yoqW,0.0
yoqZ,0.9014
yorB,1.09
yorD,0.7649
yojE,1.05
yojH,2.26
yojJ,0.8755
yojL,0.2328
yojN,1.76
odhB,0.1496
yorF,1.07
yorH,0.0
yorJ,0.0
yorM,1.11
yorO,0.7207
yorQ,0.8551
yocR,3.49
sqhC,0.7593
yozC,0.3229
yocN,1.41
yocM,1.29
yocK,1.18
qcrC,0.3676
ypjB,2.37
ypjD,0.0
ypjF,0.0
ypjH,0.0
birA,0.0
yolC,0.6793
uvrX,0.9821
sunA,0.7267
yolI,0.3977
yolK,0.5048
yomB,1.38
panC,1.26
ypmB,0.2545
asnS,1.37
nth,1.54
yppB,2.7
yomD,0.0
yomF,0.0
yomH,1.1
yomK,1.55
yozP,0.0
yomN,0.9826
ypjA,2.39
ypjC,3.12
dapB,0.0
ypjG,0.0
papS,0.1886
panB,1.41
yolD,0.8367
yolF,1.69
sunT,0.7623
yolJ,0.5227
yomA,0.0
yomC,0.8853
panD,1.26
ypmA,0.0
aspB,0.0
dnaD,0.0
ypoC,0.0
yppC,0.0
yomE,0.0
yomG,2.07
yomJ,1.72
yomL,3.33
yomM,1.04
yomO,0.9348
yqhL,1.71
yqhN,2.93
yqhP,1.33
yqhS,0.4846
efp,0.5426
spoIIIAA,1.24
yqkL,5.0
drm,0.5076
dacF,0.6223
spoIIAB,0.3882
spoVAA,0.0
spoVAC,0.0
spoIIIAC,0.0
spoIIIAE,0.8038
spoIIIAH,0.4762
accC,0.1873
yqhZ,0.6736
yqiB,1.36
spoVAE,0.8748
lysA,0.9633
ppiB,0.3579
ypuB,0.9196
ypzC,1.97
ypuD,1.06
yqhM,0.5223
yqhO,1.33
yqhR,0.8892
yqhT,0.4342
yqhV,0.0
spoIIIAB,0.0
ripX,0.6986
pnp,0.5015
spoIIAA,0.4235
sigF,0.361
spoVAB,0.0
spoVAD,0.8808
spoIIIAD,0.0
spoIIIAF,0.8513
accB,0.275
yqhY,0.2962
folD,0.5816
yqiC,1.08
spoVAF,1.32
ypuA,0.6843
ypzD,0.0
ypuC,0.8109
sipS,1.67
ypuE,0.7779
yrkB,0.8247
yrkD,2.16
yrkF,0.7586
yrkH,0.8111
yrkJ,1.97
yrkL,1.49
yqeN,1.01
gpr,0.6799
yqxA,1.11
dnaK,0.326
yqeT,1.73
yrkN,1.1
yrkP,1.22
yrkR,1.15
spoIIIC,0.8804
yqaC,1.32
yqaF,1.24
yqeV,0.0
rpsU,1.66
yqeZ,0.0
yqfB,1.06
yqfD,1.33
yqfF,1.42
yrkC,1.8
yrkE,0.0
yrkG,0.0
yrkI,1.2
yrkK,1.99
yrkM,1.69
rpsT,1.5
spoIIP,0.0
hemN,2.11
grpE,0.2804
dnaJ,2.03
yqeU,1.95
yrkO,1.02
yrkQ,1.33
yrkS,1.02
yqaB,0.0
yqaE,1.55
yqdA,1.38
yqeW,2.09
yqeY,1.11
yqfA,1.09
yqfC,0.6513
phoH,1.86
yqfG,0.7686
yshE,1.28
ysiA,1.04
etfB,0.9556
xsa,0.9473
uvrC,1.71
lysC,0.2268
relA,0.7974
yrvJ,0.5235
hisS,0.2694
yrvM,2.26
yrzC,1.71
yrvP,1.68
sdhC,0.3459
sdhB,0.3855
gerE,0.5081
racE,2.31
rph,0.3968
ysnB,0.5994
yrrB,1.67
yrrD,1.56
glnM,0.0
glnQ,0.8946
yrzB,1.35
lcfA,0.0
ysiB,1.02
etfA,0.8992
trxA,0.3237
ask,2.79
yslB,0.7113
yrvI,0.9643
yrzK,1.53
aspS,0.1961
yrvN,2.02
yrvO,1.83
yrrA,1.72
sdhA,0.2469
ysmA,0.3796
ysmB,0.0
gerM,1.21
ysnA,0.5399
ysnE,0.8886
yrrC,0.0
glnP,0.5767
glnH,1.04
yrrI,0.9203
yrrK,1.47
yrrL,0.0
ytkC,0.6444
ytlC,2.63
ytlA,0.5572
ytmB,0.4588
metK,2.22
ytnA,0.4587
ytsP,1.25
ytwP,0.4922
nifZ,2.65
sspA,1.79
ytcJ,0.5819
yteI,0.401
ytpA,0.4032
ytqA,2.32
ytrA,3.09
ytrC,1.67
ytrE,0.8467
ytsA,1.43
ytfI,0.8137
ytxK,1.05
moaB,1.03
argH,0.08446
ytkK,0.4194
ytlI,0.7562
ytlD,1.43
ytlB,0.0
ytmA,0.7855
pckA,1.22
asnB,0.9799
ytoA,1.34
ytvP,2.04
braB,5.92
ytbJ,2.59
ytcI,0.434
ytdI,1.04
yteJ,0.4043
ytqB,2.28
ytzC,1.33
ytrB,1.28
ytrD,1.4
ytrF,0.8573
ytsB,1.43
ytgI,0.2036
ackA,1.43
argG,0.09651
ytzD,0.1423
ytkL,0.4777
ytmI,0.6442
yurW,0.6564
yurU,0.9185
yurS,2.29
yurQ,1.55
yurO,1.78
yurM,0.6589
yufB,0.7683
yufD,0.8258
yufU,0.6263
yufS,0.8192
yufQ,0.3302
yufO,0.2532
yurK,1.54
yurI,0.9141
yurF,1.02
yurD,0.9626
yunM,3.14
yunK,0.3128
yufM,1.36
yuxK,1.29
yuxJ,0.6509
kapB,0.139
patB,0.3997
yugF,1.05
yurV,0.8873
yurT,3.52
yurR,1.55
yurP,1.31
yurN,1.1
yurL,0.5616
yufC,0.6212
yufV,0.5118
yufT,0.5925
yufR,0.755
yufP,0.2418
yufN,0.4342
yurJ,0.7536
yurH,0.9299
yurE,0.9079
yurB,1.0
yunL,0.7192
yunJ,0.7389
yufL,2.74
pbpD,0.0
kapD,1.07
kinB,0.272
yugE,2.15
yugG,1.15
yvcJ,1.65
yvcL,1.07
yvcN,1.39
yvcQ,0.7677
yvcS,0.5144
yvdA,2.06
yvaO,1.99
yvzC,1.25
yvaL,1.53
yvaJ,0.0
yvaG,1.18
yvaE,2.17
yvdC,0.2062
yvdE,0.6967
yvdG,0.726
yvdI,0.9843
yvdK,0.0
yvdM,0.7
yvaC,0.0
yvaA,0.365
yvgY,0.9297
yvgW,0.0
yvgU,1.25
yvgS,2.51
yvcK,1.58
crh,1.24
yvcP,0.7627
yvcR,1.26
yvcT,0.6433
yvdB,0.705
yvaN,1.82
yvaM,0.4526
yvaK,0.0
yvaI,1.05
yvaF,3.72
yvaD,1.12
yvdD,0.6583
yvdF,0.9596
yvdH,0.9391
yvdJ,1.74
yvdL,1.05
clpP,0.2819
yvaB,0.0
yvgZ,0.811
yvgX,0.0
yvgV,0.0
yvgT,4.29
yvgQ,0.06503
atpF,0.3331
atpA,0.4751
atpD,0.5107
ywmA,2.55
ywmB,3.71
spoIID,5.92
ywtE,0.517
ywtG,0.8636
gerBB,1.55
pmi,0.7193
tagC,5.48
tagA,4.39
ywmE,1.81
narA,1.37
ywmF,1.73
ureA,0.2272
ureC,0.3147
ywnB,1.36
tagF,0.0
ggaA,1.79
lytR,0.9867
lytC,0.3075
tuaB,0.7673
tuaD,1.01
atpH,0.5075
atpG,0.4982
atpC,0.7749
ywzB,1.73
murA,3.63
ywmC,2.18
ywtF,1.16
gerBC,1.18
gerBA,1.15
lytD,0.0
tagB,6.36
tagE,0.0
narQ,1.41
rapB,1.77
ywmG,1.14
ureB,0.1506
ywnA,1.76
ywnC,3.91
tagG,0.0
yvyH,1.55
lytB,0.5015
tuaA,1.62
tuaC,0.9697
tuaE,1.31
yxkA,1.29
yxkC,0.5098
aldY,1.78
msmX,0.8165
yxzE,0.8662
yxkJ,0.3357
spsD,2.14
spsG,1.12
spsJ,1.32
yweA,0.6393
rocA,0.3405
rocC,0.7719
cydB,0.06204
cydD,0.0
yxlA,0.0
yxlC,1.13
yxlE,0.8196
yxlG,0.6577
ywfB,0.6716
ywfD,0.1524
ywfF,0.1667
ywfH,0.9968
pta,0.1874
ywfL,0.8598
galE,1.03
yxkD,2.76
yxkF,0.735
yxkH,0.949
yxkI,0.4015
cydA,0.04605
spsE,1.4
spsI,1.3
spsK,0.8724
yweB,0.311
rocB,0.4424
ywfA,0.6669
cydC,0.0
yxkO,0.9534
sigY,1.04
yxlD,0.7443
yxlF,0.6212
yxlH,1.28
ywfC,0.3047
ywfE,0.0846
ywfG,0.3389
ywfI,0.5994
ywfK,1.04
ywfM,0.6268
yyaH,1.74
yyaJ,2.85
yyaL,0.677
yyaN,0.776
tetL,1.11
yyaP,2.11
yxbD,0.8055
yxbF,1.11
yxcA,1.17
yxcC,1.37
yxcE,1.44
iolR,1.79
yyaR,0.9203
yyaT,3.4
yybB,1.56
yybD,0.8211
yybF,0.7968
yybI,1.33
iolB,1.15
iolD,0.7224
iolF,0.9373
iolH,0.8219
iolJ,0.628
yxdK,0.5099
yyaI,1.09
yyaK,1.73
yyaM,1.0
yyaO,0.9678
tetB,0.0
yyaQ,1.86
aldX,1.14
yxbG,1.65
htpG,0.3247
yxcD,1.4
iolS,0.9584
iolA,1.77
yyaS,2.11
yybA,1.53
yybC,1.38
yybE,1.66
yybG,0.5369
yybJ,0.3374
iolC,1.14
iolE,0.9436
iolG,2.41
iolI,1.25
yxdJ,1.95
yxdL,1.33
yeeF,0.0
purQ,0.26
ydgJ,2.21
pbpC,1.09
srfAC,0.2629
ycgI,0.0
yknT,2.15
ptsI,0.0
ykvU,0.0
ykzE,1.06
yjdH,0.6259
yhdN,1.91
yczC,0.3095
lmrA,7.63
ybgB,1.16
ybdD,1.18
fus,1.65
yfiX,0.0
yfkF,0.0
treA,0.0
yflP,0.4778
yesY,1.08
yddN,2.18
yerP,2.75
ydjD,1.19
yddE,1.27
yclG,1.05
nasB,4.16
ycdB,1.44
patA,2.02
ykvW,14.5
ykrP,5.01
ykoY,2.11
yhaP,0.3983
yhbB,3.49
yccC,1.45
ybgE,0.5828
ybgA,3.43
rpmD,1.69
rpoB,1.52
clpC,0.757
yfiB,1.17
yfkI,1.68
yflH,0.6437
yetM,0.9836
cotJC,0.0
yddK,0.0
yabD,0.6559
yurG,0.7518
ytqD,1.4
acuB,0.9135
dnaE,0.7879
levR,1.15
yqzC,1.29
yaaO,2.74
ypbG,0.6596
ypvA,3.27
cgeB,0.8639
yloB,0.9121
glcT,1.86
yjcD,0.8561
metS,0.5146
ythC,3.7
ytpB,1.03
ytoI,0.8083
yrhJ,0.5919
yqxH,1.44
bmrU,1.36
yaaN,2.84
qcrB,0.3537
yosO,1.6
ylqF,1.84
spoVD,0.8602
yjgC,1.32
yjaX,0.9587
rplO,1.17
rplR,0.9356
rpsH,0.8767
rplE,0.8496
rplN,0.8724
rpmC,1.24
xpaC,3.64
bofA,1.22
recR,2.05
dnaX,5.07
yaaI,4.04
rpsC,0.0
rpsS,1.08
rplW,1.17
rplC,1.54
ybaC,4.6
rpsG,1.71
serS,0.3231
yaaD,0.5554
guaB,1.26
gyrB,1.14
recF,1.51
rpsE,1.53
rplF,1.25
rpsN,1.36
rplX,1.22
rpsQ,1.32
rplP,1.12
csfB,7.46
yaaL,1.8
yaaK,2.11
yaaJ,3.23
yaaH,2.74
rplV,1.28
rplB,1.29
rplD,1.29
rpsJ,1.83
tufA,1.13
rpsL,1.48
yaaE,0.4047
dacA,2.48
yaaC,6.22
yaaB,1.2
yaaA,1.95
yclA,1.42
yckJ,1.27
yczE,3.12
ycxD,1.17
ycxB,2.5
srfAD,0.0
ycbD,0.0
ycbA,0.0
ybgH,0.0
ybgF,1.78
ybfP,0.8372
ybfN,2.38
yckH,0.6774
yckF,0.8911
nucA,0.1131
yckE,0.3364
yckC,4.34
yckA,1.44
ybfM,2.52
ybfK,0.3826
purT,0.2365
ybfH,0.9606
ybfF,2.11
ybfB,1.94
yckK,1.15
yckI,1.07
sfp,3.46
ycxC,1.72
ycxA,0.8639
comS,0.2816
ycbB,1.34
ybgJ,1.14
ybgG,0.7192
ybfT,5.41
ybfO,1.6
psd,3.21
yckG,0.7771
tlpC,0.8496
nin,0.3139
yckD,1.01
yckB,1.69
yciC,0.2372
pssA,2.41
ybfJ,0.0
ybfI,1.04
ybfG,1.55
ybfE,1.9
ybfA,1.26
ydhD,0.0
ydgK,3.28
ydgH,1.09
dinB,1.73
expZ,1.54
ydgD,1.6
rsbS,1.35
ydcE,1.16
dal,1.4
ydcB,1.8
ydbS,0.8962
murF,1.51
ydgB,1.55
ydfT,1.3
ydfR,1.34
ydfQ,1.03
ydfO,0.8844
ydfM,2.34
ydbP,1.24
ydbM,1.35
ydbK,0.9023
ydbI,1.96
ydbF,1.41
ydbD,0.6216
ydhC,2.42
ydgI,1.74
ydgG,0.7667
ydgF,1.21
ydgE,1.71
ydgC,1.87
rsbR,1.95
ydcD,1.39
ydcC,1.87
ydbT,1.07
ydbR,0.9829
ddlA,1.68
ydgA,1.09
ydfS,2.02
ydzH,0.0
ydfP,1.44
ydfN,0.8702
ydfL,2.5
ydbN,0.8216
ydbL,1.1
ydbJ,0.7003
ydbG,1.18
ydbE,1.25
ydbC,0.4021
yfkM,1.61
treR,3.74
yfkQ,0.813
yfkS,0.0
yflA,0.9229
yflC,0.0
yefB,0.0
yerQ,0.0
yerN,0.3821
yerL,0.2808
sapB,0.0
yerH,0.0
yflE,7.07
yflG,0.6256
yflJ,1.47
yflL,0.6403
yflN,0.0
citT,0.6902
yerF,1.12
yerD,1.09
yerA,0.8628
yezC,0.403
purH,0.09382
purM,0.1154
yfkO,2.3
treP,1.07
yfkR,0.6776
yfkT,1.04
yflB,1.13
yflD,1.51
yefA,5.05
yerO,2.95
yerM,0.2843
opuE,3.43
yerI,0.9002
yflF,0.999
yflI,1.31
yflK,0.9519
yflM,0.4617
citM,1.68
citSc,0.0
yerE,1.08
yerB,0.5261
yecA,1.48
purD,0.147
purN,0.23
purF,0.1179
yhaL,1.27
yhaN,0.0
yhaS,1.2
yhaU,1.9
yhaW,2.48
yhaY,0.0
ygaO,1.46
ygaN,1.47
ygbA,3.57
katA,4.28
ygaK,2.22
ygaJ,0.8626
yheA,1.28
yheD,1.17
sspB,1.7
yheG,0.8293
yheK,2.01
yheN,1.91
ygaI,1.25
ygaH,2.21
ygaF,2.05
ygaE,8.36
ygaC,1.23
sspE,1.07
yhaM,0.916
yhaO,0.6381
yhaT,1.14
yhaV,1.62
yhaX,0.9861
yhaZ,3.04
yhzA,1.75
ygcA,1.03
ygaL,0.9005
senS,6.53
thiA,2.02
ygzA,1.92
yheB,0.8154
yheE,1.54
yheF,1.01
yheI,0.8306
yheM,0.6107
yhdZ,1.48
ygxA,3.77
ygaG,3.54
gsaB,1.33
ygaD,3.0
ygaB,0.7514
yfhR,0.918
yjdA,0.4516
yjcR,0.8946
yjcP,1.5
yjcN,0.6447
yjcL,0.8616
yjcJ,0.08486
yitI,0.4622
yitG,0.8994
yitE,1.06
yitC,1.06
yitA,0.8838
yisX,2.12
yjcH,0.8215
yjcF,0.4254
yjcC,1.19
yjcA,0.9787
cotW,1.16
cotY,1.58
yisV,1.3
yisT,0.8687
degA,1.03
yisQ,1.23
yisO,1.24
yjcS,0.3313
yjcQ,1.55
yjcO,0.0
yjcM,1.73
yjcK,0.8056
yjcI,0.1081
yitH,0.4358
yitF,1.55
yitD,1.1
yitB,0.8543
yisY,0.5576
yisW,2.15
yjcG,0.4378
yjcE,2.9
yjcB,0.0
cotV,0.9671
cotX,1.44
cotZ,0.0
yisU,1.15
yisS,0.9589
yisR,1.39
yisP,0.6215
yisN,0.8712
yisL,0.0
ykuG,0.0
ykuE,1.85
ykuC,1.84
kinA,0.2529
ykwD,2.37
ykwB,0.6942
ykfC,0.4211
ykfA,0.537
dppD,0.3503
dppB,0.5446
ykeA,0.9924
ykcC,0.7159
splA,0.6845
ykvZ,0.7821
ykvV,0.9717
ykvS,1.78
ykvQ,1.79
ykvO,1.65
ykcA,0.5821
ykaA,1.43
spoIISA,2.37
xhlB,1.08
xkdY,0.9681
xkdW,0.868
ykuF,1.17
ykuD,1.32
ykyB,4.31
ykwC,0.4086
splB,0.9179
ykfB,0.494
dppE,0.3864
dppC,0.0
dppA,0.4013
htrA,0.9729
ykcB,0.6754
ptsG,0.6276
ykvY,0.4541
ykvT,2.2
ykvR,0.9937
ykvP,1.35
ykvN,1.69
ykbA,1.11
ykaB,0.544
xlyA,0.9361
xhlA,0.6693
xkdX,0.0
xkdV,0.5104
smf,0.6153
sucC,0.1315
ylqG,0.0
rplS,2.47
ylqE,0.0
ylqC,3.78
rpmF,4.93
ylbM,2.8
ylbK,0.7684
ylbI,0.6991
ylbG,0.7502
ylbE,1.44
ylxM,4.99
ftsY,0.6143
rncS,0.6142
fabG,0.1349
plsX,0.2931
ylpB,1.98
ylbC,3.82
ylbA,1.31
ctaF,0.466
ctaD,0.4051
ctaB,2.53
ylaO,1.01
sucD,0.1451
ylqH,1.22
rnh,1.37
trmD,2.43
ylqD,2.19
rpsP,3.21
ylbN,5.57
ylbL,0.4564
ylbJ,0.9415
ylbH,0.6512
ylbF,5.04
ylbD,1.56
ylqB,0.7118
acpA,0.1187
fabD,0.1707
ylpC,0.5171
ylpA,2.3
ylbB,5.7
ctaG,1.03
ctaE,0.4164
ctaC,0.3115
ctaA,0.9013
ylaN,4.31
yngD,1.29
yngA,0.7558
ynfF,0.8716
bglC,1.03
ynfC,2.06
grlB,0.3888
pksI,0.08141
pksG,0.2502
pksE,0.0
pksC,1.33
pksA,1.96
mutL,0.9813
yneS,1.21
yneQ,0.5304
tlp,1.16
citB,0.0
cotL,1.95
yneK,2.4
cotE,0.4678
ymcB,2.47
tdh,2.44
ymdB,4.03
pbpX,0.4319
cinA,1.41
yngC,1.51
xynD,0.6177
ynfE,1.16
alsT,3.38
grlA,0.3697
yneT,0.8352
pksH,0.2855
pksF,0.258
pksD,0.3253
pksB,0.0
ymcC,1.69
mutS,0.7019
yneR,0.9999
yneP,0.414
yneN,1.28
cotK,0.8102
cotM,1.16
yneJ,1.95
ymcA,2.2
kbl,1.22
spoVS,2.06
ymdA,1.6
recA,0.6593
pgsA,1.02
yorR,0.7996
yorT,1.01
yorV,0.0
yorX,0.0
yorZ,0.0
yosB,1.48
yocJ,2.17
yocH,21.44
yocF,1.98
yocD,2.33
yocB,2.03
yocA,4.49
yosD,0.0
yosF,0.7546
yosH,0.6384
yosJ,1.96
yosL,0.9523
yosP,1.3
yobW,0.7039
yobU,0.9326
yobS,0.7223
yobQ,0.2017
yobO,0.9327
yobM,1.25
yorS,0.7648
mtbP,0.7615
yorW,0.4865
yorY,1.09
yosA,0.6677
yosC,0.7629
yocI,1.4
yocG,1.23
yocE,0.2515
yocC,4.29
yozB,1.34
yozA,0.3958
yosE,0.0
yosG,0.7444
yosI,0.8966
yosK,0.8231
yosM,0.3089
yosQ,0.0
yobV,0.5488
yobT,0.508
yobR,0.1679
csaA,0.1888
yobN,1.43
yobL,0.3844
yppD,1.22
yppF,4.65
ypqE,0.8116
yprB,0.5209
ypsA,1.02
ypsC,5.51
yomP,0.8452
yomR,0.7995
yomT,0.7987
yomV,0.0
yomX,0.0
yomZ,1.84
kduD,1.14
kdgR,1.51
kdgA,0.6527
ypwA,0.2631
pbuX,0.457
ypbQ,0.3724
yonB,0.6804
yonD,0.0
yonF,0.9043
yonH,0.0
yonK,1.28
yonO,1.37
yppE,1.91
yppG,1.29
cotD,2.44
ypsB,2.13
yptA,3.09
yomQ,0.0
yomS,0.0
yomU,0.7404
yomW,1.06
yomY,1.03
yonA,0.9301
kduI,1.67
kdgK,1.26
kdgT,0.0
xpt,0.4784
bcsA,1.0
ypbS,0.6326
yonC,0.5943
yonE,1.32
yonG,0.0
yonI,2.04
yonN,0.6578
yonP,2.79
yqiD,1.3
yqxC,1.15
recN,1.93
spo0A,1.59
yqiH,0.807
yqiK,0.8257
ribG,0.0
ribA,0.2692
ribT,0.8137
ypuG,2.41
ypuI,1.69
spmA,2.44
mmgB,0.7505
mmgD,1.06
yqiQ,1.06
yqiR,0.5997
yqiT,1.12
yqiV,0.3778
ypuL,0.9044
resB,0.2851
resD,0.199
sigX,0.6102
aroC,1.27
ypzE,1.38
yqiE,1.26
ahrC,1.52
spoIVB,0.7552
yqiG,0.3664
yqiI,0.5688
ribB,0.3336
ribH,0.2636
ypuF,2.39
ypuH,1.87
dacB,5.72
spmB,3.78
mmgC,1.01
mmgE,0.8656
yqzF,1.98
yqiS,1.1
yqiU,0.7658
bfmBAA,0.5689
resA,0.277
resC,0.2988
resE,0.3451
ypuN,0.9708
serA,0.487
ypaA,1.33
yqaG,1.43
yqaI,1.27
yqaK,1.04
yqaM,1.51
yqaO,2.2
yqaQ,0.9456
dgkA,0.8263
bex,1.84
glyQ,0.5647
yqzB,0.4587
yqxD,2.58
sigA,1.24
yqaS,0.7797
yqbA,1.42
yqbC,0.837
yqbE,0.7025
yqbG,1.3
yqbI,0.7656
yqfN,0.9682
yqfP,2.92
yqfR,2.87
yqfT,2.86
yqfV,3.41
yqfX,1.04
yqaH,1.09
yqaJ,1.92
yqaL,0.8596
yqaN,1.01
yqaP,2.5
yqaR,1.06
cdd,1.96
yqxN,2.0
glyS,0.4964
yqfL,0.582
dnaG,1.76
cccA,0.6707
yqaT,1.08
yqbB,1.12
yqbD,0.8251
yqbF,1.61
yqbH,1.33
yqbJ,0.8993
yqfO,1.07
yqfQ,0.6969
yqfS,2.6
yqfU,1.7
yqfW,2.63
yqfZ,1.11
ysnD,0.3074
ilvN,0.08649
leuA,0.09114
leuC,0.7868
ysoA,0.3723
clpX,1.25
yrrM,6.1
yrrO,4.29
greA,1.3
yrrS,3.94
yrrT,1.85
yrhA,0.7913
ysxD,2.48
hemX,1.09
hemD,0.8239
hemL,0.0
ysxE,0.0
yrhD,1.04
yrhG,2.15
yrhH,0.7082
yrhK,0.901
yrhM,1.05
yrhO,1.8
ilvB,0.1055
ilvC,0.0733
leuB,0.06844
leuD,0.1312
tig,0.5718
lonB,1.43
yrrN,4.41
udk,2.9
yrrR,0.0
yrzA,2.56
yrrU,1.97
yrhB,0.8451
ysxC,0.8986
hemA,1.27
hemC,1.02
hemB,0.8515
spoVID,1.45
yrhF,5.11
yrzI,11.19
yrhI,0.3988
yrhL,0.0
sigV,0.0
levD,0.416
ytsC,0.7418
yttA,0.4722
ytvA,2.0
leuS,0.397
melA,1.52
amyD,1.03
ytmJ,0.5913
ytmL,1.03
hisP,0.8647
ytnJ,0.7006
hipO,0.5007
ytqI,0.558
msmR,0.8818
bioW,0.1246
bioF,0.06253
bioB,0.0643
ytbQ,0.09313
ytcQ,0.8373
ytsJ,1.03
pfk,0.5824
ytwI,0.7016
citC,0.1521
phoP,1.33
yttB,3.93
ytvB,0.8802
ytwF,0.7567
amyC,0.7628
msmE,0.3351
ytmK,0.9015
ytmM,1.65
ytnI,0.6077
ribR,0.5893
ytpI,0.7682
ytrI,0.7653
ytaP,0.5125
bioA,0.05585
bioD,0.0413
bioI,0.123
ytcP,0.2809
ytdP,1.19
yttI,3.11
ytvI,1.03
citZ,0.5551
citH,0.1889
phoR,1.03
mutM,0.9942
yunI,1.01
yunG,0.2406
yunE,0.4407
yunC,0.4195
yunA,1.55
yutC,0.4522
yugH,1.41
yuzA,1.75
yugK,2.0
yugM,0.6066
yugO,1.93
yugS,1.07
yutE,0.9331
yutG,0.8671
hom,0.3027
thrB,0.3395
yutI,0.0
yutJ,0.9111
yugU,1.54
mcpB,1.13
mcpA,0.672
yuxG,0.902
yulC,1.32
yulE,0.6605
yunH,0.7067
yunF,0.5105
yunD,0.5154
yunB,0.6859
yutB,1.43
yutD,1.61
yugI,2.87
yugJ,0.5488
pgi,0.2381
yugN,0.3962
yugP,0.8307
yugT,2.18
yutF,0.3994
yutH,0.7875
thrC,0.3592
yuxL,0.0
yuzD,1.02
yuzB,3.28
tgl,1.48
tlpA,0.4351
tlpB,1.78
yulB,1.39
yulD,0.0
yulF,0.2042
yvdO,1.54
yvdQ,1.05
yveA,1.43
racX,0.8363
yveG,1.28
slr,0.5929
yvgO,0.5896
yvgM,0.9671
yvgK,2.71
yvsG,1.43
fhuD,0.7946
fhuG,1.07
yveN,0.2905
yveP,0.2451
yveR,0.2274
yveT,0.2334
yvfB,0.2364
yvfF,0.5586
yvrP,0.176
yvrN,0.1868
yvrL,0.5765
yvrI,0.5653
yvrG,0.3786
yvrD,0.5557
yvdP,1.37
yvdT,3.72
pbpE,0.8454
yveF,1.28
padC,1.41
yveL,0.8991
yvgN,0.09468
yvgL,1.1
yvgJ,0.9093
yvsH,0.5215
fhuB,1.2
fhuC,0.9585
yveO,0.1755
yveQ,0.2789
yveS,0.433
yvfA,0.2133
yvfD,0.227
yvfG,1.99
yvrO,0.1495
yvrM,0.6456
yvrK,0.4562
yvrH,0.3435
yvrE,0.4664
yvrC,0.2939
mta,0.0
ywnF,2.17
spoIIQ,2.7
ywoA,1.2
nrgA,1.09
ywoC,0.4723
tuaF,1.42
tuaH,1.4
yvhJ,2.92
degS,1.1
comFA,0.3901
comFC,0.6201
ywoE,1.18
ywoG,0.6655
usd,1.24
mbl,1.72
flhP,0.7351
ywpB,0.7901
flgM,0.5921
flgK,0.488
yviE,0.7043
csrA,0.893
yvyC,0.196
fliS,0.41
ywnE,4.39
ywnH,3.56
ywnJ,0.7906
nrgB,0.8643
ywoB,0.9389
ywoD,0.0
tuaG,1.32
tagO,1.73
yvyE,4.06
yviA,0.6497
comFB,0.6217
yvyF,0.5007
ywoF,1.03
ywoH,4.96
spoIIID,0.9844
flhO,0.8511
rapD,1.72
ywpC,0.7813
yvyG,0.6347
flgL,0.52
yviF,0.9177
hag,0.6031
fliD,0.3021
fliT,0.4164
katX,0.0
yxzF,0.0
licB,0.9698
licA,0.8839
ywaA,0.5475
dltD,0.8381
ywfN,0.9524
ywfO,1.31
ywgB,2.06
thrZ,0.07837
ywhB,0.5155
ywhD,0.8102
dltB,0.9129
ywaB,2.26
ywaD,1.03
ywaE,1.48
gspA,2.31
sacX,1.68
ywhF,2.68
ywhH,0.9115
rapF,0.1007
ywhL,0.6131
ywhN,0.8269
ywhP,0.7243
yxlJ,0.5725
licR,2.47
licC,0.8125
licH,0.4226
dltE,0.7796
dltC,0.9546
ywzC,4.64
ywgA,0.6124
mmr,1.58
ywhA,0.2195
ywhC,0.8832
ywhE,1.29
dltA,0.7871
ywaC,0.665
tyrZ,0.7783
ywaF,1.22
sacY,1.5
epr,0.6173
ywhG,2.86
phrF,0.291
ywhK,1.07
ywhM,0.6998
ywhO,0.7345
ywhQ,0.6955
yybK,0.4437
yybM,0.6369
yybO,1.41
yybQ,0.4891
cotF,1.09
yybT,1.48
yxdM,0.0
yxeB,0.7682
yxeD,1.07
yxeG,0.5982
yxeI,0.797
yxeK,1.17
yycA,0.0
yycC,1.32
yycD,0.901
yycE,1.01
yycF,3.09
yycH,2.13
yxeM,2.26
yxeO,0.3356
yxeQ,0.1845
yxxB,0.6294
nupC,0.6298
hutM,1.11
yybL,0.0
yybN,0.3143
yybP,1.24
yybR,2.36
yybS,2.25
rplI,0.858
yxeA,1.26
yxeC,0.1616
yxeE,0.8889
yxeH,0.66
yxeJ,0.9477
yxeL,0.3769
yycB,1.15
yyzB,1.86
dnaC,4.62
purA,0.1895
yycG,2.5
yycI,1.82
yxeN,0.2862
yxeP,0.2655
yxeR,0.4493
deoR,0.8676
pdp,0.5698
hutG,1.32
lysS,1.99
mfd,0.8349
gyrA,1.7
lytA,0.2463
yvlD,0.8941
yukF,1.62
rsbV,0.0
ydbO,0.0
ycsG,0.0
phrC,0.5096
lmrB,9.05
pcp,2.39
ytfJ,0.8937
ytzA,0.7345
yraA,0.6147
yqfY,1.26
yonJ,1.59
yodB,1.26
ycbM,0.0
ybfS,2.43
ybfQ,0.0
ybeC,0.0
ybdG,1.93
ybbA,0.0
ftsH,0.0
yabK,0.9886
ywjF,0.9451
ywlC,3.59
yveK,0.8626
glgP,0.0
ydcA,0.8227
ycnB,1.47
yceH,0.5014
ycbU,1.32
ycbR,0.6485
accA,2.75
yrhP,2.38
yqbO,0.0
ypqA,1.61
yosW,0.0
ppsD,0.2802
ycbC,0.0
gltP,0.6671
mpr,2.41
ybdN,1.09
ybdB,0.0
yabE,10.78
yaaG,1.18
yisD,1.03
yhjP,0.68
yhfR,0.2181
yheH,0.9213
yfhQ,1.26
ydcI,0.4961
dnaN,1.9
srfAB,0.3116
opuAA,4.25
ybdO,0.8402
yabN,1.34
asnH,0.5907
ywbN,0.5876
yaaF,2.03
addB,1.02
yhjB,1.53
yheC,1.6
yheL,1.48
yesN,0.6271
yclF,0.1235
dnaA,3.63
amhX,1.26
ycbT,1.64
feuC,0.9764
gidA,2.77
yxnB,0.5945
spsF,1.43
