ybeF,0.9473
glpQ,0.8215
ybdT,1.28
ybxH,1.37
ybdM,1.47
ybdK,1.65
ybxF,1.87
rplJ,1.4
rplK,1.03
rpmG,1.27
yacP,0.6806
rplL,1.71
ybdE,0.8828
ybcT,0.941
ybcQ,0.8524
ybcO,0.7643
ybcL,1.01
ybcH,0.9861
cysE,0.6563
yacN,0.6588
yacL,0.8143
sms,0.8324
yacH,1.23
glpT,1.02
ybyB,1.8
ybxI,1.16
csgA,1.18
ybdL,1.35
ybdJ,1.82
ybxB,2.46
rplA,1.66
nusG,1.55
sigH,1.19
yacO,0.5958
ybdA,0.9759
ybcS,1.02
ybcP,1.3
ybcM,1.37
ybcI,1.43
ybcF,1.03
gltX,0.7973
yacM,0.7603
yacK,0.7452
yacI,0.9947
ctsR,1.53
ydbB,0.7981
ydbA,1.3
ydaS,1.65
ydaQ,1.22
mutT,1.2
ydaN,1.0
yciB,0.812
nasA,1.09
nasD,1.15
nasF,0.9546
ycgS,1.26
ycgQ,1.12
ydaL,1.17
ydaJ,1.41
lrpC,1.13
ydaH,1.1
ydaF,1.36
ydaD,1.25
ycgO,0.8142
ycgM,0.8347
cah,0.8135
ycgJ,1.04
tmrB,1.05
ycgH,0.897
gsiB,4.73
ydaT,2.05
ydaR,2.64
ydaP,1.63
ydaO,1.04
ydaM,1.06
yciA,0.9631
nasC,0.9771
nasE,1.09
ycgT,0.7727
ycgR,1.13
ycgP,1.16
ydaK,1.3
ydzA,1.31
ydaG,1.64
ydaE,1.66
ydaC,1.02
ycgN,1.26
ycgL,0.8386
ycgK,0.8998
aroI,0.7907
nadE,0.6634
ycgG,1.22
purL,0.3152
purC,0.3955
purK,0.8716
yebG,1.77
yebE,1.77
yebC,1.92
ydfK,1.06
ydfJ,1.25
ydfH,1.12
ydfF,1.15
ydfD,1.24
ydfB,1.29
guaA,0.9086
yeaD,0.9165
yeaB,0.8671
yeaA,0.416
ydjO,1.29
ydjM,0.7553
ydeT,2.49
ydeR,1.22
ydeP,1.23
ydzF,1.09
ydeM,1.12
ydeK,1.27
yexA,0.3681
purB,0.4849
purE,0.8353
yebF,1.41
yebD,1.08
yebB,1.26
nap,1.13
ydfI,0.909
ydfG,0.9709
ydfE,1.28
ydfC,1.48
ydfA,3.53
yebA,1.01
yeaC,0.8283
gabP,0.6634
ydjP,0.5581
ydjN,1.11
ydjL,0.7432
ydeS,0.87
ydeQ,1.11
ydeO,0.808
ydeN,1.37
ydeL,1.54
ydeJ,1.36
yfhS,0.7206
yfhO,0.889
yfhM,1.04
yfhK,1.68
yfhI,1.92
yfhG,1.22
yflS,0.9594
yflT,0.8453
yfmC,0.5245
yfmE,0.8366
yfmG,0.2622
yfmI,0.5205
yfhE,0.7113
yfhC,0.6442
yfhA,0.344
yfiY,0.0
yfiV,1.06
yfiT,1.0
yfmK,1.17
yfmM,1.59
yfmO,1.24
yfmQ,1.39
yfmS,1.67
yfnA,0.7952
yfhP,1.22
csbB,1.37
yfhL,0.8958
yfhJ,1.39
yfhH,1.13
yfhF,1.0
pel,0.9371
yfmA,0.8116
yfmD,0.866
yfmF,0.8238
yfmH,0.6374
yfmJ,0.6924
yfhD,0.823
yfhB,0.9447
yfiZ,0.6835
yfiW,1.07
yfiU,1.03
yfiS,1.56
yfmL,2.13
yfmN,1.18
yfmP,1.17
yfmR,1.51
yfmT,1.2
yfnD,1.32
yisK,0.4316
yisI,0.9237
yisG,0.7422
yisE,0.7876
yisB,0.87
addA,1.32
yhdY,1.66
yhdW,2.23
yhdU,0.979
yhdS,0.7448
yhdQ,1.23
yhdO,0.755
yhjQ,1.07
yhjM,1.37
yhjK,1.04
yhjI,1.01
yhjG,1.14
yhjE,1.47
yhdL,1.81
yhdJ,1.29
yhdH,1.2
yhdF,0.9832
citR,0.8967
phoA,0.8826
yisJ,0.7244
yisH,0.8919
yisF,0.9717
yisC,0.82
sbcD,0.696
yhjR,1.05
yhdX,1.27
yhdV,1.34
yhdT,0.6937
yhdR,0.6559
yhdP,1.63
yhdM,2.19
yhjO,1.21
yhjL,1.7
yhjJ,1.11
yhjH,0.9777
sipV,0.9869
yhjD,1.11
yhdK,1.46
yhdI,1.15
yhdG,0.9764
citA,0.8958
lytE,1.23
spoVR,1.34
xkdU,1.12
xkdS,1.01
xkdQ,0.9251
xkdN,0.9576
xkdK,0.8424
xkdI,0.8255
yjbX,0.9216
yjbV,0.8275
yjbT,0.8942
yjbR,1.07
tenA,1.01
yjbP,0.6067
xkdG,0.9368
xkdE,1.2
xpf,0.8941
xkdD,0.9334
xkdB,0.8246
xkdA,0.7576
yjbN,0.7476
yjbL,0.7362
yjbJ,1.22
yjbH,1.25
yjbF,0.8661
yjbE,0.8899
xkdT,1.08
xkdR,0.9142
xkdP,0.9
xkdM,0.8415
xkdJ,0.6783
xkdH,0.5221
yjbW,0.4277
yjbU,1.01
yjbS,1.12
tenI,1.03
yjbQ,1.08
yjbO,0.8945
xkdF,0.9833
xtmA,0.9787
xtrA,1.13
xkdC,1.17
xre,1.28
yjqC,0.7527
yjbM,0.7151
yjbK,1.48
yjbI,1.11
yjbG,1.02
mecA,2.34
yjbD,0.6927
ylaM,1.02
ylaK,1.06
ylaH,1.14
ylaF,1.08
ylaD,1.06
ylaB,1.53
ykvM,2.27
ykvK,2.46
ykvI,1.89
motA,3.19
ykvE,5.66
eag,1.31
nprE,0.8948
ykzC,0.7467
ykzI,0.7989
yktA,0.7238
slp,0.7605
pdhC,0.4977
ykvA,0.535
ykrY,0.3587
ykrW,0.5955
ykrU,0.8098
ykrS,0.4005
ykrQ,0.922
ylaL,0.4973
ylaJ,1.03
ylaG,1.02
ylaE,0.9046
ylaC,1.17
ylaA,1.6
ykvL,2.46
ykvJ,2.26
clpE,1.86
motB,2.52
ykvD,1.89
spo0E,2.88
yktD,1.36
yktC,0.7592
yktB,0.8561
cad,2.21
pdhD,0.4189
pdhB,0.3665
ykrZ,0.3175
ykrX,0.4101
ykrV,0.6972
ykrT,0.4313
dat,1.03
ykrM,1.26
ymfM,1.16
ymfK,1.03
ymfI,0.9113
ymfF,0.6481
ymfD,1.17
spoIIIE,1.2
yloW,1.33
yloU,0.851
spoVM,0.7936
yloR,0.4599
ymfA,1.22
dapG,0.9269
spoVFB,0.9613
ymxH,0.7413
ylxY,0.5853
ribC,0.7807
fmt,1.28
priA,1.35
yloH,1.59
yloC,1.45
ylnF,0.4948
ylnD,0.4616
ymfL,0.9546
ymfJ,1.07
ymfH,0.8213
ymfE,1.04
ymfC,1.05
ymfB,0.9879
yloV,0.9188
rpmB,1.31
yloS,0.5424
yloQ,0.4053
yloO,0.7042
yloM,0.6934
dapA,0.9365
asd,0.6649
spoVFA,0.8457
ymxG,0.8493
rpsO,1.66
truB,0.8508
def,1.15
yloI,1.39
yloD,1.47
yloA,0.7157
ylnE,0.6064
ylnC,0.6066
yobK,0.7537
yobI,1.02
yozL,1.02
yobH,1.01
rapK,0.9039
yobF,2.18
yneI,1.18
ynzD,1.8
yneE,1.11
ynzC,1.14
yneA,1.14
yndN,0.9836
yozI,1.23
yobD,1.2
pps,1.03
yobA,1.08
yoaZ,1.24
yoaV,1.18
yndL,1.07
yndJ,1.39
yndG,1.5
yndD,1.1
yndB,1.09
ynzA,1.33
yobJ,0.4626
yozM,0.8732
yozK,0.8069
phrK,0.8387
yozJ,1.17
yobE,1.55
ccdA,0.0
yneF,1.94
tkt,0.0
yneB,1.06
lexA,0.9869
yndM,1.07
yozH,1.23
xynA,0.774
yobB,1.26
penP,1.35
yoaW,1.05
yoaU,1.11
yndK,1.26
yndH,1.3
yndE,1.04
ynzB,1.07
yndA,1.34
cotC,1.18
yonR,2.53
yonT,1.02
yonV,0.9448
yopA,0.906
yopC,0.7805
yopE,1.09
yosR,1.04
yosT,1.19
yosV,1.03
yosZ,0.9707
yotB,1.03
yotD,0.8076
yopG,0.904
yopI,0.9108
yopK,0.7922
yopM,1.04
yopO,0.9894
yopQ,0.9294
yotF,1.03
yotH,0.9085
yotJ,1.08
yotL,1.42
yotN,1.12
yodV,1.08
yonS,1.8
yonU,0.9664
yonX,1.05
yopB,0.9764
yopD,1.26
yopF,0.89
yosS,0.6403
yosU,0.7242
yosX,1.14
sspC,1.07
yotC,0.8717
yotE,0.7084
yopH,0.9178
yopJ,0.8001
yopL,0.5046
yopN,1.03
yopP,1.06
yopR,0.9776
yotG,1.0
yotI,0.9525
yotK,1.07
yotM,1.04
yodU,1.27
cgeA,1.49
fer,2.23
recQ,1.13
ypbE,1.38
ypbH,1.55
ypdA,1.18
sleB,0.9592
ypcP,1.1
ypdP,0.9121
ypeQ,0.0
degR,1.32
ypfP,1.02
bsaA,0.7408
ypfA,0.9388
cmk,0.9441
ypgA,0.5884
yphB,1.19
gpsA,1.69
yphF,1.02
ypgR,0.9301
yphP,1.29
ypjP,1.25
thyB,1.21
ypkP,1.04
yplP,0.4358
ypbB,1.06
ypbD,1.17
ypbF,0.9383
ypcA,0.7884
ypdC,1.05
ypeB,0.8886
ypdQ,0.866
ypeP,1.13
ypzA,0.8091
cspD,0.7239
metB,0.83
ypgQ,1.39
ypfB,0.8777
ypfD,0.8145
yphA,1.07
yphC,1.8
yphE,0.9956
spoIVA,0.6526
ilvD,0.52
ypiP,1.09
ypjQ,1.04
dfrA,0.8874
yplQ,0.7867
ilvA,0.6374
yqgA,0.2448
yqgC,0.5236
yqgE,1.04
yqgG,1.43
yqgI,1.42
yqgK,1.62
bfmBAB,1.76
bmrR,0.8814
yqiW,0.5538
yqiY,0.4333
yqjA,1.14
yqjC,1.97
yqgL,1.09
yqgN,0.8265
yqgP,0.8556
glcK,1.05
yqgU,0.8161
yqgW,1.15
yqjE,0.883
yqjG,0.6115
yqjI,0.3803
yqjK,0.7511
yqjM,0.8423
yqjO,1.22
yqgB,0.8785
sodA,1.2
pbpA,1.98
yqgH,1.11
yqgJ,1.8
yqzD,2.09
bfmBB,1.5
bmr,0.2925
yqiX,0.1071
yqiZ,0.2119
yqjB,1.0
yqjD,0.8669
yqgM,1.28
yqgO,1.12
yqgQ,1.24
yqgT,1.32
yqgV,0.8618
yqgX,0.363
yqjF,0.7311
yqjH,0.5692
yqjJ,0.4177
yqjL,0.8345
yqjN,1.17
yqjP,1.07
levE,0.8739
levG,0.8736
adhA,1.07
yraC,1.03
yraE,0.9323
yraF,0.9544
yqbK,0.8893
yqbM,1.28
yqbN,0.9592
yqbQ,0.9625
yqbS,0.7492
yqcA,0.5322
yraH,1.08
yraJ,0.9339
yraL,1.03
yraM,0.8343
yraO,0.7681
sigZ,0.9752
yqcD,0.9181
yqxG,0.9876
yqxI,0.8781
yqcF,0.9766
yqzI,0.8454
rapE,0.9011
levF,0.9077
sacC,0.9766
yraB,1.13
yraD,0.9788
adhB,0.9868
yraG,1.02
yqbL,0.981
yqdB,0.9118
yqbP,0.8936
yqbR,1.1
yqbT,0.9545
yqcB,0.8085
yraI,0.9146
yraK,1.14
csn,0.9891
yraN,0.6224
yrpG,0.8138
yrpE,0.6351
yqcE,1.18
cwlA,1.07
yqxJ,0.8738
yqcG,0.819
phrE,1.05
yqcI,1.47
ytaF,1.13
ytbE,1.31
ytcD,2.65
ytcF,3.77
dnaB,1.66
ytxB,1.03
folC,0.7111
spoIIB,1.12
ysxA,1.28
mreC,1.46
minC,1.19
spoIVFA,1.04
thrS,0.572
lytS,1.67
ysbA,2.32
yscB,2.21
infC,1.62
rplT,1.45
rplU,1.59
spo0B,1.75
p`eB,1.39
pheB,1.43
yrxA,0.7386
nadB,0.672
nadA,0.6345
ytaG,1.4
ytbD,1.23
gapB,1.24
ytcG,1.49
dnaI,1.35
ytxC,1.22
comC,1.16
maf,1.19
mreB,1.3
mreD,1.23
minD,1.06
spoIVFB,1.02
ysaA,1.12
lytT,1.5
ysbB,1.71
yscA,2.94
rpmI,1.8
ysdA,1.98
ysxB,1.3
obg,1.65
pheA,0.8637
nifS,0.7389
nadC,0.8107
yrbA,0.9527
yubA,1.18
yubC,1.52
yubE,1.95
yubG,1.13
yuaB,0.8611
gbsA,0.9452
yteP,0.8572
yteR,0.9761
yteT,1.19
yteV,1.17
ytfP,1.29
ytzG,1.15
yuaD,0.9365
yuaG,0.806
yuaJ,2.41
glgD,0.7953
ytaB,1.04
ytxN,0.9956
ytzE,0.971
ythQ,0.859
ytjP,0.9385
ytlP,1.37
ytlR,1.29
ytmP,1.03
yubB,1.45
yubD,1.83
yubF,2.09
yuaA,1.34
yuaC,1.31
gbsB,0.7186
yteQ,0.9991
yteS,1.21
yteU,1.36
opuD,1.52
ytgP,1.29
ytzF,1.26
yuaF,0.218
yuaI,0.3579
glgB,0.6673
glgA,0.9913
ytaA,0.9325
cotS,1.27
ythP,0.8602
ytiP,1.04
ytkP,1.35
ytlQ,1.3
amyX,1.52
ytzH,1.88
yvrB,0.928
yvqK,1.11
yvqI,1.1
yvqG,1.27
yvqE,1.12
gerAC,0.8633
yutL,1.01
paiA,0.7853
yumD,0.6985
yumC,0.4573
yuiA,0.7354
yuiC,0.6997
gerAA,1.05
yuxN,1.03
yvqA,1.3
yvtB,1.43
yusZ,0.8484
yusW,0.8618
yuiE,0.0
yuiG,1.57
yuiI,0.5025
dhbC,0.5128
dhbB,0.4333
yukL,0.7048
yvrA,0.8391
yvqJ,0.9215
yvqH,1.05
yvqF,1.16
yvqC,1.02
gerAB,1.03
yutM,1.33
paiB,0.934
yuzG,0.9313
yumB,0.5853
yuiB,0.4233
yuiD,1.2
citG,0.7012
yvqB,1.2
yvtA,0.7543
mrgA,0.51
yusX,0.4758
yusV,0.3519
yuiF,0.703
yuiH,0.6702
dhbA,0.4743
dhbE,0.5973
yukM,0.7009
yukJ,0.4375
yvyD,0.5497
cccB,1.36
ftsX,1.63
yvzD,1.49
yvkA,1.16
yvkC,0.9519
yvfH,0.7337
lacR,1.03
yvfM,0.8751
yvfO,0.9054
yvfS,0.8276
yvfU,0.8018
uvrB,1.27
yvzB,1.33
yvlA,0.6213
yvlC,0.959
yvmB,1.01
cypX,0.9022
yvfW,0.8872
yvbX,1.18
yvbV,0.8998
yvbT,0.8429
araE,0.6549
gap,0.5898
yvjA,1.37
ftsE,1.41
yvjB,1.01
yvjD,1.26
yvkB,1.39
csbA,1.39
yvfI,1.01
yvfL,0.8391
lacA,0.8447
yvfR,0.9013
yvfT,0.7739
yvfV,0.5098
uvrA,1.03
yvkN,0.9484
yvlB,0.8753
yvmA,1.05
yvmC,1.0
yvnA,0.8521
yvbY,0.7087
yvbW,0.772
yvbU,0.8011
araR,1.04
yvbQ,0.8003
pgk,0.2839
ywhR,1.02
sbo,1.04
argS,1.03
fnr,1.02
ywiD,1.04
narH,1.16
ywpD,1.17
ywpF,1.18
ywpH,1.17
ywqB,1.1
ywqD,1.0
ywqF,0.7591
narI,1.04
ywjA,1.06
ywjC,1.63
ywjE,1.77
rpoE,1.82
ywjG,2.05
ywqH,0.0
ywqJ,1.81
ywqL,1.25
ywqN,1.35
ywrA,1.08
ywrC,1.1
ywiA,0.84
ywiB,0.7666
narK,1.03
ywiC,1.03
narG,0.9762
narJ,1.05
ywpE,1.06
ywpG,1.14
ywpJ,1.33
ywqC,1.5
ywqE,1.41
ywqG,1.47
ywiE,0.7773
ywjB,0.7497
ywjD,1.1
acdA,1.31
ctrA,1.43
spo0F,1.91
ywqI,1.79
ywqK,1.72
ywqM,1.55
ywqO,1.68
ywrB,1.21
ywrD,1.14
hutI,1.18
hutP,1.33
yxiB,1.48
yxiD,1.1
yxxE,1.22
bglH,0.8017
ywbA,0.8307
ywbC,0.681
ywbE,0.8302
ywbG,0.9681
ywbI,0.9966
thiC,1.03
yxxF,0.7228
yxiF,0.7026
yxiG,0.711
yxzG,0.7512
yxiJ,0.7981
yxiL,0.7622
ywbO,0.8044
ywcB,0.9042
ywcD,0.8736
ywzA,1.11
qoxB,0.9782
qoxD,1.2
hutU,1.03
yxiA,1.1
yxiC,1.25
yxxD,0.8908
bglP,0.8443
yxiE,0.877
ywbB,0.9221
ywbD,0.7624
ywbF,0.6907
ywbH,0.5697
thiK,0.5304
ywbM,0.4695
yxxG,0.7571
yxzC,0.6955
yxiH,0.7048
yxiI,0.7653
yxiK,0.7208
yxiM,0.7248
ywcA,0.9952
ywcC,0.9819
galT,1.1
qoxA,0.8989
qoxC,1.2
ywcE,1.2
ytrP,1.07
yprA,1.12
yloN,1.03
yerG,1.21
wprA,1.12
yycJ,1.18
rocR,0.9271
rocE,0.93
phrG,1.01
yycN,1.06
yycP,1.26
topB,0.9822
polA,1.02
mmgA,1.01
ileS,1.08
dinG,0.9354
carB,0.9543
yycR,0.8376
yydA,0.7985
yydC,0.7483
fbp,0.6065
yydG,0.5858
yydI,0.6841
ytsD,1.11
yrvE,0.9309
yloP,0.8536
ykuA,0.9254
ydhL,0.9241
valS,0.9486
yyxA,1.07
rocD,0.8561
rocF,0.7809
rapG,0.8249
yycO,0.9851
yycQ,1.11
smc,1.09
murD,0.976
lonA,0.9801
hrcA,1.07
cheA,0.9923
alaS,0.9568
yycS,0.8431
yydB,0.7198
yydD,0.6386
yydF,0.4369
yydH,0.8498
yydJ,0.753
yveM,0.8105
yutK,0.8566
yueB,0.7695
yufK,1.08
ytpQ,0.9859
ytmO,0.8157
yndF,0.7558
pksL,0.7467
mcpC,0.9244
yisZ,0.9358
ydbH,1.14
ybxG,0.8632
ysdB,1.31
yrhE,1.42
yqcC,1.57
ponA,1.65
yomI,0.8951
cgeC,0.6833
wapA,0.7179
ppsA,0.9734
pksM,0.9643
yetO,0.9849
rpoC,0.9831
dra,1.02
yvfQ,0.8373
yukA,0.7648
yuxO,0.9701
glgC,1.02
yttP,0.9912
pykA,0.8243
pksP,0.6647
pksK,0.5418
oppD,0.6882
srfAA,0.6047
yccK,1.11
secE,1.12
rpmA,1.64
yrpC,1.52
yqgS,1.55
ypbR,0.8926
yorL,0.5537
odhA,0.4403
dhbF,0.9423
pksR,0.8115
yfkN,0.8571
gutR,1.05
yxeF,1.36
galK,1.23
rbcL,0.7498
aceF,1.08
kdtA,1.09
tufA_E,1.06
yazC,0.6943
yrhC,1.14
yerC,1.23
yshA,1.55
yoqX,0.9021
yacF,1.39
yhcD,1.03
yetG,0.6848
ywnG,1.12
ywqA,1.04
degU,0.8368
yvnB,1.1
cysS,0.5693
yqjU,0.9192
ylaI,0.7515
yuaE,0.7821
yqaD,1.05
yozD,1.01
yazB,1.81
yfnB,1.17
ywmD,1.17
glcR,1.15
ggaB,1.32
prfB,1.36
yvoD,0.7311
ybcD,0.871
ndhF,0.6461
adaA,0.9795
ybbU,0.6537
ybbT,0.5597
ybbP,1.67
folK,1.46
sul,1.38
pabA,1.35
cysK,0.9802
yacC,2.05
sigW,0.6731
ybbJ,0.9192
ybbH,0.8852
ybbE,0.9787
ybbC,1.2
feuA,0.7887
yabT,1.1
yabR,1.04
yabQ,1.29
yabO,1.61
spoVT,1.04
ybcC,0.9688
adaB,1.35
alkA,1.48
glmS,1.15
ybbR,1.18
ybbM,0.7594
folA,1.11
pabC,1.35
pabB,1.11
yacD,1.1
yacB,2.25
ybbK,1.27
ybbI,0.9025
ybbF,0.9364
ybbD,0.8926
ybbB,0.9418
feuB,1.12
yabS,1.14
divIC,1.13
yabP,1.56
yabM,1.14
spoVC,1.1
ydaB,1.19
ycsN,1.18
yczI,1.23
ycsO,0.4647
ycsI,0.6762
ycsE,0.9092
ycgF,1.75
mdr,2.05
lctE,2.82
ycgB,0.9689
opuAC,0.7814
yceK,1.02
yczH,0.8548
ycsA,0.6955
mtlA,0.9688
ycnK,0.9555
ycnI,1.09
ycxE,1.04
yceI,1.01
yceF,0.7765
yceD,0.6353
yceB,1.96
ycdI,1.85
ycdG,0.7158
ydaA,0.8404
yczJ,1.11
ycsK,0.7186
ycsJ,1.01
ycsF,0.5655
ycsD,1.03
ycgE,1.63
lctP,3.98
amyE,1.09
ycgA,0.8067
opuAB,0.7553
yceJ,1.36
sipU,1.15
mtlD,1.07
ycnL,1.02
ycnJ,1.06
gdh,0.8141
ycnH,1.05
yceG,0.8569
yceE,0.7016
yceC,0.7617
yceA,1.46
ycdH,1.17
ycdF,1.81
ydjJ,0.4905
ydjH,0.2624
ydjF,0.2489
gutB,0.9438
ydjB,1.24
ydiR,0.6837
ydeI,1.37
ydeG,1.48
ydeE,1.57
ydeC,1.58
ydeB,1.91
ydeA,1.21
ydiP,0.9571
ydiN,0.7412
groEL,0.5416
ydiL,1.03
ydiJ,1.02
ydiH,1.06
yddS,1.69
yddQ,1.39
lrpA,1.49
phrI,2.25
yddJ,5.42
yddH,1.07
ydjI,0.4643
ydjG,0.2683
ydjE,0.8234
ydjC,0.8956
ydiS,0.6718
ydiQ,1.18
ydeH,2.23
ydeF,1.72
ydeD,1.4
ydzE,1.22
cspC,1.1
yddT,2.64
ydiO,1.04
ydiM,0.5203
groES,0.2902
ydiK,1.1
ydiI,1.08
ydiG,1.19
yddR,1.99
lrpB,1.61
yddM,1.39
rapI,1.19
yddI,1.33
yddG,1.19
yfiR,0.909
lipB,0.8316
yfiN,1.06
yfiL,1.07
yfiJ,1.21
yfiH,1.03
yfnE,1.21
yfnG,1.35
yfnI,1.35
yetL,1.34
yetJ,0.9782
yezB,1.28
yfiF,0.9602
yfiD,0.9839
glvC,0.9314
glvA,0.761
yfjB,0.6271
yfjD,0.703
yetH,1.0
lplD,0.9561
lplB,0.9797
yetA,1.04
yesX,0.9479
yesV,0.9469
yfiQ,1.1
yfiO,1.26
yfiM,1.14
yfiK,1.33
yfiI,0.9722
yfiG,0.9586
yfnF,1.07
yfnH,1.31
yetN,1.82
yetK,0.8147
yezD,1.14
yetI,0.9662
yfiE,1.23
yfiC,0.8501
yfiA,1.11
yfjA,1.05
yfjC,0.451
yfjE,0.8085
yetF,1.11
lplC,0.7192
lplA,1.09
yesZ,1.07
yesW,0.9315
yesU,1.17
yhjC,1.01
yhxD,0.9724
yhzC,0.7724
yhfW,0.8663
yhfU,0.9698
yhfS,0.402
ygxB,1.25
yhdD,1.3
yhdB,0.9306
yhcZ,1.08
yhxB,0.7023
glpK,0.9146
yhfO,0.6859
yhfN,0.7801
yhfL,0.6209
yhfJ,0.5465
yhfH,1.03
yhfF,0.7505
glpP,0.9879
yhcX,0.9608
yhcV,1.01
yhcT,0.9771
yhcR,0.9223
yhcP,0.9897
yhjA,1.17
comK,0.8839
yhxC,0.7439
yhfV,0.7094
yhfT,0.5876
yhfP,0.8702
yhdE,1.24
yhdC,1.08
yhdA,1.09
yhcY,1.01
glpD,0.7003
glpF,0.9163
aprE,0.401
yhfM,0.8692
yhfK,0.6576
yhfI,0.577
gltT,1.04
yhfE,0.6431
yhxA,1.37
yhcW,0.8988
yhcU,1.16
yhcS,1.08
yhcQ,1.32
yhcO,1.19
yjqB,0.9937
xlyB,0.7938
phrA,0.7353
yjoB,0.4405
yjnA,0.8016
yjmI,0.817
yjbC,0.7813
oppF,0.8787
oppB,0.7236
trpS,0.5364
appC,0.3947
appA,0.4606
yjmG,1.01
yjmE,0.9358
yjmC,0.8985
yjmA,0.8843
yjlC,0.8821
yjlA,0.8824
appD,0.572
yjaY,0.9924
yjzA,1.54
yjaV,0.8471
yjzD,0.9551
argF,0.2496
yjqA,0.9292
yjpA,0.8371
rapA,0.9521
yjoA,0.5095
yjmJ,0.9377
yjmH,0.8572
yjbB,0.8272
oppC,0.7914
oppA,0.6878
yjbA,0.3977
appB,0.3849
appF,0.87
yjmF,0.0
yjmD,1.01
yjmB,0.8691
yjlD,0.8086
yjlB,1.09
yjkB,0.9833
yjaZ,0.7602
yjzB,1.22
med,1.38
yjaU,0.7537
yjzC,0.6904
pdhA,0.5296
ykrB,0.9526
ykzG,1.02
adeC,1.15
ykqA,0.6676
abh,0.7892
ykrL,1.15
sspD,1.66
ykoZ,2.15
ykoV,1.05
ykoT,1.07
ykoQ,1.25
ykpC,0.8155
ykpB,0.9036
ykoA,0.8606
fruA,1.05
yknZ,0.3156
yknX,0.2472
ykoN,1.06
ykoL,1.27
tnrA,1.4
ykzD,0.9149
ykoI,0.9376
ykoG,0.834
ykyA,1.28
ykrA,0.9938
ykqC,0.72
ykqB,0.9563
kinC,0.6145
mreBH,0.979
ykrK,1.12
ykrI,1.36
ykoX,1.13
ykoU,1.28
ykoS,1.05
ykoP,1.06
ampS,0.6851
ykpA,1.07
sipT,1.21
fruR,1.32
yknY,0.4599
yknW,0.5741
ykoM,0.7703
ykzB,2.42
ykoK,4.04
ykoJ,1.1
ykoH,1.32
ykoF,1.45
rbfA,1.37
infB,1.84
ylxR,1.76
ylxS,1.72
yluC,0.8626
cdsA,0.8452
ylnB,0.796
cysH,1.08
pyrF,5.85
pyrDII,5.59
pyrC,6.41
pyrP,4.76
frr,0.9362
tsf,0.9147
ylxL,1.45
cheD,1.33
cheW,1.14
cheB,1.0
ylyB,1.34
ylyA,1.08
divIVA,0.9351
ylmG,1.29
ylmE,1.21
ylmC,0.7708
ylxP,1.18
ylxQ,2.02
nusA,1.57
proS,0.8744
yluB,0.6051
yluA,1.33
ylnA,0.6352
pyrE,5.25
pyrD,5.94
pyrAA,6.65
pyrB,7.8
pyrR,4.5
smbA,1.1
rpsB,1.41
sigD,1.42
cheC,1.29
ylxH,1.32
lsp,1.81
ylmH,0.9954
ylmF,1.23
ylmD,1.1
ylmB,0.7499
yoaT,1.24
yoaS,1.41
yozF,1.01
yoaP,1.01
yoaN,0.9806
pelB,1.08
yncM,1.28
ynzH,0.8168
yncE,0.9293
yncC,1.21
xylB,1.46
xylR,1.73
yoaJ,1.02
yoaH,1.48
yoaF,0.3199
yoaD,0.0
yoaB,0.1571
yoxB,0.7183
ynaJ,0.9001
ynaG,0.9896
ynaE,1.21
ynaC,2.19
ynzG,1.31
ynxB,1.2
yozG,1.56
yoaR,0.0
yoaQ,1.09
yoaO,0.8191
yoaM,1.07
yoaK,0.9145
thyA,0.8026
yncF,0.548
yncD,0.9123
yncB,1.26
xylA,1.22
xynB,1.9
yoaI,1.01
yoaG,0.4146
yoaE,0.3272
yoaC,0.1149
yoaA,0.8573
yoxC,1.21
ynaI,1.21
ynaF,1.03
ynaD,1.41
ynaB,1.89
ynzF,1.48
glnA,1.07
yopS,0.819
yopU,0.8417
yopW,0.8947
yopY,0.9658
yoqA,0.8523
yoqC,1.12
cgeD,1.3
yodT,1.12
yodR,1.11
yodP,1.25
yozE,1.37
yodM,1.57
yoqE,0.945
yoqG,0.9399
yoqI,1.13
yoqK,0.9794
yoqM,1.03
yoqO,0.8209
deoD,0.8127
yodI,1.27
ctpA,1.54
yodE,0.9592
yodC,0.7856
yojA,0.7412
yopT,0.8945
yopV,0.874
yopX,0.9126
yopZ,1.03
yoqB,0.8368
yoqD,1.03
cgeE,1.5
yodS,0.8463
argE,1.32
yodO,1.44
yodN,1.95
yodL,1.97
yoqF,0.9801
yoqH,1.09
yoqJ,1.1
yoqL,1.13
yoqN,1.38
yoqP,1.84
yodJ,2.15
yodH,0.3773
yodF,0.25
yodD,1.05
yodA,1.13
yojB,1.17
hbs,0.8116
mtrB,0.9425
gerCB,0.4777
ndk,0.3698
aroF,0.3151
aroH,0.3607
ypmP,0.6231
ypmR,1.45
ypmT,1.13
ypoP,1.07
yppQ,0.9167
yokA,1.35
trpD,0.9362
trpF,0.6365
trpA,0.3654
tyrA,0.1762
ypiA,0.7673
ypiF,0.4568
yokC,0.7855
yokE,0.8134
yokG,1.08
yokI,0.8899
yokK,0.5511
yolA,0.6511
mtrA,0.7368
gerCA,0.485
gerCC,0.5084
cheR,0.5549
aroB,0.3683
trpE,0.0
ypmQ,0.5046
ypmS,1.29
ypnP,1.07
yppP,0.8641
ypqP,1.12
yokB,0.9542
trpC,0.7476
trpB,0.7524
hisC,0.3153
aroE,0.3432
ypiB,0.6253
qcrA,0.5858
yokD,0.8426
yokF,0.8772
yokH,1.33
yokJ,0.7253
yokL,0.7214
yolB,0.8008
yqgY,1.29
yqhA,1.05
yqxL,0.9527
comGB,0.8108
comGD,0.7272
comGF,0.6775
yqjQ,0.7203
yqjS,0.6564
yqjV,0.8924
yqjW,0.8185
yqjY,0.8198
yqkA,0.704
yqzE,1.44
yqxM,1.57
cotN,0.8786
sinI,0.8985
yqhH,0.9128
yqhJ,0.8345
yqkC,1.03
yqkE,1.51
yqkG,0.8683
ansA,0.9791
yqkI,1.02
yqkK,1.02
yqgZ,1.98
yqhB,1.07
comGA,0.8092
comGC,0.7349
comGE,0.646
comGG,0.4787
yqjR,0.7569
yqjT,0.8581
yqzH,0.9342
yqjX,0.8364
yqjZ,0.8878
yqkB,0.8159
yqzG,1.84
sipW,2.01
sinR,1.0
yqhG,0.8767
yqhI,0.8207
yqhK,0.8595
yqkD,0.9668
yqkF,0.6844
ansR,0.9887
ansB,1.05
yqkJ,1.12
spoIIM,1.12
yrpD,0.726
aadK,1.16
yrdB,1.13
yrdD,0.9626
yrdF,1.35
azlC,1.26
yqcJ,1.19
yqcL,1.29
spoIVCA,1.26
nucB,1.17
yqeC,1.13
yqeE,1.18
brnQ,1.29
gltR,1.42
czcD,1.31
yrdQ,1.36
yrkA,1.08
blt,1.74
yqeG,1.68
aroD,1.3
yqeJ,1.47
yqeL,1.54
comER,1.26
comEB,1.58
yrpB,0.984
yrdA,0.8729
yrdC,0.331
cypA,0.9897
azlB,1.23
azlD,1.27
yqcK,1.19
yqcM,1.43
spoIVCB,1.47
yqeB,1.73
yqeD,1.25
yqeF,1.62
yrdK,1.17
yrdN,1.22
trkA,1.09
yrdR,1.42
bltD,1.42
bltR,1.34
yqeH,1.48
yqeI,1.45
yqeK,1.49
yqeM,1.27
comEA,1.31
comEC,1.65
ysdC,0.5731
araA,1.1
araD,1.13
araM,0.969
araP,0.8042
abfA,0.8727
yrbB,0.7341
yrbD,1.03
yrzG,1.01
yrbE,0.9385
bofC,0.9464
ruvB,0.8638
ysfE,0.0
ysfC,0.6554
ysfA,0.7173
pheS,0.3819
ysgB,1.1
yshC,1.19
tgt,1.03
yrzE,0.7988
spoVB,0.658
yrvB,0.5473
yrvC,0.8077
abnA,1.04
araB,0.9523
araL,0.9784
araN,0.999
araQ,0.9446
cstA,1.02
yrbC,1.02
yrzH,1.11
yrzF,1.04
csbX,1.14
ruvA,1.11
queA,1.04
ysfD,0.8866
ysfB,0.8594
ysgA,0.9251
pheT,0.8266
yshB,1.23
yshD,1.3
yrbF,0.6928
yrbG,0.6266
yrzD,0.4754
secF,0.6492
yrvD,0.9431
apt,1.6
ytxO,1.12
ytcB,0.9837
ytdA,1.21
menF,1.21
ytxM,0.974
menE,0.9065
ytmQ,0.9594
malS,0.7371
ytoP,0.9293
ytpP,1.04
ytpS,0.9589
murC,0.9151
ytgA,1.51
ytgC,1.07
ythB,1.26
ytiA,1.19
ytjA,0.9442
ytkA,0.6905
ytxH,0.0
aroA,0.0
ytxD,0.0
acuC,0.0
acsA,0.0
rpsD,0.0
ytcC,0.9804
ytcA,0.9475
yteA,0.9813
menD,1.04
menB,0.8624
ytfD,0.7823
ytnP,0.6786
ytzB,0.9582
ytoQ,0.9998
ytpR,1.11
ytpT,0.8676
ytxG,0.7654
ytgB,1.4
ytgD,1.02
ythA,1.09
ytiB,1.05
ytjB,0.9045
dps,0.8147
ytxJ,1.19
ccpA,1.14
ytxE,1.03
acuA,1.02
tyrS,0.9072
yusU,0.7251
yusS,1.1
yusQ,1.2
yusO,1.42
yusM,0.9449
yusK,0.942
yuxI,0.8943
yukE,0.8741
yukC,0.8439
yueC,0.812
yueE,1.32
yuzE,0.905
yusI,0.2988
yusG,0.7063
yusE,0.7195
yusC,0.6435
yusA,0.6159
yurY,0.8344
yueG,0.8484
yueI,0.787
yueK,0.7389
yuzC,1.33
comQ,1.39
comP,1.19
yusT,0.9136
yusR,1.0
yusP,1.09
yusN,0.9449
yusL,0.8923
yusJ,0.6138
ald,0.9572
yukD,0.8619
yukB,0.6649
yueD,0.7173
yuzF,1.26
yueF,0.8332
yusH,0.6372
yusF,0.9688
yusD,0.8636
yusB,0.7674
yurZ,0.9839
yurX,0.944
yueH,0.8321
yueJ,0.6624
yuxH,0.7466
degQ,1.18
comX,0.9425
comA,0.584
yvoA,0.8279
nagA,0.8626
lgt,0.7846
yvpA,0.5529
hisZ,0.3911
hisD,0.3462
tpi,0.4569
eno,0.6405
yvbJ,0.8923
yvbH,1.34
yvbF,0.9209
opuCB,0.8465
hisH,0.5637
hisF,1.1
yvcA,2.61
yvzA,2.12
yvcD,1.35
trxB,0.8276
opuCD,0.7188
yvaZ,0.6917
yvaX,0.4191
yvaV,0.764
opuBC,0.3837
yvaQ,0.3118
nagB,0.7696
yvoB,0.7657
yvpB,0.4707
hisG,0.3078
hisB,0.3372
pgm,0.4453
yvbK,0.737
yvbI,0.9687
yvbG,1.16
opuCA,0.9726
opuCC,0.9104
hisA,0.3957
hisI,0.608
yvcB,2.2
yvcC,1.69
yvcE,2.71
yvcI,1.07
yvbA,0.5574
yvaY,0.4681
yvaW,0.7763
opuBB,0.7655
opuBD,0.7866
yvaP,0.7778
fbaA,0.6055
murZ,1.13
rpmE,2.2
ywkB,1.06
ywkD,0.957
ywkE,1.1
ywrE,0.8306
cotG,1.15
cotB,1.19
ywrK,1.1
alsS,1.22
ywrO,0.7427
ywlA,1.25
ywlB,1.25
ywlE,1.23
ywlG,1.32
upp,1.04
atpB,0.94
ywsB,1.87
rbsC,1.11
rbsD,0.9142
rbsR,0.9886
ywtA,0.9483
ywtC,0.7369
ywjH,0.4926
ywjI,0.4885
ywkA,1.18
ywkC,1.15
prfA,1.36
ywkF,1.19
ywrF,0.9763
cotH,1.14
ywrJ,1.14
alsR,1.04
alsD,1.12
ywsA,0.9608
spoIIR,1.17
ywlD,1.18
ywlF,1.17
glyA,0.7627
atpI,1.44
atpE,0.7423
rbsB,1.14
rbsA,1.08
rbsK,1.19
ywsC,1.41
ywtB,1.56
ywtD,1.23
deaD,0.89
yxiP,1.59
bglS,0.9821
katB,1.53
yxiT,1.59
yxjB,1.66
ywcF,1.61
ywcH,0.8576
ywcI,0.7564
ywcJ,0.9476
sacA,0.8555
thiD,0.7584
yxjD,0.5817
yxjF,0.3905
yxjH,0.3183
yxjJ,0.7631
yxjL,1.01
yxjN,1.15
ywdD,0.9603
ywdF,0.9344
ywdH,0.9889
ywdJ,0.9646
ywdL,0.9799
spsB,1.09
yxiO,1.54
licT,1.64
yxiQ,1.06
yxiS,1.16
yxjA,1.44
yxjC,0.8529
ywcG,0.7871
vpr,0.6454
sacT,0.7668
sacP,0.9635
ywdA,1.19
ywdC,0.8942
yxjE,0.3226
yxjG,0.2723
yxjI,0.4648
pepT,0.5902
yxjM,0.9301
yxjO,0.9908
ywdE,1.06
ung,1.12
ywdI,1.38
ywdK,1.21
spsA,1.15
spsC,1.54
rnpA,1.07
jag,1.09
gidB,1.55
yydK,0.6541
bglA,0.5766
ahpC,0.4573
gntP,0.8868
gntR,0.997
yxaB,1.05
yyaB,1.13
spo0J,1.1
yyaD,1.41
yyaF,1.22
ssb,1.34
exoA,1.47
yxaD,0.9546
yxaF,1.04
yxaH,0.8622
yxaJ,0.6424
yxaM,0.5834
yxbB,0.5433
rpmH,1.29
spoIIIJ,1.0
thdF,1.81
yyaA,1.36
yyzE,0.7003
ahpF,0.6611
gntZ,0.8491
gntK,0.8662
yxaA,1.13
yxaC,1.39
soj,0.8654
yyaC,1.47
yyaE,1.55
rpsF,1.56
rpsR,1.7
yyaG,1.29
yxnA,1.24
yxaG,1.36
yxaI,1.37
yxaL,0.5582
yxbA,0.5428
yxbC,0.4895
gltA,0.3551
ppsE,0.8055
ebrA,0.8433
ymfG,0.7642
bpr,1.26
cheV,1.31
rho,1.32
tagD,1.42
yvfE,0.6492
yvgP,0.6735
yurC,1.5
aapA,1.56
spoIIS,1.46
xtmB,1.03
yhjN,1.0
yhaA,0.9083
yheJ,0.8419
yfmB,0.7844
yqhQ,1.0
yosN,0.5996
pnpA,0.4915
flhA,1.06
fliP,1.03
fruB,1.27
ppsC,1.52
yngB,1.85
pyrAB,1.97
polC,1.05
pycA,0.7304
ptsH,0.8036
tdk,0.859
yvfC,0.6676
yvfK,0.8216
yusY,0.6715
ysnF,1.04
lepA,1.34
xkdO,0.7467
yirY,0.6637
yhfQ,0.63
yhaQ,0.7381
yfkL,1.09
yfnC,1.07
spoIIIAG,1.02
yojG,1.03
flhF,0.97
flhB,0.9795
cheY,0.905
moaD,0.9488
hprT,1.23
yvoF,1.2
yvdS,1.79
sacB,2.09
ffh,2.36
ssuC,0.6464
yvfP,0.42
ctc,1.23
ppsB,0.5061
yvgR,0.45
ydjK,0.677
spoIIE,0.5528
ywbL,0.5747
sigL,1.02
yacA,1.08
yvdR,0.8147
yveB,0.9355
yqxK,0.9383
yhaR,0.999
pnbA,0.919
ytnM,1.16
prs,1.08
ykoW,0.8757
cotA,0.7784
ydjA,0.7851
hutH,0.8896
secA,0.8639
ybaS,1.29
ybaN,0.8742
gerD,0.9042
cwlD,1.08
ybaJ,1.22
rplM,1.25
gcaD,1.32
yabJ,1.13
yabH,1.2
veg,0.7649
ksgA,1.44
ybaF,2.47
ybxA,2.07
rpoA,0.0
rpsM,0.8558
infA,1.37
adk,1.06
abrB,0.9688
yazA,1.61
yabA,1.44
holB,1.41
yaaQ,1.07
ybaR,1.59
kbaA,0.7764
ybaL,0.5542
ybaK,1.63
rpsI,1.88
truA,2.31
spoVG,0.5015
purR,0.9895
sspF,1.62
yabG,1.54
yabF,2.07
ybaE,1.75
rplQ,1.05
rpsK,1.0
rpmJ,1.58
map,1.56
secY,1.54
yabC,1.38
yabB,1.6
yaaT,1.55
yaaR,1.48
tmk,1.43
ycnG,0.9246
yczG,1.03
ycnD,0.6917
yclQ,0.3199
yclO,0.5206
yclM,0.596
rapJ,1.4
ycdC,1.44
natB,1.18
yccH,0.9572
yccF,0.9403
yczB,1.28
yclK,1.17
yclI,0.9493
gerKB,0.9504
gerKA,1.01
yclE,1.2
yclC,1.07
cwlJ,1.07
ycbO,1.13
ycbL,0.9667
yczA,1.19
ycbH,1.68
ycbF,2.29
ycnF,0.9704
ycnE,0.9823
ycnC,1.71
yclP,0.3931
yclN,0.6775
rapC,1.28
ycdD,1.41
ycdA,1.34
natA,0.6734
yccG,0.4189
lipA,0.157
phoD,1.33
yclJ,1.17
yclH,0.9911
gerKC,0.969
yczF,1.06
yclD,1.06
yclB,1.34
ycbP,1.64
ycbN,1.02
ycbK,1.11
ycbJ,1.35
ycbG,1.62
ycbE,2.61
ydiF,1.18
ydiD,0.8651
ydiB,0.8577
ydhU,0.9009
ydhS,0.8843
ydhQ,1.03
yddF,1.2
yddC,1.14
yddA,1.16
ydcS,1.19
ydcQ,0.849
ydcO,1.06
ydhO,1.68
ydhM,1.38
ydhK,1.88
ydhI,1.33
ydhG,1.12
ydhF,1.18
ydcN,1.54
ydcL,0.6733
ydcH,1.34
ydcF,1.14
sigB,1.27
rsbU,0.9017
ydiE,0.8478
ydiC,0.7423
ydiA,1.05
ydhT,0.9281
ydhR,1.17
ydhP,1.07
yddD,1.02
yddB,0.9773
ydcT,1.11
ydcR,0.9548
ydcP,1.16
sacV,1.12
ydhN,1.23
ydhJ,1.33
ydhH,1.27
phoB,1.03
ydhE,1.0
ydcM,0.956
ydcK,1.21
ydcG,1.7
rsbX,1.58
rsbW,1.33
rsbT,1.13
yfjF,1.02
acoR,0.999
acoC,1.08
acoA,1.15
yfjM,1.33
yfjO,1.14
yesT,1.03
yesR,1.33
yesP,0.8945
yesM,0.9464
yesK,0.9768
cotJB,0.9559
yfjQ,0.993
yfjS,1.34
yfkA,1.74
yfkC,1.55
yfkE,1.32
yfkJ,1.29
yesF,1.11
yeeK,1.27
rapH,0.9394
yezA,1.39
yeeC,1.86
yeeA,0.9711
yfjU,0.9201
acoL,0.8952
acoB,0.9241
yfjL,0.8204
yfjN,2.41
yfjP,1.1
yesS,0.3754
yesQ,0.8131
yesO,0.9157
yesL,0.9331
yesJ,0.9145
cotJA,0.8707
yfjR,1.03
yfjT,1.36
yfkB,2.07
yfkD,1.51
yfkH,1.21
yfkK,1.07
yesE,0.9934
yeeI,0.9979
yeeG,1.15
yeeD,1.62
yeeB,1.76
yefC,2.59
yhfD,0.0
yhfB,0.0
yhgD,0.0
hemH,0.0
pbpF,0.0
yhgB,0.0
yhcN,1.18
yhcL,1.21
yhcJ,0.8741
yhcI,0.946
yhcG,1.54
yhcE,1.65
ecsC,0.8248
ecsA,0.7254
serC,0.8417
yhaH,1.3
yhaI,1.19
yhaK,1.9
yhcB,1.78
yhbJ,2.03
yhbH,1.4
yhbF,1.23
yhbD,1.01
yhbA,1.25
yhfC,0.893
yhgE,2.06
hemY,1.18
hemE,1.67
yhgC,0.6772
yhfA,0.8912
yhcM,0.5507
yhcK,1.98
cspB,1.17
yhcH,1.03
yhcF,1.81
yhcC,1.83
ecsB,0.6618
hit,0.5669
yhaG,0.7552
hpr,0.5005
yhaJ,1.28
prsA,1.05
yhcA,1.47
yhbI,2.0
prkA,1.25
yhbE,1.34
cspR,1.48
yhzB,2.35
yjkA,0.7325
yjiC,0.0
yjiA,0.0
yjhA,0.0
yjgB,0.6196
yjfC,0.0
carA,0.0
argB,0.0
argC,0.0
yitY,0.0
yitW,0.0
yitU,0.7212
yjfA,1.08
cotT,1.06
yjdJ,1.39
yjdG,1.49
yjdE,0.8868
yjdC,1.49
yitT,2.01
nprB,0.8668
yitQ,0.9284
yitO,0.7408
yitM,0.6659
yitK,1.05
yjjA,0.6999
yjiB,0.9593
yjhB,0.738
yjgD,1.44
yjgA,0.9111
yjfB,0.6244
argD,0.1527
argJ,0.09943
yitZ,0.4779
yitX,0.7727
yitV,0.8441
ipi,1.31
yjeA,0.6137
yjdK,1.13
yjdI,1.39
yjdF,1.53
yjdD,0.79
yjdB,0.9332
yitS,1.05
yitR,1.0
yitP,0.9973
yitN,0.8445
yitL,0.8264
yitJ,0.3383
yknV,1.01
moaE,0.9993
moeA,1.07
mobA,1.35
ykuV,1.29
ykuT,1.45
ykoE,1.21
ykoC,1.17
ispA,0.6553
yknA,0.5897
ykmA,1.0
proA,0.8007
ykuR,0.7074
ykuP,0.4959
ykuN,0.8557
ykuL,1.14
ykuK,0.8926
ykuI,1.35
ykkE,2.21
ykkC,1.15
ykkA,0.7931
ykzH,0.838
ykhA,0.7954
ykgB,0.4488
yknU,1.07
mobB,1.13
moeB,1.07
ykuW,1.05
ykuU,1.29
ykuS,0.797
ykoD,0.916
ispU,0.224
metC,0.0811
ykzA,2.6
yklA,0.516
proB,0.8529
ykuQ,0.6115
ykuO,0.7222
ykuM,1.13
ykzF,1.16
ykuJ,1.11
ykuH,1.36
ykkD,0.9954
ykkB,0.7502
ykjA,0.9156
hmp,0.8752
ykgA,1.17
ykfD,0.8394
fliR,1.05
fliZ,0.9913
fliM,1.09
flgE,1.42
fliK,1.67
fliJ,1.22
ylmA,0.4482
sigE,1.05
ftsZ,0.7254
sbp,0.7801
ylxW,1.54
murB,1.56
fliH,1.12
fliF,1.2
flgC,1.68
codY,1.45
clpQ,1.95
gid,2.44
spoVE,1.37
mraY,1.48
pbpB,1.19
ylxA,0.7816
yllA,0.6589
ylbP,0.8452
fliQ,0.8731
fliY,0.8755
fliL,1.32
ylxG,1.47
ylxF,1.3
fliI,0.8529
sigG,1.21
spoIIGA,0.9636
ftsA,0.4938
ylxX,1.09
divIB,1.73
murG,2.01
fliG,1.13
fliE,1.45
flgB,1.7
clpY,2.01
codV,1.81
topA,1.48
murE,0.9693
ftsL,0.7169
yllB,0.8592
ylbQ,0.9805
ylbO,0.8733
yoxD,0.7176
proH,1.14
gltC,0.0
yogA,0.6593
ggt,0.8112
yoeC,1.0
glnR,1.3
ynbA,0.8963
cwlC,1.08
nrdF,0.9852
ymaA,1.43
ymzC,0.945
yoeA,1.12
pbp,0.8186
yngK,0.9958
yngJ,1.05
yngH,1.14
yngF,1.14
miaA,0.871
ymaG,0.8662
ymaD,0.7042
aprX,0.7469
ymzB,0.6449
pksN,0.5116
rtp,0.6778
proJ,0.6669
gltB,0.4497
yofA,1.11
yoeD,1.48
yoeB,0.3447
ynbB,1.08
spoVK,1.41
ymaB,0.8553
nrdE,1.01
ymzA,1.12
ymaH,0.6228
yoxA,0.6138
yngL,0.8588
ynzE,0.8736
yngI,0.5674
yngG,1.18
yngE,1.36
ymaF,0.8854
ebrB,0.9653
ymaC,0.812
ymaE,0.8146
pksS,1.06
pksJ,0.0
yoqR,1.05
yoqT,1.1
yoqV,1.48
yoqY,1.29
yorA,0.9929
yorC,0.798
yojC,1.04
yojF,0.9902
yojI,1.2
yojK,0.7807
yojM,0.9408
yojO,1.2
yorE,1.1
yorG,0.8828
yorI,1.02
yorK,0.9177
yorN,1.03
yorP,0.7977
yocS,0.6632
sodF,0.9971
dhaS,1.03
yozO,0.4898
yozN,0.7019
yocL,0.8455
yoqS,0.9471
yoqU,0.9833
yoqW,0.9293
yoqZ,0.8504
yorB,0.6784
yorD,0.5671
yojE,1.7
yojH,1.43
yojJ,0.8671
yojL,0.686
yojN,0.9543
odhB,0.551
yorF,0.9694
yorH,0.9292
yorJ,1.0
yorM,0.8568
yorO,1.05
yorQ,1.15
yocR,1.38
sqhC,0.9967
yozC,0.9661
yocN,0.8197
yocM,0.9122
yocK,1.18
qcrC,0.5786
ypjB,1.73
ypjD,1.04
ypjF,0.5336
ypjH,0.4753
birA,0.501
yolC,0.8304
uvrX,0.9824
sunA,0.883
yolI,0.6162
yolK,0.463
yomB,1.05
panC,0.9212
ypmB,0.7101
asnS,0.9919
nth,1.16
yppB,1.82
yomD,0.9348
yomF,1.06
yomH,1.11
yomK,2.9
yozP,1.19
yomN,1.22
ypjA,1.26
ypjC,1.56
dapB,0.3927
ypjG,0.4905
papS,0.4685
panB,0.8957
yolD,0.9889
yolF,0.767
sunT,0.7225
yolJ,0.4458
yomA,0.7404
yomC,0.8771
panD,0.8358
ypmA,0.5498
aspB,0.4794
dnaD,1.12
ypoC,1.25
yppC,1.19
yomE,0.8993
yomG,1.38
yomJ,1.96
yomL,2.92
yomM,1.43
yomO,1.58
yqhL,1.52
yqhN,2.5
yqhP,1.44
yqhS,0.7144
efp,0.8677
spoIIIAA,1.13
yqkL,3.2
drm,0.7373
dacF,0.9461
spoIIAB,0.8295
spoVAA,0.9604
spoVAC,0.791
spoIIIAC,0.9834
spoIIIAE,0.743
spoIIIAH,0.6973
accC,0.5792
yqhZ,0.7379
yqiB,1.13
spoVAE,0.8017
lysA,0.7321
ppiB,0.5843
ypuB,0.9908
ypzC,1.12
ypuD,0.768
yqhM,0.5262
yqhO,0.966
yqhR,0.8255
yqhT,0.688
yqhV,0.7768
spoIIIAB,0.897
ripX,0.6756
pnp,0.7526
spoIIAA,0.6561
sigF,0.7674
spoVAB,0.9257
spoVAD,1.18
spoIIIAD,0.7452
spoIIIAF,0.6525
accB,0.5955
yqhY,0.6777
folD,0.6951
yqiC,1.1
spoVAF,0.8834
ypuA,0.9073
ypzD,1.18
ypuC,1.13
sipS,1.36
ypuE,1.08
yrkB,1.11
yrkD,2.04
yrkF,1.48
yrkH,1.34
yrkJ,1.55
yrkL,1.87
yqeN,1.23
gpr,1.05
yqxA,1.11
dnaK,0.517
yqeT,1.58
yrkN,1.44
yrkP,1.67
yrkR,1.38
spoIIIC,1.1
yqaC,1.12
yqaF,1.15
yqeV,1.25
rpsU,0.9921
yqeZ,0.3243
yqfB,0.5713
yqfD,1.09
yqfF,1.68
yrkC,1.37
yrkE,1.21
yrkG,0.0
yrkI,1.5
yrkK,1.51
yrkM,1.21
rpsT,1.06
spoIIP,1.18
hemN,1.23
grpE,1.05
dnaJ,1.32
yqeU,1.35
yrkO,1.29
yrkQ,1.23
yrkS,1.18
yqaB,1.17
yqaE,1.08
yqdA,0.9909
yqeW,1.06
yqeY,0.8132
yqfA,0.5178
yqfC,1.15
phoH,1.19
yqfG,1.4
yshE,1.46
ysiA,0.8306
etfB,1.13
xsa,0.951
uvrC,0.9897
lysC,0.5185
relA,1.01
yrvJ,0.6543
hisS,0.3512
yrvM,1.44
yrzC,1.65
yrvP,1.36
sdhC,0.463
sdhB,0.5185
gerE,1.01
racE,1.34
rph,0.4977
ysnB,1.06
yrrB,1.73
yrrD,1.0
glnM,1.13
glnQ,0.891
yrzB,0.0
lcfA,0.8928
ysiB,0.9411
etfA,0.8021
trxA,0.6039
ask,1.02
yslB,0.9755
yrvI,0.7386
yrzK,0.6553
aspS,0.4543
yrvN,1.3
yrvO,1.24
yrrA,1.33
sdhA,0.5129
ysmA,0.4809
ysmB,0.8195
gerM,0.8531
ysnA,0.903
ysnE,0.7071
yrrC,1.04
glnP,1.22
glnH,1.31
yrrI,1.69
yrrK,1.73
yrrL,0.0
ytkC,0.9904
ytlC,1.1
ytlA,1.11
ytmB,0.9489
metK,1.48
ytnA,0.5338
ytsP,0.9403
ytwP,0.0
nifZ,2.04
sspA,1.73
ytcJ,0.8228
yteI,0.3829
ytpA,0.9608
ytqA,1.2
ytrA,1.53
ytrC,1.13
ytrE,1.03
ytsA,1.03
ytfI,0.8812
ytxK,1.02
moaB,1.18
argH,0.3691
ytkK,0.5186
ytlI,0.6335
ytlD,1.01
ytlB,0.8963
ytmA,0.9228
pckA,1.05
asnB,1.01
ytoA,1.11
ytvP,1.23
braB,1.38
ytbJ,1.42
ytcI,0.7512
ytdI,0.456
yteJ,0.3661
ytqB,0.982
ytzC,0.9729
ytrB,1.08
ytrD,1.09
ytrF,0.9672
ytsB,0.603
ytgI,0.4186
ackA,0.8758
argG,0.1965
ytzD,0.3001
ytkL,0.6765
ytmI,0.0
yurW,0.714
yurU,0.9027
yurS,1.12
yurQ,1.29
yurO,0.4129
yurM,0.5461
yufB,1.11
yufD,0.8829
yufU,0.8993
yufS,0.8975
yufQ,0.627
yufO,0.9577
yurK,0.6517
yurI,1.06
yurF,0.9627
yurD,0.9933
yunM,0.9751
yunK,0.9971
yufM,1.49
yuxK,1.46
yuxJ,0.641
kapB,0.4864
patB,0.7078
yugF,0.8683
yurV,1.15
yurT,1.25
yurR,0.6952
yurP,0.4223
yurN,0.5395
yurL,0.4296
yufC,0.8987
yufV,0.807
yufT,0.8997
yufR,0.7442
yufP,0.5293
yufN,0.6215
yurJ,0.5818
yurH,0.4806
yurE,0.889
yurB,0.8804
yunL,1.09
yunJ,1.25
yufL,1.41
pbpD,1.29
kapD,0.9468
kinB,0.89
yugE,1.58
yugG,1.69
yvcJ,1.39
yvcL,1.3
yvcN,1.18
yvcQ,1.01
yvcS,0.8075
yvdA,1.06
yvaO,0.9569
yvzC,0.9912
yvaL,1.05
yvaJ,1.07
yvaG,1.22
yvaE,1.0
yvdC,0.5657
yvdE,0.9356
yvdG,0.8919
yvdI,0.9724
yvdK,0.9088
yvdM,0.854
yvaC,0.9305
yvaA,0.9062
yvgY,0.0
yvgW,0.9586
yvgU,1.01
yvgS,0.8846
yvcK,1.19
crh,1.27
yvcP,1.07
yvcR,0.8855
yvcT,0.8507
yvdB,0.9939
yvaN,1.02
yvaM,0.8584
yvaK,0.9561
yvaI,1.04
yvaF,1.01
yvaD,1.05
yvdD,0.6263
yvdF,0.797
yvdH,0.7939
yvdJ,0.7735
yvdL,0.6553
clpP,0.5013
yvaB,1.04
yvgZ,1.11
yvgX,1.16
yvgV,1.02
yvgT,0.7023
yvgQ,0.1554
atpF,0.7334
atpA,0.8225
atpD,1.14
ywmA,1.58
ywmB,2.12
spoIID,1.36
ywtE,1.2
ywtG,1.21
gerBB,1.05
pmi,1.25
tagC,2.14
tagA,1.86
ywmE,1.28
narA,1.46
ywmF,1.06
ureA,0.7826
ureC,0.9393
ywnB,1.16
tagF,1.15
ggaA,1.56
lytR,1.39
lytC,1.08
tuaB,0.9495
tuaD,0.8989
atpH,0.6271
atpG,0.7848
atpC,0.9422
ywzB,1.52
murA,1.69
ywmC,1.39
ywtF,1.34
gerBC,1.46
gerBA,1.78
lytD,1.91
tagB,1.57
tagE,1.62
narQ,1.38
rapB,1.36
ywmG,2.04
ureB,0.9284
ywnA,1.39
ywnC,1.9
tagG,1.77
yvyH,1.26
lytB,1.06
tuaA,1.47
tuaC,1.43
tuaE,1.24
yxkA,1.04
yxkC,0.9845
aldY,0.8971
msmX,0.737
yxzE,0.8575
yxkJ,0.8602
spsD,1.05
spsG,0.9732
spsJ,1.06
yweA,0.952
rocA,0.8683
rocC,0.8751
cydB,2.52
cydD,1.14
yxlA,1.02
yxlC,0.9254
yxlE,0.8324
yxlG,0.7325
ywfB,0.5289
ywfD,0.3878
ywfF,0.5016
ywfH,0.5979
pta,0.5161
ywfL,1.02
galE,0.9804
yxkD,1.51
yxkF,1.27
yxkH,1.97
yxkI,1.03
cydA,1.13
spsE,0.9324
spsI,0.9025
spsK,0.7465
yweB,0.7048
rocB,0.6884
ywfA,0.7157
cydC,0.9473
yxkO,0.9166
sigY,0.9888
yxlD,0.9176
yxlF,0.8424
yxlH,0.688
ywfC,0.4936
ywfE,0.6175
ywfG,0.8605
ywfI,0.8848
ywfK,1.21
ywfM,1.27
yyaH,1.28
yyaJ,1.23
yyaL,0.9787
yyaN,1.03
tetL,1.25
yyaP,1.35
yxbD,0.8527
yxbF,1.1
yxcA,1.29
yxcC,1.84
yxcE,1.84
iolR,1.04
yyaR,1.22
yyaT,1.27
yybB,1.21
yybD,0.9892
yybF,0.9409
yybI,0.8972
iolB,0.9468
iolD,0.8595
iolF,0.8621
iolH,1.04
iolJ,1.2
yxdK,1.59
yyaI,1.13
yyaK,1.11
yyaM,1.02
yyaO,1.09
tetB,1.13
yyaQ,1.03
aldX,0.8096
yxbG,0.8032
htpG,0.7956
yxcD,1.73
iolS,1.03
iolA,0.9817
yyaS,1.07
yybA,1.27
yybC,1.14
yybE,1.22
yybG,0.3337
yybJ,0.2259
iolC,0.9039
iolE,0.9128
iolG,1.02
iolI,1.2
yxdJ,1.37
yxdL,1.35
yeeF,0.5557
purQ,0.5703
ydgJ,1.14
pbpC,1.09
srfAC,0.6137
ycgI,1.08
yknT,1.11
ptsI,1.24
ykvU,1.62
ykzE,0.9834
yjdH,1.16
yhdN,1.96
yczC,1.0
lmrA,2.42
ybgB,1.26
ybdD,1.14
fus,1.48
yfiX,1.11
yfkF,1.11
treA,0.8731
yflP,0.8708
yesY,1.11
yddN,1.3
yerP,0.9587
ydjD,0.9149
yddE,1.01
yclG,0.9858
nasB,0.9655
ycdB,0.931
patA,0.9218
ykvW,0.692
ykrP,0.9482
ykoY,0.7685
yhaP,0.6166
yhbB,1.45
yccC,1.27
ybgE,1.29
ybgA,1.65
rpmD,1.31
rpoB,0.841
clpC,0.9896
yfiB,1.23
yfkI,1.47
yflH,1.13
yetM,1.35
cotJC,0.0
yddK,1.55
yabD,0.9114
yurG,1.0
ytqD,1.03
acuB,0.9019
dnaE,0.9337
levR,1.36
yqzC,1.06
yaaO,1.23
ypbG,1.14
ypvA,1.26
cgeB,1.15
yloB,1.07
glcT,1.27
yjcD,0.9417
metS,0.8511
ythC,0.8939
ytpB,0.9018
ytoI,0.8902
yrhJ,0.9884
yqxH,0.9003
bmrU,0.8653
yaaN,0.7534
qcrB,0.7002
yosO,0.9838
ylqF,1.02
spoVD,1.16
yjgC,1.15
yjaX,1.0
rplO,1.03
rplR,1.59
rpsH,1.05
rplE,1.13
rplN,1.28
rpmC,1.62
xpaC,0.9704
bofA,1.06
recR,1.2
dnaX,2.43
yaaI,1.22
rpsC,1.06
rpsS,1.07
rplW,1.03
rplC,1.29
ybaC,1.98
rpsG,1.38
serS,0.7781
yaaD,1.05
guaB,1.47
gyrB,1.17
recF,0.9805
rpsE,1.48
rplF,0.9668
rpsN,1.66
rplX,1.03
rpsQ,1.48
rplP,1.43
csfB,1.2
yaaL,1.35
yaaK,1.23
yaaJ,1.36
yaaH,1.14
rplV,1.02
rplB,1.38
rplD,1.14
rpsJ,1.32
tufA,1.03
rpsL,1.59
yaaE,0.8781
dacA,1.34
yaaC,1.32
yaaB,1.33
yaaA,2.02
yclA,1.07
yckJ,1.21
yczE,1.12
ycxD,0.9317
ycxB,0.8141
srfAD,0.5321
ycbD,1.08
ycbA,1.07
ybgH,0.9476
ybgF,0.8717
ybfP,1.31
ybfN,1.91
yckH,0.953
yckF,1.05
nucA,0.781
yckE,1.03
yckC,1.91
yckA,1.35
ybfM,1.57
ybfK,0.6202
purT,0.4852
ybfH,0.9624
ybfF,1.47
ybfB,1.92
yckK,1.22
yckI,0.9427
sfp,1.35
ycxC,0.968
ycxA,0.7547
comS,0.8621
ycbB,1.06
ybgJ,0.9769
ybgG,1.01
ybfT,1.5
ybfO,1.43
psd,1.56
yckG,0.9863
tlpC,0.909
nin,0.8284
yckD,1.26
yckB,1.17
yciC,0.8172
pssA,1.22
ybfJ,1.04
ybfI,1.31
ybfG,1.45
ybfE,2.29
ybfA,1.92
ydhD,1.25
ydgK,1.61
ydgH,1.15
dinB,1.36
expZ,4.27
ydgD,1.14
rsbS,1.1
ydcE,0.8999
dal,1.17
ydcB,0.9798
ydbS,0.6487
murF,0.9791
ydgB,1.1
ydfT,1.16
ydfR,1.15
ydfQ,1.14
ydfO,1.43
ydfM,1.47
ydbP,1.36
ydbM,0.9704
ydbK,1.16
ydbI,1.3
ydbF,1.04
ydbD,1.06
ydhC,1.73
ydgI,1.35
ydgG,1.17
ydgF,1.02
ydgE,1.13
ydgC,1.09
rsbR,1.07
ydcD,1.11
ydcC,1.28
ydbT,0.7807
ydbR,0.8939
ddlA,1.25
ydgA,1.09
ydfS,1.24
ydzH,1.13
ydfP,1.24
ydfN,1.3
ydfL,1.48
ydbN,0.6042
ydbL,0.9789
ydbJ,0.9938
ydbG,1.1
ydbE,1.15
ydbC,0.8876
yfkM,2.65
treR,1.84
yfkQ,1.06
yfkS,1.11
yflA,1.65
yflC,1.22
yefB,1.48
yerQ,1.79
yerN,0.5697
yerL,0.3537
sapB,1.18
yerH,1.26
yflE,1.84
yflG,0.8585
yflJ,1.13
yflL,1.17
yflN,0.9258
citT,0.7858
yerF,1.22
yerD,1.01
yerA,0.6069
yezC,0.4857
purH,0.3311
purM,0.3983
yfkO,1.51
treP,1.06
yfkR,1.11
yfkT,1.25
yflB,1.08
yflD,1.45
yefA,1.89
yerO,0.8025
yerM,0.4086
opuE,0.9708
yerI,0.8563
yflF,0.858
yflI,1.17
yflK,0.9225
yflM,0.8518
citM,0.9953
citSc,0.9703
yerE,0.9154
yerB,0.5217
yecA,0.6209
purD,0.3914
purN,0.3898
purF,0.3674
yhaL,1.01
yhaN,0.6897
yhaS,1.11
yhaU,2.22
yhaW,1.7
yhaY,1.06
ygaO,1.07
ygaN,1.27
ygbA,0.8557
katA,0.7252
ygaK,0.7539
ygaJ,1.05
yheA,1.07
yheD,1.24
sspB,1.74
yheG,1.08
yheK,1.91
yheN,1.69
ygaI,0.4187
ygaH,1.35
ygaF,1.22
ygaE,4.54
ygaC,1.16
sspE,1.32
yhaM,0.7285
yhaO,0.6688
yhaT,1.05
yhaV,1.23
yhaX,1.11
yhaZ,1.32
yhzA,1.2
ygcA,0.7631
ygaL,0.9101
senS,0.6939
thiA,0.5589
ygzA,1.32
yheB,0.8418
yheE,1.5
yheF,1.8
yheI,2.92
yheM,0.6285
yhdZ,1.27
ygxA,1.27
ygaG,1.37
gsaB,1.13
ygaD,1.93
ygaB,1.15
yfhR,1.27
yjdA,0.6595
yjcR,1.1
yjcP,1.94
yjcN,0.8145
yjcL,0.778
yjcJ,0.2153
yitI,0.5406
yitG,0.849
yitE,0.8434
yitC,0.8787
yitA,0.813
yisX,1.26
yjcH,0.674
yjcF,0.6021
yjcC,0.9099
yjcA,1.12
cotW,0.9162
cotY,0.8649
yisV,1.07
yisT,0.8047
degA,0.9989
yisQ,1.22
yisO,0.8437
yjcS,0.6121
yjcQ,2.15
yjcO,0.9126
yjcM,1.03
yjcK,0.7377
yjcI,0.1654
yitH,0.5622
yitF,0.8151
yitD,0.7843
yitB,0.9527
yisY,0.8007
yisW,0.8573
yjcG,0.527
yjcE,1.75
yjcB,0.7596
cotV,0.9148
cotX,0.7177
cotZ,0.8989
yisU,0.9967
yisS,0.9488
yisR,1.28
yisP,0.8756
yisN,0.879
yisL,0.7222
ykuG,1.39
ykuE,1.31
ykuC,1.52
kinA,0.7911
ykwD,1.34
ykwB,0.7144
ykfC,0.6107
ykfA,0.5119
dppD,0.5434
dppB,0.9188
ykeA,0.9672
ykcC,0.8746
splA,1.04
ykvZ,0.9375
ykvV,1.0
ykvS,1.56
ykvQ,1.35
ykvO,1.37
ykcA,1.03
ykaA,1.31
spoIISA,1.9
xhlB,1.04
xkdY,1.01
xkdW,0.9117
ykuF,0.9721
ykuD,1.5
ykyB,1.87
ykwC,0.5224
splB,0.8926
ykfB,0.5037
dppE,0.5378
dppC,0.6518
dppA,0.5362
htrA,1.13
ykcB,0.7577
ptsG,0.8466
ykvY,0.6612
ykvT,1.49
ykvR,1.07
ykvP,1.23
ykvN,1.28
ykbA,1.01
ykaB,0.7568
xlyA,1.21
xhlA,1.26
xkdX,0.8838
xkdV,0.4791
smf,0.5126
sucC,0.3799
ylqG,1.47
rplS,1.04
ylqE,1.92
ylqC,1.82
rpmF,1.7
ylbM,1.44
ylbK,0.9916
ylbI,0.9266
ylbG,1.27
ylbE,1.21
ylxM,2.9
ftsY,0.9212
rncS,0.8592
fabG,0.364
plsX,0.563
ylpB,1.78
ylbC,2.84
ylbA,1.05
ctaF,0.7258
ctaD,1.04
ctaB,1.43
ylaO,0.7556
sucD,0.4298
ylqH,1.15
rnh,1.09
trmD,1.05
ylqD,0.9966
rpsP,1.92
ylbN,1.98
ylbL,0.7971
ylbJ,0.8899
ylbH,0.8488
ylbF,1.63
ylbD,0.9483
ylqB,1.2
acpA,0.2796
fabD,0.3879
ylpC,0.8192
ylpA,2.01
ylbB,2.52
ctaG,0.8139
ctaE,0.6574
ctaC,0.7029
ctaA,1.46
ylaN,1.86
yngD,1.04
yngA,1.15
ynfF,1.3
bglC,1.48
ynfC,0.9782
grlB,0.7251
pksI,0.2984
pksG,0.4551
pksE,0.4601
pksC,0.9207
pksA,0.9816
mutL,0.9119
yneS,0.968
yneQ,0.7448
tlp,1.05
citB,1.08
cotL,1.25
yneK,1.79
cotE,2.15
ymcB,2.54
tdh,1.32
ymdB,1.53
pbpX,1.19
cinA,1.75
yngC,1.74
xynD,1.09
ynfE,1.29
alsT,1.52
grlA,0.7853
yneT,1.15
pksH,0.426
pksF,0.3697
pksD,0.4553
pksB,0.9086
ymcC,0.7164
mutS,0.6799
yneR,0.7912
yneP,0.663
yneN,0.9485
cotK,1.05
cotM,1.22
yneJ,1.39
ymcA,2.07
kbl,1.21
spoVS,1.36
ymdA,1.38
recA,1.69
pgsA,1.61
yorR,0.9059
yorT,1.02
yorV,1.02
yorX,1.07
yorZ,1.05
yosB,0.9955
yocJ,1.54
yocH,3.51
yocF,1.12
yocD,1.6
yocB,2.3
yocA,1.57
yosD,1.07
yosF,0.9955
yosH,1.1
yosJ,1.46
yosL,0.9541
yosP,0.8926
yobW,1.05
yobU,0.902
yobS,0.6245
yobQ,0.412
yobO,1.05
yobM,1.21
yorS,0.9588
mtbP,0.8485
yorW,0.9052
yorY,0.9858
yosA,0.9577
yosC,1.07
yocI,1.21
yocG,0.8689
yocE,0.5307
yocC,1.5
yozB,1.21
yozA,1.27
yosE,0.872
yosG,0.9614
yosI,0.8679
yosK,0.746
yosM,0.8917
yosQ,0.9391
yobV,0.9481
yobT,0.6775
yobR,0.4485
csaA,0.3956
yobN,1.72
yobL,0.0
yppD,1.13
yppF,1.92
ypqE,0.9682
yprB,0.9128
ypsA,1.22
ypsC,2.14
yomP,0.9721
yomR,1.18
yomT,0.9926
yomV,0.8413
yomX,0.9899
yomZ,1.08
kduD,0.9303
kdgR,1.04
kdgA,0.6835
ypwA,0.5375
pbuX,0.758
ypbQ,0.9366
yonB,0.8909
yonD,1.02
yonF,0.9977
yonH,1.19
yonK,1.07
yonO,1.13
yppE,1.0
yppG,1.02
cotD,1.61
ypsB,1.11
yptA,1.33
yomQ,1.04
yomS,0.9497
yomU,0.8861
yomW,0.9257
yomY,0.8734
yonA,1.06
kduI,0.8652
kdgK,0.8706
kdgT,0.6364
xpt,0.698
bcsA,0.934
ypbS,0.9725
yonC,0.9091
yonE,1.39
yonG,0.0
yonI,1.63
yonN,0.949
yonP,0.0
yqiD,1.06
yqxC,1.31
recN,1.57
spo0A,1.02
yqiH,0.8389
yqiK,0.9582
ribG,0.7661
ribA,0.6556
ribT,1.51
ypuG,3.05
ypuI,1.79
spmA,1.6
mmgB,1.07
mmgD,0.9718
yqiQ,1.03
yqiR,1.09
yqiT,2.09
yqiV,1.32
ypuL,1.05
resB,0.4622
resD,0.6052
sigX,1.23
aroC,1.32
ypzE,0.9982
yqiE,1.28
ahrC,1.57
spoIVB,1.07
yqiG,0.8666
yqiI,0.8729
ribB,0.7124
ribH,0.7193
ypuF,2.18
ypuH,2.57
dacB,1.83
spmB,1.23
mmgC,1.01
mmgE,1.21
yqzF,1.55
yqiS,2.21
yqiU,1.5
bfmBAA,1.3
resA,0.5741
resC,0.605
resE,0.8117
ypuN,1.08
serA,0.4925
ypaA,1.3
yqaG,1.03
yqaI,1.07
yqaK,1.14
yqaM,1.08
yqaO,1.06
yqaQ,1.22
dgkA,1.26
bex,1.14
glyQ,0.5561
yqzB,0.9087
yqxD,1.5
sigA,0.9968
yqaS,1.24
yqbA,1.15
yqbC,0.7744
yqbE,1.25
yqbG,2.94
yqbI,1.16
yqfN,1.34
yqfP,1.64
yqfR,1.58
yqfT,1.61
yqfV,1.39
yqfX,1.17
yqaH,1.14
yqaJ,1.08
yqaL,1.15
yqaN,1.2
yqaP,1.2
yqaR,1.25
cdd,1.31
yqxN,1.05
glyS,0.6094
yqfL,1.24
dnaG,1.22
cccA,1.12
yqaT,1.1
yqbB,1.2
yqbD,1.38
yqbF,2.7
yqbH,1.39
yqbJ,1.25
yqfO,1.44
yqfQ,1.57
yqfS,1.84
yqfU,1.27
yqfW,2.32
yqfZ,1.3
ysnD,0.2517
ilvN,0.1229
leuA,0.105
leuC,0.117
ysoA,0.3951
clpX,0.6112
yrrM,3.44
yrrO,2.39
greA,1.15
yrrS,2.82
yrrT,1.5
yrhA,1.02
ysxD,1.3
hemX,1.26
hemD,1.29
hemL,1.09
ysxE,1.16
yrhD,1.12
yrhG,1.76
yrhH,3.09
yrhK,1.32
yrhM,1.29
yrhO,1.39
ilvB,0.1623
ilvC,0.1782
leuB,0.1879
leuD,0.4915
tig,0.4925
lonB,2.58
yrrN,2.98
udk,2.75
yrrR,1.68
yrzA,1.85
yrrU,1.17
yrhB,0.8887
ysxC,1.19
hemA,1.36
hemC,1.27
hemB,1.12
spoVID,1.05
yrhF,3.2
yrzI,24.37
yrhI,1.93
yrhL,1.66
sigV,1.7
levD,1.11
ytsC,0.7971
yttA,0.8404
ytvA,0.9724
leuS,0.7238
melA,0.7748
amyD,0.7307
ytmJ,0.6657
ytmL,0.794
hisP,0.6996
ytnJ,0.7113
hipO,0.7564
ytqI,0.328
msmR,0.5743
bioW,0.4059
bioF,0.3171
bioB,0.1765
ytbQ,0.4342
ytcQ,0.9422
ytsJ,0.8972
pfk,0.7585
ytwI,0.6727
citC,0.233
phoP,1.2
yttB,1.79
ytvB,1.02
ytwF,0.9304
amyC,0.6938
msmE,0.5971
ytmK,0.7572
ytmM,0.7644
ytnI,0.775
ribR,0.6953
ytpI,0.5618
ytrI,0.394
ytaP,0.3769
bioA,0.3455
bioD,0.2574
bioI,0.2835
ytcP,0.9782
ytdP,1.79
yttI,1.63
ytvI,0.9168
citZ,0.4637
citH,0.5462
phoR,1.15
mutM,1.24
yunI,0.8116
yunG,0.6394
yunE,0.6724
yunC,0.7569
yunA,0.8935
yutC,0.7362
yugH,1.04
yuzA,0.8847
yugK,0.874
yugM,0.9203
yugO,1.17
yugS,0.9992
yutE,0.7216
yutG,0.5982
hom,0.322
thrB,0.454
yutI,1.33
yutJ,1.04
yugU,1.47
mcpB,2.65
mcpA,2.29
yuxG,1.1
yulC,1.14
yulE,0.9262
yunH,0.7695
yunF,0.7237
yunD,0.8062
yunB,0.9073
yutB,1.11
yutD,1.13
yugI,1.53
yugJ,0.5434
pgi,0.5207
yugN,0.8996
yugP,0.9507
yugT,1.26
yutF,0.5357
yutH,0.6443
thrC,0.307
yuxL,0.8061
yuzD,1.04
yuzB,1.43
tgl,1.7
tlpA,1.41
tlpB,3.02
yulB,1.28
yulD,1.28
yulF,0.7294
yvdO,0.84
yvdQ,0.7504
yveA,0.7761
racX,0.692
yveG,0.8109
slr,0.6674
yvgO,0.7748
yvgM,0.9444
yvgK,1.33
yvsG,0.9555
fhuD,0.4768
fhuG,0.8834
yveN,0.4236
yveP,0.4808
yveR,0.5057
yveT,0.5324
yvfB,0.5293
yvfF,0.6494
yvrP,0.4712
yvrN,0.7005
yvrL,0.8828
yvrI,1.05
yvrG,0.6303
yvrD,0.747
yvdP,1.13
yvdT,1.59
pbpE,0.6637
yveF,0.8235
padC,0.7672
yveL,0.7822
yvgN,0.3477
yvgL,0.8735
yvgJ,0.9609
yvsH,0.8638
fhuB,0.6093
fhuC,0.5813
yveO,0.3352
yveQ,0.5274
yveS,0.5768
yvfA,0.5656
yvfD,0.707
yvfG,1.1
yvrO,0.5791
yvrM,0.7891
yvrK,0.9277
yvrH,0.9824
yvrE,0.8668
yvrC,0.9826
mta,1.02
ywnF,1.38
spoIIQ,0.9621
ywoA,0.6658
nrgA,1.2
ywoC,1.1
tuaF,1.65
tuaH,1.93
yvhJ,1.92
degS,1.14
comFA,1.18
comFC,1.33
ywoE,1.03
ywoG,1.03
usd,1.2
mbl,1.2
flhP,1.61
ywpB,1.3
flgM,1.71
flgK,1.93
yviE,1.84
csrA,1.37
yvyC,1.21
fliS,1.65
ywnE,1.79
ywnH,2.04
ywnJ,1.15
nrgB,1.17
ywoB,1.29
ywoD,1.4
tuaG,1.4
tagO,1.48
yvyE,1.84
yviA,1.01
comFB,1.37
yvyF,1.43
ywoF,1.12
ywoH,1.5
spoIIID,1.43
flhO,1.41
rapD,1.27
ywpC,1.26
yvyG,1.76
flgL,1.81
yviF,1.48
hag,1.47
fliD,2.02
fliT,2.04
katX,0.7589
yxzF,0.7433
licB,0.6694
licA,0.6064
ywaA,0.5325
dltD,1.16
ywfN,1.02
ywfO,1.02
ywgB,0.5032
thrZ,0.4181
ywhB,0.7785
ywhD,0.7875
dltB,1.39
ywaB,1.46
ywaD,1.21
ywaE,1.3
gspA,2.34
sacX,1.12
ywhF,0.8221
ywhH,0.3765
rapF,0.3063
ywhL,0.8587
ywhN,0.8568
ywhP,1.0
yxlJ,1.07
licR,1.08
licC,1.14
licH,1.18
dltE,1.26
dltC,1.48
ywzC,1.38
ywgA,0.7934
mmr,0.5415
ywhA,0.5232
ywhC,0.7049
ywhE,1.14
dltA,1.18
ywaC,1.0
tyrZ,1.19
ywaF,1.37
sacY,1.86
epr,2.3
ywhG,1.94
phrF,0.6256
ywhK,0.8687
ywhM,1.07
ywhO,1.1
ywhQ,1.22
yybK,0.3326
yybM,0.4364
yybO,0.6542
yybQ,0.6155
cotF,0.9147
yybT,0.9181
yxdM,0.7826
yxeB,0.6573
yxeD,0.7923
yxeG,0.7381
yxeI,0.7583
yxeK,0.7107
yycA,1.1
yycC,1.2
yycD,1.22
yycE,1.18
yycF,1.33
yycH,1.27
yxeM,0.9844
yxeO,0.5902
yxeQ,0.6763
yxxB,0.9498
nupC,1.1
hutM,0.0
yybL,0.4067
yybN,0.4035
yybP,0.9528
yybR,1.01
yybS,0.8499
rplI,0.8205
yxeA,0.5848
yxeC,0.4015
yxeE,0.724
yxeH,0.6659
yxeJ,0.8332
yxeL,0.8896
yycB,0.9527
yyzB,1.03
dnaC,1.06
purA,0.7385
yycG,1.24
yycI,1.22
yxeN,0.6179
yxeP,0.6346
yxeR,0.9503
deoR,1.16
pdp,1.19
hutG,1.34
lysS,1.1
mfd,0.9262
gyrA,1.02
lytA,0.8721
yvlD,0.9348
yukF,1.05
rsbV,1.03
ydbO,0.9608
ycsG,1.05
phrC,0.9096
lmrB,1.45
pcp,0.6787
ytfJ,0.9064
ytzA,0.9158
yraA,0.9446
yqfY,0.9157
yonJ,0.9222
yodB,0.9175
ycbM,1.09
ybfS,1.37
ybfQ,1.61
ybeC,0.8608
ybdG,1.23
ybbA,0.3695
ftsH,1.15
yabK,0.9752
ywjF,1.12
ywlC,1.11
yveK,0.9711
glgP,0.9038
ydcA,1.33
ycnB,0.9042
yceH,0.8249
ycbU,0.0
ycbR,0.5281
accA,1.6
yrhP,1.45
yqbO,0.0
ypqA,0.9821
yosW,0.9193
ppsD,0.6465
ycbC,1.04
gltP,1.14
mpr,1.26
ybdN,1.65
ybdB,1.92
yabE,4.89
yaaG,1.11
yisD,0.929
yhjP,0.9922
yhfR,1.45
yheH,5.49
yfhQ,1.14
ydcI,1.06
dnaN,0.815
srfAB,0.6042
opuAA,0.7656
ybdO,1.67
yabN,1.43
asnH,0.6625
ywbN,0.7723
yaaF,1.09
addB,0.8325
yhjB,1.07
yheC,1.15
yheL,1.02
yesN,0.0
yclF,0.9584
dnaA,1.85
amhX,0.9927
ycbT,1.2
feuC,1.41
gidA,1.68
yxnB,1.02
spsF,1.64
