ybeF,1.99
glpQ,1.81
ybdT,1.75
ybxH,1.28
ybdM,1.03
ybdK,0.6243
ybxF,1.97
rplJ,0.5172
rplK,2.3
rpmG,2.87
yacP,1.63
rplL,0.8639
ybdE,0.5634
ybcT,0.683
ybcQ,0.5884
ybcO,1.32
ybcL,0.9907
ybcH,0.7647
cysE,2.11
yacN,5.06
yacL,4.24
sms,3.97
yacH,5.54
glpT,1.11
ybyB,4.42
ybxI,0.8186
csgA,0.9009
ybdL,0.9969
ybdJ,0.6795
ybxB,2.91
rplA,2.21
nusG,3.38
sigH,2.47
yacO,1.45
ybdA,0.4843
ybcS,0.5858
ybcP,0.5411
ybcM,0.2266
ybcI,0.412
ybcF,0.5923
gltX,2.42
yacM,2.93
yacK,2.47
yacI,3.07
ctsR,2.72
ydbB,1.52
ydbA,1.95
ydaS,3.89
ydaQ,1.1
mutT,0.0
ydaN,1.83
yciB,1.54
nasA,1.98
nasD,1.29
nasF,1.25
ycgS,1.76
ycgQ,2.4
ydaL,1.38
ydaJ,0.926
lrpC,0.8606
ydaH,1.28
ydaF,0.9726
ydaD,2.03
ycgO,2.23
ycgM,1.54
cah,1.66
ycgJ,1.8
tmrB,1.79
ycgH,1.46
gsiB,0.0
ydaT,1.62
ydaR,0.9108
ydaP,1.93
ydaO,0.93
ydaM,1.08
yciA,1.59
nasC,1.31
nasE,1.02
ycgT,1.48
ycgR,1.78
ycgP,1.61
ydaK,1.03
ydzA,1.0
ydaG,1.93
ydaE,1.27
ydaC,1.01
ycgN,0.8924
ycgL,0.8562
ycgK,1.05
aroI,1.02
nadE,0.8081
ycgG,0.8294
purL,0.2442
purC,0.2092
purK,0.1788
yebG,0.7862
yebE,0.7352
yebC,0.9495
ydfK,0.0
ydfJ,1.85
ydfH,2.13
ydfF,1.47
ydfD,1.73
ydfB,1.83
guaA,0.4051
yeaD,0.5307
yeaB,0.5929
yeaA,0.3192
ydjO,0.5889
ydjM,1.67
ydeT,1.44
ydeR,1.65
ydeP,3.16
ydzF,1.81
ydeM,1.37
ydeK,1.25
yexA,0.1854
purB,0.09888
purE,0.2466
yebF,0.7494
yebD,0.6447
yebB,0.5336
nap,1.28
ydfI,1.43
ydfG,1.77
ydfE,1.42
ydfC,1.39
ydfA,1.37
yebA,0.5546
yeaC,0.629
gabP,0.9862
ydjP,0.3268
ydjN,1.02
ydjL,0.989
ydeS,1.07
ydeQ,1.02
ydeO,0.8651
ydeN,1.06
ydeL,0.795
ydeJ,0.7504
yfhS,3.49
yfhO,5.35
yfhM,3.69
yfhK,10.87
yfhI,2.97
yfhG,2.27
yflS,2.35
yflT,8.14
yfmC,0.4777
yfmE,0.9075
yfmG,0.4424
yfmI,0.729
yfhE,1.62
yfhC,1.45
yfhA,1.23
yfiY,1.04
yfiV,2.01
yfiT,2.03
yfmK,1.12
yfmM,0.9788
yfmO,1.18
yfmQ,0.2791
yfmS,0.8754
yfnA,0.6544
yfhP,2.1
csbB,3.1
yfhL,2.46
yfhJ,2.77
yfhH,1.78
yfhF,1.76
pel,0.9776
yfmA,1.06
yfmD,0.7993
yfmF,0.7608
yfmH,1.31
yfmJ,0.9121
yfhD,1.33
yfhB,1.29
yfiZ,1.13
yfiW,1.67
yfiU,1.07
yfiS,1.22
yfmL,0.5404
yfmN,0.708
yfmP,0.5373
yfmR,0.536
yfmT,0.0
yfnD,0.6769
yisK,1.64
yisI,2.36
yisG,0.0
yisE,2.67
yisB,3.14
addA,0.6985
yhdY,1.05
yhdW,0.9328
yhdU,0.9778
yhdS,0.9536
yhdQ,0.5476
yhdO,0.606
yhjQ,2.06
yhjM,2.11
yhjK,2.25
yhjI,2.03
yhjG,1.72
yhjE,1.27
yhdL,0.9084
yhdJ,1.25
yhdH,0.9684
yhdF,0.9459
citR,0.884
phoA,1.1
yisJ,1.67
yisH,1.51
yisF,1.8
yisC,1.75
sbcD,2.68
yhjR,1.56
yhdX,1.14
yhdV,0.5828
yhdT,0.7083
yhdR,0.614
yhdP,0.5693
yhdM,0.7487
yhjO,1.33
yhjL,2.66
yhjJ,1.41
yhjH,1.34
sipV,0.7916
yhjD,1.06
yhdK,0.5904
yhdI,0.5393
yhdG,0.7196
citA,0.6321
lytE,0.4371
spoVR,0.8279
xkdU,0.0
xkdS,2.29
xkdQ,0.0
xkdN,2.02
xkdK,1.75
xkdI,1.7
yjbX,0.9437
yjbV,0.2903
yjbT,0.4752
yjbR,0.2282
tenA,0.1739
yjbP,1.0
xkdG,1.86
xkdE,2.09
xpf,1.43
xkdD,1.37
xkdB,1.39
xkdA,1.09
yjbN,0.8706
yjbL,0.9093
yjbJ,0.8087
yjbH,0.9002
yjbF,0.9809
yjbE,1.57
xkdT,1.35
xkdR,1.17
xkdP,1.32
xkdM,1.45
xkdJ,1.36
xkdH,1.18
yjbW,0.2896
yjbU,0.2219
yjbS,0.1449
tenI,0.1913
yjbQ,0.7944
yjbO,0.7996
xkdF,1.37
xtmA,1.19
xtrA,1.05
xkdC,1.03
xre,0.9337
yjqC,0.7971
yjbM,0.5695
yjbK,0.4848
yjbI,0.4531
yjbG,0.561
mecA,0.7049
yjbD,0.6344
ylaM,4.77
ylaK,5.48
ylaH,3.29
ylaF,3.28
ylaD,0.0
ylaB,3.23
ykvM,3.44
ykvK,2.22
ykvI,3.03
motA,6.42
ykvE,2.54
eag,2.35
nprE,3.27
ykzC,4.53
ykzI,3.12
yktA,1.82
slp,2.61
pdhC,1.92
ykvA,1.89
ykrY,0.8117
ykrW,1.58
ykrU,1.59
ykrS,0.8042
ykrQ,1.6
ylaL,2.66
ylaJ,2.93
ylaG,4.51
ylaE,3.13
ylaC,2.9
ylaA,2.79
ykvL,1.57
ykvJ,2.08
clpE,2.51
motB,4.52
ykvD,1.4
spo0E,1.37
yktD,3.25
yktC,2.66
yktB,4.09
cad,2.22
pdhD,1.27
pdhB,0.8934
ykrZ,0.5431
ykrX,0.6207
ykrV,1.53
ykrT,0.6613
dat,1.14
ykrM,0.7048
ymfM,0.4269
ymfK,0.0
ymfI,1.2
ymfF,0.9745
ymfD,0.9589
spoIIIE,0.0
yloW,1.42
yloU,1.02
spoVM,2.12
yloR,2.42
ymfA,0.2188
dapG,0.4071
spoVFB,1.2
ymxH,1.18
ylxY,0.6196
ribC,0.5659
fmt,2.63
priA,0.0
yloH,1.66
yloC,1.38
ylnF,0.4094
ylnD,0.3859
ymfL,0.571
ymfJ,0.6571
ymfH,0.4333
ymfE,0.64
ymfC,0.4568
ymfB,0.6791
yloV,0.7818
rpmB,1.08
yloS,1.65
yloQ,1.75
yloO,1.83
yloM,2.13
dapA,0.2198
asd,0.1471
spoVFA,0.6677
ymxG,0.5464
rpsO,0.3588
truB,0.4888
def,2.14
yloI,1.61
yloD,0.8927
yloA,0.6758
ylnE,0.2458
ylnC,0.2125
yobK,0.0
yobI,1.44
yozL,0.0
yobH,1.62
rapK,2.19
yobF,1.04
yneI,0.6434
ynzD,0.6509
yneE,0.9414
ynzC,0.735
yneA,1.08
yndN,1.77
yozI,1.73
yobD,2.02
pps,1.59
yobA,1.46
yoaZ,1.21
yoaV,1.47
yndL,1.04
yndJ,0.5856
yndG,0.7006
yndD,1.92
yndB,0.3657
ynzA,0.3618
yobJ,0.6864
yozM,1.02
yozK,1.15
phrK,1.34
yozJ,1.07
yobE,0.93
ccdA,0.6552
yneF,0.4265
tkt,0.414
yneB,0.6294
lexA,0.1977
yndM,0.7035
yozH,0.0
xynA,0.0
yobB,1.15
penP,1.05
yoaW,0.6698
yoaU,0.8415
yndK,0.3865
yndH,1.14
yndE,0.6702
ynzB,0.6607
yndA,0.73
cotC,0.564
yonR,1.15
yonT,3.03
yonV,4.23
yopA,2.67
yopC,1.77
yopE,3.15
yosR,1.56
yosT,1.65
yosV,1.79
yosZ,1.63
yotB,1.82
yotD,0.0
yopG,3.45
yopI,5.31
yopK,1.26
yopM,1.61
yopO,1.51
yopQ,1.86
yotF,1.31
yotH,1.36
yotJ,1.43
yotL,1.14
yotN,0.9175
yodV,1.29
yonS,0.8704
yonU,3.29
yonX,1.98
yopB,1.7
yopD,1.54
yopF,2.77
yosS,0.7704
yosU,0.9724
yosX,1.04
sspC,1.15
yotC,0.965
yotE,1.03
yopH,2.54
yopJ,2.33
yopL,1.36
yopN,1.12
yopP,0.9389
yopR,1.32
yotG,0.9277
yotI,0.9052
yotK,0.8781
yotM,0.0
yodU,0.0
cgeA,0.0
fer,1.4
recQ,2.14
ypbE,1.39
ypbH,1.06
ypdA,1.51
sleB,1.5
ypcP,1.32
ypdP,1.35
ypeQ,0.0
degR,2.37
ypfP,0.6201
bsaA,0.8381
ypfA,0.9723
cmk,0.6561
ypgA,0.9781
yphB,1.03
gpsA,0.9358
yphF,0.6861
ypgR,0.5691
yphP,0.4208
ypjP,0.49
thyB,0.8181
ypkP,0.8204
yplP,0.1406
ypbB,0.9213
ypbD,0.8318
ypbF,1.23
ypcA,0.6703
ypdC,0.6819
ypeB,0.7981
ypdQ,0.5608
ypeP,0.8644
ypzA,0.6952
cspD,0.8366
metB,0.474
ypgQ,0.6763
ypfB,0.5953
ypfD,0.5335
yphA,0.7747
yphC,0.7829
yphE,0.4651
spoIVA,0.6898
ilvD,0.2851
ypiP,0.4766
ypjQ,0.3705
dfrA,0.659
yplQ,0.5279
ilvA,0.5734
yqgA,0.998
yqgC,2.0
yqgE,1.69
yqgG,0.0
yqgI,2.18
yqgK,2.42
bfmBAB,3.07
bmrR,2.0
yqiW,0.8189
yqiY,0.3464
yqjA,0.7498
yqjC,1.6
yqgL,1.73
yqgN,3.26
yqgP,1.41
glcK,1.01
yqgU,0.9323
yqgW,1.1
yqjE,1.04
yqjG,0.7166
yqjI,0.5276
yqjK,0.9385
yqjM,1.17
yqjO,0.7606
yqgB,0.8116
sodA,1.63
pbpA,1.14
yqgH,1.4
yqgJ,1.34
yqzD,0.8816
bfmBB,2.1
bmr,1.14
yqiX,0.1244
yqiZ,0.1515
yqjB,0.7468
yqjD,0.561
yqgM,1.14
yqgO,1.57
yqgQ,0.5473
yqgT,0.5982
yqgV,0.6254
yqgX,0.8347
yqjF,0.8044
yqjH,0.534
yqjJ,0.4221
yqjL,0.8894
yqjN,0.8484
yqjP,0.4968
levE,0.0
levG,2.94
adhA,0.9354
yraC,1.42
yraE,1.5
yraF,1.61
yqbK,2.13
yqbM,2.01
yqbN,1.88
yqbQ,1.67
yqbS,1.84
yqcA,1.68
yraH,1.59
yraJ,1.32
yraL,1.85
yraM,1.61
yraO,1.23
sigZ,1.26
yqcD,1.67
yqxG,1.66
yqxI,2.03
yqcF,1.52
yqzI,1.51
rapE,1.32
levF,1.11
sacC,1.01
yraB,1.13
yraD,1.06
adhB,1.12
yraG,1.19
yqbL,1.1
yqdB,1.08
yqbP,1.34
yqbR,1.14
yqbT,1.26
yqcB,1.01
yraI,0.9443
yraK,1.15
csn,1.25
yraN,0.6506
yrpG,0.9373
yrpE,0.5821
yqcE,0.983
cwlA,1.15
yqxJ,1.19
yqcG,1.21
phrE,1.24
yqcI,0.971
ytaF,2.19
ytbE,0.0
ytcD,0.0
ytcF,0.4781
dnaB,1.15
ytxB,1.18
folC,0.6147
spoIIB,1.73
ysxA,2.62
mreC,2.16
minC,1.6
spoIVFA,1.75
thrS,0.7323
lytS,1.31
ysbA,1.59
yscB,1.82
infC,1.91
rplT,1.53
rplU,0.8913
spo0B,0.7205
p`eB,0.461
pheB,0.4497
yrxA,0.5726
nadB,0.1589
nadA,0.1372
ytaG,1.51
ytbD,1.12
gapB,1.17
ytcG,0.927
dnaI,0.7633
ytxC,0.7237
comC,1.04
maf,1.4
mreB,1.42
mreD,1.18
minD,0.9671
spoIVFB,0.9517
ysaA,0.0
lytT,0.0
ysbB,0.0
yscA,1.03
rpmI,1.13
ysdA,1.11
ysxB,0.62
obg,0.4158
pheA,0.4154
nifS,0.381
nadC,0.1534
yrbA,0.1406
yubA,3.82
yubC,3.37
yubE,1.5
yubG,1.59
yuaB,3.22
gbsA,2.07
yteP,1.56
yteR,1.65
yteT,2.06
yteV,1.78
ytfP,2.18
ytzG,3.23
yuaD,1.87
yuaG,0.4352
yuaJ,1.32
glgD,2.31
ytaB,1.85
ytxN,1.55
ytzE,2.18
ythQ,1.39
ytjP,1.89
ytlP,1.93
ytlR,1.57
ytmP,1.38
yubB,2.91
yubD,2.27
yubF,2.11
yuaA,1.74
yuaC,1.69
gbsB,1.28
yteQ,1.08
yteS,1.0
yteU,1.2
opuD,1.27
ytgP,2.04
ytzF,1.97
yuaF,0.171
yuaI,0.2073
glgB,0.9231
glgA,1.63
ytaA,1.48
cotS,1.11
ythP,0.9477
ytiP,0.8719
ytkP,1.29
ytlQ,0.0
amyX,0.0
ytzH,0.0
yvrB,3.04
yvqK,2.2
yvqI,1.35
yvqG,1.38
yvqE,2.1
gerAC,2.35
yutL,1.28
paiA,1.31
yumD,1.05
yumC,0.5922
yuiA,0.2164
yuiC,0.5663
gerAA,2.52
yuxN,2.43
yvqA,2.3
yvtB,1.96
yusZ,1.92
yusW,1.48
yuiE,1.38
yuiG,0.5081
yuiI,0.956
dhbC,0.8481
dhbB,0.6656
yukL,0.8475
yvrA,1.21
yvqJ,1.3
yvqH,1.51
yvqF,1.43
yvqC,1.6
gerAB,1.57
yutM,0.6755
paiB,0.7308
yuzG,0.7174
yumB,0.6009
yuiB,0.2024
yuiD,0.8168
citG,1.78
yvqB,1.27
yvtA,1.19
mrgA,0.5105
yusX,0.7821
yusV,0.4979
yuiF,0.7214
yuiH,0.7978
dhbA,0.7105
dhbE,0.6406
yukM,0.7188
yukJ,1.07
yvyD,4.01
cccB,1.41
ftsX,1.95
yvzD,1.13
yvkA,1.61
yvkC,1.09
yvfH,0.8692
lacR,1.46
yvfM,1.79
yvfO,1.96
yvfS,1.83
yvfU,1.4
uvrB,1.98
yvzB,1.88
yvlA,0.5895
yvlC,1.2
yvmB,1.67
cypX,1.47
yvfW,0.9755
yvbX,1.64
yvbV,1.62
yvbT,1.4
araE,1.21
gap,1.14
yvjA,1.43
ftsE,1.01
yvjB,0.832
yvjD,0.738
yvkB,1.02
csbA,1.15
yvfI,0.6079
yvfL,1.11
lacA,1.15
yvfR,1.08
yvfT,0.901
yvfV,0.6759
uvrA,1.26
yvkN,0.9933
yvlB,0.3816
yvmA,0.9744
yvmC,0.9506
yvnA,0.9289
yvbY,0.65
yvbW,0.953
yvbU,1.06
araR,0.608
yvbQ,0.5159
pgk,0.6907
ywhR,2.98
sbo,4.2
argS,2.45
fnr,1.94
ywiD,2.22
narH,2.28
ywpD,2.2
ywpF,1.24
ywpH,1.94
ywqB,2.48
ywqD,1.46
ywqF,2.32
narI,2.35
ywjA,3.17
ywjC,5.4
ywjE,5.54
rpoE,6.48
ywjG,3.4
ywqH,7.44
ywqJ,5.98
ywqL,3.66
ywqN,2.88
ywrA,1.63
ywrC,0.9444
ywiA,1.36
ywiB,1.29
narK,1.19
ywiC,1.62
narG,1.04
narJ,1.3
ywpE,1.19
ywpG,1.21
ywpJ,0.9086
ywqC,1.18
ywqE,1.36
ywqG,1.19
ywiE,1.82
ywjB,1.48
ywjD,1.62
acdA,1.59
ctrA,1.68
spo0F,1.95
ywqI,3.6
ywqK,3.35
ywqM,1.69
ywqO,1.7
ywrB,1.06
ywrD,1.2
hutI,2.79
hutP,2.41
yxiB,2.75
yxiD,2.3
yxxE,1.58
bglH,2.45
ywbA,3.86
ywbC,4.11
ywbE,4.65
ywbG,2.88
ywbI,3.17
thiC,3.83
yxxF,1.95
yxiF,1.22
yxiG,1.2
yxzG,0.9436
yxiJ,1.13
yxiL,1.21
ywbO,2.75
ywcB,2.32
ywcD,2.83
ywzA,5.49
qoxB,2.19
qoxD,1.81
hutU,1.21
yxiA,1.45
yxiC,1.16
yxxD,0.9076
bglP,1.4
yxiE,1.5
ywbB,2.39
ywbD,1.87
ywbF,3.3
ywbH,1.16
thiK,1.92
ywbM,1.1
yxxG,0.7577
yxzC,0.5816
yxiH,0.7262
yxiI,0.5986
yxiK,0.6932
yxiM,0.7631
ywcA,1.5
ywcC,1.29
galT,1.47
qoxA,1.51
qoxC,1.31
ywcE,1.47
ytrP,0.757
yprA,0.0
yloN,0.0
yerG,0.0
wprA,3.42
yycJ,4.88
rocR,2.31
rocE,2.24
phrG,2.93
yycN,2.11
yycP,2.25
topB,1.58
polA,1.33
mmgA,0.0
ileS,1.0
dinG,0.0
carB,1.09
yycR,1.63
yydA,1.06
yydC,1.14
fbp,0.9671
yydG,0.5634
yydI,0.5308
ytsD,0.921
yrvE,0.9651
yloP,1.25
ykuA,0.0
ydhL,1.03
valS,1.16
yyxA,2.7
rocD,1.04
rocF,1.02
rapG,1.21
yycO,1.17
yycQ,1.13
smc,0.0
murD,0.0
lonA,0.877
hrcA,0.7915
cheA,0.7954
alaS,0.8689
yycS,0.8937
yydB,0.566
yydD,0.5786
yydF,0.8684
yydH,0.5609
yydJ,0.5631
yveM,1.25
yutK,1.65
yueB,1.86
yufK,3.06
ytpQ,1.63
ytmO,1.8
yndF,1.63
pksL,1.59
mcpC,5.1
yisZ,1.95
ydbH,0.0
ybxG,1.06
ysdB,2.02
yrhE,1.32
yqcC,1.65
ponA,0.5032
yomI,1.8
cgeC,1.59
wapA,1.57
ppsA,1.14
pksM,1.6
yetO,2.51
rpoC,6.04
dra,0.931
yvfQ,1.46
yukA,1.29
yuxO,0.9177
glgC,1.69
yttP,1.03
pykA,0.8381
pksP,1.1
pksK,0.5975
oppD,0.7609
srfAA,2.88
yccK,2.33
secE,2.33
rpmA,0.7635
yrpC,0.6895
yqgS,0.4199
ypbR,0.5681
yorL,1.2
odhA,1.01
dhbF,0.9358
pksR,1.22
yfkN,0.9166
gutR,0.7046
yxeF,0.591
galK,0.3845
rbcL,1.93
aceF,1.14
kdtA,1.1
tufA_E,1.48
yazC,2.53
yrhC,1.49
yerC,1.27
yshA,1.42
yoqX,1.66
yacF,2.62
yhcD,1.2
yetG,0.7864
ywnG,0.9175
ywqA,1.54
degU,1.21
yvnB,2.83
cysS,1.53
yqjU,0.9835
ylaI,2.76
yuaE,1.72
yqaD,1.25
yozD,1.02
yazB,1.7
yfnB,0.7221
ywmD,0.9935
glcR,0.7796
ggaB,1.13
prfB,1.19
yvoD,0.8819
ybcD,1.01
ndhF,0.5379
adaA,1.65
ybbU,1.31
ybbT,0.5189
ybbP,0.9996
folK,2.89
sul,4.43
pabA,3.03
cysK,5.57
yacC,5.18
sigW,0.1158
ybbJ,1.34
ybbH,1.4
ybbE,2.03
ybbC,1.66
feuA,1.22
yabT,7.77
yabR,4.56
yabQ,3.57
yabO,3.03
spoVT,3.49
ybcC,0.2614
adaB,0.8221
alkA,0.8187
glmS,0.2835
ybbR,0.3287
ybbM,0.3996
folA,1.87
pabC,2.06
pabB,2.2
yacD,3.17
yacB,3.74
ybbK,0.7336
ybbI,0.8311
ybbF,1.02
ybbD,0.8621
ybbB,0.8982
feuB,1.26
yabS,2.72
divIC,2.88
yabP,2.38
yabM,2.88
spoVC,3.07
ydaB,2.33
ycsN,0.4707
yczI,1.03
ycsO,0.4555
ycsI,0.8647
ycsE,1.09
ycgF,2.5
mdr,1.49
lctE,2.65
ycgB,2.23
opuAC,1.63
yceK,2.07
yczH,0.9703
ycsA,0.9659
mtlA,1.05
ycnK,0.3475
ycnI,0.4979
ycxE,1.23
yceI,1.53
yceF,1.24
yceD,0.8988
yceB,2.37
ycdI,3.71
ycdG,2.63
ydaA,0.8068
yczJ,0.7513
ycsK,0.5486
ycsJ,0.4218
ycsF,0.3361
ycsD,0.7692
ycgE,1.24
lctP,1.3
amyE,1.24
ycgA,1.05
opuAB,1.4
yceJ,1.44
sipU,0.6333
mtlD,0.7087
ycnL,0.5367
ycnJ,0.3866
gdh,0.2343
ycnH,0.6191
yceG,1.47
yceE,0.8332
yceC,0.6715
yceA,2.53
ycdH,2.15
ycdF,3.42
ydjJ,1.11
ydjH,0.2621
ydjF,0.1992
gutB,1.36
ydjB,1.62
ydiR,0.8082
ydeI,1.99
ydeG,0.7906
ydeE,1.75
ydeC,1.79
ydeB,1.6
ydeA,1.81
ydiP,0.8443
ydiN,1.37
groEL,2.22
ydiL,1.11
ydiJ,0.8975
ydiH,0.7191
yddS,1.35
yddQ,1.45
lrpA,0.9589
phrI,1.0
yddJ,1.14
yddH,1.13
ydjI,0.1249
ydjG,0.1199
ydjE,0.2885
ydjC,0.8305
ydiS,0.4289
ydiQ,0.6077
ydeH,0.8674
ydeF,0.9537
ydeD,0.9951
ydzE,0.9594
cspC,0.5701
yddT,1.35
ydiO,0.602
ydiM,0.8649
groES,1.5
ydiK,0.472
ydiI,0.4631
ydiG,0.5191
yddR,0.834
lrpB,0.7622
yddM,0.7297
rapI,0.7248
yddI,0.7988
yddG,0.7875
yfiR,3.13
lipB,4.37
yfiN,2.16
yfiL,2.31
yfiJ,1.81
yfiH,1.81
yfnE,1.72
yfnG,1.51
yfnI,1.09
yetL,1.27
yetJ,1.17
yezB,0.6845
yfiF,1.69
yfiD,1.53
glvC,1.27
glvA,1.5
yfjB,1.66
yfjD,1.06
yetH,1.08
lplD,1.29
lplB,1.28
yetA,0.0
yesX,1.29
yesV,1.01
yfiQ,0.9635
yfiO,1.09
yfiM,1.27
yfiK,1.04
yfiI,0.9208
yfiG,0.9062
yfnF,0.8799
yfnH,0.9813
yetN,0.6142
yetK,0.5324
yezD,0.7453
yetI,0.56
yfiE,0.9253
yfiC,1.18
yfiA,1.08
yfjA,1.06
yfjC,0.9897
yfjE,0.7764
yetF,0.7569
lplC,0.5332
lplA,0.8376
yesZ,0.9685
yesW,0.9276
yesU,0.7233
yhjC,1.59
yhxD,1.81
yhzC,0.9474
yhfW,1.96
yhfU,1.71
yhfS,0.907
ygxB,2.32
yhdD,1.64
yhdB,1.33
yhcZ,0.9438
yhxB,0.9321
glpK,0.9327
yhfO,1.31
yhfN,0.0
yhfL,1.17
yhfJ,1.31
yhfH,0.753
yhfF,0.7222
glpP,0.8519
yhcX,1.04
yhcV,1.12
yhcT,0.9134
yhcR,0.9955
yhcP,0.9915
yhjA,0.8561
comK,0.9754
yhxC,1.11
yhfV,1.2
yhfT,0.7538
yhfP,1.06
yhdE,0.3702
yhdC,0.8587
yhdA,0.632
yhcY,0.666
glpD,1.08
glpF,0.5144
aprE,1.36
yhfM,0.9466
yhfK,1.04
yhfI,0.8806
gltT,0.4033
yhfE,0.6237
yhxA,0.6499
yhcW,0.7807
yhcU,0.7653
yhcS,0.6411
yhcQ,0.8105
yhcO,0.8888
yjqB,1.53
xlyB,1.92
phrA,0.6154
yjoB,1.57
yjnA,1.81
yjmI,2.04
yjbC,2.34
oppF,1.05
oppB,1.24
trpS,0.8114
appC,0.7669
appA,0.9845
yjmG,1.14
yjmE,1.17
yjmC,1.29
yjmA,1.0
yjlC,0.5517
yjlA,0.8803
appD,0.6988
yjaY,0.5112
yjzA,0.7238
yjaV,0.77
yjzD,0.5232
argF,0.09793
yjqA,0.823
yjpA,0.4654
rapA,0.3139
yjoA,1.29
yjmJ,0.8721
yjmH,0.636
yjbB,0.8449
oppC,0.6865
oppA,0.8634
yjbA,0.6539
appB,0.5437
appF,0.4049
yjmF,0.8036
yjmD,0.7633
yjmB,0.9672
yjlD,0.358
yjlB,0.7581
yjkB,0.5129
yjaZ,0.5557
yjzB,0.5882
med,0.4675
yjaU,0.5214
yjzC,0.5108
pdhA,1.61
ykrB,6.03
ykzG,3.97
adeC,4.3
ykqA,4.49
abh,5.31
ykrL,1.66
sspD,1.86
ykoZ,1.72
ykoV,1.35
ykoT,1.26
ykoQ,1.11
ykpC,1.71
ykpB,1.98
ykoA,1.77
fruA,1.23
yknZ,1.27
yknX,0.9719
ykoN,1.0
ykoL,0.9822
tnrA,0.9373
ykzD,0.9333
ykoI,0.6657
ykoG,0.7628
ykyA,1.43
ykrA,2.02
ykqC,2.03
ykqB,2.55
kinC,1.77
mreBH,1.74
ykrK,1.0
ykrI,1.19
ykoX,0.7546
ykoU,1.2
ykoS,0.814
ykoP,0.7162
ampS,1.47
ykpA,1.06
sipT,1.73
fruR,0.9929
yknY,0.8953
yknW,0.7665
ykoM,0.5457
ykzB,0.6412
ykoK,0.5708
ykoJ,0.7785
ykoH,0.4027
ykoF,0.2172
rbfA,0.9075
infB,0.9416
ylxR,0.8012
ylxS,1.04
yluC,1.08
cdsA,1.27
ylnB,0.4574
cysH,0.4041
pyrF,0.2106
pyrDII,0.2336
pyrC,0.2535
pyrP,0.3915
frr,0.605
tsf,0.4818
ylxL,2.43
cheD,2.91
cheW,2.15
cheB,2.49
ylyB,0.9707
ylyA,0.7406
divIVA,0.7349
ylmG,0.6921
ylmE,0.5477
ylmC,0.6176
ylxP,0.3787
ylxQ,0.5058
nusA,0.5185
proS,0.6629
yluB,0.5624
yluA,0.5395
ylnA,0.2319
pyrE,0.1278
pyrD,0.1386
pyrAA,0.1021
pyrB,0.1627
pyrR,0.3391
smbA,0.4672
rpsB,0.3438
sigD,1.67
cheC,1.82
ylxH,1.68
lsp,0.6447
ylmH,0.7032
ylmF,0.3933
ylmD,0.4361
ylmB,0.5355
yoaT,2.33
yoaS,1.8
yozF,0.0
yoaP,1.96
yoaN,1.69
pelB,1.71
yncM,2.51
ynzH,0.961
yncE,0.8411
yncC,0.7686
xylB,0.8503
xylR,0.8541
yoaJ,1.1
yoaH,1.07
yoaF,0.2585
yoaD,0.3327
yoaB,0.2463
yoxB,1.09
ynaJ,0.6159
ynaG,0.7155
ynaE,0.6129
ynaC,0.5156
ynzG,0.8172
ynxB,0.7904
yozG,1.01
yoaR,0.7286
yoaQ,0.8149
yoaO,0.6828
yoaM,0.8631
yoaK,1.17
thyA,0.393
yncF,0.4655
yncD,0.4133
yncB,0.8072
xylA,0.4829
xynB,0.5557
yoaI,0.7349
yoaG,0.433
yoaE,0.4618
yoaC,0.1722
yoaA,0.7051
yoxC,1.21
ynaI,0.4133
ynaF,0.4133
ynaD,0.5828
ynaB,0.3483
ynzF,0.4235
glnA,0.4244
yopS,1.72
yopU,1.04
yopW,1.53
yopY,1.53
yoqA,1.69
yoqC,1.84
cgeD,1.39
yodT,0.7988
yodR,1.66
yodP,1.35
yozE,1.02
yodM,1.11
yoqE,1.26
yoqG,1.06
yoqI,1.29
yoqK,0.93
yoqM,1.65
yoqO,0.8868
deoD,1.26
yodI,1.09
ctpA,1.19
yodE,1.22
yodC,1.86
yojA,0.8509
yopT,0.5563
yopV,0.8428
yopX,0.7221
yopZ,0.0
yoqB,0.9867
yoqD,0.8993
cgeE,0.7335
yodS,0.9585
argE,0.96
yodO,0.9051
yodN,0.8575
yodL,1.03
yoqF,0.7781
yoqH,0.8299
yoqJ,0.885
yoqL,0.8132
yoqN,1.03
yoqP,0.7693
yodJ,0.9219
yodH,0.7589
yodF,0.3083
yodD,0.8274
yodA,0.8409
yojB,0.8313
hbs,1.79
mtrB,0.7775
gerCB,1.14
ndk,0.7222
aroF,0.5142
aroH,0.3335
ypmP,0.423
ypmR,0.4939
ypmT,0.5973
ypoP,0.5705
yppQ,1.2
yokA,0.9045
trpD,0.5499
trpF,0.5355
trpA,0.4337
tyrA,0.3633
ypiA,0.8198
ypiF,1.15
yokC,0.8378
yokE,1.19
yokG,0.5595
yokI,1.4
yokK,0.8183
yolA,1.41
mtrA,0.535
gerCA,0.6138
gerCC,0.5802
cheR,0.3264
aroB,0.1794
trpE,0.5318
ypmQ,0.3163
ypmS,0.3495
ypnP,0.63
yppP,0.7489
ypqP,0.5667
yokB,0.9947
trpC,0.4702
trpB,0.3536
hisC,0.3794
aroE,0.3555
ypiB,0.66
qcrA,0.5198
yokD,0.5592
yokF,0.8872
yokH,0.4311
yokJ,0.5643
yokL,0.5782
yolB,0.8724
yqgY,1.79
yqhA,3.25
yqxL,2.83
comGB,3.18
comGD,2.77
comGF,2.66
yqjQ,1.05
yqjS,0.8466
yqjV,1.22
yqjW,1.24
yqjY,0.4956
yqkA,0.8284
yqzE,1.52
yqxM,0.859
cotN,0.3338
sinI,1.15
yqhH,0.9424
yqhJ,0.6488
yqkC,0.4277
yqkE,0.9769
yqkG,0.0
ansA,1.0
yqkI,1.08
yqkK,0.8902
yqgZ,2.39
yqhB,1.26
comGA,1.44
comGC,1.37
comGE,1.17
comGG,1.08
yqjR,0.6016
yqjT,0.627
yqzH,0.6607
yqjX,0.6706
yqjZ,0.2965
yqkB,0.2185
yqzG,0.9675
sipW,0.4081
sinR,0.8546
yqhG,0.7935
yqhI,0.4725
yqhK,0.4613
yqkD,0.6279
yqkF,0.7809
ansR,0.6879
ansB,0.6518
yqkJ,0.8167
spoIIM,0.7715
yrpD,3.6
aadK,1.65
yrdB,1.4
yrdD,1.62
yrdF,1.52
azlC,1.51
yqcJ,1.86
yqcL,1.88
spoIVCA,2.03
nucB,1.94
yqeC,1.99
yqeE,1.74
brnQ,0.941
gltR,1.31
czcD,1.18
yrdQ,1.0
yrkA,1.04
blt,0.9873
yqeG,1.73
aroD,1.51
yqeJ,1.2
yqeL,1.2
comER,1.47
comEB,1.6
yrpB,0.7329
yrdA,0.7359
yrdC,0.4893
cypA,0.7744
azlB,0.8679
azlD,1.01
yqcK,1.12
yqcM,1.05
spoIVCB,1.42
yqeB,1.7
yqeD,0.0
yqeF,1.1
yrdK,0.6672
yrdN,0.8267
trkA,0.0
yrdR,0.8393
bltD,0.8037
bltR,0.8666
yqeH,1.08
yqeI,0.9625
yqeK,1.02
yqeM,0.9877
comEA,1.2
comEC,1.07
ysdC,3.43
araA,1.83
araD,2.09
araM,2.17
araP,2.07
abfA,1.94
yrbB,0.3869
yrbD,1.22
yrzG,1.02
yrbE,0.8722
bofC,1.05
ruvB,0.6893
ysfE,1.37
ysfC,1.2
ysfA,0.9356
pheS,0.4293
ysgB,1.45
yshC,1.27
tgt,0.3627
yrzE,0.9246
spoVB,2.47
yrvB,0.4265
yrvC,0.6154
abnA,0.0
araB,0.0
araL,0.0
araN,0.0
araQ,1.17
cstA,0.4376
yrbC,0.5334
yrzH,0.6974
yrzF,0.7366
csbX,0.6309
ruvA,0.2965
queA,0.2421
ysfD,0.8684
ysfB,0.899
ysgA,0.8098
pheT,0.4295
yshB,0.8328
yshD,0.8382
yrbF,0.4182
yrbG,0.5123
yrzD,0.2569
secF,0.3349
yrvD,0.4382
apt,0.3235
ytxO,2.75
ytcB,2.77
ytdA,1.83
menF,2.03
ytxM,1.73
menE,1.49
ytmQ,1.13
malS,1.79
ytoP,1.94
ytpP,1.17
ytpS,0.0
murC,1.15
ytgA,0.9371
ytgC,1.2
ythB,1.43
ytiA,0.5077
ytjA,1.04
ytkA,1.32
ytxH,3.11
aroA,0.2726
ytxD,1.26
acuC,1.11
acsA,1.02
rpsD,0.8197
ytcC,1.19
ytcA,1.3
yteA,1.36
menD,0.7991
menB,0.7988
ytfD,1.06
ytnP,1.04
ytzB,2.06
ytoQ,1.75
ytpR,0.0
ytpT,0.0
ytxG,0.0
ytgB,0.6956
ytgD,0.8678
ythA,0.8546
ytiB,0.7355
ytjB,0.9451
dps,8.69
ytxJ,2.47
ccpA,0.5758
ytxE,0.616
acuA,0.659
tyrS,0.59
yusU,2.46
yusS,3.28
yusQ,3.64
yusO,8.48
yusM,3.11
yusK,2.21
yuxI,2.26
yukE,2.45
yukC,1.93
yueC,1.22
yueE,1.29
yuzE,1.37
yusI,2.52
yusG,2.96
yusE,2.26
yusC,2.11
yusA,1.23
yurY,2.47
yueG,1.46
yueI,1.3
yueK,0.8124
yuzC,1.05
comQ,1.33
comP,1.23
yusT,1.43
yusR,1.58
yusP,2.61
yusN,1.59
yusL,0.0
yusJ,1.09
ald,1.35
yukD,1.22
yukB,1.02
yueD,0.8603
yuzF,0.8821
yueF,0.9157
yusH,1.48
yusF,1.77
yusD,1.62
yusB,1.08
yurZ,1.21
yurX,1.77
yueH,0.9815
yueJ,0.539
yuxH,0.5284
degQ,0.842
comX,0.872
comA,0.7838
yvoA,2.29
nagA,2.26
lgt,1.92
yvpA,2.05
hisZ,1.61
hisD,1.28
tpi,1.25
eno,1.24
yvbJ,1.15
yvbH,1.39
yvbF,1.18
opuCB,1.39
hisH,0.1782
hisF,0.2114
yvcA,0.991
yvzA,0.8835
yvcD,1.16
trxB,1.39
opuCD,1.7
yvaZ,1.57
yvaX,3.23
yvaV,1.54
opuBC,1.77
yvaQ,1.73
nagB,1.0
yvoB,1.05
yvpB,1.62
hisG,1.16
hisB,0.8747
pgm,0.9882
yvbK,0.9304
yvbI,1.11
yvbG,1.02
opuCA,0.9356
opuCC,0.7401
hisA,0.1012
hisI,0.09794
yvcB,0.7056
yvcC,0.8741
yvcE,1.09
yvcI,0.6801
yvbA,1.06
yvaY,1.53
yvaW,2.56
opuBB,1.25
opuBD,0.8528
yvaP,1.54
fbaA,3.55
murZ,3.69
rpmE,3.05
ywkB,4.09
ywkD,2.89
ywkE,4.18
ywrE,1.75
cotG,2.57
cotB,2.26
ywrK,1.49
alsS,1.67
ywrO,1.09
ywlA,2.62
ywlB,2.49
ywlE,2.13
ywlG,1.72
upp,1.88
atpB,1.47
ywsB,3.46
rbsC,1.67
rbsD,1.63
rbsR,1.19
ywtA,1.56
ywtC,0.9946
ywjH,1.48
ywjI,1.54
ywkA,2.25
ywkC,1.75
prfA,1.86
ywkF,2.37
ywrF,1.27
cotH,1.39
ywrJ,1.31
alsR,1.19
alsD,1.03
ywsA,1.34
spoIIR,1.7
ywlD,1.15
ywlF,1.13
glyA,1.18
atpI,0.9754
atpE,0.8579
rbsB,1.13
rbsA,1.05
rbsK,1.13
ywsC,1.19
ywtB,1.11
ywtD,2.44
deaD,1.93
yxiP,2.2
bglS,2.41
katB,5.24
yxiT,2.78
yxjB,1.93
ywcF,4.0
ywcH,2.36
ywcI,1.81
ywcJ,1.86
sacA,1.57
thiD,1.06
yxjD,1.33
yxjF,1.11
yxjH,0.3267
yxjJ,0.8787
yxjL,1.45
yxjN,1.35
ywdD,1.48
ywdF,1.28
ywdH,1.44
ywdJ,1.38
ywdL,1.43
spsB,1.49
yxiO,0.9793
licT,0.9197
yxiQ,1.27
yxiS,1.3
yxjA,1.16
yxjC,1.13
ywcG,1.74
vpr,1.27
sacT,1.05
sacP,1.17
ywdA,1.15
ywdC,0.9511
yxjE,0.7273
yxjG,0.1627
yxjI,0.3243
pepT,1.27
yxjM,0.8923
yxjO,0.7981
ywdE,0.9981
ung,0.7134
ywdI,0.9554
ywdK,0.8999
spsA,0.9628
spsC,0.9853
rnpA,4.98
jag,3.24
gidB,4.3
yydK,1.57
bglA,1.49
ahpC,0.8834
gntP,1.05
gntR,1.37
yxaB,1.5
yyaB,2.85
spo0J,1.47
yyaD,1.93
yyaF,0.9746
ssb,0.8821
exoA,1.56
yxaD,1.13
yxaF,1.2
yxaH,1.19
yxaJ,1.04
yxaM,0.8512
yxbB,0.649
rpmH,2.53
spoIIIJ,0.0
thdF,1.84
yyaA,0.0
yyzE,0.9361
ahpF,0.0
gntZ,0.0
gntK,0.0
yxaA,0.8831
yxaC,0.968
soj,0.7038
yyaC,1.36
yyaE,0.9559
rpsF,0.895
rpsR,0.7315
yyaG,1.22
yxnA,0.9272
yxaG,0.754
yxaI,0.2219
yxaL,0.5929
yxbA,0.4913
yxbC,0.905
gltA,1.03
ppsE,3.09
ebrA,1.75
ymfG,0.6927
bpr,2.47
cheV,3.5
rho,3.32
tagD,1.58
yvfE,0.8704
yvgP,1.89
yurC,1.42
aapA,1.53
spoIIS,0.8889
xtmB,1.63
yhjN,1.56
yhaA,0.8991
yheJ,1.17
yfmB,1.13
yqhQ,0.9266
yosN,0.7444
pnpA,0.3239
flhA,2.15
fliP,2.42
fruB,1.19
ppsC,0.7702
yngB,0.4996
pyrAB,0.2652
polC,0.9423
pycA,2.1
ptsH,1.0
tdk,2.78
yvfC,0.5961
yvfK,0.998
yusY,0.9693
ysnF,1.73
lepA,1.46
xkdO,1.22
yirY,2.0
yhfQ,0.4088
yhaQ,0.362
yfkL,0.9734
yfnC,0.8056
spoIIIAG,0.8568
yojG,0.8734
flhF,1.69
flhB,2.2
cheY,1.6
moaD,0.8998
hprT,3.38
yvoF,1.26
yvdS,1.5
sacB,1.85
ffh,0.5036
ssuC,1.47
yvfP,1.49
ctc,4.8
ppsB,0.7724
yvgR,0.6049
ydjK,0.9662
spoIIE,0.6457
ywbL,1.77
sigL,0.7598
yacA,3.29
yvdR,1.06
yveB,0.9999
yqxK,0.8698
yhaR,1.09
pnbA,0.5297
ytnM,0.8384
prs,2.54
ykoW,0.6415
cotA,0.6121
ydjA,0.4777
hutH,0.8886
secA,0.9957
ybaS,2.24
ybaN,2.61
gerD,2.21
cwlD,1.65
ybaJ,0.8436
rplM,0.2408
gcaD,5.2
yabJ,2.19
yabH,4.27
veg,2.67
ksgA,2.42
ybaF,0.655
ybxA,0.5371
rpoA,0.8716
rpsM,0.7418
infA,0.6308
adk,0.5831
abrB,0.9639
yazA,1.54
yabA,1.53
holB,1.69
yaaQ,1.54
ybaR,0.8788
kbaA,1.18
ybaL,0.4707
ybaK,0.9006
rpsI,0.1452
truA,0.3266
spoVG,3.4
purR,1.75
sspF,1.66
yabG,2.13
yabF,2.02
ybaE,0.3365
rplQ,0.665
rpsK,0.5838
rpmJ,0.4624
map,0.497
secY,0.568
yabC,1.03
yabB,0.963
yaaT,1.03
yaaR,1.15
tmk,1.25
ycnG,2.09
yczG,1.04
ycnD,1.22
yclQ,0.3612
yclO,0.7314
yclM,1.16
rapJ,2.68
ycdC,3.08
natB,2.47
yccH,2.25
yccF,2.35
yczB,1.37
yclK,0.8694
yclI,1.02
gerKB,0.8508
gerKA,1.09
yclE,0.5464
yclC,1.27
cwlJ,1.22
ycbO,1.22
ycbL,1.34
yczA,1.2
ycbH,1.02
ycbF,0.8851
ycnF,0.6622
ycnE,0.6246
ycnC,0.6511
yclP,0.2352
yclN,0.62
rapC,0.3673
ycdD,1.65
ycdA,2.24
natA,1.33
yccG,1.36
lipA,1.12
phoD,0.9059
yclJ,0.5662
yclH,0.6733
gerKC,0.8715
yczF,0.8247
yclD,1.01
yclB,1.17
ycbP,1.09
ycbN,0.8973
ycbK,0.9534
ycbJ,0.7909
ycbG,0.7684
ycbE,0.6925
ydiF,3.2
ydiD,4.68
ydiB,4.75
ydhU,3.29
ydhS,2.47
ydhQ,2.74
yddF,0.0
yddC,1.71
yddA,1.52
ydcS,1.37
ydcQ,1.29
ydcO,1.37
ydhO,2.25
ydhM,2.17
ydhK,4.69
ydhI,2.13
ydhG,1.92
ydhF,1.95
ydcN,1.05
ydcL,0.9701
ydcH,0.8076
ydcF,0.9832
sigB,1.42
rsbU,0.7502
ydiE,2.19
ydiC,2.47
ydiA,2.43
ydhT,1.51
ydhR,1.21
ydhP,1.12
yddD,0.9516
yddB,0.7326
ydcT,1.01
ydcR,0.8937
ydcP,1.12
sacV,1.0
ydhN,1.23
ydhJ,1.87
ydhH,1.7
phoB,1.38
ydhE,1.17
ydcM,0.7158
ydcK,0.0
ydcG,0.7947
rsbX,1.12
rsbW,0.8658
rsbT,0.6158
yfjF,2.26
acoR,2.11
acoC,1.94
acoA,2.14
yfjM,1.65
yfjO,2.72
yesT,1.44
yesR,0.6926
yesP,1.61
yesM,1.16
yesK,0.8382
cotJB,1.44
yfjQ,1.67
yfjS,1.57
yfkA,1.37
yfkC,1.62
yfkE,1.31
yfkJ,1.5
yesF,1.17
yeeK,0.8089
rapH,0.856
yezA,0.9077
yeeC,0.7871
yeeA,1.07
yfjU,0.9352
acoL,0.8568
acoB,1.02
yfjL,1.01
yfjN,1.07
yfjP,0.9012
yesS,0.4207
yesQ,0.8642
yesO,0.8235
yesL,0.6851
yesJ,0.2936
cotJA,0.8717
yfjR,0.972
yfjT,0.7115
yfkB,0.8268
yfkD,0.984
yfkH,1.01
yfkK,0.9354
yesE,0.7712
yeeI,0.0
yeeG,0.6549
yeeD,0.6845
yeeB,0.6821
yefC,0.7647
yhfD,2.19
yhfB,1.18
yhgD,1.45
hemH,0.844
pbpF,1.87
yhgB,1.56
yhcN,1.37
yhcL,1.35
yhcJ,0.7706
yhcI,0.7851
yhcG,0.9774
yhcE,1.07
ecsC,1.12
ecsA,1.1
serC,0.5969
yhaH,0.9952
yhaI,0.84
yhaK,0.8791
yhcB,0.61
yhbJ,0.5185
yhbH,0.8344
yhbF,0.407
yhbD,0.96
yhbA,0.8961
yhfC,0.8414
yhgE,0.9961
hemY,0.7231
hemE,0.5132
yhgC,1.08
yhfA,1.14
yhcM,0.399
yhcK,0.5531
cspB,0.1927
yhcH,0.4408
yhcF,0.4971
yhcC,0.3273
ecsB,0.5429
hit,0.4462
yhaG,0.5077
hpr,0.2938
yhaJ,0.6201
prsA,0.2612
yhcA,0.4983
yhbI,0.3588
prkA,0.6293
yhbE,0.4698
cspR,0.3649
yhzB,0.6377
yjkA,1.7
yjiC,1.5
yjiA,1.2
yjhA,0.4998
yjgB,1.49
yjfC,1.05
carA,0.1606
argB,0.2677
argC,0.2867
yitY,0.5773
yitW,0.9814
yitU,1.02
yjfA,1.14
cotT,1.25
yjdJ,0.9334
yjdG,0.701
yjdE,0.96
yjdC,0.9188
yitT,1.1
nprB,0.8933
yitQ,0.7216
yitO,0.9078
yitM,1.06
yitK,0.492
yjjA,0.4681
yjiB,0.7977
yjhB,0.5717
yjgD,0.962
yjgA,0.6676
yjfB,1.21
argD,0.1356
argJ,0.1101
yitZ,0.546
yitX,0.5001
yitV,0.4483
ipi,0.7751
yjeA,0.2262
yjdK,0.4481
yjdI,0.4309
yjdF,0.3147
yjdD,0.7304
yjdB,0.6439
yitS,0.3927
yitR,0.5427
yitP,0.6547
yitN,0.6698
yitL,0.2563
yitJ,0.2763
yknV,3.54
moaE,2.8
moeA,1.9
mobA,2.75
ykuV,2.69
ykuT,1.98
ykoE,0.3174
ykoC,0.2473
ispA,0.9797
yknA,1.15
ykmA,1.13
proA,0.6058
ykuR,1.07
ykuP,1.09
ykuN,1.44
ykuL,1.44
ykuK,0.9302
ykuI,1.51
ykkE,0.5502
ykkC,0.8081
ykkA,0.8324
ykzH,0.9131
ykhA,0.5324
ykgB,0.5262
yknU,0.0
mobB,1.44
moeB,1.31
ykuW,0.9394
ykuU,1.03
ykuS,0.6509
ykoD,0.1516
ispU,0.5003
metC,0.2549
ykzA,2.68
yklA,0.6613
proB,0.446
ykuQ,0.6906
ykuO,0.7756
ykuM,0.9066
ykzF,0.6055
ykuJ,0.892
ykuH,1.12
ykkD,0.6654
ykkB,0.6214
ykjA,0.6379
hmp,0.6199
ykgA,0.6564
ykfD,0.5994
fliR,5.48
fliZ,4.29
fliM,3.76
flgE,3.22
fliK,3.58
fliJ,3.01
ylmA,1.05
sigE,1.38
ftsZ,1.51
sbp,2.56
ylxW,2.81
murB,3.46
fliH,2.5
fliF,3.1
flgC,2.44
codY,0.9102
clpQ,1.23
gid,1.17
spoVE,2.23
mraY,1.98
pbpB,2.56
ylxA,1.15
yllA,1.95
ylbP,1.69
fliQ,1.8
fliY,2.32
fliL,1.9
ylxG,2.25
ylxF,2.09
fliI,1.16
sigG,0.8656
spoIIGA,0.8918
ftsA,0.9529
ylxX,1.7
divIB,1.58
murG,2.15
fliG,1.79
fliE,1.72
flgB,1.61
clpY,0.8031
codV,0.6347
topA,0.7925
murE,1.45
ftsL,0.9884
yllB,0.7553
ylbQ,1.41
ylbO,2.14
yoxD,2.49
proH,2.38
gltC,0.9954
yogA,0.9681
ggt,1.35
yoeC,1.04
glnR,0.4214
ynbA,0.6073
cwlC,0.8234
nrdF,0.1951
ymaA,0.3689
ymzC,0.9404
yoeA,0.8038
pbp,0.9632
yngK,1.47
yngJ,1.24
yngH,1.19
yngF,1.01
miaA,0.461
ymaG,0.8427
ymaD,0.7337
aprX,0.8813
ymzB,0.9443
pksN,1.5
rtp,0.0
proJ,1.02
gltB,0.2353
yofA,0.6255
yoeD,0.5524
yoeB,0.04743
ynbB,0.4322
spoVK,0.5353
ymaB,0.2596
nrdE,0.5086
ymzA,0.3428
ymaH,0.316
yoxA,0.5118
yngL,0.8467
ynzE,0.8131
yngI,1.0
yngG,0.6485
yngE,0.7771
ymaF,0.6802
ebrB,0.5519
ymaC,0.7022
ymaE,0.5411
pksS,0.6796
pksJ,0.4499
yoqR,2.31
yoqT,2.17
yoqV,2.28
yoqY,1.9
yorA,1.79
yorC,2.02
yojC,1.82
yojF,1.5
yojI,1.17
yojK,1.93
yojM,2.6
yojO,1.59
yorE,1.04
yorG,1.29
yorI,1.29
yorK,1.32
yorN,1.08
yorP,1.0
yocS,0.5953
sodF,1.17
dhaS,1.22
yozO,0.2262
yozN,0.5132
yocL,0.5518
yoqS,0.0
yoqU,1.1
yoqW,0.4594
yoqZ,0.906
yorB,1.56
yorD,1.39
yojE,0.996
yojH,0.9306
yojJ,1.26
yojL,3.15
yojN,1.13
odhB,0.9714
yorF,0.7024
yorH,0.8232
yorJ,0.9667
yorM,0.8351
yorO,0.6563
yorQ,0.7994
yocR,0.7871
sqhC,0.7191
yozC,0.3232
yocN,0.5017
yocM,0.3268
yocK,0.4611
qcrC,1.96
ypjB,1.52
ypjD,1.24
ypjF,0.7693
ypjH,0.6838
birA,0.5176
yolC,0.0
uvrX,1.67
sunA,1.67
yolI,0.7537
yolK,0.6489
yomB,1.19
panC,0.275
ypmB,0.3412
asnS,0.5971
nth,0.657
yppB,0.6652
yomD,1.02
yomF,1.12
yomH,1.12
yomK,2.08
yozP,1.13
yomN,1.15
ypjA,0.8028
ypjC,0.5682
dapB,0.3798
ypjG,0.3588
papS,0.281
panB,0.1777
yolD,0.799
yolF,1.91
sunT,0.3079
yolJ,0.2576
yomA,0.6744
yomC,0.7037
panD,0.1723
ypmA,0.0
aspB,0.2394
dnaD,0.4129
ypoC,0.553
yppC,0.6064
yomE,0.8866
yomG,0.7891
yomJ,1.3
yomL,1.16
yomM,1.01
yomO,0.9291
yqhL,2.16
yqhN,1.33
yqhP,1.66
yqhS,1.88
efp,1.31
spoIIIAA,1.57
yqkL,1.58
drm,1.26
dacF,1.4
spoIIAB,1.34
spoVAA,1.48
spoVAC,1.14
spoIIIAC,1.07
spoIIIAE,1.25
spoIIIAH,1.16
accC,0.6004
yqhZ,0.5371
yqiB,0.8153
spoVAE,0.8121
lysA,0.3147
ppiB,0.5392
ypuB,0.9068
ypzC,0.8243
ypuD,0.0
yqhM,0.6284
yqhO,1.03
yqhR,1.07
yqhT,1.02
yqhV,0.9523
spoIIIAB,0.8859
ripX,0.5418
pnp,0.7645
spoIIAA,0.7937
sigF,0.7312
spoVAB,0.7649
spoVAD,0.96
spoIIIAD,0.8003
spoIIIAF,0.7225
accB,0.3805
yqhY,0.2981
folD,0.3796
yqiC,0.5153
spoVAF,0.6727
ypuA,1.74
ypzD,0.7344
ypuC,0.6396
sipS,0.5284
ypuE,0.4799
yrkB,2.19
yrkD,1.48
yrkF,1.76
yrkH,1.78
yrkJ,1.52
yrkL,1.35
yqeN,1.8
gpr,1.57
yqxA,1.83
dnaK,1.1
yqeT,1.29
yrkN,1.24
yrkP,1.32
yrkR,1.23
spoIIIC,1.31
yqaC,1.37
yqaF,1.19
yqeV,1.06
rpsU,1.27
yqeZ,0.6954
yqfB,0.6293
yqfD,1.14
yqfF,0.6834
yrkC,0.9416
yrkE,1.03
yrkG,0.869
yrkI,0.9105
yrkK,0.7791
yrkM,1.19
rpsT,1.35
spoIIP,0.0
hemN,1.35
grpE,0.8916
dnaJ,0.707
yqeU,0.9649
yrkO,0.7628
yrkQ,0.9621
yrkS,1.02
yqaB,0.9313
yqaE,0.7093
yqdA,0.8212
yqeW,0.9821
yqeY,0.9723
yqfA,0.5752
yqfC,0.8367
phoH,0.708
yqfG,0.4766
yshE,1.99
ysiA,1.76
etfB,1.48
xsa,1.78
uvrC,1.64
lysC,0.7355
relA,0.3937
yrvJ,0.6971
hisS,0.3033
yrvM,0.5042
yrzC,1.44
yrvP,1.15
sdhC,1.04
sdhB,0.9561
gerE,1.15
racE,1.11
rph,1.64
ysnB,1.38
yrrB,1.52
yrrD,0.992
glnM,0.9205
glnQ,0.6169
yrzB,0.2607
lcfA,0.9087
ysiB,1.01
etfA,0.9271
trxA,1.6
ask,0.4907
yslB,1.04
yrvI,0.2039
yrzK,0.5012
aspS,0.1859
yrvN,0.5468
yrvO,0.8735
yrrA,0.9134
sdhA,0.6853
ysmA,0.705
ysmB,0.0
gerM,0.8029
ysnA,1.11
ysnE,0.6967
yrrC,0.8344
glnP,1.1
glnH,0.7118
yrrI,0.6689
yrrK,0.1713
yrrL,0.0
ytkC,3.11
ytlC,2.13
ytlA,1.39
ytmB,1.16
metK,0.5696
ytnA,1.06
ytsP,1.45
ytwP,1.46
nifZ,1.99
sspA,1.87
ytcJ,1.21
yteI,0.6003
ytpA,0.778
ytqA,0.9722
ytrA,0.8724
ytrC,0.8058
ytrE,0.6233
ytsA,0.781
ytfI,1.04
ytxK,1.75
moaB,1.06
argH,0.3373
ytkK,1.1
ytlI,1.04
ytlD,1.1
ytlB,0.9385
ytmA,1.03
pckA,0.7922
asnB,0.5311
ytoA,0.6459
ytvP,0.9238
braB,1.06
ytbJ,1.48
ytcI,0.6633
ytdI,0.8243
yteJ,0.2954
ytqB,0.602
ytzC,0.7568
ytrB,0.6773
ytrD,0.5329
ytrF,0.3026
ytsB,0.6691
ytgI,1.01
ackA,1.03
argG,0.1703
ytzD,0.1837
ytkL,0.9593
ytmI,0.7458
yurW,3.67
yurU,3.59
yurS,2.1
yurQ,1.06
yurO,0.7317
yurM,1.09
yufB,1.63
yufD,1.82
yufU,1.37
yufS,1.47
yufQ,1.14
yufO,1.06
yurK,0.8737
yurI,1.27
yurF,1.23
yurD,1.09
yunM,1.16
yunK,1.18
yufM,1.42
yuxK,1.17
yuxJ,1.25
kapB,0.8643
patB,1.05
yugF,1.37
yurV,1.8
yurT,0.9284
yurR,0.9092
yurP,0.9533
yurN,0.6182
yurL,0.6431
yufC,0.9264
yufV,0.7971
yufT,0.6993
yufR,0.8619
yufP,0.5311
yufN,0.7132
yurJ,0.5449
yurH,0.4096
yurE,0.9224
yurB,0.7721
yunL,0.7852
yunJ,0.8152
yufL,1.06
pbpD,1.03
kapD,1.0
kinB,0.8784
yugE,0.9058
yugG,0.7316
yvcJ,1.95
yvcL,1.85
yvcN,1.79
yvcQ,1.49
yvcS,1.68
yvdA,1.67
yvaO,2.21
yvzC,1.76
yvaL,2.15
yvaJ,1.37
yvaG,2.19
yvaE,2.05
yvdC,0.8443
yvdE,1.13
yvdG,1.26
yvdI,1.3
yvdK,1.3
yvdM,1.1
yvaC,2.14
yvaA,5.58
yvgY,1.21
yvgW,0.0
yvgU,2.31
yvgS,1.08
yvcK,0.733
crh,0.7618
yvcP,0.873
yvcR,0.7796
yvcT,1.22
yvdB,0.7725
yvaN,0.5844
yvaM,1.13
yvaK,0.0
yvaI,1.33
yvaF,1.28
yvaD,1.33
yvdD,0.2596
yvdF,0.8412
yvdH,0.7857
yvdJ,0.8767
yvdL,0.8117
clpP,0.4959
yvaB,0.0
yvgZ,0.888
yvgX,0.8055
yvgV,1.23
yvgT,0.8148
yvgQ,0.2355
atpF,2.27
atpA,2.23
atpD,1.61
ywmA,2.31
ywmB,1.21
spoIID,1.66
ywtE,1.67
ywtG,2.4
gerBB,1.26
pmi,1.74
tagC,2.17
tagA,1.49
ywmE,1.34
narA,0.8927
ywmF,1.39
ureA,1.03
ureC,1.04
ywnB,1.12
tagF,1.11
ggaA,1.75
lytR,1.42
lytC,4.72
tuaB,1.59
tuaD,1.55
atpH,0.975
atpG,1.06
atpC,1.06
ywzB,0.8084
murA,0.4112
ywmC,0.9096
ywtF,0.9785
gerBC,1.41
gerBA,1.68
lytD,1.9
tagB,1.91
tagE,2.51
narQ,0.5181
rapB,0.3997
ywmG,1.7
ureB,0.6716
ywnA,0.55
ywnC,0.3329
tagG,2.2
yvyH,1.26
lytB,4.3
tuaA,1.48
tuaC,1.29
tuaE,1.21
yxkA,2.05
yxkC,0.5214
aldY,1.86
msmX,1.32
yxzE,1.24
yxkJ,1.34
spsD,1.57
spsG,1.64
spsJ,1.46
yweA,1.51
rocA,1.04
rocC,1.43
cydB,1.59
cydD,1.55
yxlA,1.56
yxlC,1.64
yxlE,1.76
yxlG,1.71
ywfB,1.17
ywfD,0.9591
ywfF,1.06
ywfH,1.22
pta,1.34
ywfL,1.25
galE,0.9479
yxkD,0.8501
yxkF,0.8447
yxkH,1.29
yxkI,1.15
cydA,1.08
spsE,1.01
spsI,0.9007
spsK,0.7442
yweB,0.6611
rocB,0.7213
ywfA,1.0
cydC,0.8522
yxkO,1.2
sigY,1.19
yxlD,1.14
yxlF,0.8535
yxlH,1.1
ywfC,0.8005
ywfE,0.7861
ywfG,0.7929
ywfI,0.9141
ywfK,1.04
ywfM,0.9629
yyaH,2.91
yyaJ,3.0
yyaL,1.7
yyaN,1.63
tetL,1.29
yyaP,0.0
yxbD,0.0
yxbF,0.0
yxcA,0.0
yxcC,0.0
yxcE,1.86
iolR,1.35
yyaR,1.4
yyaT,1.51
yybB,1.26
yybD,1.64
yybF,1.65
yybI,2.11
iolB,1.17
iolD,1.12
iolF,1.1
iolH,0.9348
iolJ,1.18
yxdK,0.8558
yyaI,1.18
yyaK,0.6862
yyaM,1.19
yyaO,0.8853
tetB,0.7894
yyaQ,0.9348
aldX,0.9575
yxbG,1.16
htpG,0.667
yxcD,1.04
iolS,1.29
iolA,0.8285
yyaS,0.8945
yybA,0.8673
yybC,0.7756
yybE,0.3478
yybG,1.36
yybJ,1.47
iolC,0.8004
iolE,0.8038
iolG,0.7749
iolI,0.7663
yxdJ,0.7521
yxdL,0.8129
yeeF,1.8
purQ,0.2578
ydgJ,2.34
pbpC,0.4928
srfAC,4.17
ycgI,1.83
yknT,1.67
ptsI,2.61
ykvU,3.81
ykzE,1.15
yjdH,0.9736
yhdN,1.85
yczC,1.97
lmrA,2.2
ybgB,1.3
ybdD,0.8568
fus,1.7
yfiX,1.54
yfkF,1.16
treA,1.01
yflP,0.621
yesY,1.05
yddN,0.9233
yerP,0.8414
ydjD,0.6179
yddE,1.03
yclG,1.09
nasB,1.46
ycdB,2.28
patA,1.28
ykvW,1.16
ykrP,0.7919
ykoY,0.4705
yhaP,0.4275
yhbB,0.7196
yccC,1.25
ybgE,0.2349
ybgA,0.6742
rpmD,0.5629
rpoB,5.4
clpC,3.03
yfiB,0.9141
yfkI,1.13
yflH,0.646
yetM,0.7722
cotJC,0.8864
yddK,0.9154
yabD,3.75
yurG,1.26
ytqD,0.808
acuB,1.08
dnaE,1.59
levR,1.05
yqzC,1.03
yaaO,2.02
ypbG,1.17
ypvA,0.7369
cgeB,0.9439
yloB,0.8167
glcT,2.03
yjcD,0.5126
metS,1.17
ythC,0.8965
ytpB,0.612
ytoI,0.6889
yrhJ,0.9643
yqxH,0.9003
bmrU,0.8817
yaaN,0.7073
qcrB,0.6337
yosO,0.8026
ylqF,1.1
spoVD,1.37
yjgC,0.9792
yjaX,0.2953
rplO,0.756
rplR,0.8736
rpsH,0.5652
rplE,0.5972
rplN,0.4585
rpmC,0.6153
xpaC,1.37
bofA,2.87
recR,2.28
dnaX,2.39
yaaI,2.77
rpsC,0.3817
rpsS,0.3709
rplW,0.3286
rplC,0.2998
ybaC,1.32
rpsG,1.4
serS,0.8939
yaaD,1.72
guaB,1.45
gyrB,3.82
recF,3.72
rpsE,0.475
rplF,0.4727
rpsN,0.3863
rplX,0.4697
rpsQ,0.3909
rplP,0.3282
csfB,2.23
yaaL,1.26
yaaK,1.14
yaaJ,1.5
yaaH,1.57
rplV,0.3122
rplB,0.2224
rplD,0.2382
rpsJ,0.2055
tufA,1.14
rpsL,1.22
yaaE,1.11
dacA,1.46
yaaC,1.71
yaaB,2.87
yaaA,5.25
yclA,2.41
yckJ,1.63
yczE,2.14
ycxD,1.69
ycxB,2.15
srfAD,2.38
ycbD,1.24
ycbA,1.17
ybgH,0.9906
ybgF,0.8917
ybfP,0.9779
ybfN,0.927
yckH,2.43
yckF,2.76
nucA,2.19
yckE,2.26
yckC,2.02
yckA,1.87
ybfM,0.9582
ybfK,0.7462
purT,0.5025
ybfH,0.7438
ybfF,0.8925
ybfB,0.6322
yckK,0.565
yckI,0.0
sfp,1.59
ycxC,1.8
ycxA,1.95
comS,2.43
ycbB,0.9055
ybgJ,0.8669
ybgG,0.6131
ybfT,0.7677
ybfO,0.6898
psd,0.5896
yckG,1.94
tlpC,1.83
nin,1.75
yckD,1.32
yckB,1.57
yciC,1.21
pssA,0.5925
ybfJ,0.5516
ybfI,0.5893
ybfG,0.7724
ybfE,0.7073
ybfA,0.4708
ydhD,2.67
ydgK,3.09
ydgH,0.0
dinB,2.5
expZ,2.29
ydgD,1.76
rsbS,0.9763
ydcE,0.3926
dal,0.5961
ydcB,0.8189
ydbS,0.5914
murF,0.7176
ydgB,1.35
ydfT,1.35
ydfR,1.52
ydfQ,1.4
ydfO,1.13
ydfM,1.35
ydbP,0.5775
ydbM,0.6158
ydbK,0.6906
ydbI,0.5716
ydbF,0.8466
ydbD,2.4
ydhC,1.73
ydgI,1.42
ydgG,1.16
ydgF,1.02
ydgE,2.47
ydgC,1.28
rsbR,0.6669
ydcD,0.4414
ydcC,0.53
ydbT,0.3951
ydbR,0.1596
ddlA,0.2709
ydgA,0.9869
ydfS,1.08
ydzH,0.9323
ydfP,0.8515
ydfN,0.8714
ydfL,1.43
ydbN,0.3783
ydbL,0.463
ydbJ,0.5228
ydbG,0.5493
ydbE,0.6328
ydbC,0.6803
yfkM,6.73
treR,1.28
yfkQ,1.73
yfkS,1.76
yflA,3.42
yflC,1.28
yefB,1.2
yerQ,0.6133
yerN,0.3171
yerL,0.3813
sapB,0.7831
yerH,0.4554
yflE,2.19
yflG,0.6476
yflJ,1.0
yflL,0.8055
yflN,0.429
citT,0.5422
yerF,0.4665
yerD,0.682
yerA,0.4751
yezC,0.3435
purH,0.07252
purM,0.1164
yfkO,0.8978
treP,0.9402
yfkR,1.01
yfkT,1.56
yflB,1.12
yflD,0.5707
yefA,0.6875
yerO,0.5171
yerM,0.2525
opuE,0.5583
yerI,0.4286
yflF,0.6217
yflI,0.6571
yflK,0.7544
yflM,0.4835
citM,0.6075
citSc,0.0
yerE,0.3336
yerB,0.1481
yecA,0.3773
purD,0.06562
purN,0.06766
purF,0.0599
yhaL,1.36
yhaN,1.56
yhaS,1.35
yhaU,1.54
yhaW,1.13
yhaY,1.11
ygaO,0.7558
ygaN,0.8854
ygbA,1.21
katA,0.8521
ygaK,1.12
ygaJ,0.9834
yheA,0.8333
yheD,0.9426
sspB,1.54
yheG,0.7594
yheK,1.14
yheN,0.381
ygaI,0.4528
ygaH,1.57
ygaF,1.1
ygaE,1.53
ygaC,1.9
sspE,1.39
yhaM,0.5613
yhaO,0.7379
yhaT,0.7006
yhaV,1.24
yhaX,0.7528
yhaZ,0.7373
yhzA,0.7971
ygcA,0.6872
ygaL,0.701
senS,0.6562
thiA,0.1772
ygzA,0.5778
yheB,0.7357
yheE,0.6525
yheF,0.7875
yheI,0.4813
yheM,0.5433
yhdZ,0.7158
ygxA,1.8
ygaG,0.8116
gsaB,1.15
ygaD,1.74
ygaB,1.52
yfhR,1.02
yjdA,1.57
yjcR,1.96
yjcP,1.97
yjcN,0.6238
yjcL,1.12
yjcJ,0.3686
yitI,0.8242
yitG,0.9185
yitE,1.33
yitC,1.04
yitA,0.7547
yisX,0.8867
yjcH,0.7179
yjcF,0.6146
yjcC,0.8384
yjcA,0.8033
cotW,0.6846
cotY,0.6692
yisV,0.9238
yisT,0.9259
degA,0.8298
yisQ,1.01
yisO,1.1
yjcS,0.6686
yjcQ,1.24
yjcO,0.0
yjcM,0.6193
yjcK,0.5303
yjcI,0.2069
yitH,0.574
yitF,1.82
yitD,0.6475
yitB,0.7169
yisY,0.643
yisW,0.6333
yjcG,0.3921
yjcE,1.25
yjcB,0.5893
cotV,0.5602
cotX,0.5856
cotZ,0.4784
yisU,0.7188
yisS,0.7119
yisR,0.6547
yisP,0.8212
yisN,0.9826
yisL,0.8055
ykuG,2.11
ykuE,2.84
ykuC,2.35
kinA,3.01
ykwD,2.53
ykwB,1.95
ykfC,0.9412
ykfA,0.7732
dppD,0.618
dppB,1.17
ykeA,0.8516
ykcC,1.07
splA,1.55
ykvZ,2.87
ykvV,1.67
ykvS,3.3
ykvQ,1.57
ykvO,1.71
ykcA,0.6617
ykaA,0.5634
spoIISA,0.5247
xhlB,1.04
xkdY,0.9514
xkdW,0.9022
ykuF,1.27
ykuD,1.53
ykyB,1.89
ykwC,0.7986
splB,1.09
ykfB,0.5511
dppE,0.4312
dppC,0.0
dppA,0.3905
htrA,0.5953
ykcB,0.6931
ptsG,0.7018
ykvY,1.85
ykvT,1.02
ykvR,1.6
ykvP,1.17
ykvN,1.55
ykbA,0.5466
ykaB,0.3236
xlyA,0.9189
xhlA,0.925
xkdX,0.7581
xkdV,0.4354
smf,2.08
sucC,1.24
ylqG,3.49
rplS,1.63
ylqE,1.38
ylqC,0.6996
rpmF,1.69
ylbM,2.04
ylbK,2.82
ylbI,1.77
ylbG,1.91
ylbE,1.32
ylxM,0.2678
ftsY,1.34
rncS,0.8018
fabG,0.6388
plsX,0.4998
ylpB,1.1
ylbC,2.02
ylbA,1.65
ctaF,0.8959
ctaD,1.06
ctaB,0.9567
ylaO,1.95
sucD,0.7951
ylqH,1.7
rnh,1.78
trmD,0.8507
ylqD,0.8979
rpsP,0.5336
ylbN,1.02
ylbL,2.07
ylbJ,1.71
ylbH,1.15
ylbF,1.54
ylbD,1.12
ylqB,1.87
acpA,0.6751
fabD,0.3795
ylpC,0.3019
ylpA,0.7761
ylbB,1.25
ctaG,0.9011
ctaE,0.7685
ctaC,0.6926
ctaA,2.01
ylaN,1.46
yngD,1.26
yngA,1.38
ynfF,1.06
bglC,0.992
ynfC,0.4921
grlB,0.6292
pksI,0.4215
pksG,0.5211
pksE,0.5082
pksC,0.813
pksA,0.5829
mutL,0.6319
yneS,0.3567
yneQ,0.5491
tlp,0.7107
citB,0.0
cotL,0.7473
yneK,0.3475
cotE,0.5791
ymcB,0.4172
tdh,0.566
ymdB,0.3524
pbpX,0.3956
cinA,0.3631
yngC,0.2325
xynD,0.5415
ynfE,0.0
alsT,0.3574
grlA,0.2304
yneT,0.4147
pksH,0.3998
pksF,0.3303
pksD,0.3826
pksB,0.4611
ymcC,0.5215
mutS,0.4379
yneR,0.3142
yneP,0.366
yneN,0.2927
cotK,0.4547
cotM,0.5019
yneJ,0.3015
ymcA,0.4121
kbl,0.5026
spoVS,0.4747
ymdA,0.1603
recA,0.2475
pgsA,0.2822
yorR,1.63
yorT,1.5
yorV,1.4
yorX,1.56
yorZ,1.21
yosB,1.32
yocJ,0.8831
yocH,0.8509
yocF,0.3948
yocD,0.6148
yocB,1.95
yocA,1.34
yosD,1.1
yosF,1.01
yosH,1.16
yosJ,0.9433
yosL,0.8179
yosP,0.1964
yobW,1.02
yobU,0.6824
yobS,0.6372
yobQ,0.4017
yobO,0.6127
yobM,0.5128
yorS,1.03
mtbP,0.6629
yorW,0.8563
yorY,0.9856
yosA,0.8674
yosC,0.8635
yocI,0.6269
yocG,0.2972
yocE,0.09587
yocC,0.3988
yozB,0.1326
yozA,0.3803
yosE,0.9284
yosG,0.8449
yosI,0.7508
yosK,0.7168
yosM,0.4701
yosQ,0.7909
yobV,0.5742
yobT,0.4586
yobR,0.2362
csaA,0.0
yobN,0.0
yobL,0.0
yppD,1.33
yppF,1.34
ypqE,0.452
yprB,0.6139
ypsA,0.5788
ypsC,0.8379
yomP,1.42
yomR,1.1
yomT,1.04
yomV,1.43
yomX,1.43
yomZ,1.25
kduD,0.9122
kdgR,0.6961
kdgA,0.7229
ypwA,0.4927
pbuX,0.3496
ypbQ,0.8687
yonB,1.22
yonD,0.2899
yonF,1.1
yonH,1.23
yonK,0.9493
yonO,1.09
yppE,0.6512
yppG,0.6084
cotD,0.4203
ypsB,0.5083
yptA,0.8063
yomQ,1.01
yomS,0.9457
yomU,1.14
yomW,0.8901
yomY,0.8824
yonA,1.03
kduI,0.5331
kdgK,0.5325
kdgT,0.4832
xpt,0.2485
bcsA,0.5504
ypbS,0.3256
yonC,0.9356
yonE,0.8026
yonG,0.0
yonI,0.0
yonN,0.0
yonP,0.0
yqiD,1.11
yqxC,1.26
recN,1.72
spo0A,1.12
yqiH,0.5699
yqiK,0.9965
ribG,0.5343
ribA,0.4087
ribT,0.6256
ypuG,0.753
ypuI,0.7997
spmA,0.8288
mmgB,1.12
mmgD,1.2
yqiQ,1.02
yqiR,0.0
yqiT,3.01
yqiV,1.97
ypuL,0.3286
resB,0.3429
resD,0.4202
sigX,0.4611
aroC,0.6072
ypzE,0.6536
yqiE,0.6373
ahrC,1.02
spoIVB,0.9806
yqiG,0.6893
yqiI,0.7319
ribB,0.2804
ribH,0.3518
ypuF,0.487
ypuH,0.5075
dacB,0.5814
spmB,0.6879
mmgC,0.8515
mmgE,0.5883
yqzF,0.5545
yqiS,2.92
yqiU,1.8
bfmBAA,1.44
resA,0.3841
resC,0.4501
resE,0.429
ypuN,0.4165
serA,0.1788
ypaA,0.0
yqaG,1.58
yqaI,1.29
yqaK,1.39
yqaM,1.67
yqaO,1.43
yqaQ,1.41
dgkA,0.8346
bex,0.5944
glyQ,0.6047
yqzB,0.7459
yqxD,0.8539
sigA,0.8221
yqaS,1.98
yqbA,1.65
yqbC,1.07
yqbE,1.13
yqbG,1.17
yqbI,1.09
yqfN,0.6008
yqfP,0.7263
yqfR,0.7378
yqfT,1.1
yqfV,1.79
yqfX,0.8316
yqaH,0.9552
yqaJ,0.0
yqaL,0.982
yqaN,1.04
yqaP,2.72
yqaR,1.3
cdd,0.516
yqxN,0.4951
glyS,0.4111
yqfL,0.5289
dnaG,0.6453
cccA,0.3533
yqaT,1.37
yqbB,1.35
yqbD,0.9869
yqbF,0.8568
yqbH,0.899
yqbJ,0.8051
yqfO,0.545
yqfQ,1.02
yqfS,0.7934
yqfU,1.96
yqfW,0.5208
yqfZ,0.0
ysnD,0.8871
ilvN,0.1221
leuA,0.1962
leuC,0.1473
ysoA,0.371
clpX,1.35
yrrM,0.5938
yrrO,0.4018
greA,0.2849
yrrS,0.4166
yrrT,0.545
yrhA,0.6041
ysxD,0.969
hemX,0.8596
hemD,0.8461
hemL,0.9744
ysxE,1.12
yrhD,0.5808
yrhG,0.7954
yrhH,0.7735
yrhK,0.7991
yrhM,0.8502
yrhO,0.6937
ilvB,0.09157
ilvC,0.219
leuB,0.1379
leuD,0.2015
tig,0.9628
lonB,0.7694
yrrN,0.3215
udk,0.3108
yrrR,0.5599
yrzA,0.423
yrrU,0.2366
yrhB,0.4474
ysxC,0.4549
hemA,0.5944
hemC,0.678
hemB,0.638
spoVID,0.691
yrhF,0.3924
yrzI,0.5196
yrhI,0.0
yrhL,0.0
sigV,0.0
levD,0.0
ytsC,1.35
yttA,1.23
ytvA,0.9575
leuS,0.7284
melA,1.05
amyD,0.9462
ytmJ,1.46
ytmL,1.06
hisP,1.05
ytnJ,1.13
hipO,1.02
ytqI,0.6195
msmR,0.5344
bioW,0.1151
bioF,0.1702
bioB,0.1414
ytbQ,0.4058
ytcQ,0.8712
ytsJ,0.4026
pfk,0.6838
ytwI,0.8965
citC,0.7367
phoP,0.8558
yttB,0.548
ytvB,0.6898
ytwF,0.9651
amyC,0.7037
msmE,0.7181
ytmK,0.8425
ytmM,1.01
ytnI,0.7535
ribR,0.748
ytpI,0.6176
ytrI,0.5122
ytaP,0.3839
bioA,0.1178
bioD,0.1127
bioI,0.2459
ytcP,0.5033
ytdP,0.5008
yttI,0.3928
ytvI,0.7889
citZ,0.5899
citH,0.7283
phoR,0.0
mutM,1.26
yunI,1.24
yunG,1.01
yunE,0.9369
yunC,0.6638
yunA,1.0
yutC,1.23
yugH,1.21
yuzA,2.1
yugK,2.44
yugM,1.47
yugO,1.43
yugS,1.28
yutE,0.3098
yutG,0.6729
hom,0.0654
thrB,0.05138
yutI,0.6526
yutJ,0.8072
yugU,1.68
mcpB,2.12
mcpA,1.19
yuxG,0.9246
yulC,0.9519
yulE,1.17
yunH,0.6447
yunF,0.5978
yunD,0.5373
yunB,0.5417
yutB,0.3246
yutD,0.4566
yugI,1.17
yugJ,2.23
pgi,1.04
yugN,0.91
yugP,1.34
yugT,1.11
yutF,0.3284
yutH,0.3545
thrC,0.0488
yuxL,0.4013
yuzD,0.4412
yuzB,0.6029
tgl,1.34
tlpA,0.0
tlpB,1.41
yulB,0.0
yulD,0.0
yulF,0.0
yvdO,1.79
yvdQ,1.53
yveA,1.56
racX,1.03
yveG,1.29
slr,0.712
yvgO,1.8
yvgM,1.77
yvgK,1.74
yvsG,1.45
fhuD,0.913
fhuG,0.7733
yveN,0.5493
yveP,0.557
yveR,0.4021
yveT,0.5112
yvfB,0.4486
yvfF,0.9883
yvrP,1.06
yvrN,0.6902
yvrL,0.9226
yvrI,1.01
yvrG,0.9977
yvrD,1.1
yvdP,0.6378
yvdT,0.0
pbpE,0.6665
yveF,0.8417
padC,0.7454
yveL,0.37
yvgN,2.34
yvgL,1.17
yvgJ,0.917
yvsH,0.8603
fhuB,0.6952
fhuC,0.4905
yveO,0.229
yveQ,0.3642
yveS,0.4897
yvfA,0.4357
yvfD,0.4565
yvfG,0.5481
yvrO,0.67
yvrM,0.5532
yvrK,1.01
yvrH,0.0
yvrE,0.0
yvrC,0.0
mta,1.4
ywnF,1.49
spoIIQ,1.33
ywoA,0.911
nrgA,1.53
ywoC,1.19
tuaF,1.68
tuaH,1.53
yvhJ,1.71
degS,1.18
comFA,1.72
comFC,1.9
ywoE,1.16
ywoG,0.8495
usd,1.07
mbl,0.801
flhP,0.9487
ywpB,0.8189
flgM,1.28
flgK,1.33
yviE,1.29
csrA,1.16
yvyC,0.7538
fliS,0.4942
ywnE,0.7648
ywnH,0.5212
ywnJ,0.7971
nrgB,0.8311
ywoB,0.8532
ywoD,0.7886
tuaG,1.0
tagO,0.4623
yvyE,1.08
yviA,0.8176
comFB,1.01
yvyF,0.7953
ywoF,0.6688
ywoH,0.736
spoIIID,0.7988
flhO,0.583
rapD,0.6576
ywpC,0.3789
yvyG,0.9073
flgL,1.06
yviF,0.0
hag,1.57
fliD,0.6111
fliT,0.5298
katX,1.38
yxzF,1.43
licB,1.35
licA,1.6
ywaA,0.7533
dltD,2.77
ywfN,1.5
ywfO,2.12
ywgB,1.35
thrZ,0.4672
ywhB,1.39
ywhD,0.6088
dltB,2.04
ywaB,1.88
ywaD,1.83
ywaE,1.8
gspA,14.11
sacX,1.7
ywhF,0.8983
ywhH,1.06
rapF,0.8074
ywhL,1.08
ywhN,0.7191
ywhP,0.9471
yxlJ,1.12
licR,1.09
licC,1.05
licH,1.25
dltE,1.61
dltC,1.65
ywzC,1.18
ywgA,1.27
mmr,0.8866
ywhA,0.3836
ywhC,0.5212
ywhE,0.7579
dltA,1.6
ywaC,3.22
tyrZ,1.34
ywaF,1.81
sacY,1.9
epr,2.19
ywhG,0.8876
phrF,0.0
ywhK,0.0
ywhM,0.0
ywhO,0.0
ywhQ,0.0
yybK,3.13
yybM,3.04
yybO,2.77
yybQ,2.5
cotF,2.46
yybT,4.68
yxdM,1.32
yxeB,1.26
yxeD,1.37
yxeG,1.64
yxeI,1.28
yxeK,1.14
yycA,1.29
yycC,1.52
yycD,2.33
yycE,1.49
yycF,2.64
yycH,2.23
yxeM,0.5127
yxeO,0.7057
yxeQ,0.5792
yxxB,0.8346
nupC,0.8355
hutM,0.8949
yybL,1.04
yybN,0.6104
yybP,1.67
yybR,2.1
yybS,2.54
rplI,2.07
yxeA,0.7906
yxeC,0.6207
yxeE,0.9692
yxeH,0.9841
yxeJ,0.7739
yxeL,0.752
yycB,1.41
yyzB,1.31
dnaC,1.55
purA,0.8009
yycG,1.85
yycI,1.8
yxeN,0.733
yxeP,0.0
yxeR,0.0
deoR,0.0
pdp,0.0
hutG,0.0
lysS,3.18
mfd,5.34
gyrA,6.58
lytA,8.91
yvlD,0.916
yukF,1.13
rsbV,1.74
ydbO,0.0
ycsG,0.0
phrC,0.7142
lmrB,1.54
pcp,1.13
ytfJ,1.04
ytzA,0.8589
yraA,1.31
yqfY,0.7666
yonJ,1.41
yodB,0.6282
ycbM,0.9595
ybfS,0.823
ybfQ,0.0
ybeC,0.4508
ybdG,0.4956
ybbA,0.0
ftsH,3.14
yabK,2.54
ywjF,1.25
ywlC,0.7796
yveK,0.3363
glgP,1.0
ydcA,0.4007
ycnB,0.5469
yceH,1.33
ycbU,0.8142
ycbR,0.7073
accA,0.4403
yrhP,0.577
yqbO,0.8006
ypqA,0.4855
yosW,0.8335
ppsD,0.9594
ycbC,0.0
gltP,0.0
mpr,0.0
ybdN,0.0
ybdB,0.0
yabE,0.0
yaaG,1.77
yisD,1.5
yhjP,1.29
yhfR,0.5724
yheH,0.6598
yfhQ,1.87
ydcI,1.52
dnaN,2.77
srfAB,1.86
opuAA,1.16
ybdO,0.4557
yabN,2.38
asnH,0.5707
ywbN,1.34
yaaF,1.25
addB,1.32
yhjB,0.8638
yheC,0.7254
yheL,0.5784
yesN,0.806
yclF,0.4864
dnaA,2.17
amhX,0.0
ycbT,0.0
feuC,0.0
gidA,0.0
yxnB,0.0
spsF,0.0
