ybeF,0.7719
glpQ,0.6902
ybdT,0.9019
ybxH,0.8476
ybdM,0.8964
ybdK,0.7509
ybxF,0.9488
rplJ,1.08
rplK,1.12
rpmG,0.8881
yacP,0.6975
rplL,0.782
ybdE,0.7345
ybcT,0.7858
ybcQ,0.7041
ybcO,0.8085
ybcL,0.9195
ybcH,0.9797
cysE,0.8479
yacN,2.17
yacL,2.77
sms,2.37
yacH,1.07
glpT,0.7832
ybyB,1.12
ybxI,0.862
csgA,0.919
ybdL,0.8817
ybdJ,0.8544
ybxB,1.02
rplA,1.07
nusG,0.9331
sigH,1.0
yacO,0.7928
ybdA,0.7725
ybcS,0.7442
ybcP,0.7615
ybcM,1.01
ybcI,0.9265
ybcF,0.981
gltX,1.52
yacM,2.34
yacK,0.0
yacI,0.0
ctsR,0.0
ydbB,0.8748
ydbA,0.8745
ydaS,1.07
ydaQ,0.9209
mutT,0.9456
ydaN,0.8754
yciB,0.8798
nasA,0.7624
nasD,0.5564
nasF,0.6514
ycgS,0.9512
ycgQ,1.6
ydaL,0.9328
ydaJ,0.9572
lrpC,0.9144
ydaH,3.29
ydaF,1.13
ydaD,1.09
ycgO,0.7794
ycgM,0.8739
cah,0.9797
ycgJ,0.9218
tmrB,1.0
ycgH,0.8665
gsiB,2.41
ydaT,0.9627
ydaR,1.07
ydaP,1.43
ydaO,0.8705
ydaM,0.9021
yciA,0.9986
nasC,0.9162
nasE,0.5048
ycgT,0.8711
ycgR,1.49
ycgP,1.02
ydaK,1.03
ydzA,0.9071
ydaG,1.13
ydaE,1.18
ydaC,0.9089
ycgN,0.8919
ycgL,1.04
ycgK,0.9525
aroI,0.922
nadE,1.07
ycgG,0.9545
purL,0.3802
purC,0.397
purK,0.5111
yebG,1.03
yebE,1.18
yebC,1.97
ydfK,0.9914
ydfJ,0.0
ydfH,0.885
ydfF,1.01
ydfD,0.8574
ydfB,0.8983
guaA,0.7017
yeaD,0.8493
yeaB,0.7501
yeaA,0.5858
ydjO,1.03
ydjM,0.9453
ydeT,0.0
ydeR,0.9342
ydeP,1.15
ydzF,1.11
ydeM,1.03
ydeK,1.16
yexA,0.3959
purB,0.4073
purE,0.5538
yebF,0.7448
yebD,0.7864
yebB,0.6735
nap,1.02
ydfI,0.9196
ydfG,1.18
ydfE,1.12
ydfC,1.1
ydfA,1.11
yebA,1.0
yeaC,0.8674
gabP,0.7874
ydjP,0.8398
ydjN,0.8644
ydjL,0.9847
ydeS,0.9178
ydeQ,0.9615
ydeO,0.9538
ydeN,1.12
ydeL,0.9935
ydeJ,0.8796
yfhS,1.08
yfhO,0.8836
yfhM,0.9752
yfhK,0.9949
yfhI,0.8715
yfhG,0.777
yflS,0.8608
yflT,1.09
yfmC,0.5871
yfmE,0.7893
yfmG,0.7691
yfmI,0.5406
yfhE,0.8499
yfhC,0.6752
yfhA,0.5031
yfiY,0.3743
yfiV,0.0
yfiT,0.7788
yfmK,0.8819
yfmM,0.8581
yfmO,0.6938
yfmQ,0.3478
yfmS,0.7277
yfnA,0.7927
yfhP,1.06
csbB,1.09
yfhL,0.9287
yfhJ,1.33
yfhH,0.8174
yfhF,0.0
pel,1.02
yfmA,0.8025
yfmD,0.812
yfmF,0.7926
yfmH,0.9653
yfmJ,1.15
yfhD,0.9161
yfhB,0.8451
yfiZ,0.0
yfiW,0.8514
yfiU,0.9179
yfiS,0.9027
yfmL,0.958
yfmN,1.03
yfmP,0.8011
yfmR,1.0
yfmT,1.17
yfnD,0.9793
yisK,0.8114
yisI,0.9419
yisG,0.8822
yisE,0.9287
yisB,1.06
addA,0.8087
yhdY,0.7766
yhdW,0.8687
yhdU,0.9554
yhdS,0.9126
yhdQ,1.25
yhdO,0.7763
yhjQ,0.976
yhjM,1.19
yhjK,0.956
yhjI,1.0
yhjG,1.21
yhjE,1.42
yhdL,3.95
yhdJ,1.34
yhdH,0.8933
yhdF,0.8846
citR,0.9631
phoA,1.83
yisJ,0.9461
yisH,0.9487
yisF,1.05
yisC,0.9182
sbcD,1.05
yhjR,0.0
yhdX,1.13
yhdV,1.03
yhdT,1.15
yhdR,1.2
yhdP,1.47
yhdM,4.07
yhjO,1.04
yhjL,1.46
yhjJ,1.08
yhjH,1.01
sipV,1.02
yhjD,1.02
yhdK,2.48
yhdI,0.9907
yhdG,0.8461
citA,1.02
lytE,1.33
spoVR,0.981
xkdU,0.9696
xkdS,0.8352
xkdQ,0.8794
xkdN,0.8397
xkdK,0.9013
xkdI,0.8574
yjbX,0.6817
yjbV,0.7486
yjbT,0.8069
yjbR,0.7817
tenA,0.8194
yjbP,0.8942
xkdG,0.8624
xkdE,0.8799
xpf,0.9547
xkdD,0.7738
xkdB,0.9419
xkdA,0.9869
yjbN,1.05
yjbL,1.2
yjbJ,0.7122
yjbH,1.52
yjbF,1.13
yjbE,1.28
xkdT,0.9148
xkdR,0.9514
xkdP,0.8976
xkdM,0.886
xkdJ,0.886
xkdH,0.8192
yjbW,0.6284
yjbU,0.805
yjbS,0.8385
tenI,0.8592
yjbQ,1.34
yjbO,1.02
xkdF,1.01
xtmA,1.04
xtrA,1.03
xkdC,1.01
xre,0.9568
yjqC,0.0
yjbM,1.2
yjbK,0.8282
yjbI,1.21
yjbG,1.71
mecA,1.74
yjbD,3.96
ylaM,0.8962
ylaK,0.8278
ylaH,0.8201
ylaF,0.8267
ylaD,0.0
ylaB,0.8646
ykvM,1.05
ykvK,0.9453
ykvI,0.9693
motA,0.7303
ykvE,1.12
eag,0.8908
nprE,1.11
ykzC,1.34
ykzI,0.9931
yktA,0.9252
slp,0.9132
pdhC,0.9882
ykvA,0.745
ykrY,0.6822
ykrW,0.8817
ykrU,0.9118
ykrS,1.19
ykrQ,0.9121
ylaL,1.08
ylaJ,0.991
ylaG,1.03
ylaE,1.1
ylaC,1.05
ylaA,0.9812
ykvL,0.9728
ykvJ,0.0
clpE,0.9354
motB,0.7557
ykvD,0.9334
spo0E,1.16
yktD,1.09
yktC,1.43
yktB,1.54
cad,1.08
pdhD,0.9597
pdhB,1.24
ykrZ,0.7381
ykrX,0.9344
ykrV,0.9384
ykrT,0.0
dat,1.08
ykrM,0.9288
ymfM,1.06
ymfK,1.19
ymfI,1.33
ymfF,1.26
ymfD,0.9865
spoIIIE,0.7994
yloW,0.9524
yloU,0.8041
spoVM,0.9202
yloR,0.8766
ymfA,0.9028
dapG,0.9525
spoVFB,0.8704
ymxH,0.8875
ylxY,0.8449
ribC,1.19
fmt,1.01
priA,1.04
yloH,1.23
yloC,1.14
ylnF,0.9857
ylnD,1.03
ymfL,1.26
ymfJ,1.37
ymfH,1.98
ymfE,1.17
ymfC,0.9747
ymfB,0.9719
yloV,0.8662
rpmB,0.9943
yloS,0.9528
yloQ,0.9485
yloO,0.9136
yloM,0.9927
dapA,1.0
asd,0.8577
spoVFA,0.9859
ymxG,1.07
rpsO,1.23
truB,1.09
def,1.09
yloI,1.02
yloD,0.0
yloA,1.12
ylnE,1.01
ylnC,0.9985
yobK,0.9431
yobI,0.8557
yozL,1.03
yobH,0.946
rapK,1.22
yobF,1.05
yneI,0.9167
ynzD,1.14
yneE,0.0
ynzC,0.0
yneA,0.0
yndN,1.11
yozI,0.0
yobD,0.0
pps,0.8908
yobA,0.0
yoaZ,0.0
yoaV,0.0
yndL,1.04
yndJ,0.79
yndG,0.8826
yndD,0.9735
yndB,0.9513
ynzA,1.04
yobJ,0.8455
yozM,0.9602
yozK,0.9728
phrK,1.06
yozJ,1.06
yobE,1.16
ccdA,1.02
yneF,1.19
tkt,1.23
yneB,1.08
lexA,0.8995
yndM,1.28
yozH,1.0
xynA,0.7623
yobB,1.01
penP,1.12
yoaW,1.08
yoaU,0.9522
yndK,0.9812
yndH,0.9258
yndE,1.25
ynzB,1.06
yndA,1.19
cotC,0.9177
yonR,0.9639
yonT,0.9208
yonV,0.7569
yopA,0.8572
yopC,0.8665
yopE,1.08
yosR,0.0
yosT,0.0
yosV,0.0
yosZ,0.0
yotB,0.0
yotD,0.0
yopG,0.0
yopI,0.9136
yopK,0.0
yopM,0.8151
yopO,0.0
yopQ,0.8414
yotF,0.0
yotH,0.0
yotJ,0.916
yotL,0.9047
yotN,0.0
yodV,0.8499
yonS,0.9454
yonU,0.8529
yonX,0.8628
yopB,1.04
yopD,0.82
yopF,1.09
yosS,1.02
yosU,0.9966
yosX,1.07
sspC,1.04
yotC,1.0
yotE,1.0
yopH,1.0
yopJ,0.8118
yopL,0.7053
yopN,0.8897
yopP,0.8929
yopR,0.8531
yotG,1.02
yotI,1.03
yotK,1.01
yotM,0.0
yodU,1.05
cgeA,1.16
fer,0.939
recQ,1.01
ypbE,1.02
ypbH,2.28
ypdA,1.3
sleB,1.14
ypcP,0.9459
ypdP,1.06
ypeQ,0.0
degR,0.0
ypfP,1.58
bsaA,0.0
ypfA,1.17
cmk,1.18
ypgA,1.47
yphB,0.944
gpsA,0.7854
yphF,0.9002
ypgR,1.34
yphP,1.17
ypjP,1.11
thyB,1.0
ypkP,1.01
yplP,0.505
ypbB,1.03
ypbD,1.24
ypbF,1.04
ypcA,0.979
ypdC,1.18
ypeB,1.12
ypdQ,1.04
ypeP,1.1
ypzA,0.9387
cspD,0.8601
metB,1.57
ypgQ,1.18
ypfB,1.26
ypfD,1.55
yphA,1.15
yphC,0.9111
yphE,0.9875
spoIVA,0.942
ilvD,0.8822
ypiP,1.12
ypjQ,0.9237
dfrA,1.12
yplQ,0.8086
ilvA,0.7541
yqgA,0.8361
yqgC,0.9952
yqgE,1.07
yqgG,1.2
yqgI,1.09
yqgK,1.13
bfmBAB,1.27
bmrR,0.9785
yqiW,1.16
yqiY,0.6814
yqjA,0.7447
yqjC,0.0
yqgL,0.0
yqgN,0.9785
yqgP,1.07
glcK,1.01
yqgU,1.03
yqgW,0.893
yqjE,1.07
yqjG,0.9226
yqjI,1.39
yqjK,1.1
yqjM,1.27
yqjO,1.11
yqgB,1.05
sodA,1.41
pbpA,1.56
yqgH,1.31
yqgJ,1.34
yqzD,1.12
bfmBB,1.37
bmr,0.9752
yqiX,0.7373
yqiZ,0.6989
yqjB,1.07
yqjD,1.23
yqgM,1.03
yqgO,0.0
yqgQ,0.0
yqgT,0.0
yqgV,1.05
yqgX,1.3
yqjF,1.16
yqjH,1.19
yqjJ,2.03
yqjL,4.45
yqjN,0.0
yqjP,0.0
levE,0.9135
levG,0.9768
adhA,1.03
yraC,1.2
yraE,0.9947
yraF,0.978
yqbK,0.853
yqbM,0.0
yqbN,0.0
yqbQ,0.0
yqbS,0.8533
yqcA,0.0
yraH,0.0
yraJ,0.8065
yraL,0.9506
yraM,0.8847
yraO,0.0
sigZ,0.0
yqcD,0.0
yqxG,0.9621
yqxI,0.8694
yqcF,1.08
yqzI,0.9676
rapE,0.9689
levF,0.9665
sacC,0.9512
yraB,1.26
yraD,1.07
adhB,1.21
yraG,1.12
yqbL,1.07
yqdB,1.19
yqbP,1.06
yqbR,1.05
yqbT,1.01
yqcB,1.21
yraI,0.9156
yraK,1.11
csn,1.01
yraN,1.03
yrpG,1.13
yrpE,1.69
yqcE,1.08
cwlA,1.08
yqxJ,1.03
yqcG,1.27
phrE,0.9607
yqcI,0.9493
ytaF,0.8949
ytbE,1.18
ytcD,0.93
ytcF,1.19
dnaB,1.02
ytxB,0.9457
folC,0.7283
spoIIB,0.9472
ysxA,3.11
mreC,2.49
minC,2.27
spoIVFA,1.07
thrS,1.37
lytS,0.8531
ysbA,0.0
yscB,0.7949
infC,0.9117
rplT,0.8981
rplU,0.9462
spo0B,0.858
p`eB,0.8091
pheB,0.8203
yrxA,0.7526
nadB,0.5852
nadA,0.5849
ytaG,1.04
ytbD,1.09
gapB,1.02
ytcG,1.18
dnaI,1.01
ytxC,1.11
comC,1.17
maf,3.97
mreB,2.81
mreD,2.16
minD,2.15
spoIVFB,1.1
ysaA,0.9621
lytT,1.01
ysbB,0.9676
yscA,1.05
rpmI,0.8798
ysdA,0.8682
ysxB,1.02
obg,0.9568
pheA,0.9474
nifS,0.8989
nadC,0.0
yrbA,0.0
yubA,1.29
yubC,1.15
yubE,1.16
yubG,0.0
yuaB,0.8703
gbsA,0.8513
yteP,0.0
yteR,0.0
yteT,0.9385
yteV,0.0
ytfP,0.8939
ytzG,0.0
yuaD,0.7517
yuaG,0.506
yuaJ,0.6937
glgD,0.8822
ytaB,0.0
ytxN,0.8921
ytzE,1.05
ythQ,0.0
ytjP,1.14
ytlP,1.02
ytlR,0.9093
ytmP,1.05
yubB,1.33
yubD,0.9543
yubF,0.8637
yuaA,0.9482
yuaC,1.02
gbsB,0.9547
yteQ,1.03
yteS,1.08
yteU,1.12
opuD,1.04
ytgP,1.45
ytzF,1.21
yuaF,0.4568
yuaI,0.5077
glgB,0.7366
glgA,0.8875
ytaA,0.9936
cotS,1.1
ythP,1.02
ytiP,1.04
ytkP,1.12
ytlQ,1.02
amyX,1.08
ytzH,1.25
yvrB,0.8842
yvqK,0.8153
yvqI,1.43
yvqG,0.0
yvqE,1.0
gerAC,0.0
yutL,0.0
paiA,0.8347
yumD,0.0
yumC,0.7659
yuiA,0.5584
yuiC,0.5438
gerAA,0.9918
yuxN,1.12
yvqA,0.0
yvtB,1.02
yusZ,0.0
yusW,0.8512
yuiE,0.817
yuiG,0.8405
yuiI,0.6674
dhbC,0.6315
dhbB,0.6196
yukL,0.7028
yvrA,0.8564
yvqJ,1.1
yvqH,1.7
yvqF,1.02
yvqC,0.9846
gerAB,1.08
yutM,1.17
paiB,0.9342
yuzG,1.04
yumB,1.06
yuiB,0.5253
yuiD,0.9869
citG,1.0
yvqB,1.01
yvtA,1.05
mrgA,0.0
yusX,0.9455
yusV,0.7377
yuiF,0.935
yuiH,0.924
dhbA,0.6803
dhbE,0.7238
yukM,0.841
yukJ,0.898
yvyD,0.5433
cccB,0.8512
ftsX,1.07
yvzD,0.9519
yvkA,0.931
yvkC,0.0
yvfH,0.8262
lacR,0.0
yvfM,0.0
yvfO,0.7327
yvfS,0.8984
yvfU,0.8619
uvrB,0.8864
yvzB,0.8246
yvlA,0.7518
yvlC,0.8459
yvmB,0.916
cypX,0.8787
yvfW,0.8166
yvbX,0.8207
yvbV,0.9421
yvbT,1.07
araE,0.967
gap,1.14
yvjA,1.19
ftsE,1.52
yvjB,0.891
yvjD,0.9355
yvkB,1.01
csbA,1.04
yvfI,0.8956
yvfL,0.9725
lacA,0.9513
yvfR,0.9693
yvfT,0.9957
yvfV,0.847
uvrA,0.9936
yvkN,0.9821
yvlB,0.8825
yvmA,1.01
yvmC,0.9352
yvnA,1.03
yvbY,0.8003
yvbW,1.05
yvbU,0.8821
araR,0.9258
yvbQ,1.2
pgk,1.11
ywhR,1.02
sbo,1.06
argS,0.8401
fnr,0.6487
ywiD,0.8792
narH,0.0
ywpD,0.9821
ywpF,1.05
ywpH,1.05
ywqB,1.04
ywqD,0.8807
ywqF,0.7311
narI,0.0
ywjA,0.7953
ywjC,0.0
ywjE,0.0
rpoE,1.33
ywjG,1.11
ywqH,0.976
ywqJ,1.12
ywqL,1.13
ywqN,0.8439
ywrA,0.9513
ywrC,0.845
ywiA,1.14
ywiB,1.08
narK,0.981
ywiC,0.9774
narG,0.953
narJ,1.13
ywpE,1.02
ywpG,1.19
ywpJ,1.13
ywqC,1.31
ywqE,1.2
ywqG,1.09
ywiE,0.0
ywjB,0.0
ywjD,1.09
acdA,1.02
ctrA,0.8235
spo0F,0.9676
ywqI,1.11
ywqK,1.16
ywqM,0.9727
ywqO,1.1
ywrB,0.9759
ywrD,0.9427
hutI,0.826
hutP,0.8177
yxiB,1.01
yxiD,0.9166
yxxE,0.9082
bglH,0.7947
ywbA,0.0
ywbC,1.03
ywbE,0.0
ywbG,0.0
ywbI,0.0
thiC,0.0
yxxF,0.8834
yxiF,0.7044
yxiG,0.7201
yxzG,0.6879
yxiJ,0.7221
yxiL,0.7687
ywbO,1.15
ywcB,0.0
ywcD,0.9058
ywzA,0.9265
qoxB,0.6097
qoxD,0.5858
hutU,0.9725
yxiA,0.9382
yxiC,1.04
yxxD,1.0
bglP,1.01
yxiE,1.09
ywbB,1.1
ywbD,0.9255
ywbF,1.15
ywbH,0.8385
thiK,1.05
ywbM,0.5495
yxxG,0.8092
yxzC,0.7279
yxiH,0.8033
yxiI,0.7173
yxiK,0.8027
yxiM,0.7932
ywcA,1.0
ywcC,0.9275
galT,0.7278
qoxA,0.6094
qoxC,0.6101
ywcE,0.9785
ytrP,1.04
yprA,0.8756
yloN,0.8612
yerG,0.0
wprA,0.0
yycJ,0.9963
rocR,1.1
rocE,0.0
phrG,0.0
yycN,0.0
yycP,0.0
topB,0.0
polA,0.0
mmgA,0.0
ileS,0.0
dinG,0.0
carB,0.0
yycR,0.97
yydA,0.92
yydC,0.8367
fbp,1.13
yydG,0.757
yydI,0.8853
ytsD,0.0
yrvE,0.9031
yloP,0.8043
ykuA,0.9046
ydhL,0.9752
valS,0.8985
yyxA,1.04
rocD,1.03
rocF,1.03
rapG,1.12
yycO,1.01
yycQ,1.05
smc,0.9759
murD,0.9143
lonA,0.8831
hrcA,0.8966
cheA,0.882
alaS,0.882
yycS,1.06
yydB,0.9031
yydD,0.9432
yydF,1.01
yydH,0.9174
yydJ,0.9384
yveM,0.797
yutK,0.8708
yueB,0.9798
yufK,0.8875
ytpQ,1.47
ytmO,0.0
yndF,0.0
pksL,0.9427
mcpC,0.7557
yisZ,0.9083
ydbH,0.891
ybxG,0.0
ysdB,0.9189
yrhE,0.0
yqcC,0.0
ponA,2.76
yomI,0.0
cgeC,0.778
wapA,0.7309
ppsA,0.8167
pksM,0.8256
yetO,1.06
rpoC,0.8517
dra,0.7385
yvfQ,0.9921
yukA,1.1
yuxO,0.961
glgC,0.9537
yttP,1.3
pykA,1.04
pksP,0.8199
pksK,0.8852
oppD,0.7499
srfAA,0.8887
yccK,1.12
secE,1.08
rpmA,0.969
yrpC,1.38
yqgS,1.15
ypbR,1.09
yorL,1.2
odhA,1.16
dhbF,0.7823
pksR,0.9091
yfkN,1.05
gutR,1.01
yxeF,0.98
galK,1.09
rbcL,0.8217
aceF,0.9516
kdtA,0.9599
tufA_E,0.7944
yazC,0.7788
yrhC,0.0
yerC,0.0
yshA,0.0
yoqX,0.0
yacF,0.9541
yhcD,0.8608
yetG,0.816
ywnG,1.06
ywqA,0.9408
degU,0.8889
yvnB,1.02
cysS,0.8256
yqjU,1.21
ylaI,1.26
yuaE,1.46
yqaD,1.18
yozD,1.22
yazB,1.1
yfnB,1.1
ywmD,1.0
glcR,1.03
ggaB,0.9198
prfB,1.04
yvoD,0.8954
ybcD,0.8771
ndhF,0.7149
adaA,0.9087
ybbU,1.07
ybbT,1.17
ybbP,1.06
folK,0.9082
sul,0.9882
pabA,0.932
cysK,1.34
yacC,1.21
sigW,0.9025
ybbJ,0.88
ybbH,0.8133
ybbE,0.8096
ybbC,0.8116
feuA,0.6996
yabT,0.9171
yabR,1.44
yabQ,1.65
yabO,1.17
spoVT,0.8386
ybcC,0.7599
adaB,0.922
alkA,1.02
glmS,1.18
ybbR,1.31
ybbM,0.8621
folA,1.0
pabC,1.04
pabB,0.9709
yacD,1.07
yacB,1.34
ybbK,0.9468
ybbI,0.9854
ybbF,0.9607
ybbD,0.9136
ybbB,0.9697
feuB,0.974
yabS,0.9812
divIC,2.7
yabP,1.13
yabM,1.22
spoVC,1.06
ydaB,0.8829
ycsN,0.8087
yczI,0.8364
ycsO,0.6285
ycsI,0.824
ycsE,1.0
ycgF,0.9312
mdr,0.7023
lctE,0.9336
ycgB,0.9074
opuAC,0.8341
yceK,0.9015
yczH,0.8517
ycsA,0.8164
mtlA,0.7821
ycnK,0.5544
ycnI,0.6017
ycxE,0.8847
yceI,0.3054
yceF,1.22
yceD,1.31
yceB,1.08
ycdI,1.01
ycdG,0.9651
ydaA,0.8073
yczJ,1.0
ycsK,0.7408
ycsJ,0.4426
ycsF,0.6179
ycsD,1.08
ycgE,0.9378
lctP,0.907
amyE,0.942
ycgA,1.09
opuAB,0.998
yceJ,0.927
sipU,1.03
mtlD,0.9037
ycnL,0.8756
ycnJ,0.543
gdh,1.03
ycnH,1.56
yceG,1.48
yceE,1.32
yceC,1.3
yceA,1.05
ycdH,1.26
ycdF,1.19
ydjJ,0.7441
ydjH,0.6095
ydjF,0.5555
gutB,0.8235
ydjB,1.01
ydiR,0.0
ydeI,0.0
ydeG,0.8373
ydeE,0.9897
ydeC,1.03
ydeB,1.31
ydeA,0.9587
ydiP,1.34
ydiN,0.9635
groEL,0.9852
ydiL,1.08
ydiJ,1.02
ydiH,1.01
yddS,1.03
yddQ,1.07
lrpA,1.21
phrI,1.08
yddJ,1.16
yddH,0.9689
ydjI,0.6614
ydjG,0.5542
ydjE,0.8063
ydjC,1.06
ydiS,0.976
ydiQ,0.9099
ydeH,1.08
ydeF,1.1
ydeD,1.08
ydzE,1.02
cspC,0.6325
yddT,1.52
ydiO,1.24
ydiM,0.9458
groES,1.25
ydiK,1.19
ydiI,1.07
ydiG,1.31
yddR,1.27
lrpB,1.22
yddM,0.9769
rapI,1.17
yddI,1.14
yddG,1.05
yfiR,0.9026
lipB,0.8078
yfiN,0.9414
yfiL,0.9493
yfiJ,0.9028
yfiH,0.8238
yfnE,0.0
yfnG,1.75
yfnI,4.44
yetL,0.9548
yetJ,0.8568
yezB,0.9354
yfiF,0.8991
yfiD,0.0
glvC,0.0
glvA,0.8933
yfjB,0.955
yfjD,0.7327
yetH,0.9523
lplD,0.9741
lplB,0.833
yetA,0.8409
yesX,0.0
yesV,0.9861
yfiQ,0.9621
yfiO,0.7781
yfiM,0.9097
yfiK,0.8244
yfiI,0.9352
yfiG,0.9393
yfnF,1.2
yfnH,1.32
yetN,1.24
yetK,0.9922
yezD,1.16
yetI,0.9555
yfiE,0.9181
yfiC,1.77
yfiA,0.9599
yfjA,0.9602
yfjC,0.8523
yfjE,0.8151
yetF,0.9578
lplC,0.9578
lplA,1.26
yesZ,1.12
yesW,1.07
yesU,0.9881
yhjC,0.8525
yhxD,0.9093
yhzC,0.6454
yhfW,0.8789
yhfU,1.03
yhfS,0.8433
ygxB,1.32
yhdD,0.9792
yhdB,0.9873
yhcZ,0.9798
yhxB,1.46
glpK,1.38
yhfO,1.01
yhfN,1.17
yhfL,1.06
yhfJ,2.25
yhfH,0.9852
yhfF,1.3
glpP,1.0
yhcX,1.69
yhcV,1.14
yhcT,1.08
yhcR,0.0
yhcP,0.9138
yhjA,0.8775
comK,0.9428
yhxC,0.9955
yhfV,0.8684
yhfT,1.07
yhfP,1.25
yhdE,0.8461
yhdC,1.09
yhdA,1.06
yhcY,1.13
glpD,1.41
glpF,1.45
aprE,1.53
yhfM,1.18
yhfK,1.78
yhfI,2.0
gltT,0.8608
yhfE,1.31
yhxA,1.12
yhcW,2.08
yhcU,1.24
yhcS,1.07
yhcQ,1.11
yhcO,1.01
yjqB,0.8977
xlyB,1.0
phrA,0.693
yjoB,0.8907
yjnA,1.37
yjmI,1.26
yjbC,4.74
oppF,0.6581
oppB,0.7503
trpS,0.6851
appC,0.5884
appA,0.8099
yjmG,0.9741
yjmE,0.8559
yjmC,0.894
yjmA,0.8755
yjlC,0.8438
yjlA,0.9421
appD,0.9018
yjaY,1.27
yjzA,1.04
yjaV,0.7766
yjzD,0.888
argF,0.3025
yjqA,0.9609
yjpA,0.8496
rapA,0.7321
yjoA,2.18
yjmJ,0.9148
yjmH,0.9499
yjbB,1.0
oppC,0.6979
oppA,0.6964
yjbA,0.789
appB,0.6763
appF,0.8419
yjmF,0.7985
yjmD,0.9338
yjmB,0.8469
yjlD,0.7373
yjlB,1.02
yjkB,0.988
yjaZ,0.9408
yjzB,1.02
med,0.9308
yjaU,0.8802
yjzC,1.27
pdhA,1.07
ykrB,1.32
ykzG,1.06
adeC,1.07
ykqA,1.18
abh,3.61
ykrL,1.23
sspD,1.51
ykoZ,1.14
ykoV,0.8996
ykoT,0.9235
ykoQ,0.9747
ykpC,0.9262
ykpB,0.8337
ykoA,0.9538
fruA,0.7688
yknZ,0.9491
yknX,0.9595
ykoN,0.878
ykoL,0.9167
tnrA,0.9511
ykzD,0.7912
ykoI,0.9514
ykoG,0.9161
ykyA,1.06
ykrA,1.15
ykqC,1.02
ykqB,1.23
kinC,1.06
mreBH,1.42
ykrK,1.24
ykrI,1.26
ykoX,1.11
ykoU,1.02
ykoS,0.937
ykoP,0.9423
ampS,1.28
ykpA,0.9713
sipT,1.43
fruR,0.86
yknY,0.9354
yknW,1.02
ykoM,0.8302
ykzB,0.8856
ykoK,0.9773
ykoJ,0.9293
ykoH,0.8814
ykoF,0.7376
rbfA,0.9132
infB,0.9978
ylxR,0.9801
ylxS,0.0
yluC,0.0
cdsA,0.0
ylnB,0.0
cysH,0.0
pyrF,0.0
pyrDII,0.0
pyrC,0.0
pyrP,1.24
frr,1.01
tsf,1.19
ylxL,0.7672
cheD,0.7571
cheW,0.6493
cheB,0.6845
ylyB,1.31
ylyA,0.9869
divIVA,0.9369
ylmG,1.1
ylmE,0.9923
ylmC,0.9131
ylxP,1.01
ylxQ,0.9963
nusA,1.17
proS,0.9749
yluB,0.983
yluA,0.9595
ylnA,1.12
pyrE,1.27
pyrD,1.13
pyrAA,1.05
pyrB,1.3
pyrR,1.65
smbA,1.06
rpsB,1.08
sigD,0.8282
cheC,0.8646
ylxH,0.6962
lsp,1.29
ylmH,1.09
ylmF,1.08
ylmD,0.9896
ylmB,0.9835
yoaT,0.9543
yoaS,0.8638
yozF,0.8834
yoaP,0.9622
yoaN,0.9794
pelB,1.01
yncM,1.21
ynzH,1.01
yncE,0.9937
yncC,0.9055
xylB,0.9802
xylR,0.8843
yoaJ,0.8477
yoaH,0.8152
yoaF,0.7873
yoaD,0.7393
yoaB,0.5798
yoxB,0.8528
ynaJ,0.711
ynaG,1.03
ynaE,1.0
ynaC,1.3
ynzG,1.07
ynxB,1.0
yozG,0.8892
yoaR,0.9887
yoaQ,1.06
yoaO,0.0
yoaM,1.05
yoaK,1.05
thyA,1.09
yncF,1.03
yncD,1.07
yncB,1.11
xylA,1.08
xynB,0.9885
yoaI,0.8992
yoaG,0.884
yoaE,0.8851
yoaC,0.5945
yoaA,1.02
yoxC,1.05
ynaI,1.09
ynaF,1.08
ynaD,0.9508
ynaB,1.22
ynzF,0.9252
glnA,0.9079
yopS,0.8751
yopU,0.8144
yopW,0.7643
yopY,0.7656
yoqA,0.8506
yoqC,0.8584
cgeD,0.8635
yodT,0.6923
yodR,0.9313
yodP,1.07
yozE,1.09
yodM,0.9561
yoqE,0.898
yoqG,0.9761
yoqI,0.9689
yoqK,0.9534
yoqM,1.08
yoqO,1.13
deoD,1.47
yodI,1.11
ctpA,1.21
yodE,1.11
yodC,1.1
yojA,0.9703
yopT,0.8271
yopV,0.8491
yopX,0.7416
yopZ,0.942
yoqB,0.9105
yoqD,0.9834
cgeE,0.7862
yodS,0.8556
argE,0.9467
yodO,1.11
yodN,1.1
yodL,1.08
yoqF,0.9793
yoqH,1.03
yoqJ,1.06
yoqL,1.06
yoqN,1.09
yoqP,1.06
yodJ,1.36
yodH,1.0
yodF,0.7123
yodD,1.16
yodA,1.06
yojB,1.15
hbs,0.9867
mtrB,1.21
gerCB,1.32
ndk,0.9725
aroF,0.8012
aroH,0.7941
ypmP,0.7496
ypmR,0.9255
ypmT,0.9828
ypoP,0.9732
yppQ,1.16
yokA,0.9147
trpD,0.8012
trpF,0.7075
trpA,0.7297
tyrA,0.8482
ypiA,1.38
ypiF,0.8637
yokC,0.9928
yokE,1.0
yokG,0.7976
yokI,1.22
yokK,1.1
yolA,0.8958
mtrA,1.34
gerCA,1.84
gerCC,1.32
cheR,0.9352
aroB,0.8058
trpE,0.9816
ypmQ,0.8353
ypmS,0.9923
ypnP,1.0
yppP,1.32
ypqP,1.1
yokB,1.03
trpC,0.902
trpB,0.8317
hisC,0.8389
aroE,0.7754
ypiB,0.8705
qcrA,0.7885
yokD,1.05
yokF,1.05
yokH,1.06
yokJ,1.25
yokL,1.1
yolB,0.9424
yqgY,0.8449
yqhA,1.07
yqxL,0.945
comGB,0.9343
comGD,0.9903
comGF,0.9905
yqjQ,0.9943
yqjS,0.9652
yqjV,0.9713
yqjW,0.0
yqjY,0.0
yqkA,0.0
yqzE,1.03
yqxM,0.0
cotN,0.0
sinI,0.0
yqhH,0.0
yqhJ,0.0
yqkC,0.0
yqkE,0.0
yqkG,0.0
ansA,0.0
yqkI,0.0
yqkK,0.9048
yqgZ,1.18
yqhB,1.09
comGA,1.01
comGC,0.9252
comGE,0.9496
comGG,1.01
yqjR,1.16
yqjT,1.09
yqzH,1.09
yqjX,1.11
yqjZ,1.01
yqkB,1.28
yqzG,1.1
sipW,1.11
sinR,1.05
yqhG,1.04
yqhI,1.07
yqhK,1.04
yqkD,1.18
yqkF,1.66
ansR,1.02
ansB,1.05
yqkJ,0.9004
spoIIM,1.08
yrpD,1.46
aadK,1.02
yrdB,0.9112
yrdD,0.0
yrdF,0.0
azlC,0.9571
yqcJ,1.03
yqcL,0.9393
spoIVCA,1.03
nucB,0.9959
yqeC,0.9443
yqeE,1.01
brnQ,0.973
gltR,1.05
czcD,1.33
yrdQ,0.9883
yrkA,0.8926
blt,0.949
yqeG,1.1
aroD,0.9569
yqeJ,0.9196
yqeL,0.8927
comER,0.9121
comEB,0.9476
yrpB,1.09
yrdA,1.27
yrdC,1.15
cypA,1.13
azlB,1.14
azlD,1.08
yqcK,1.12
yqcM,1.03
spoIVCB,1.12
yqeB,1.24
yqeD,1.21
yqeF,1.29
yrdK,1.07
yrdN,1.02
trkA,0.8995
yrdR,1.06
bltD,1.12
bltR,1.13
yqeH,1.05
yqeI,1.09
yqeK,1.06
yqeM,1.03
comEA,1.02
comEC,1.01
ysdC,1.25
araA,0.8319
araD,0.8821
araM,0.0
araP,0.8183
abfA,0.8715
yrbB,0.5954
yrbD,0.8926
yrzG,0.9969
yrbE,0.7857
bofC,0.9562
ruvB,0.97
ysfE,0.9414
ysfC,0.8965
ysfA,0.8932
pheS,0.8173
ysgB,0.9981
yshC,0.9722
tgt,0.9056
yrzE,0.9784
spoVB,0.9307
yrvB,1.09
yrvC,1.06
abnA,1.03
araB,1.06
araL,0.9033
araN,1.02
araQ,1.06
cstA,1.12
yrbC,1.41
yrzH,1.08
yrzF,1.33
csbX,0.9873
ruvA,1.11
queA,0.9304
ysfD,0.991
ysfB,1.02
ysgA,0.8546
pheT,0.7971
yshB,1.08
yshD,1.01
yrbF,0.9526
yrbG,1.07
yrzD,1.02
secF,1.25
yrvD,1.24
apt,1.24
ytxO,0.8622
ytcB,0.8442
ytdA,0.0
menF,0.0
ytxM,0.0
menE,0.0
ytmQ,0.947
malS,0.8813
ytoP,1.07
ytpP,1.39
ytpS,1.13
murC,1.07
ytgA,0.9011
ytgC,0.936
ythB,1.1
ytiA,1.39
ytjA,1.06
ytkA,0.9136
ytxH,0.9983
aroA,0.8195
ytxD,1.06
acuC,0.9856
acsA,1.1
rpsD,0.7965
ytcC,0.9388
ytcA,1.03
yteA,1.05
menD,1.11
menB,0.9801
ytfD,1.07
ytnP,0.8972
ytzB,1.94
ytoQ,1.38
ytpR,1.41
ytpT,1.39
ytxG,1.11
ytgB,1.07
ytgD,1.04
ythA,1.22
ytiB,1.1
ytjB,1.17
dps,1.49
ytxJ,1.06
ccpA,1.04
ytxE,1.2
acuA,1.07
tyrS,1.07
yusU,0.9999
yusS,0.9116
yusQ,0.0
yusO,0.0
yusM,0.0
yusK,0.0
yuxI,0.875
yukE,1.11
yukC,1.14
yueC,1.04
yueE,1.12
yuzE,1.07
yusI,1.37
yusG,1.11
yusE,1.09
yusC,0.9882
yusA,0.8905
yurY,1.16
yueG,1.15
yueI,1.17
yueK,1.17
yuzC,0.9481
comQ,0.9334
comP,0.8661
yusT,1.02
yusR,1.07
yusP,0.9862
yusN,1.04
yusL,1.06
yusJ,0.9589
ald,1.1
yukD,1.21
yukB,1.22
yueD,1.1
yuzF,1.24
yueF,1.16
yusH,1.28
yusF,1.39
yusD,1.12
yusB,0.8335
yurZ,0.9975
yurX,1.09
yueH,1.4
yueJ,1.12
yuxH,1.0
degQ,0.0
comX,0.0
comA,1.05
yvoA,0.8011
nagA,0.8039
lgt,0.8676
yvpA,0.0
hisZ,0.6445
hisD,0.5338
tpi,1.09
eno,0.8773
yvbJ,0.0
yvbH,0.9137
yvbF,0.8985
opuCB,0.9552
hisH,0.4751
hisF,0.4593
yvcA,0.8245
yvzA,1.04
yvcD,1.13
trxB,1.65
opuCD,0.8939
yvaZ,0.9393
yvaX,1.25
yvaV,0.9256
opuBC,0.7825
yvaQ,1.18
nagB,0.8459
yvoB,0.8971
yvpB,0.8119
hisG,0.5861
hisB,0.4636
pgm,1.1
yvbK,1.95
yvbI,0.9457
yvbG,1.01
opuCA,0.9625
opuCC,0.839
hisA,0.4547
hisI,0.4691
yvcB,1.05
yvcC,1.16
yvcE,2.14
yvcI,1.14
yvbA,1.04
yvaY,1.17
yvaW,1.31
opuBB,0.9497
opuBD,1.17
yvaP,1.13
fbaA,1.08
murZ,1.04
rpmE,0.9059
ywkB,0.8447
ywkD,1.01
ywkE,0.8784
ywrE,0.9783
cotG,1.01
cotB,0.9862
ywrK,0.9823
alsS,1.09
ywrO,1.49
ywlA,0.9205
ywlB,0.9104
ywlE,0.8633
ywlG,1.08
upp,0.8433
atpB,0.7693
ywsB,1.1
rbsC,1.05
rbsD,1.01
rbsR,1.05
ywtA,0.9507
ywtC,0.763
ywjH,1.04
ywjI,0.9915
ywkA,0.9952
ywkC,0.9964
prfA,0.9909
ywkF,0.8716
ywrF,1.44
cotH,1.09
ywrJ,1.11
alsR,1.19
alsD,1.13
ywsA,1.15
spoIIR,1.0
ywlD,1.04
ywlF,1.08
glyA,0.7699
atpI,1.01
atpE,0.7032
rbsB,1.15
rbsA,1.09
rbsK,1.21
ywsC,1.25
ywtB,1.1
ywtD,0.9874
deaD,0.7088
yxiP,0.8923
bglS,0.8091
katB,0.9374
yxiT,1.01
yxjB,0.9805
ywcF,3.13
ywcH,1.07
ywcI,0.8055
ywcJ,0.8818
sacA,1.01
thiD,1.11
yxjD,0.8576
yxjF,0.8966
yxjH,0.7123
yxjJ,0.8626
yxjL,0.9798
yxjN,0.9241
ywdD,1.09
ywdF,1.04
ywdH,1.06
ywdJ,1.05
ywdL,0.9244
spsB,0.9782
yxiO,1.06
licT,0.8802
yxiQ,0.9555
yxiS,1.16
yxjA,0.9732
yxjC,1.02
ywcG,2.37
vpr,1.01
sacT,0.7929
sacP,0.9591
ywdA,1.14
ywdC,1.32
yxjE,1.01
yxjG,0.6826
yxjI,0.9168
pepT,1.15
yxjM,0.9947
yxjO,1.05
ywdE,1.09
ung,1.03
ywdI,1.34
ywdK,1.09
spsA,1.14
spsC,1.08
rnpA,1.15
jag,0.9264
gidB,0.9987
yydK,0.7683
bglA,0.868
ahpC,0.8834
gntP,1.03
gntR,1.02
yxaB,0.8915
yyaB,0.8674
spo0J,0.8593
yyaD,0.955
yyaF,1.04
ssb,1.02
exoA,0.9389
yxaD,0.9793
yxaF,0.9041
yxaH,0.9819
yxaJ,0.8337
yxaM,0.8918
yxbB,0.8783
rpmH,1.12
spoIIIJ,0.9644
thdF,1.23
yyaA,1.05
yyzE,0.9709
ahpF,0.7428
gntZ,1.1
gntK,1.18
yxaA,1.12
yxaC,1.19
soj,0.8415
yyaC,1.1
yyaE,1.25
rpsF,1.22
rpsR,0.7943
yyaG,1.0
yxnA,1.01
yxaG,0.8609
yxaI,0.5097
yxaL,0.8079
yxbA,1.0
yxbC,1.13
gltA,0.6572
ppsE,0.9057
ebrA,0.0
ymfG,2.23
bpr,1.07
cheV,0.8826
rho,1.04
tagD,1.06
yvfE,0.7867
yvgP,1.17
yurC,0.8244
aapA,1.06
spoIIS,1.0
xtmB,0.9577
yhjN,1.17
yhaA,1.07
yheJ,1.1
yfmB,0.9452
yqhQ,0.9302
yosN,0.979
pnpA,1.08
flhA,0.7409
fliP,0.6521
fruB,0.907
ppsC,0.9843
yngB,0.9679
pyrAB,0.9462
polC,0.9179
pycA,0.8575
ptsH,1.11
tdk,1.02
yvfC,0.7917
yvfK,0.9739
yusY,1.09
ysnF,1.41
lepA,1.06
xkdO,1.1
yirY,1.28
yhfQ,0.8411
yhaQ,0.9159
yfkL,1.08
yfnC,1.08
spoIIIAG,1.05
yojG,1.86
flhF,0.7374
flhB,0.9222
cheY,0.732
moaD,1.05
hprT,1.18
yvoF,0.8015
yvdS,0.9098
sacB,0.955
ffh,0.9601
ssuC,0.9358
yvfP,0.8324
ctc,1.09
ppsB,0.8942
yvgR,0.7561
ydjK,0.0
spoIIE,1.03
ywbL,0.9132
sigL,0.9035
yacA,1.47
yvdR,0.9824
yveB,1.12
yqxK,1.03
yhaR,1.12
pnbA,1.3
ytnM,1.01
prs,1.06
ykoW,1.07
cotA,1.05
ydjA,1.06
hutH,1.01
secA,1.09
ybaS,0.8721
ybaN,0.7745
gerD,0.7553
cwlD,0.7797
ybaJ,0.8442
rplM,1.17
gcaD,1.36
yabJ,1.04
yabH,0.9713
veg,0.6528
ksgA,0.7903
ybaF,0.8505
ybxA,0.8597
rpoA,1.04
rpsM,1.1
infA,0.924
adk,0.9883
abrB,0.7185
yazA,0.97
yabA,0.9314
holB,1.11
yaaQ,1.11
ybaR,0.9004
kbaA,0.928
ybaL,1.23
ybaK,0.7741
rpsI,0.9349
truA,0.8651
spoVG,0.9178
purR,0.7851
sspF,0.9391
yabG,0.9478
yabF,0.8094
ybaE,0.8432
rplQ,1.2
rpsK,1.15
rpmJ,1.07
map,0.8938
secY,0.9447
yabC,0.9452
yabB,0.9589
yaaT,1.05
yaaR,1.2
tmk,1.17
ycnG,0.9774
yczG,1.13
ycnD,1.43
yclQ,0.5631
yclO,0.651
yclM,0.8465
rapJ,0.9633
ycdC,0.9607
natB,0.9149
yccH,0.8881
yccF,0.9653
yczB,0.896
yclK,0.7892
yclI,0.8596
gerKB,0.8703
gerKA,0.8773
yclE,0.6739
yclC,0.8847
cwlJ,0.9473
ycbO,0.9598
ycbL,0.9225
yczA,0.9909
ycbH,0.8979
ycbF,0.9248
ycnF,1.17
ycnE,1.41
ycnC,0.9809
yclP,0.623
yclN,0.8252
rapC,0.9187
ycdD,0.0
ycdA,0.5381
natA,0.929
yccG,0.9005
lipA,0.8697
phoD,0.9254
yclJ,0.9364
yclH,1.28
gerKC,0.9112
yczF,0.9964
yclD,0.9375
yclB,1.02
ycbP,1.02
ycbN,0.9037
ycbK,0.9753
ycbJ,0.9637
ycbG,0.9448
ycbE,1.03
ydiF,1.19
ydiD,0.8853
ydiB,0.8778
ydhU,0.7721
ydhS,0.8733
ydhQ,0.9096
yddF,1.01
yddC,0.9973
yddA,1.05
ydcS,1.01
ydcQ,0.8715
ydcO,0.9798
ydhO,0.8983
ydhM,0.8969
ydhK,1.0
ydhI,0.986
ydhG,1.0
ydhF,0.9675
ydcN,0.0
ydcL,1.17
ydcH,1.09
ydcF,1.13
sigB,1.22
rsbU,1.16
ydiE,0.8809
ydiC,0.8486
ydiA,0.9329
ydhT,0.8729
ydhR,0.8691
ydhP,0.9068
yddD,0.0
yddB,0.0
ydcT,1.03
ydcR,1.02
ydcP,1.03
sacV,1.1
ydhN,0.9983
ydhJ,1.05
ydhH,1.08
phoB,1.13
ydhE,0.9067
ydcM,1.28
ydcK,1.16
ydcG,1.22
rsbX,1.32
rsbW,1.35
rsbT,1.27
yfjF,0.8651
acoR,1.03
acoC,0.0
acoA,0.0
yfjM,1.05
yfjO,1.11
yesT,0.8995
yesR,0.8275
yesP,0.8826
yesM,0.8796
yesK,0.8325
cotJB,0.826
yfjQ,1.18
yfjS,0.9528
yfkA,1.05
yfkC,0.0
yfkE,1.09
yfkJ,1.05
yesF,0.9538
yeeK,0.9733
rapH,0.8106
yezA,0.9868
yeeC,1.02
yeeA,0.0
yfjU,0.9923
acoL,0.9647
acoB,0.9894
yfjL,1.07
yfjN,1.15
yfjP,0.9727
yesS,0.8525
yesQ,1.04
yesO,1.0
yesL,0.978
yesJ,0.8079
cotJA,1.01
yfjR,1.69
yfjT,1.32
yfkB,1.07
yfkD,0.947
yfkH,1.07
yfkK,0.9613
yesE,0.8431
yeeI,1.05
yeeG,0.9103
yeeD,1.06
yeeB,1.01
yefC,1.07
yhfD,1.13
yhfB,2.13
yhgD,1.0
hemH,1.11
pbpF,1.08
yhgB,0.9364
yhcN,0.8734
yhcL,0.8423
yhcJ,1.05
yhcI,0.8744
yhcG,0.9286
yhcE,0.8671
ecsC,0.9605
ecsA,1.37
serC,0.9487
yhaH,1.06
yhaI,0.9652
yhaK,1.18
yhcB,0.9705
yhbJ,1.04
yhbH,0.8932
yhbF,0.7402
yhbD,0.9057
yhbA,0.9824
yhfC,1.16
yhgE,0.9961
hemY,0.9517
hemE,0.9626
yhgC,1.87
yhfA,1.01
yhcM,0.7452
yhcK,0.9956
cspB,0.7378
yhcH,0.9462
yhcF,1.01
yhcC,1.01
ecsB,1.22
hit,1.13
yhaG,0.9263
hpr,0.6277
yhaJ,1.32
prsA,1.53
yhcA,1.2
yhbI,0.9949
prkA,0.9304
yhbE,0.921
cspR,1.24
yhzB,1.25
yjkA,0.9855
yjiC,1.14
yjiA,0.8703
yjhA,0.8041
yjgB,0.9756
yjfC,0.0
carA,0.4295
argB,0.5782
argC,0.7883
yitY,1.01
yitW,1.18
yitU,1.15
yjfA,0.9423
cotT,1.02
yjdJ,1.03
yjdG,1.03
yjdE,0.7887
yjdC,0.9745
yitT,0.8561
nprB,0.8598
yitQ,0.8634
yitO,0.9407
yitM,0.8273
yitK,0.8739
yjjA,1.09
yjiB,1.18
yjhB,0.8767
yjgD,1.34
yjgA,1.17
yjfB,1.09
argD,0.5717
argJ,0.6329
yitZ,0.9736
yitX,1.23
yitV,1.14
ipi,0.9046
yjeA,1.41
yjdK,0.8067
yjdI,0.9447
yjdF,0.9315
yjdD,0.9456
yjdB,1.06
yitS,1.03
yitR,0.858
yitP,1.01
yitN,0.9408
yitL,0.8665
yitJ,0.708
yknV,1.08
moaE,1.13
moeA,1.02
mobA,1.04
ykuV,1.34
ykuT,0.8338
ykoE,0.5795
ykoC,0.6043
ispA,0.8672
yknA,0.8564
ykmA,0.969
proA,0.8569
ykuR,1.03
ykuP,0.6659
ykuN,0.8518
ykuL,1.05
ykuK,1.06
ykuI,0.9948
ykkE,1.01
ykkC,0.9207
ykkA,0.9215
ykzH,1.05
ykhA,1.49
ykgB,1.4
yknU,1.14
mobB,1.26
moeB,1.06
ykuW,1.04
ykuU,1.65
ykuS,1.01
ykoD,0.6388
ispU,1.17
metC,0.7774
ykzA,1.45
yklA,0.8756
proB,1.05
ykuQ,1.08
ykuO,0.9036
ykuM,0.9693
ykzF,1.19
ykuJ,1.07
ykuH,1.29
ykkD,1.02
ykkB,0.9562
ykjA,0.9521
hmp,0.9919
ykgA,1.15
ykfD,1.04
fliR,0.6368
fliZ,0.6515
fliM,0.6733
flgE,0.6756
fliK,0.7031
fliJ,0.7409
ylmA,0.8845
sigE,0.9617
ftsZ,1.29
sbp,1.71
ylxW,2.52
murB,3.26
fliH,0.7061
fliF,0.8222
flgC,0.8773
codY,1.26
clpQ,1.22
gid,1.16
spoVE,1.06
mraY,1.07
pbpB,1.16
ylxA,1.02
yllA,1.46
ylbP,1.31
fliQ,0.6583
fliY,0.7582
fliL,0.7394
ylxG,0.7534
ylxF,0.8278
fliI,0.9187
sigG,1.74
spoIIGA,1.17
ftsA,1.44
ylxX,2.26
divIB,3.03
murG,2.91
fliG,0.7682
fliE,0.9748
flgB,0.9699
clpY,1.3
codV,1.54
topA,1.31
murE,1.18
ftsL,0.9825
yllB,1.06
ylbQ,1.54
ylbO,1.07
yoxD,2.68
proH,0.9738
gltC,0.7962
yogA,0.7281
ggt,0.7757
yoeC,0.9697
glnR,0.8981
ynbA,1.07
cwlC,0.8683
nrdF,0.803
ymaA,1.06
ymzC,0.8981
yoeA,0.9567
pbp,0.8687
yngK,0.9073
yngJ,0.95
yngH,0.9376
yngF,1.04
miaA,1.06
ymaG,0.9799
ymaD,1.32
aprX,0.9764
ymzB,1.07
pksN,0.7825
rtp,0.8361
proJ,0.0
gltB,0.62
yofA,0.9283
yoeD,0.8699
yoeB,0.3973
ynbB,1.06
spoVK,0.955
ymaB,0.9352
nrdE,0.9961
ymzA,1.32
ymaH,0.8996
yoxA,0.9004
yngL,1.06
ynzE,1.18
yngI,0.9117
yngG,0.9999
yngE,1.2
ymaF,1.03
ebrB,1.03
ymaC,1.26
ymaE,1.18
pksS,1.07
pksJ,0.9264
yoqR,1.01
yoqT,0.9677
yoqV,1.07
yoqY,0.9594
yorA,1.01
yorC,1.12
yojC,1.21
yojF,1.89
yojI,1.08
yojK,1.31
yojM,1.14
yojO,1.22
yorE,0.8236
yorG,0.7723
yorI,0.9357
yorK,0.8536
yorN,0.904
yorP,0.8102
yocS,0.7947
sodF,0.9861
dhaS,1.28
yozO,0.6898
yozN,0.8372
yocL,0.8137
yoqS,0.9104
yoqU,1.04
yoqW,1.01
yoqZ,0.9662
yorB,0.9552
yorD,1.17
yojE,1.02
yojH,1.02
yojJ,1.11
yojL,1.21
yojN,1.07
odhB,0.9944
yorF,0.834
yorH,0.9562
yorJ,0.9718
yorM,0.9785
yorO,0.9176
yorQ,0.9407
yocR,0.9021
sqhC,0.9737
yozC,0.9915
yocN,0.931
yocM,0.8294
yocK,0.93
qcrC,0.704
ypjB,0.9675
ypjD,1.69
ypjF,1.4
ypjH,1.42
birA,1.2
yolC,0.9363
uvrX,0.8777
sunA,0.7532
yolI,0.8412
yolK,0.7373
yomB,1.02
panC,0.9483
ypmB,1.29
asnS,0.8499
nth,0.9343
yppB,2.73
yomD,0.9483
yomF,1.07
yomH,1.08
yomK,1.1
yozP,1.12
yomN,1.01
ypjA,0.9895
ypjC,1.17
dapB,1.66
ypjG,1.5
papS,1.31
panB,1.05
yolD,1.2
yolF,1.18
sunT,1.01
yolJ,0.8557
yomA,1.28
yomC,0.9941
panD,0.9717
ypmA,1.02
aspB,1.36
dnaD,0.9953
ypoC,1.03
yppC,2.69
yomE,1.01
yomG,1.24
yomJ,1.03
yomL,1.46
yomM,1.09
yomO,0.9759
yqhL,1.31
yqhN,1.38
yqhP,0.864
yqhS,1.13
efp,1.07
spoIIIAA,1.05
yqkL,1.13
drm,1.02
dacF,1.01
spoIIAB,0.9152
spoVAA,0.9426
spoVAC,0.8343
spoIIIAC,0.9491
spoIIIAE,0.9421
spoIIIAH,0.8713
accC,1.01
yqhZ,0.8044
yqiB,1.05
spoVAE,1.13
lysA,0.8048
ppiB,1.34
ypuB,1.23
ypzC,1.41
ypuD,3.75
yqhM,1.57
yqhO,1.12
yqhR,1.14
yqhT,1.2
yqhV,1.11
spoIIIAB,1.03
ripX,1.0
pnp,1.06
spoIIAA,1.11
sigF,0.9906
spoVAB,1.12
spoVAD,1.24
spoIIIAD,1.07
spoIIIAF,1.1
accB,1.18
yqhY,1.09
folD,0.8873
yqiC,0.9773
spoVAF,1.8
ypuA,8.2
ypzD,1.45
ypuC,1.41
sipS,1.86
ypuE,1.45
yrkB,1.14
yrkD,1.25
yrkF,0.9533
yrkH,1.0
yrkJ,0.975
yrkL,1.14
yqeN,0.9302
gpr,1.04
yqxA,0.8982
dnaK,1.01
yqeT,0.9937
yrkN,1.04
yrkP,1.04
yrkR,1.14
spoIIIC,1.1
yqaC,0.9824
yqaF,1.12
yqeV,0.8988
rpsU,1.02
yqeZ,0.6803
yqfB,0.7183
yqfD,1.02
yqfF,1.26
yrkC,1.1
yrkE,0.9729
yrkG,1.08
yrkI,1.13
yrkK,1.13
yrkM,1.05
rpsT,1.01
spoIIP,1.02
hemN,1.09
grpE,1.22
dnaJ,1.19
yqeU,0.9964
yrkO,1.12
yrkQ,1.16
yrkS,1.13
yqaB,1.25
yqaE,1.04
yqdA,1.26
yqeW,0.9638
yqeY,0.9732
yqfA,0.7201
yqfC,1.03
phoH,1.21
yqfG,1.28
yshE,0.8615
ysiA,0.7845
etfB,0.7846
xsa,0.8642
uvrC,1.08
lysC,0.7326
relA,0.9385
yrvJ,0.8048
hisS,0.8537
yrvM,1.1
yrzC,1.4
yrvP,1.14
sdhC,0.9837
sdhB,0.9597
gerE,0.9494
racE,0.9788
rph,0.8941
ysnB,0.9156
yrrB,1.16
yrrD,0.9999
glnM,0.9577
glnQ,1.04
yrzB,1.15
lcfA,0.9588
ysiB,0.9202
etfA,1.04
trxA,2.76
ask,0.8536
yslB,0.8962
yrvI,0.7574
yrzK,1.02
aspS,0.8769
yrvN,1.19
yrvO,1.27
yrrA,1.18
sdhA,0.9698
ysmA,1.03
ysmB,0.9948
gerM,0.9425
ysnA,0.9118
ysnE,0.9723
yrrC,0.9949
glnP,1.12
glnH,1.12
yrrI,1.07
yrrK,1.02
yrrL,1.05
ytkC,1.06
ytlC,1.49
ytlA,1.26
ytmB,1.17
metK,1.02
ytnA,1.38
ytsP,1.03
ytwP,0.8802
nifZ,1.13
sspA,1.2
ytcJ,1.34
yteI,1.02
ytpA,2.45
ytqA,1.51
ytrA,28.26
ytrC,30.09
ytrE,31.12
ytsA,6.6
ytfI,0.9684
ytxK,1.56
moaB,1.09
argH,0.6885
ytkK,1.37
ytlI,0.9911
ytlD,1.17
ytlB,1.3
ytmA,1.44
pckA,1.22
asnB,1.68
ytoA,2.04
ytvP,1.2
braB,0.9639
ytbJ,1.22
ytcI,1.14
ytdI,1.16
yteJ,1.02
ytqB,2.01
ytzC,2.64
ytrB,11.86
ytrD,38.6
ytrF,28.76
ytsB,3.91
ytgI,1.92
ackA,1.19
argG,0.7481
ytzD,0.6774
ytkL,1.38
ytmI,1.12
yurW,0.9411
yurU,0.8483
yurS,0.9048
yurQ,0.9853
yurO,0.64
yurM,0.8494
yufB,1.03
yufD,0.989
yufU,1.08
yufS,0.9231
yufQ,0.7727
yufO,1.21
yurK,0.8185
yurI,0.8788
yurF,0.9704
yurD,1.01
yunM,1.12
yunK,0.881
yufM,1.14
yuxK,0.9083
yuxJ,1.01
kapB,1.18
patB,1.01
yugF,1.24
yurV,0.9406
yurT,0.9718
yurR,0.9997
yurP,0.9866
yurN,0.8993
yurL,0.7719
yufC,1.09
yufV,1.18
yufT,0.9401
yufR,0.9493
yufP,0.8848
yufN,0.6743
yurJ,0.8263
yurH,0.8206
yurE,0.9978
yurB,1.05
yunL,1.11
yunJ,1.02
yufL,1.19
pbpD,1.04
kapD,1.25
kinB,1.04
yugE,1.28
yugG,1.25
yvcJ,1.09
yvcL,1.04
yvcN,0.995
yvcQ,0.9935
yvcS,0.912
yvdA,0.9176
yvaO,0.9449
yvzC,0.9202
yvaL,0.98
yvaJ,0.8256
yvaG,0.981
yvaE,0.9457
yvdC,0.9047
yvdE,1.09
yvdG,0.9508
yvdI,0.9941
yvdK,0.9116
yvdM,0.9677
yvaC,0.9696
yvaA,1.39
yvgY,0.9559
yvgW,1.01
yvgU,0.7971
yvgS,0.9972
yvcK,1.15
crh,1.09
yvcP,0.9995
yvcR,1.36
yvcT,1.39
yvdB,0.9636
yvaN,0.8276
yvaM,1.12
yvaK,1.03
yvaI,0.9223
yvaF,1.06
yvaD,1.11
yvdD,0.7795
yvdF,1.08
yvdH,1.12
yvdJ,1.05
yvdL,1.3
clpP,1.97
yvaB,1.01
yvgZ,1.06
yvgX,0.8228
yvgV,0.792
yvgT,0.9505
yvgQ,0.7982
atpF,0.6489
atpA,0.6023
atpD,0.6473
ywmA,0.7917
ywmB,1.42
spoIID,0.9413
ywtE,1.67
ywtG,1.07
gerBB,0.8806
pmi,0.9185
tagC,1.15
tagA,1.26
ywmE,1.03
narA,1.08
ywmF,0.9764
ureA,0.9619
ureC,0.8931
ywnB,1.0
tagF,0.9081
ggaA,1.06
lytR,0.9559
lytC,0.8636
tuaB,1.01
tuaD,0.9776
atpH,0.6404
atpG,0.5702
atpC,0.6272
ywzB,0.8845
murA,1.49
ywmC,1.33
ywtF,4.6
gerBC,1.32
gerBA,1.28
lytD,1.19
tagB,1.33
tagE,1.25
narQ,1.14
rapB,1.12
ywmG,2.19
ureB,1.03
ywnA,0.9575
ywnC,0.9677
tagG,1.52
yvyH,1.01
lytB,0.9067
tuaA,1.01
tuaC,1.03
tuaE,1.04
yxkA,0.8415
yxkC,0.6942
aldY,0.8803
msmX,0.8667
yxzE,0.8769
yxkJ,0.8345
spsD,0.9165
spsG,0.8806
spsJ,0.952
yweA,0.6616
rocA,0.7726
rocC,0.8257
cydB,0.8515
cydD,1.11
yxlA,0.9862
yxlC,1.15
yxlE,1.17
yxlG,1.05
ywfB,1.04
ywfD,0.8817
ywfF,0.9179
ywfH,1.2
pta,1.14
ywfL,1.05
galE,0.8294
yxkD,0.8338
yxkF,0.9678
yxkH,1.02
yxkI,1.02
cydA,0.9739
spsE,0.9296
spsI,1.06
spsK,0.8971
yweB,0.9412
rocB,1.02
ywfA,0.9215
cydC,1.22
yxkO,1.21
sigY,1.27
yxlD,1.2
yxlF,1.1
yxlH,1.14
ywfC,0.9535
ywfE,0.9276
ywfG,1.04
ywfI,1.29
ywfK,1.23
ywfM,0.9887
yyaH,0.9279
yyaJ,0.9024
yyaL,0.9722
yyaN,0.9467
tetL,1.08
yyaP,0.9803
yxbD,0.9096
yxbF,0.9409
yxcA,0.9869
yxcC,1.09
yxcE,1.28
iolR,1.08
yyaR,0.9102
yyaT,0.9244
yybB,0.9136
yybD,0.8854
yybF,0.7719
yybI,0.8944
iolB,0.9776
iolD,0.9787
iolF,0.8987
iolH,0.9272
iolJ,0.946
yxdK,0.9505
yyaI,0.9437
yyaK,0.8065
yyaM,1.04
yyaO,1.04
tetB,0.9767
yyaQ,1.05
aldX,0.989
yxbG,1.16
htpG,1.11
yxcD,1.35
iolS,1.4
iolA,1.02
yyaS,1.08
yybA,1.03
yybC,0.9315
yybE,0.8245
yybG,1.01
yybJ,0.7877
iolC,0.9753
iolE,0.9779
iolG,1.1
iolI,1.05
yxdJ,1.07
yxdL,1.09
yeeF,0.9712
purQ,0.3185
ydgJ,1.1
pbpC,0.8213
srfAC,0.7795
ycgI,0.9372
yknT,0.9547
ptsI,0.8629
ykvU,0.9014
ykzE,0.8623
yjdH,0.8956
yhdN,1.13
yczC,0.8479
lmrA,0.9777
ybgB,0.8854
ybdD,0.7775
fus,0.8178
yfiX,0.9061
yfkF,1.01
treA,0.8543
yflP,0.8425
yesY,0.9934
yddN,1.17
yerP,1.19
ydjD,0.8794
yddE,0.0
yclG,0.9721
nasB,0.9737
ycdB,1.0
patA,1.08
ykvW,1.11
ykrP,1.17
ykoY,1.06
yhaP,0.98
yhbB,1.03
yccC,1.06
ybgE,0.7127
ybgA,1.03
rpmD,0.9554
rpoB,0.9779
clpC,1.05
yfiB,1.18
yfkI,1.13
yflH,1.25
yetM,1.24
cotJC,1.02
yddK,1.03
yabD,0.8553
yurG,0.9304
ytqD,0.9586
acuB,1.52
dnaE,0.9752
levR,1.01
yqzC,1.01
yaaO,1.04
ypbG,2.99
ypvA,0.9459
cgeB,1.05
yloB,0.9605
glcT,1.2
yjcD,0.7688
metS,0.8667
ythC,1.26
ytpB,2.19
ytoI,0.9894
yrhJ,4.64
yqxH,1.22
bmrU,1.13
yaaN,0.8947
qcrB,0.8532
yosO,1.0
ylqF,1.12
spoVD,1.31
yjgC,1.19
yjaX,1.35
rplO,0.9015
rplR,0.9326
rpsH,0.8982
rplE,1.01
rplN,0.8905
rpmC,0.8705
xpaC,0.7638
bofA,1.01
recR,1.18
dnaX,0.9593
yaaI,0.9093
rpsC,0.9143
rpsS,0.9453
rplW,0.9877
rplC,0.949
ybaC,0.7922
rpsG,0.8692
serS,0.8451
yaaD,0.6193
guaB,1.09
gyrB,0.9714
recF,1.02
rpsE,0.7614
rplF,1.0
rpsN,0.9726
rplX,0.8618
rpsQ,1.04
rplP,0.9447
csfB,0.7185
yaaL,1.11
yaaK,1.44
yaaJ,0.9875
yaaH,0.9103
rplV,0.9479
rplB,0.9491
rplD,1.0
rpsJ,1.13
tufA,0.9138
rpsL,1.13
yaaE,0.6938
dacA,0.8026
yaaC,0.8554
yaaB,0.9361
yaaA,1.19
yclA,0.8987
yckJ,1.16
yczE,0.8185
ycxD,0.7611
ycxB,0.8075
srfAD,0.8298
ycbD,0.8491
ycbA,0.8873
ybgH,0.8488
ybgF,0.7257
ybfP,0.91
ybfN,0.8465
yckH,0.9607
yckF,0.8433
nucA,0.8367
yckE,0.7904
yckC,0.8847
yckA,0.8344
ybfM,0.831
ybfK,0.8359
purT,0.8542
ybfH,0.8115
ybfF,0.9902
ybfB,0.7998
yckK,1.45
yckI,1.22
sfp,0.921
ycxC,0.9032
ycxA,0.9184
comS,0.8542
ycbB,0.9199
ybgJ,0.9159
ybgG,0.9112
ybfT,0.8758
ybfO,0.9388
psd,0.939
yckG,0.8995
tlpC,0.9298
nin,0.9222
yckD,0.9716
yckB,0.9679
yciC,1.24
pssA,0.8963
ybfJ,0.8196
ybfI,0.9018
ybfG,0.9059
ybfE,0.8745
ybfA,0.8186
ydhD,0.8766
ydgK,0.8975
ydgH,0.9161
dinB,0.9467
expZ,1.03
ydgD,1.34
rsbS,1.15
ydcE,1.15
dal,1.33
ydcB,0.9511
ydbS,0.8771
murF,1.21
ydgB,1.02
ydfT,0.9081
ydfR,0.981
ydfQ,0.9649
ydfO,0.8018
ydfM,0.9329
ydbP,1.2
ydbM,0.949
ydbK,1.12
ydbI,0.9431
ydbF,0.9701
ydbD,1.17
ydhC,1.22
ydgI,1.21
ydgG,1.03
ydgF,0.7647
ydgE,1.13
ydgC,1.37
rsbR,1.27
ydcD,1.04
ydcC,1.1
ydbT,1.02
ydbR,1.23
ddlA,1.97
ydgA,1.08
ydfS,1.03
ydzH,1.02
ydfP,0.9781
ydfN,0.9463
ydfL,1.18
ydbN,0.8708
ydbL,0.9003
ydbJ,1.09
ydbG,0.9267
ydbE,1.06
ydbC,0.9396
yfkM,1.44
treR,0.9928
yfkQ,0.8258
yfkS,0.9131
yflA,0.9798
yflC,0.8668
yefB,0.9731
yerQ,1.21
yerN,1.12
yerL,1.24
sapB,1.08
yerH,1.79
yflE,1.18
yflG,1.21
yflJ,0.922
yflL,0.9079
yflN,0.7182
citT,0.727
yerF,0.9878
yerD,0.799
yerA,0.6865
yezC,0.4775
purH,0.2405
purM,0.2845
yfkO,0.81
treP,0.9205
yfkR,1.02
yfkT,0.9503
yflB,0.8652
yflD,1.14
yefA,1.12
yerO,1.07
yerM,1.31
opuE,1.02
yerI,0.9555
yflF,0.8681
yflI,0.9926
yflK,0.9666
yflM,0.8077
citM,0.8624
citSc,0.7295
yerE,0.9619
yerB,0.0
yecA,0.5293
purD,0.2302
purN,0.3106
purF,0.3114
yhaL,0.8668
yhaN,0.8464
yhaS,1.09
yhaU,0.9688
yhaW,0.9833
yhaY,0.9426
ygaO,0.8155
ygaN,0.9769
ygbA,0.8338
katA,0.699
ygaK,0.7466
ygaJ,0.8887
yheA,0.9116
yheD,0.9154
sspB,1.1
yheG,0.9566
yheK,0.8747
yheN,0.8961
ygaI,0.9961
ygaH,0.9109
ygaF,0.9111
ygaE,0.9746
ygaC,1.33
sspE,1.07
yhaM,0.8311
yhaO,0.9752
yhaT,1.05
yhaV,0.9089
yhaX,0.9459
yhaZ,1.01
yhzA,2.1
ygcA,1.03
ygaL,0.9669
senS,0.8899
thiA,0.579
ygzA,1.05
yheB,0.9553
yheE,1.0
yheF,0.9486
yheI,0.8846
yheM,0.7939
yhdZ,0.9496
ygxA,0.969
ygaG,0.9603
gsaB,0.9248
ygaD,1.5
ygaB,1.07
yfhR,1.18
yjdA,0.893
yjcR,0.8589
yjcP,0.8719
yjcN,0.7962
yjcL,0.9456
yjcJ,0.6822
yitI,0.8788
yitG,0.8503
yitE,0.8623
yitC,0.8537
yitA,0.8364
yisX,0.9729
yjcH,0.9422
yjcF,1.03
yjcC,0.8521
yjcA,0.8547
cotW,0.8271
cotY,0.8478
yisV,0.8679
yisT,0.8386
degA,0.8591
yisQ,0.9268
yisO,0.8645
yjcS,1.04
yjcQ,0.8953
yjcO,0.954
yjcM,0.9923
yjcK,0.8923
yjcI,0.8124
yitH,0.8837
yitF,0.8469
yitD,0.8859
yitB,0.9587
yisY,0.9855
yisW,0.9162
yjcG,1.18
yjcE,1.12
yjcB,0.9954
cotV,0.9473
cotX,0.9204
cotZ,0.8658
yisU,0.9743
yisS,0.7777
yisR,0.9022
yisP,0.7887
yisN,0.9621
yisL,0.9982
ykuG,1.05
ykuE,1.15
ykuC,1.15
kinA,0.9175
ykwD,0.8745
ykwB,0.8195
ykfC,0.814
ykfA,0.7519
dppD,0.5468
dppB,0.807
ykeA,0.9233
ykcC,0.8364
splA,0.9027
ykvZ,1.34
ykvV,0.7378
ykvS,1.24
ykvQ,0.86
ykvO,0.9411
ykcA,1.34
ykaA,0.9927
spoIISA,0.9961
xhlB,1.05
xkdY,0.9421
xkdW,0.9314
ykuF,0.869
ykuD,1.26
ykyB,1.5
ykwC,0.9952
splB,0.954
ykfB,0.8291
dppE,0.715
dppC,0.9017
dppA,0.6984
htrA,1.29
ykcB,0.9898
ptsG,0.862
ykvY,1.42
ykvT,1.14
ykvR,1.1
ykvP,0.9898
ykvN,1.01
ykbA,0.8285
ykaB,1.06
xlyA,0.9447
xhlA,0.938
xkdX,0.9284
xkdV,0.8253
smf,0.9823
sucC,0.9021
ylqG,0.8405
rplS,0.9543
ylqE,0.9156
ylqC,0.8556
rpmF,0.9283
ylbM,0.9757
ylbK,1.91
ylbI,1.05
ylbG,1.18
ylbE,0.927
ylxM,1.02
ftsY,0.9343
rncS,0.9434
fabG,0.9359
plsX,0.9195
ylpB,0.8604
ylbC,1.21
ylbA,0.9341
ctaF,0.6938
ctaD,0.7156
ctaB,0.7726
ylaO,1.02
sucD,0.8861
ylqH,0.8482
rnh,1.02
trmD,0.9071
ylqD,0.9386
rpsP,0.978
ylbN,1.11
ylbL,1.2
ylbJ,1.12
ylbH,1.1
ylbF,1.24
ylbD,1.16
ylqB,0.9644
acpA,1.25
fabD,0.9951
ylpC,0.989
ylpA,1.06
ylbB,1.3
ctaG,0.7855
ctaE,0.7269
ctaC,0.6469
ctaA,0.7593
ylaN,1.03
yngD,0.9078
yngA,0.8635
ynfF,0.8577
bglC,0.6573
ynfC,0.9377
grlB,1.15
pksI,0.8476
pksG,0.8307
pksE,0.9187
pksC,1.04
pksA,0.8255
mutL,0.833
yneS,0.7509
yneQ,1.1
tlp,0.9698
citB,0.9085
cotL,0.8943
yneK,0.8802
cotE,0.868
ymcB,1.26
tdh,0.9014
ymdB,1.02
pbpX,2.01
cinA,1.13
yngC,2.19
xynD,0.9021
ynfE,0.8801
alsT,0.7272
grlA,1.09
yneT,1.28
pksH,0.9104
pksF,0.8736
pksD,1.04
pksB,1.01
ymcC,0.9407
mutS,1.0
yneR,0.9826
yneP,1.18
yneN,0.8929
cotK,1.09
cotM,1.0
yneJ,1.08
ymcA,1.31
kbl,0.9781
spoVS,0.833
ymdA,0.9413
recA,1.09
pgsA,1.02
yorR,0.7887
yorT,0.9966
yorV,0.8321
yorX,0.8492
yorZ,0.9513
yosB,1.12
yocJ,0.8172
yocH,0.7475
yocF,1.16
yocD,1.18
yocB,1.36
yocA,1.11
yosD,0.802
yosF,0.9466
yosH,0.8091
yosJ,0.7482
yosL,0.7517
yosP,0.7119
yobW,0.9856
yobU,0.8864
yobS,0.8505
yobQ,0.9023
yobO,0.8235
yobM,0.8303
yorS,0.9389
mtbP,0.8834
yorW,0.9594
yorY,1.1
yosA,0.8757
yosC,0.9724
yocI,0.9206
yocG,1.22
yocE,1.53
yocC,1.16
yozB,0.7302
yozA,1.28
yosE,0.9364
yosG,0.9109
yosI,0.9156
yosK,0.7965
yosM,1.12
yosQ,1.04
yobV,0.9671
yobT,0.895
yobR,0.9584
csaA,0.8977
yobN,0.9792
yobL,0.8331
yppD,1.2
yppF,1.18
ypqE,1.86
yprB,1.11
ypsA,1.21
ypsC,1.32
yomP,0.9581
yomR,0.8841
yomT,0.9637
yomV,0.926
yomX,0.9043
yomZ,0.93
kduD,0.9822
kdgR,0.9671
kdgA,1.12
ypwA,1.38
pbuX,0.7044
ypbQ,0.8989
yonB,0.9424
yonD,0.9536
yonF,0.8807
yonH,0.9686
yonK,1.03
yonO,0.7706
yppE,1.24
yppG,1.3
cotD,1.24
ypsB,1.43
yptA,1.19
yomQ,1.01
yomS,1.02
yomU,0.9398
yomW,1.06
yomY,0.9221
yonA,1.02
kduI,1.07
kdgK,0.9731
kdgT,1.02
xpt,0.9234
bcsA,1.14
ypbS,0.9931
yonC,1.06
yonE,1.08
yonG,1.06
yonI,1.01
yonN,0.8617
yonP,0.9482
yqiD,0.8978
yqxC,1.05
recN,1.04
spo0A,0.9155
yqiH,0.8926
yqiK,1.46
ribG,1.2
ribA,1.2
ribT,0.9509
ypuG,1.16
ypuI,1.1
spmA,0.9861
mmgB,0.9813
mmgD,0.9369
yqiQ,0.9342
yqiR,1.15
yqiT,1.35
yqiV,1.16
ypuL,0.7976
resB,0.8281
resD,0.6592
sigX,1.23
aroC,1.08
ypzE,0.9504
yqiE,1.22
ahrC,1.04
spoIVB,1.1
yqiG,1.97
yqiI,1.06
ribB,1.27
ribH,1.16
ypuF,1.29
ypuH,1.22
dacB,1.04
spmB,1.02
mmgC,0.8734
mmgE,1.09
yqzF,1.14
yqiS,1.39
yqiU,1.29
bfmBAA,1.26
resA,0.9102
resC,0.7626
resE,0.7964
ypuN,1.13
serA,1.02
ypaA,1.1
yqaG,0.8611
yqaI,0.8645
yqaK,0.8979
yqaM,0.9982
yqaO,1.03
yqaQ,0.9559
dgkA,0.9643
bex,0.9325
glyQ,0.8324
yqzB,0.9748
yqxD,1.1
sigA,0.8705
yqaS,0.9227
yqbA,0.9233
yqbC,0.9718
yqbE,0.9601
yqbG,0.9434
yqbI,0.919
yqfN,1.09
yqfP,1.03
yqfR,1.01
yqfT,0.9469
yqfV,1.09
yqfX,0.8753
yqaH,1.03
yqaJ,0.9164
yqaL,0.9904
yqaN,1.1
yqaP,1.12
yqaR,0.9688
cdd,1.03
yqxN,0.8593
glyS,1.01
yqfL,1.09
dnaG,1.06
cccA,0.9025
yqaT,1.04
yqbB,0.9189
yqbD,1.01
yqbF,0.9377
yqbH,1.07
yqbJ,0.9697
yqfO,1.04
yqfQ,1.06
yqfS,0.9324
yqfU,0.9653
yqfW,1.16
yqfZ,1.09
ysnD,0.7729
ilvN,0.6462
leuA,0.7008
leuC,0.6499
ysoA,0.8912
clpX,1.49
yrrM,1.27
yrrO,1.14
greA,1.37
yrrS,1.46
yrrT,1.15
yrhA,1.38
ysxD,0.9374
hemX,0.7636
hemD,0.745
hemL,0.0
ysxE,0.7998
yrhD,0.9434
yrhG,1.79
yrhH,4.03
yrhK,1.33
yrhM,1.66
yrhO,1.13
ilvB,0.7796
ilvC,0.8852
leuB,0.7646
leuD,0.625
tig,1.23
lonB,0.9747
yrrN,1.29
udk,1.17
yrrR,1.73
yrzA,1.1
yrrU,1.05
yrhB,1.31
ysxC,1.19
hemA,0.8221
hemC,0.8123
hemB,0.6962
spoVID,0.9115
yrhF,1.29
yrzI,1.65
yrhI,1.92
yrhL,1.67
sigV,1.56
levD,0.9596
ytsC,2.44
yttA,1.32
ytvA,1.16
leuS,0.0
melA,1.08
amyD,0.9486
ytmJ,0.8873
ytmL,0.9199
hisP,0.9285
ytnJ,0.974
hipO,0.9948
ytqI,0.9296
msmR,0.8193
bioW,0.662
bioF,0.6593
bioB,0.741
ytbQ,0.6517
ytcQ,0.944
ytsJ,1.1
pfk,1.13
ytwI,0.8133
citC,1.0
phoP,0.9554
yttB,1.09
ytvB,1.26
ytwF,1.23
amyC,1.09
msmE,1.17
ytmK,1.01
ytmM,1.05
ytnI,1.06
ribR,1.04
ytpI,0.9054
ytrI,0.953
ytaP,0.81
bioA,0.7114
bioD,0.7573
bioI,0.7371
ytcP,0.8931
ytdP,0.8186
yttI,0.8705
ytvI,0.9178
citZ,0.9555
citH,0.9192
phoR,0.9512
mutM,1.02
yunI,0.8643
yunG,0.9502
yunE,0.9681
yunC,0.0
yunA,0.9209
yutC,0.8132
yugH,0.9681
yuzA,1.15
yugK,1.39
yugM,1.08
yugO,1.04
yugS,1.12
yutE,0.8957
yutG,0.8093
hom,0.5356
thrB,0.5964
yutI,1.17
yutJ,0.837
yugU,0.8449
mcpB,0.84
mcpA,0.7836
yuxG,0.9287
yulC,0.9061
yulE,0.8587
yunH,0.9341
yunF,1.01
yunD,0.9811
yunB,0.9934
yutB,0.9466
yutD,0.9955
yugI,1.28
yugJ,2.12
pgi,1.4
yugN,1.25
yugP,2.0
yugT,1.2
yutF,0.8572
yutH,0.7006
thrC,0.5747
yuxL,0.8221
yuzD,0.9698
yuzB,1.17
tgl,1.02
tlpA,0.887
tlpB,0.9544
yulB,0.9578
yulD,0.9216
yulF,0.9643
yvdO,0.9319
yvdQ,0.9163
yveA,0.8853
racX,0.9372
yveG,0.916
slr,0.949
yvgO,1.02
yvgM,0.8956
yvgK,0.8278
yvsG,0.8973
fhuD,0.7122
fhuG,1.17
yveN,0.7325
yveP,0.7629
yveR,0.6971
yveT,0.6355
yvfB,0.7161
yvfF,0.8443
yvrP,0.9099
yvrN,0.7761
yvrL,0.9257
yvrI,0.8577
yvrG,1.03
yvrD,1.38
yvdP,0.904
yvdT,1.09
pbpE,0.9888
yveF,0.9823
padC,0.9155
yveL,1.21
yvgN,3.17
yvgL,0.9253
yvgJ,1.07
yvsH,0.9027
fhuB,0.7662
fhuC,0.7676
yveO,0.7318
yveQ,0.7763
yveS,0.8371
yvfA,0.7381
yvfD,0.7599
yvfG,1.04
yvrO,0.8302
yvrM,0.7951
yvrK,1.06
yvrH,1.03
yvrE,1.05
yvrC,0.8327
mta,0.8867
ywnF,1.38
spoIIQ,1.01
ywoA,6.44
nrgA,1.51
ywoC,7.37
tuaF,0.8955
tuaH,0.8902
yvhJ,0.9539
degS,0.8761
comFA,0.8959
comFC,0.8673
ywoE,1.26
ywoG,0.7856
usd,0.8514
mbl,0.8492
flhP,0.819
ywpB,0.9113
flgM,0.8819
flgK,0.9127
yviE,0.821
csrA,0.8252
yvyC,0.8505
fliS,0.7834
ywnE,1.01
ywnH,1.19
ywnJ,1.55
nrgB,1.69
ywoB,3.88
ywoD,6.53
tuaG,0.9199
tagO,0.9696
yvyE,1.03
yviA,0.9543
comFB,0.9682
yvyF,0.9436
ywoF,1.13
ywoH,1.06
spoIIID,1.02
flhO,0.7806
rapD,1.14
ywpC,0.7888
yvyG,0.9919
flgL,0.9872
yviF,0.9096
hag,1.01
fliD,0.8697
fliT,0.8435
katX,1.14
yxzF,0.9722
licB,1.03
licA,0.9986
ywaA,0.9053
dltD,1.92
ywfN,0.9483
ywfO,0.9864
ywgB,1.08
thrZ,1.92
ywhB,1.17
ywhD,1.69
dltB,0.909
ywaB,1.03
ywaD,1.2
ywaE,1.04
gspA,1.28
sacX,0.9302
ywhF,1.12
ywhH,0.8491
rapF,0.99
ywhL,1.0
ywhN,0.8203
ywhP,0.9769
yxlJ,1.07
licR,1.11
licC,1.01
licH,1.12
dltE,1.74
dltC,2.22
ywzC,1.31
ywgA,1.01
mmr,1.18
ywhA,1.72
ywhC,1.61
ywhE,1.22
dltA,2.43
ywaC,4.08
tyrZ,1.28
ywaF,1.16
sacY,1.09
epr,0.902
ywhG,0.9872
phrF,0.8254
ywhK,1.01
ywhM,0.9934
ywhO,1.03
ywhQ,1.01
yybK,0.8313
yybM,0.7946
yybO,0.9041
yybQ,0.9939
cotF,0.979
yybT,0.9439
yxdM,0.8845
yxeB,0.7931
yxeD,1.01
yxeG,1.27
yxeI,0.9829
yxeK,1.03
yycA,0.7867
yycC,0.8706
yycD,0.992
yycE,0.8491
yycF,0.9564
yycH,0.9365
yxeM,1.1
yxeO,1.6
yxeQ,1.46
yxxB,0.9367
nupC,0.7386
hutM,0.9022
yybL,0.9245
yybN,0.8236
yybP,1.08
yybR,1.09
yybS,0.9945
rplI,0.9502
yxeA,0.8868
yxeC,0.9188
yxeE,1.13
yxeH,1.15
yxeJ,1.1
yxeL,1.3
yycB,0.8156
yyzB,0.9799
dnaC,1.07
purA,0.5559
yycG,0.9749
yycI,0.9724
yxeN,1.36
yxeP,1.47
yxeR,1.2
deoR,0.9912
pdp,0.7797
hutG,0.9686
lysS,0.8867
mfd,0.9224
gyrA,0.9386
lytA,0.8546
yvlD,0.8721
yukF,0.9836
rsbV,1.19
ydbO,0.8228
ycsG,0.7988
phrC,1.01
lmrB,0.8986
pcp,0.8127
ytfJ,0.9035
ytzA,0.8542
yraA,1.36
yqfY,1.31
yonJ,0.7476
yodB,0.7699
ycbM,0.9607
ybfS,0.8395
ybfQ,0.9756
ybeC,0.7259
ybdG,0.8092
ybbA,0.8013
ftsH,1.26
yabK,1.04
ywjF,0.9233
ywlC,1.01
yveK,0.782
glgP,0.846
ydcA,0.8331
ycnB,0.9032
yceH,1.39
ycbU,0.8909
ycbR,0.9534
accA,0.8031
yrhP,0.9373
yqbO,1.01
ypqA,1.25
yosW,1.03
ppsD,0.9384
ycbC,0.8623
gltP,0.9498
mpr,0.8021
ybdN,0.9018
ybdB,0.784
yabE,0.7198
yaaG,1.01
yisD,0.9789
yhjP,0.8615
yhfR,0.8745
yheH,0.7786
yfhQ,1.11
ydcI,1.21
dnaN,0.9646
srfAB,0.7229
opuAA,0.9138
ybdO,0.8296
yabN,1.02
asnH,0.78
ywbN,1.04
yaaF,0.9389
addB,1.09
yhjB,0.9372
yheC,1.02
yheL,1.06
yesN,0.9885
yclF,0.8163
dnaA,1.32
amhX,0.8375
ycbT,1.06
feuC,0.8153
gidA,1.01
yxnB,0.8428
spsF,0.8781
