ybeF,0.8571
glpQ,1.01
ybdT,0.9403
ybxH,0.9388
ybdM,0.9829
ybdK,0.9986
ybxF,0.9012
rplJ,0.9882
rplK,0.942
rpmG,0.9235
yacP,1.01
rplL,1.16
ybdE,0.8964
ybcT,0.9572
ybcQ,0.9138
ybcO,0.8748
ybcL,0.8666
ybcH,0.8547
cysE,0.7711
yacN,1.02
yacL,0.8813
sms,0.883
yacH,0.9687
glpT,1.06
ybyB,1.04
ybxI,0.9226
csgA,1.07
ybdL,1.02
ybdJ,1.07
ybxB,1.15
rplA,1.07
nusG,1.04
sigH,0.9355
yacO,0.8893
ybdA,1.02
ybcS,0.9701
ybcP,1.04
ybcM,1.26
ybcI,0.9526
ybcF,0.9116
gltX,1.01
yacM,1.07
yacK,0.9517
yacI,0.924
ctsR,0.9147
ydbB,0.9338
ydbA,1.06
ydaS,1.43
ydaQ,1.01
mutT,1.12
ydaN,1.08
yciB,1.1
nasA,0.8545
nasD,0.3244
nasF,0.6283
ycgS,0.9136
ycgQ,0.9767
ydaL,0.9078
ydaJ,0.8977
lrpC,0.8261
ydaH,1.09
ydaF,1.03
ydaD,1.04
ycgO,1.01
ycgM,0.9261
cah,1.18
ycgJ,0.9032
tmrB,0.8982
ycgH,0.9388
gsiB,2.1
ydaT,1.23
ydaR,1.16
ydaP,1.54
ydaO,1.15
ydaM,0.9971
yciA,1.03
nasC,0.7553
nasE,0.4086
ycgT,0.8903
ycgR,0.9853
ycgP,1.02
ydaK,0.9573
ydzA,0.5613
ydaG,1.07
ydaE,1.1
ydaC,1.01
ycgN,1.07
ycgL,1.28
ycgK,0.9268
aroI,0.9973
nadE,1.02
ycgG,0.9034
purL,1.0
purC,1.01
purK,1.12
yebG,1.01
yebE,0.9744
yebC,1.27
ydfK,0.8922
ydfJ,0.994
ydfH,1.1
ydfF,1.06
ydfD,1.0
ydfB,0.9365
guaA,0.9273
yeaD,0.9702
yeaB,0.8244
yeaA,0.6047
ydjO,1.07
ydjM,1.75
ydeT,1.03
ydeR,1.02
ydeP,0.989
ydzF,0.9597
ydeM,0.986
ydeK,1.07
yexA,1.06
purB,1.05
purE,1.17
yebF,1.05
yebD,1.1
yebB,1.09
nap,1.04
ydfI,1.06
ydfG,1.2
ydfE,1.08
ydfC,0.9858
ydfA,1.24
yebA,0.9208
yeaC,0.9511
gabP,0.851
ydjP,0.7174
ydjN,1.28
ydjL,0.9596
ydeS,1.05
ydeQ,1.01
ydeO,0.9079
ydeN,1.08
ydeL,1.05
ydeJ,0.93
yfhS,1.03
yfhO,1.14
yfhM,0.8533
yfhK,0.9872
yfhI,0.9777
yfhG,0.966
yflS,1.0
yflT,1.24
yfmC,0.7421
yfmE,0.9364
yfmG,0.808
yfmI,0.9846
yfhE,0.8754
yfhC,0.7343
yfhA,0.7698
yfiY,0.4707
yfiV,0.9679
yfiT,0.905
yfmK,0.9899
yfmM,0.9893
yfmO,0.6651
yfmQ,0.2738
yfmS,0.9833
yfnA,0.899
yfhP,1.06
csbB,1.15
yfhL,0.8911
yfhJ,1.05
yfhH,0.9614
yfhF,1.09
pel,1.21
yfmA,0.9459
yfmD,0.9847
yfmF,0.9575
yfmH,1.01
yfmJ,1.17
yfhD,0.894
yfhB,0.9022
yfiZ,0.9252
yfiW,1.06
yfiU,1.04
yfiS,1.1
yfmL,1.37
yfmN,1.01
yfmP,0.9204
yfmR,1.02
yfmT,0.0
yfnD,0.8373
yisK,0.8799
yisI,0.9925
yisG,0.9549
yisE,0.9536
yisB,0.8637
addA,1.18
yhdY,0.9458
yhdW,1.02
yhdU,1.08
yhdS,1.03
yhdQ,0.994
yhdO,1.01
yhjQ,0.9237
yhjM,1.04
yhjK,0.9734
yhjI,0.9765
yhjG,0.9718
yhjE,0.9061
yhdL,1.28
yhdJ,1.02
yhdH,1.05
yhdF,1.01
citR,1.0
phoA,0.9497
yisJ,0.8
yisH,0.9626
yisF,0.9914
yisC,0.9762
sbcD,0.9878
yhjR,1.02
yhdX,1.3
yhdV,1.08
yhdT,1.09
yhdR,1.02
yhdP,0.9736
yhdM,1.35
yhjO,1.11
yhjL,1.56
yhjJ,0.8871
yhjH,0.9596
sipV,0.956
yhjD,0.9042
yhdK,1.17
yhdI,1.06
yhdG,0.5179
citA,0.9628
lytE,1.0
spoVR,1.08
xkdU,0.0
xkdS,0.9421
xkdQ,0.9655
xkdN,1.03
xkdK,0.8532
xkdI,1.01
yjbX,0.9732
yjbV,1.12
yjbT,1.07
yjbR,1.09
tenA,1.05
yjbP,0.963
xkdG,0.8677
xkdE,0.933
xpf,0.9686
xkdD,0.8733
xkdB,1.0
xkdA,0.891
yjbN,0.9944
yjbL,1.07
yjbJ,0.8947
yjbH,1.05
yjbF,0.9807
yjbE,0.9709
xkdT,1.03
xkdR,1.04
xkdP,0.9822
xkdM,0.9011
xkdJ,1.0
xkdH,0.9505
yjbW,0.7754
yjbU,1.04
yjbS,1.02
tenI,1.04
yjbQ,1.12
yjbO,1.18
xkdF,0.9369
xtmA,0.9182
xtrA,0.966
xkdC,0.9684
xre,1.12
yjqC,1.06
yjbM,1.1
yjbK,0.9285
yjbI,1.01
yjbG,1.1
mecA,0.992
yjbD,0.9234
ylaM,0.9472
ylaK,1.08
ylaH,1.18
ylaF,0.9341
ylaD,1.21
ylaB,0.9782
ykvM,1.0
ykvK,0.963
ykvI,1.03
motA,0.9198
ykvE,1.16
eag,0.9201
nprE,1.06
ykzC,0.993
ykzI,0.9742
yktA,1.0
slp,0.8801
pdhC,1.0
ykvA,1.01
ykrY,1.2
ykrW,1.33
ykrU,0.9499
ykrS,0.9174
ykrQ,0.9446
ylaL,1.02
ylaJ,1.07
ylaG,1.27
ylaE,1.13
ylaC,1.13
ylaA,1.04
ykvL,1.07
ykvJ,1.08
clpE,1.47
motB,0.8813
ykvD,0.9387
spo0E,1.11
yktD,1.06
yktC,1.17
yktB,1.15
cad,1.07
pdhD,1.11
pdhB,1.31
ykrZ,1.25
ykrX,1.3
ykrV,1.01
ykrT,1.09
dat,1.03
ykrM,0.9323
ymfM,1.18
ymfK,1.14
ymfI,1.08
ymfF,0.9751
ymfD,1.03
spoIIIE,0.0
yloW,1.04
yloU,1.02
spoVM,1.13
yloR,1.05
ymfA,0.9426
dapG,1.06
spoVFB,0.9152
ymxH,0.9286
ylxY,1.02
ribC,1.15
fmt,1.12
priA,0.8298
yloH,0.9579
yloC,1.03
ylnF,1.53
ylnD,1.73
ymfL,1.28
ymfJ,1.1
ymfH,1.18
ymfE,1.1
ymfC,1.04
ymfB,1.05
yloV,1.0
rpmB,1.1
yloS,1.14
yloQ,0.9295
yloO,1.05
yloM,1.16
dapA,1.03
asd,0.9076
spoVFA,1.07
ymxG,1.23
rpsO,1.11
truB,1.13
def,1.17
yloI,1.15
yloD,1.02
yloA,1.08
ylnE,1.5
ylnC,1.87
yobK,0.9555
yobI,0.8067
yozL,1.07
yobH,1.09
rapK,0.9751
yobF,1.04
yneI,1.08
ynzD,1.06
yneE,1.08
ynzC,1.04
yneA,0.9584
yndN,0.9145
yozI,0.9718
yobD,1.01
pps,1.11
yobA,1.05
yoaZ,1.16
yoaV,1.03
yndL,1.05
yndJ,1.06
yndG,1.04
yndD,0.8533
yndB,1.03
ynzA,0.8614
yobJ,0.7467
yozM,0.8996
yozK,0.9525
phrK,0.9625
yozJ,1.14
yobE,1.08
ccdA,1.18
yneF,1.23
tkt,0.985
yneB,1.04
lexA,0.9351
yndM,1.09
yozH,1.14
xynA,1.0
yobB,1.13
penP,1.22
yoaW,1.22
yoaU,1.12
yndK,0.9936
yndH,1.11
yndE,0.8576
ynzB,1.2
yndA,1.17
cotC,0.9664
yonR,0.926
yonT,0.0
yonV,0.9926
yopA,0.9482
yopC,0.8675
yopE,1.13
yosR,1.06
yosT,1.05
yosV,1.04
yosZ,1.07
yotB,0.8316
yotD,0.9872
yopG,1.15
yopI,1.08
yopK,0.9438
yopM,1.07
yopO,0.9969
yopQ,1.12
yotF,0.9583
yotH,0.9375
yotJ,1.03
yotL,0.9477
yotN,0.9692
yodV,1.05
yonS,0.9503
yonU,0.9878
yonX,1.04
yopB,1.03
yopD,1.02
yopF,1.21
yosS,1.12
yosU,1.04
yosX,1.0
sspC,1.08
yotC,1.0
yotE,1.01
yopH,1.05
yopJ,1.12
yopL,0.9163
yopN,1.23
yopP,0.9644
yopR,1.09
yotG,0.9759
yotI,1.05
yotK,0.8677
yotM,1.02
yodU,0.9914
cgeA,1.12
fer,0.9966
recQ,1.02
ypbE,1.02
ypbH,1.07
ypdA,1.11
sleB,1.09
ypcP,1.05
ypdP,1.11
ypeQ,1.21
degR,1.05
ypfP,1.15
bsaA,1.03
ypfA,1.05
cmk,1.3
ypgA,1.34
yphB,1.05
gpsA,0.9791
yphF,1.05
ypgR,0.9428
yphP,1.08
ypjP,0.8975
thyB,1.14
ypkP,1.16
yplP,0.5904
ypbB,1.02
ypbD,1.01
ypbF,1.12
ypcA,1.22
ypdC,1.05
ypeB,1.11
ypdQ,1.13
ypeP,1.01
ypzA,1.1
cspD,1.21
metB,1.02
ypgQ,1.21
ypfB,1.13
ypfD,1.29
yphA,1.14
yphC,1.18
yphE,1.18
spoIVA,1.03
ilvD,0.8405
ypiP,1.26
ypjQ,0.9949
dfrA,0.9516
yplQ,0.9532
ilvA,0.8594
yqgA,0.9705
yqgC,0.9991
yqgE,0.8971
yqgG,1.09
yqgI,1.15
yqgK,1.12
bfmBAB,1.33
bmrR,1.2
yqiW,1.13
yqiY,1.3
yqjA,1.18
yqjC,1.1
yqgL,1.05
yqgN,1.0
yqgP,1.04
glcK,1.08
yqgU,1.04
yqgW,1.26
yqjE,1.09
yqjG,0.9371
yqjI,0.9351
yqjK,1.07
yqjM,1.11
yqjO,1.13
yqgB,1.0
sodA,1.03
pbpA,1.2
yqgH,1.1
yqgJ,1.17
yqzD,1.04
bfmBB,1.31
bmr,1.13
yqiX,1.54
yqiZ,1.28
yqjB,1.07
yqjD,1.11
yqgM,1.06
yqgO,1.12
yqgQ,1.1
yqgT,1.26
yqgV,1.18
yqgX,1.14
yqjF,1.11
yqjH,0.9483
yqjJ,0.9735
yqjL,1.33
yqjN,1.18
yqjP,1.11
levE,1.11
levG,1.11
adhA,0.0
yraC,0.0
yraE,1.2
yraF,1.06
yqbK,1.04
yqbM,1.01
yqbN,1.04
yqbQ,0.9699
yqbS,1.05
yqcA,0.9762
yraH,0.9317
yraJ,0.9658
yraL,0.8963
yraM,0.9766
yraO,1.15
sigZ,1.1
yqcD,1.03
yqxG,1.09
yqxI,1.13
yqcF,1.21
yqzI,1.03
rapE,1.04
levF,0.9797
sacC,1.05
yraB,1.18
yraD,1.06
adhB,1.08
yraG,1.02
yqbL,1.04
yqdB,1.02
yqbP,1.04
yqbR,1.1
yqbT,1.02
yqcB,1.08
yraI,1.02
yraK,1.08
csn,1.01
yraN,1.04
yrpG,1.26
yrpE,1.98
yqcE,1.01
cwlA,0.9291
yqxJ,1.08
yqcG,1.29
phrE,1.09
yqcI,0.9806
ytaF,1.0
ytbE,1.02
ytcD,1.19
ytcF,1.25
dnaB,1.06
ytxB,0.9759
folC,0.9869
spoIIB,1.11
ysxA,1.36
mreC,1.21
minC,0.9819
spoIVFA,0.9036
thrS,1.07
lytS,0.9823
ysbA,0.9988
yscB,0.929
infC,1.03
rplT,1.07
rplU,1.11
spo0B,1.15
p`eB,1.11
pheB,1.08
yrxA,0.9093
nadB,0.7239
nadA,0.7277
ytaG,1.12
ytbD,0.9825
gapB,1.07
ytcG,1.12
dnaI,1.06
ytxC,1.07
comC,1.08
maf,1.31
mreB,1.35
mreD,1.09
minD,1.03
spoIVFB,1.03
ysaA,1.11
lytT,1.04
ysbB,0.9497
yscA,1.0
rpmI,1.02
ysdA,1.04
ysxB,1.12
obg,1.32
pheA,0.9999
nifS,0.796
nadC,0.741
yrbA,0.773
yubA,1.04
yubC,1.03
yubE,1.17
yubG,1.18
yuaB,1.03
gbsA,0.8644
yteP,0.9217
yteR,1.05
yteT,1.03
yteV,1.09
ytfP,1.02
ytzG,1.11
yuaD,1.01
yuaG,0.5536
yuaJ,1.11
glgD,0.9684
ytaB,0.961
ytxN,0.9627
ytzE,1.07
ythQ,0.0
ytjP,1.28
ytlP,1.13
ytlR,1.05
ytmP,1.16
yubB,1.08
yubD,1.01
yubF,0.852
yuaA,1.05
yuaC,1.03
gbsB,0.9926
yteQ,1.03
yteS,1.01
yteU,0.9919
opuD,0.9627
ytgP,1.27
ytzF,1.1
yuaF,0.4934
yuaI,0.5085
glgB,0.7594
glgA,1.03
ytaA,1.09
cotS,1.12
ythP,1.08
ytiP,1.32
ytkP,1.08
ytlQ,1.15
amyX,1.16
ytzH,1.5
yvrB,0.9706
yvqK,0.8319
yvqI,1.01
yvqG,1.03
yvqE,0.9521
gerAC,0.9465
yutL,0.9082
paiA,0.7761
yumD,0.7891
yumC,0.8176
yuiA,0.4343
yuiC,0.5563
gerAA,1.02
yuxN,0.9651
yvqA,1.01
yvtB,0.9334
yusZ,0.9205
yusW,0.9067
yuiE,0.9649
yuiG,0.9398
yuiI,0.6562
dhbC,0.57
dhbB,0.5339
yukL,0.5675
yvrA,1.1
yvqJ,1.01
yvqH,1.04
yvqF,0.8893
yvqC,1.07
gerAB,1.0
yutM,1.09
paiB,0.9103
yuzG,1.12
yumB,0.9898
yuiB,0.5
yuiD,0.8545
citG,1.1
yvqB,1.06
yvtA,1.2
mrgA,1.67
yusX,0.9542
yusV,0.8095
yuiF,1.01
yuiH,0.8528
dhbA,0.5681
dhbE,0.5393
yukM,0.6011
yukJ,0.811
yvyD,0.5234
cccB,0.8182
ftsX,1.21
yvzD,0.0
yvkA,0.0
yvkC,0.0
yvfH,1.13
lacR,0.0
yvfM,0.9605
yvfO,0.9404
yvfS,0.9181
yvfU,0.9441
uvrB,0.9618
yvzB,0.8818
yvlA,0.707
yvlC,0.9355
yvmB,0.9635
cypX,0.9746
yvfW,1.12
yvbX,1.15
yvbV,1.09
yvbT,1.02
araE,0.8628
gap,0.8931
yvjA,1.08
ftsE,1.38
yvjB,0.8748
yvjD,1.09
yvkB,0.983
csbA,1.06
yvfI,0.9543
yvfL,0.9881
lacA,1.02
yvfR,1.06
yvfT,1.01
yvfV,1.05
uvrA,0.9895
yvkN,1.14
yvlB,0.7338
yvmA,0.9912
yvmC,0.8599
yvnA,1.05
yvbY,1.05
yvbW,1.03
yvbU,0.9997
araR,0.0
yvbQ,1.03
pgk,0.836
ywhR,0.9148
sbo,1.08
argS,0.905
fnr,0.7315
ywiD,0.0
narH,0.9615
ywpD,1.0
ywpF,0.897
ywpH,0.9992
ywqB,1.32
ywqD,1.13
ywqF,0.965
narI,0.8855
ywjA,0.9453
ywjC,1.13
ywjE,1.29
rpoE,1.3
ywjG,1.04
ywqH,1.34
ywqJ,1.41
ywqL,1.26
ywqN,1.16
ywrA,1.01
ywrC,0.9497
ywiA,1.08
ywiB,0.913
narK,0.9645
ywiC,0.9493
narG,1.11
narJ,0.9821
ywpE,1.06
ywpG,1.06
ywpJ,1.24
ywqC,1.29
ywqE,1.23
ywqG,1.22
ywiE,0.9804
ywjB,0.824
ywjD,0.9628
acdA,0.9664
ctrA,0.8155
spo0F,0.8661
ywqI,1.42
ywqK,1.4
ywqM,1.03
ywqO,1.25
ywrB,1.07
ywrD,0.9866
hutI,0.8437
hutP,0.7749
yxiB,1.04
yxiD,0.978
yxxE,0.891
bglH,1.08
ywbA,0.9745
ywbC,0.9063
ywbE,1.12
ywbG,0.951
ywbI,0.8541
thiC,0.9147
yxxF,0.7686
yxiF,0.7183
yxiG,0.7434
yxzG,0.824
yxiJ,0.8561
yxiL,0.8832
ywbO,0.7521
ywcB,0.9046
ywcD,0.8493
ywzA,0.9996
qoxB,0.6186
qoxD,0.7202
hutU,0.9643
yxiA,0.9439
yxiC,1.06
yxxD,0.8617
bglP,1.06
yxiE,0.7753
ywbB,0.985
ywbD,0.9913
ywbF,1.09
ywbH,0.9823
thiK,0.9422
ywbM,0.6898
yxxG,0.8306
yxzC,0.8141
yxiH,0.8832
yxiI,0.9035
yxiK,0.8892
yxiM,0.969
ywcA,0.8329
ywcC,0.8615
galT,0.6405
qoxA,0.6724
qoxC,0.6311
ywcE,0.9836
ytrP,0.9292
yprA,0.0
yloN,0.0
yerG,1.05
wprA,0.9714
yycJ,0.9867
rocR,1.0
rocE,1.07
phrG,0.8184
yycN,0.8999
yycP,0.9319
topB,0.0
polA,0.0
mmgA,1.04
ileS,0.0
dinG,0.0
carB,0.8881
yycR,0.9875
yydA,0.9158
yydC,0.8436
fbp,0.9438
yydG,0.8595
yydI,0.8325
ytsD,0.9529
yrvE,0.9299
yloP,0.9871
ykuA,0.9821
ydhL,1.03
valS,0.9492
yyxA,0.9115
rocD,1.06
rocF,1.15
rapG,0.8533
yycO,0.9495
yycQ,0.9576
smc,1.16
murD,0.0
lonA,0.8626
hrcA,0.9019
cheA,1.04
alaS,0.9984
yycS,0.9372
yydB,0.952
yydD,0.8925
yydF,0.9953
yydH,0.8448
yydJ,0.8493
yveM,0.9256
yutK,0.9918
yueB,0.9848
yufK,1.01
ytpQ,1.1
ytmO,1.03
yndF,1.08
pksL,1.5
mcpC,0.9591
yisZ,1.29
ydbH,1.05
ybxG,0.9458
ysdB,0.8199
yrhE,0.9819
yqcC,0.9449
ponA,0.9644
yomI,0.8956
cgeC,0.9343
wapA,0.7883
ppsA,1.11
pksM,1.11
yetO,0.8561
rpoC,0.8011
dra,0.8801
yvfQ,1.02
yukA,1.1
yuxO,1.09
glgC,0.9496
yttP,0.9936
pykA,0.9891
pksP,0.8902
pksK,1.16
oppD,0.8499
srfAA,1.13
yccK,1.06
secE,1.1
rpmA,1.12
yrpC,1.13
yqgS,1.15
ypbR,1.41
yorL,1.19
odhA,1.33
dhbF,0.7182
pksR,0.8719
yfkN,1.21
gutR,0.9284
yxeF,0.8353
galK,0.6783
rbcL,0.9724
aceF,1.03
kdtA,1.0
tufA_E,1.06
yazC,0.8326
yrhC,1.15
yerC,1.04
yshA,1.0
yoqX,1.0
yacF,0.9457
yhcD,0.8613
yetG,0.0
ywnG,0.985
ywqA,0.9329
degU,0.9132
yvnB,0.8712
cysS,0.8343
yqjU,1.08
ylaI,1.13
yuaE,1.09
yqaD,1.09
yozD,1.1
yazB,1.08
yfnB,0.9875
ywmD,0.9732
glcR,1.04
ggaB,1.03
prfB,1.02
yvoD,1.05
ybcD,0.8557
ndhF,0.6893
adaA,0.9039
ybbU,1.14
ybbT,1.02
ybbP,1.18
folK,1.01
sul,1.15
pabA,1.08
cysK,1.53
yacC,1.12
sigW,0.85
ybbJ,0.8904
ybbH,0.9118
ybbE,0.9894
ybbC,0.8359
feuA,0.7412
yabT,0.9296
yabR,1.13
yabQ,1.03
yabO,1.1
spoVT,0.9269
ybcC,0.7434
adaB,0.9815
alkA,1.05
glmS,1.36
ybbR,1.08
ybbM,0.9473
folA,1.03
pabC,1.13
pabB,0.9957
yacD,1.2
yacB,1.17
ybbK,1.09
ybbI,1.01
ybbF,0.9813
ybbD,1.01
ybbB,1.01
feuB,0.9963
yabS,1.05
divIC,1.11
yabP,1.08
yabM,1.07
spoVC,0.9552
ydaB,0.9398
ycsN,0.9513
yczI,1.05
ycsO,0.8909
ycsI,0.9269
ycsE,1.1
ycgF,0.7866
mdr,0.562
lctE,0.1188
ycgB,0.9011
opuAC,0.8502
yceK,0.8863
yczH,0.8403
ycsA,0.908
mtlA,0.673
ycnK,0.3448
ycnI,0.4203
ycxE,0.9265
yceI,0.8351
yceF,0.8224
yceD,0.684
yceB,1.2
ycdI,1.59
ycdG,1.05
ydaA,1.03
yczJ,1.05
ycsK,0.8259
ycsJ,0.447
ycsF,0.7919
ycsD,0.8946
ycgE,0.6649
lctP,0.09029
amyE,0.7161
ycgA,0.8602
opuAB,1.08
yceJ,0.9932
sipU,1.1
mtlD,0.9139
ycnL,1.0
ycnJ,0.4949
gdh,1.04
ycnH,1.02
yceG,0.8532
yceE,0.7803
yceC,0.7442
yceA,1.39
ycdH,1.54
ycdF,1.39
ydjJ,0.0
ydjH,0.7579
ydjF,0.6657
gutB,0.9371
ydjB,1.11
ydiR,1.02
ydeI,1.08
ydeG,1.14
ydeE,1.12
ydeC,0.9542
ydeB,1.03
ydeA,0.8757
ydiP,1.06
ydiN,1.14
groEL,1.19
ydiL,0.8579
ydiJ,1.06
ydiH,0.9885
yddS,0.9895
yddQ,1.01
lrpA,0.9977
phrI,0.9077
yddJ,0.9971
yddH,0.9222
ydjI,0.8427
ydjG,0.6571
ydjE,1.18
ydjC,1.07
ydiS,0.9902
ydiQ,1.08
ydeH,1.12
ydeF,1.28
ydeD,1.14
ydzE,0.8998
cspC,1.21
yddT,1.68
ydiO,1.07
ydiM,1.06
groES,1.16
ydiK,0.9123
ydiI,1.14
ydiG,1.05
yddR,1.03
lrpB,0.9869
yddM,0.933
rapI,0.9051
yddI,1.16
yddG,1.1
yfiR,0.9406
lipB,1.11
yfiN,0.9618
yfiL,1.05
yfiJ,1.16
yfiH,1.01
yfnE,0.9726
yfnG,1.08
yfnI,1.19
yetL,0.9853
yetJ,1.14
yezB,0.8344
yfiF,0.8717
yfiD,0.8563
glvC,1.02
glvA,1.04
yfjB,1.22
yfjD,0.9829
yetH,0.0
lplD,0.9937
lplB,0.9773
yetA,0.0
yesX,1.03
yesV,1.08
yfiQ,0.9103
yfiO,0.898
yfiM,0.9758
yfiK,1.08
yfiI,1.02
yfiG,1.07
yfnF,1.04
yfnH,0.9872
yetN,1.13
yetK,1.15
yezD,1.6
yetI,0.9689
yfiE,0.9292
yfiC,1.24
yfiA,1.06
yfjA,1.13
yfjC,1.07
yfjE,1.17
yetF,0.9991
lplC,1.12
lplA,1.05
yesZ,0.9096
yesW,1.08
yesU,1.07
yhjC,0.8468
yhxD,1.08
yhzC,0.6442
yhfW,0.9595
yhfU,1.04
yhfS,1.05
ygxB,1.45
yhdD,1.23
yhdB,1.07
yhcZ,1.09
yhxB,1.06
glpK,1.81
yhfO,1.15
yhfN,0.0
yhfL,0.9831
yhfJ,1.15
yhfH,0.7181
yhfF,0.9604
glpP,1.23
yhcX,1.88
yhcV,1.12
yhcT,1.04
yhcR,0.0
yhcP,1.04
yhjA,1.07
comK,1.03
yhxC,1.06
yhfV,1.05
yhfT,1.13
yhfP,1.21
yhdE,1.03
yhdC,1.16
yhdA,1.13
yhcY,1.15
glpD,1.44
glpF,2.05
aprE,1.06
yhfM,1.1
yhfK,1.19
yhfI,1.17
gltT,1.11
yhfE,1.04
yhxA,1.13
yhcW,1.62
yhcU,0.9938
yhcS,0.9757
yhcQ,1.12
yhcO,1.05
yjqB,0.9538
xlyB,0.9728
phrA,0.7219
yjoB,0.9585
yjnA,1.25
yjmI,1.15
yjbC,1.41
oppF,0.8222
oppB,0.7945
trpS,0.8549
appC,0.7397
appA,0.762
yjmG,0.9001
yjmE,1.01
yjmC,0.9312
yjmA,0.8955
yjlC,0.9124
yjlA,0.9208
appD,0.923
yjaY,1.05
yjzA,0.8995
yjaV,1.21
yjzD,1.24
argF,2.75
yjqA,0.9686
yjpA,0.9504
rapA,0.7344
yjoA,1.24
yjmJ,0.7061
yjmH,1.0
yjbB,0.9472
oppC,0.8156
oppA,0.7869
yjbA,0.9295
appB,0.8456
appF,0.9283
yjmF,1.04
yjmD,1.08
yjmB,0.9848
yjlD,1.01
yjlB,1.11
yjkB,1.05
yjaZ,1.01
yjzB,1.1
med,0.931
yjaU,1.17
yjzC,1.33
pdhA,1.11
ykrB,0.9948
ykzG,1.07
adeC,1.2
ykqA,0.9408
abh,1.08
ykrL,1.09
sspD,1.19
ykoZ,1.13
ykoV,0.9315
ykoT,0.9129
ykoQ,0.9544
ykpC,1.02
ykpB,0.8492
ykoA,0.9517
fruA,0.7922
yknZ,0.8995
yknX,0.9586
ykoN,1.09
ykoL,1.02
tnrA,1.01
ykzD,0.998
ykoI,1.05
ykoG,1.05
ykyA,1.15
ykrA,1.09
ykqC,1.04
ykqB,1.01
kinC,1.05
mreBH,1.1
ykrK,1.2
ykrI,1.3
ykoX,1.12
ykoU,1.05
ykoS,0.9043
ykoP,1.18
ampS,1.13
ykpA,0.9732
sipT,1.1
fruR,1.05
yknY,1.12
yknW,0.9902
ykoM,1.04
ykzB,1.03
ykoK,1.18
ykoJ,1.04
ykoH,1.11
ykoF,1.1
rbfA,1.18
infB,1.13
ylxR,1.31
ylxS,1.19
yluC,1.11
cdsA,1.23
ylnB,1.82
cysH,1.68
pyrF,1.38
pyrDII,1.41
pyrC,1.02
pyrP,1.07
frr,0.9122
tsf,1.02
ylxL,1.12
cheD,0.9614
cheW,0.9049
cheB,0.985
ylyB,1.44
ylyA,1.0
divIVA,1.11
ylmG,0.9869
ylmE,0.984
ylmC,0.8211
ylxP,1.04
ylxQ,1.25
nusA,1.24
proS,1.28
yluB,1.29
yluA,1.26
ylnA,1.94
pyrE,1.38
pyrD,1.49
pyrAA,1.07
pyrB,1.14
pyrR,1.33
smbA,1.07
rpsB,1.08
sigD,1.1
cheC,1.04
ylxH,1.04
lsp,1.38
ylmH,1.15
ylmF,1.06
ylmD,1.01
ylmB,1.09
yoaT,1.24
yoaS,1.08
yozF,1.18
yoaP,1.04
yoaN,1.09
pelB,1.28
yncM,1.05
ynzH,1.22
yncE,1.26
yncC,1.2
xylB,1.05
xylR,1.09
yoaJ,0.9348
yoaH,1.07
yoaF,0.8312
yoaD,1.46
yoaB,1.25
yoxB,1.24
ynaJ,0.9348
ynaG,1.06
ynaE,1.07
ynaC,1.2
ynzG,0.9975
ynxB,0.9581
yozG,1.12
yoaR,1.1
yoaQ,1.05
yoaO,1.04
yoaM,1.06
yoaK,1.18
thyA,1.21
yncF,1.16
yncD,1.3
yncB,1.41
xylA,1.03
xynB,1.12
yoaI,1.1
yoaG,1.04
yoaE,1.24
yoaC,1.4
yoaA,1.11
yoxC,0.8701
ynaI,1.08
ynaF,1.04
ynaD,1.06
ynaB,1.0
ynzF,1.05
glnA,1.07
yopS,0.9175
yopU,0.8835
yopW,0.8343
yopY,0.9396
yoqA,0.9587
yoqC,1.02
cgeD,0.9317
yodT,1.1
yodR,0.9948
yodP,1.04
yozE,1.07
yodM,1.06
yoqE,0.9429
yoqG,0.9793
yoqI,1.12
yoqK,0.8324
yoqM,0.8927
yoqO,1.2
deoD,1.43
yodI,1.03
ctpA,1.06
yodE,0.9083
yodC,1.03
yojA,1.4
yopT,0.9158
yopV,0.975
yopX,0.9294
yopZ,1.27
yoqB,1.06
yoqD,1.0
cgeE,0.9882
yodS,1.09
argE,1.01
yodO,1.16
yodN,1.12
yodL,1.24
yoqF,0.9631
yoqH,1.06
yoqJ,1.05
yoqL,1.1
yoqN,1.09
yoqP,1.17
yodJ,1.36
yodH,0.9121
yodF,0.7798
yodD,0.9575
yodA,1.09
yojB,1.11
hbs,1.16
mtrB,0.99
gerCB,1.33
ndk,1.18
aroF,1.05
aroH,0.9332
ypmP,0.9801
ypmR,1.11
ypmT,0.9964
ypoP,0.8515
yppQ,0.9477
yokA,1.1
trpD,1.02
trpF,0.9674
trpA,0.9707
tyrA,1.04
ypiA,1.17
ypiF,0.8559
yokC,1.05
yokE,1.14
yokG,0.9306
yokI,1.08
yokK,1.02
yolA,0.9008
mtrA,1.06
gerCA,1.48
gerCC,1.41
cheR,1.06
aroB,0.9926
trpE,1.18
ypmQ,0.9847
ypmS,1.05
ypnP,1.13
yppP,0.8931
ypqP,1.04
yokB,0.9002
trpC,0.9899
trpB,0.9573
hisC,1.11
aroE,1.05
ypiB,0.6693
qcrA,0.9255
yokD,0.9622
yokF,1.33
yokH,0.8771
yokJ,0.8629
yokL,1.14
yolB,0.9723
yqgY,1.03
yqhA,1.19
yqxL,1.18
comGB,1.07
comGD,1.04
comGF,1.12
yqjQ,1.15
yqjS,1.16
yqjV,1.13
yqjW,0.9664
yqjY,1.04
yqkA,1.0
yqzE,1.09
yqxM,1.03
cotN,0.9688
sinI,1.13
yqhH,1.16
yqhJ,1.18
yqkC,1.16
yqkE,1.27
yqkG,0.0
ansA,1.14
yqkI,1.21
yqkK,1.17
yqgZ,1.37
yqhB,1.05
comGA,1.07
comGC,1.07
comGE,1.12
comGG,1.13
yqjR,1.15
yqjT,1.11
yqzH,1.12
yqjX,1.08
yqjZ,1.12
yqkB,1.04
yqzG,1.03
sipW,1.06
sinR,1.14
yqhG,1.03
yqhI,1.26
yqhK,1.09
yqkD,1.05
yqkF,1.56
ansR,1.02
ansB,0.9095
yqkJ,1.16
spoIIM,0.9893
yrpD,1.53
aadK,1.07
yrdB,1.08
yrdD,1.02
yrdF,1.26
azlC,1.23
yqcJ,1.12
yqcL,1.04
spoIVCA,1.09
nucB,1.04
yqeC,1.02
yqeE,1.03
brnQ,1.04
gltR,1.17
czcD,1.12
yrdQ,1.16
yrkA,0.9863
blt,1.07
yqeG,1.18
aroD,1.03
yqeJ,0.9382
yqeL,0.9983
comER,0.9907
comEB,1.03
yrpB,1.05
yrdA,1.07
yrdC,1.14
cypA,1.23
azlB,1.07
azlD,1.11
yqcK,1.03
yqcM,1.02
spoIVCB,1.08
yqeB,1.23
yqeD,1.06
yqeF,1.01
yrdK,1.04
yrdN,1.06
trkA,1.09
yrdR,1.03
bltD,1.0
bltR,1.03
yqeH,1.05
yqeI,1.05
yqeK,0.9537
yqeM,1.11
comEA,1.12
comEC,1.14
ysdC,0.9816
araA,0.8946
araD,1.04
araM,1.01
araP,0.9885
abfA,0.9177
yrbB,0.8783
yrbD,0.939
yrzG,0.9891
yrbE,1.21
bofC,1.07
ruvB,1.13
ysfE,1.12
ysfC,0.9147
ysfA,0.8673
pheS,0.8595
ysgB,0.9869
yshC,1.02
tgt,1.04
yrzE,1.0
spoVB,1.02
yrvB,1.03
yrvC,1.17
abnA,1.04
araB,1.1
araL,1.03
araN,1.11
araQ,0.9311
cstA,0.9673
yrbC,1.02
yrzH,1.05
yrzF,0.9365
csbX,1.12
ruvA,1.24
queA,1.1
ysfD,0.9822
ysfB,0.9655
ysgA,1.12
pheT,0.8863
yshB,1.08
yshD,1.09
yrbF,1.29
yrbG,0.9331
yrzD,0.9726
secF,0.878
yrvD,1.12
apt,1.06
ytxO,0.0
ytcB,0.9791
ytdA,1.11
menF,1.23
ytxM,0.9801
menE,1.01
ytmQ,1.14
malS,1.08
ytoP,1.08
ytpP,1.14
ytpS,1.1
murC,1.08
ytgA,1.04
ytgC,0.9669
ythB,0.9717
ytiA,1.1
ytjA,1.02
ytkA,0.86
ytxH,0.9531
aroA,0.814
ytxD,1.34
acuC,1.16
acsA,1.22
rpsD,1.28
ytcC,1.03
ytcA,1.07
yteA,1.05
menD,1.01
menB,1.1
ytfD,1.12
ytnP,0.8653
ytzB,1.3
ytoQ,1.12
ytpR,1.16
ytpT,1.21
ytxG,0.9777
ytgB,1.03
ytgD,1.05
ythA,1.08
ytiB,1.09
ytjB,1.14
dps,1.85
ytxJ,1.05
ccpA,1.07
ytxE,1.12
acuA,0.9965
tyrS,1.25
yusU,1.07
yusS,0.9545
yusQ,1.04
yusO,1.12
yusM,0.985
yusK,1.01
yuxI,0.9885
yukE,1.52
yukC,1.62
yueC,1.33
yueE,1.06
yuzE,1.0
yusI,1.05
yusG,1.13
yusE,1.1
yusC,1.32
yusA,1.1
yurY,1.02
yueG,1.27
yueI,1.15
yueK,0.893
yuzC,1.09
comQ,0.9443
comP,0.0
yusT,1.04
yusR,1.07
yusP,1.16
yusN,1.02
yusL,1.05
yusJ,0.9665
ald,1.31
yukD,1.51
yukB,1.43
yueD,1.36
yuzF,1.15
yueF,1.03
yusH,0.9127
yusF,1.13
yusD,1.21
yusB,1.2
yurZ,0.9978
yurX,1.01
yueH,1.11
yueJ,0.8862
yuxH,0.9429
degQ,1.04
comX,1.12
comA,1.12
yvoA,0.0
nagA,0.9181
lgt,0.9658
yvpA,0.0
hisZ,0.732
hisD,0.6031
tpi,0.705
eno,0.845
yvbJ,0.8536
yvbH,0.9986
yvbF,1.06
opuCB,1.21
hisH,0.5725
hisF,0.5949
yvcA,1.22
yvzA,1.37
yvcD,1.24
trxB,1.29
opuCD,1.08
yvaZ,0.9028
yvaX,1.3
yvaV,1.06
opuBC,1.11
yvaQ,0.0
nagB,0.0
yvoB,0.9544
yvpB,0.9055
hisG,0.6488
hisB,0.5938
pgm,0.7559
yvbK,0.9202
yvbI,1.04
yvbG,1.12
opuCA,1.21
opuCC,1.34
hisA,0.5827
hisI,0.5602
yvcB,1.29
yvcC,1.25
yvcE,1.52
yvcI,0.9523
yvbA,0.9392
yvaY,1.04
yvaW,1.28
opuBB,1.06
opuBD,1.04
yvaP,1.05
fbaA,0.9904
murZ,1.13
rpmE,1.0
ywkB,1.05
ywkD,1.05
ywkE,1.13
ywrE,0.8185
cotG,1.04
cotB,1.04
ywrK,0.8953
alsS,0.9866
ywrO,1.05
ywlA,0.9434
ywlB,0.8907
ywlE,0.8673
ywlG,0.9184
upp,0.9402
atpB,0.7658
ywsB,1.15
rbsC,1.19
rbsD,1.04
rbsR,1.1
ywtA,1.05
ywtC,0.888
ywjH,1.11
ywjI,0.9614
ywkA,1.03
ywkC,0.0
prfA,1.01
ywkF,1.07
ywrF,0.0
cotH,0.9643
ywrJ,0.0
alsR,1.06
alsD,1.06
ywsA,1.09
spoIIR,0.88
ywlD,0.9374
ywlF,0.8931
glyA,0.7704
atpI,0.8769
atpE,0.8935
rbsB,1.17
rbsA,0.9061
rbsK,1.19
ywsC,0.9759
ywtB,1.1
ywtD,1.18
deaD,0.7919
yxiP,0.9389
bglS,0.8463
katB,1.14
yxiT,1.12
yxjB,1.01
ywcF,1.23
ywcH,0.8086
ywcI,0.6675
ywcJ,0.3715
sacA,1.01
thiD,0.9585
yxjD,0.9522
yxjF,1.1
yxjH,1.24
yxjJ,0.7258
yxjL,1.03
yxjN,0.9363
ywdD,0.988
ywdF,0.9707
ywdH,0.9935
ywdJ,1.15
ywdL,1.03
spsB,1.04
yxiO,0.0
licT,0.0
yxiQ,0.0
yxiS,0.9608
yxjA,1.0
yxjC,0.566
ywcG,0.8755
vpr,0.7604
sacT,0.4567
sacP,0.9743
ywdA,1.09
ywdC,0.8444
yxjE,1.04
yxjG,1.17
yxjI,0.6827
pepT,0.9917
yxjM,0.9402
yxjO,0.9544
ywdE,0.9734
ung,1.02
ywdI,1.33
ywdK,0.9379
spsA,1.03
spsC,1.01
rnpA,1.25
jag,1.01
gidB,1.01
yydK,0.9397
bglA,0.9568
ahpC,0.7908
gntP,1.03
gntR,1.03
yxaB,1.04
yyaB,0.8475
spo0J,0.8606
yyaD,0.9118
yyaF,0.9694
ssb,0.9898
exoA,0.9618
yxaD,0.9844
yxaF,1.0
yxaH,1.04
yxaJ,0.908
yxaM,0.7636
yxbB,0.7496
rpmH,1.1
spoIIIJ,1.01
thdF,1.08
yyaA,0.9733
yyzE,1.02
ahpF,0.7965
gntZ,1.16
gntK,1.1
yxaA,1.02
yxaC,0.8102
soj,0.8454
yyaC,0.9372
yyaE,0.6992
rpsF,1.08
rpsR,1.23
yyaG,1.0
yxnA,0.9737
yxaG,0.8845
yxaI,1.04
yxaL,0.7684
yxbA,0.7882
yxbC,0.8189
gltA,0.921
ppsE,1.37
ebrA,1.09
ymfG,1.14
bpr,1.38
cheV,0.8272
rho,1.1
tagD,0.9512
yvfE,0.9648
yvgP,0.9518
yurC,0.8832
aapA,1.07
spoIIS,0.9752
xtmB,0.9921
yhjN,0.9565
yhaA,0.8923
yheJ,1.05
yfmB,0.9062
yqhQ,0.932
yosN,0.905
pnpA,1.07
flhA,1.02
fliP,1.01
fruB,0.7939
ppsC,1.24
yngB,0.0
pyrAB,0.0
polC,1.34
pycA,0.8464
ptsH,1.23
tdk,1.09
yvfC,0.8774
yvfK,0.9697
yusY,0.9273
ysnF,1.33
lepA,1.12
xkdO,1.02
yirY,1.07
yhfQ,0.9341
yhaQ,1.22
yfkL,0.9969
yfnC,0.9251
spoIIIAG,0.9161
yojG,1.01
flhF,0.9524
flhB,0.9569
cheY,0.9721
moaD,1.08
hprT,0.9801
yvoF,0.9062
yvdS,0.9458
sacB,0.9899
ffh,0.9377
ssuC,0.8823
yvfP,0.9449
ctc,0.8925
ppsB,0.9972
yvgR,1.41
ydjK,0.8533
spoIIE,0.976
ywbL,0.7887
sigL,0.9454
yacA,0.9945
yvdR,1.07
yveB,0.9265
yqxK,1.13
yhaR,0.9664
pnbA,0.9975
ytnM,0.9867
prs,0.9274
ykoW,0.9782
cotA,0.8744
ydjA,0.972
hutH,0.9819
secA,1.01
ybaS,0.8479
ybaN,0.8685
gerD,0.9167
cwlD,1.05
ybaJ,0.9094
rplM,0.9479
gcaD,1.13
yabJ,0.9463
yabH,1.16
veg,1.1
ksgA,0.9734
ybaF,0.9258
ybxA,0.9527
rpoA,0.8868
rpsM,0.9036
infA,0.9475
adk,1.04
abrB,0.7302
yazA,1.12
yabA,1.07
holB,1.0
yaaQ,0.9232
ybaR,1.04
kbaA,1.01
ybaL,0.0
ybaK,0.485
rpsI,1.04
truA,1.02
spoVG,0.9689
purR,0.8716
sspF,1.08
yabG,1.06
yabF,1.13
ybaE,0.9302
rplQ,1.28
rpsK,1.06
rpmJ,1.14
map,1.0
secY,1.09
yabC,1.08
yabB,0.9828
yaaT,1.06
yaaR,0.9765
tmk,1.02
ycnG,0.9383
yczG,1.12
ycnD,0.8736
yclQ,0.7179
yclO,0.8404
yclM,0.9026
rapJ,1.22
ycdC,1.12
natB,0.9611
yccH,1.04
yccF,1.01
yczB,1.03
yclK,0.8075
yclI,0.9247
gerKB,0.9787
gerKA,1.04
yclE,0.9617
yclC,1.04
cwlJ,1.01
ycbO,1.06
ycbL,0.9639
yczA,0.975
ycbH,0.9551
ycbF,0.993
ycnF,0.9639
ycnE,1.24
ycnC,1.2
yclP,0.8997
yclN,0.7085
rapC,0.7783
ycdD,1.07
ycdA,1.29
natA,1.04
yccG,1.03
lipA,1.09
phoD,0.9611
yclJ,0.8828
yclH,0.968
gerKC,0.8673
yczF,0.8429
yclD,0.9306
yclB,0.9234
ycbP,1.29
ycbN,0.9827
ycbK,1.01
ycbJ,1.05
ycbG,1.0
ycbE,0.9622
ydiF,0.9047
ydiD,1.0
ydiB,1.06
ydhU,0.9035
ydhS,0.8718
ydhQ,0.893
yddF,0.9941
yddC,0.8426
yddA,0.7786
ydcS,0.8794
ydcQ,1.02
ydcO,0.8042
ydhO,0.961
ydhM,1.06
ydhK,1.21
ydhI,1.01
ydhG,1.04
ydhF,0.9553
ydcN,1.19
ydcL,1.02
ydcH,1.05
ydcF,0.9535
sigB,1.13
rsbU,0.9873
ydiE,1.04
ydiC,1.07
ydiA,1.09
ydhT,0.924
ydhR,0.894
ydhP,0.9361
yddD,1.0
yddB,1.06
ydcT,0.8863
ydcR,0.8684
ydcP,0.9213
sacV,0.8389
ydhN,1.02
ydhJ,1.02
ydhH,0.9058
phoB,0.8085
ydhE,0.6496
ydcM,1.06
ydcK,0.7451
ydcG,1.02
rsbX,1.18
rsbW,1.1
rsbT,1.18
yfjF,0.0
acoR,1.06
acoC,1.06
acoA,1.11
yfjM,1.05
yfjO,1.38
yesT,1.02
yesR,1.03
yesP,1.05
yesM,0.9413
yesK,0.9821
cotJB,0.9062
yfjQ,1.31
yfjS,1.01
yfkA,1.16
yfkC,1.04
yfkE,0.9926
yfkJ,0.9755
yesF,1.08
yeeK,1.14
rapH,0.9105
yezA,1.21
yeeC,1.16
yeeA,0.0
yfjU,0.9378
acoL,0.9024
acoB,1.03
yfjL,1.06
yfjN,1.21
yfjP,1.06
yesS,0.8383
yesQ,0.9144
yesO,0.9637
yesL,0.9073
yesJ,1.03
cotJA,0.7979
yfjR,0.9188
yfjT,0.9248
yfkB,1.01
yfkD,0.832
yfkH,0.9357
yfkK,1.08
yesE,0.8783
yeeI,0.3524
yeeG,1.01
yeeD,1.16
yeeB,1.22
yefC,1.19
yhfD,0.8521
yhfB,0.8736
yhgD,1.04
hemH,0.5193
pbpF,1.09
yhgB,1.03
yhcN,1.22
yhcL,1.57
yhcJ,1.25
yhcI,1.11
yhcG,1.16
yhcE,0.9905
ecsC,1.05
ecsA,0.9796
serC,0.7536
yhaH,0.9046
yhaI,1.02
yhaK,1.19
yhcB,1.06
yhbJ,1.21
yhbH,1.05
yhbF,0.9582
yhbD,1.02
yhbA,0.9676
yhfC,1.01
yhgE,1.16
hemY,0.8011
hemE,0.6215
yhgC,1.34
yhfA,0.9926
yhcM,0.9032
yhcK,1.16
cspB,1.23
yhcH,1.14
yhcF,1.12
yhcC,1.17
ecsB,0.9538
hit,0.8657
yhaG,0.9737
hpr,0.7518
yhaJ,1.08
prsA,1.17
yhcA,0.8671
yhbI,0.9927
prkA,1.03
yhbE,0.9758
cspR,1.07
yhzB,1.12
yjkA,1.07
yjiC,1.19
yjiA,1.31
yjhA,1.6
yjgB,1.09
yjfC,1.54
carA,2.82
argB,2.54
argC,2.07
yitY,1.17
yitW,1.28
yitU,1.17
yjfA,0.9
cotT,0.9463
yjdJ,0.9532
yjdG,0.9764
yjdE,0.8853
yjdC,1.02
yitT,0.0
nprB,1.15
yitQ,1.11
yitO,1.03
yitM,1.07
yitK,0.9486
yjjA,1.07
yjiB,1.22
yjhB,1.37
yjgD,1.28
yjgA,1.14
yjfB,1.13
argD,2.49
argJ,2.08
yitZ,1.19
yitX,1.11
yitV,1.07
ipi,1.22
yjeA,1.13
yjdK,0.6642
yjdI,0.9773
yjdF,0.9691
yjdD,1.04
yjdB,1.02
yitS,1.12
yitR,0.9751
yitP,1.23
yitN,1.14
yitL,1.01
yitJ,1.38
yknV,1.06
moaE,1.16
moeA,1.13
mobA,1.25
ykuV,1.26
ykuT,1.05
ykoE,1.13
ykoC,1.14
ispA,0.9575
yknA,1.13
ykmA,1.05
proA,1.08
ykuR,0.8849
ykuP,0.6143
ykuN,0.7948
ykuL,1.19
ykuK,0.9832
ykuI,1.15
ykkE,1.15
ykkC,1.06
ykkA,0.9658
ykzH,1.0
ykhA,1.15
ykgB,0.9522
yknU,0.983
mobB,1.09
moeB,1.17
ykuW,0.9529
ykuU,1.2
ykuS,0.975
ykoD,1.08
ispU,1.06
metC,0.9666
ykzA,2.16
yklA,0.8187
proB,1.13
ykuQ,1.13
ykuO,0.7365
ykuM,1.1
ykzF,1.08
ykuJ,1.01
ykuH,1.26
ykkD,1.05
ykkB,0.9268
ykjA,0.8984
hmp,0.6527
ykgA,0.9791
ykfD,0.8082
fliR,0.9655
fliZ,0.9456
fliM,0.9402
flgE,0.8849
fliK,1.03
fliJ,0.9506
ylmA,0.9296
sigE,0.9843
ftsZ,1.02
sbp,1.07
ylxW,1.3
murB,1.35
fliH,0.9747
fliF,1.04
flgC,0.9035
codY,0.8848
clpQ,1.01
gid,1.28
spoVE,1.11
mraY,1.12
pbpB,1.3
ylxA,1.02
yllA,1.13
ylbP,0.9836
fliQ,1.05
fliY,0.9643
fliL,1.02
ylxG,0.9601
ylxF,1.05
fliI,1.07
sigG,1.17
spoIIGA,0.9917
ftsA,0.9693
ylxX,1.13
divIB,1.2
murG,1.25
fliG,1.02
fliE,0.9891
flgB,0.8899
clpY,0.9392
codV,0.9437
topA,0.9484
murE,1.15
ftsL,1.01
yllB,1.04
ylbQ,1.21
ylbO,1.03
yoxD,1.3
proH,0.9715
gltC,0.7941
yogA,1.01
ggt,0.906
yoeC,1.11
glnR,1.29
ynbA,1.31
cwlC,0.8924
nrdF,0.7116
ymaA,0.8629
ymzC,0.9769
yoeA,0.9302
pbp,1.0
yngK,0.9609
yngJ,0.9761
yngH,1.06
yngF,0.9522
miaA,1.01
ymaG,0.9036
ymaD,1.12
aprX,1.1
ymzB,1.08
pksN,0.8467
rtp,0.773
proJ,1.01
gltB,0.9531
yofA,1.08
yoeD,0.9701
yoeB,0.5528
ynbB,1.37
spoVK,0.9597
ymaB,0.8741
nrdE,0.8266
ymzA,1.02
ymaH,0.9193
yoxA,1.05
yngL,0.8742
ynzE,0.8543
yngI,0.9139
yngG,0.0
yngE,0.7654
ymaF,0.0
ebrB,0.9246
ymaC,0.9689
ymaE,0.9033
pksS,1.05
pksJ,1.19
yoqR,0.0
yoqT,0.9818
yoqV,0.9987
yoqY,0.9704
yorA,0.9682
yorC,1.05
yojC,1.05
yojF,1.14
yojI,1.12
yojK,1.05
yojM,1.15
yojO,1.1
yorE,0.9718
yorG,0.939
yorI,0.9463
yorK,1.05
yorN,0.953
yorP,0.9042
yocS,0.7173
sodF,1.1
dhaS,1.03
yozO,0.6757
yozN,0.7837
yocL,0.887
yoqS,1.12
yoqU,1.03
yoqW,0.9852
yoqZ,1.02
yorB,0.8927
yorD,1.02
yojE,1.1
yojH,1.11
yojJ,1.05
yojL,1.15
yojN,1.25
odhB,1.38
yorF,1.01
yorH,0.8536
yorJ,0.9074
yorM,0.0
yorO,0.4456
yorQ,0.7554
yocR,0.8233
sqhC,0.9006
yozC,0.9962
yocN,0.8897
yocM,0.723
yocK,0.8338
qcrC,0.9253
ypjB,1.16
ypjD,1.42
ypjF,1.12
ypjH,1.21
birA,1.11
yolC,0.8878
uvrX,1.04
sunA,1.02
yolI,0.9288
yolK,0.7952
yomB,0.9019
panC,0.8931
ypmB,0.9828
asnS,1.1
nth,1.2
yppB,1.25
yomD,0.9812
yomF,0.9392
yomH,0.9954
yomK,1.03
yozP,0.9848
yomN,0.969
ypjA,1.09
ypjC,1.1
dapB,1.26
ypjG,1.19
papS,1.06
panB,0.9287
yolD,1.02
yolF,0.9112
sunT,0.8163
yolJ,0.8566
yomA,0.8182
yomC,0.878
panD,1.01
ypmA,0.9991
aspB,1.01
dnaD,0.9988
ypoC,1.09
yppC,0.8946
yomE,0.9066
yomG,0.8353
yomJ,1.11
yomL,1.63
yomM,1.12
yomO,0.0
yqhL,1.22
yqhN,0.9944
yqhP,1.09
yqhS,0.9244
efp,1.07
spoIIIAA,1.06
yqkL,1.34
drm,1.28
dacF,0.9324
spoIIAB,0.8457
spoVAA,0.9873
spoVAC,0.936
spoIIIAC,0.8819
spoIIIAE,0.9455
spoIIIAH,0.8967
accC,0.9298
yqhZ,1.02
yqiB,1.21
spoVAE,1.11
lysA,1.05
ppiB,1.12
ypuB,1.1
ypzC,1.11
ypuD,0.9713
yqhM,1.07
yqhO,1.06
yqhR,1.09
yqhT,1.19
yqhV,0.9818
spoIIIAB,0.9398
ripX,1.19
pnp,1.17
spoIIAA,0.8425
sigF,0.8598
spoVAB,0.9415
spoVAD,0.898
spoIIIAD,0.8986
spoIIIAF,0.9426
accB,1.0
yqhY,0.8765
folD,0.935
yqiC,1.02
spoVAF,1.05
ypuA,1.48
ypzD,0.98
ypuC,0.9459
sipS,0.9945
ypuE,1.34
yrkB,0.0
yrkD,1.11
yrkF,0.921
yrkH,1.13
yrkJ,1.04
yrkL,1.05
yqeN,1.16
gpr,1.1
yqxA,0.9604
dnaK,1.07
yqeT,1.17
yrkN,0.9975
yrkP,1.05
yrkR,1.05
spoIIIC,1.06
yqaC,0.9503
yqaF,0.938
yqeV,0.9622
rpsU,1.03
yqeZ,0.8346
yqfB,0.8252
yqfD,0.9671
yqfF,0.0
yrkC,1.07
yrkE,1.03
yrkG,0.9485
yrkI,0.9099
yrkK,0.937
yrkM,1.14
rpsT,1.17
spoIIP,1.05
hemN,1.15
grpE,1.1
dnaJ,1.31
yqeU,1.32
yrkO,0.8105
yrkQ,0.8235
yrkS,0.8956
yqaB,0.0
yqaE,0.3147
yqdA,0.4328
yqeW,1.1
yqeY,1.06
yqfA,0.8594
yqfC,0.9389
phoH,1.19
yqfG,1.11
yshE,0.9381
ysiA,0.9723
etfB,0.9645
xsa,0.893
uvrC,0.9746
lysC,0.8031
relA,1.03
yrvJ,1.13
hisS,0.8573
yrvM,1.26
yrzC,1.48
yrvP,1.35
sdhC,1.17
sdhB,1.12
gerE,1.06
racE,1.09
rph,1.03
ysnB,0.8618
yrrB,1.21
yrrD,0.9719
glnM,0.9894
glnQ,1.22
yrzB,0.9869
lcfA,1.06
ysiB,0.9611
etfA,1.01
trxA,1.01
ask,0.861
yslB,0.8728
yrvI,1.06
yrzK,0.9919
aspS,0.9607
yrvN,1.07
yrvO,1.27
yrrA,1.05
sdhA,1.13
ysmA,1.03
ysmB,0.0
gerM,0.7501
ysnA,0.9003
ysnE,0.6439
yrrC,0.3099
glnP,1.06
glnH,0.8969
yrrI,1.04
yrrK,1.07
yrrL,0.0
ytkC,0.9274
ytlC,1.06
ytlA,1.04
ytmB,1.23
metK,1.29
ytnA,1.3
ytsP,1.1
ytwP,1.05
nifZ,1.03
sspA,1.03
ytcJ,1.08
yteI,0.9949
ytpA,1.05
ytqA,1.13
ytrA,1.17
ytrC,1.11
ytrE,0.9814
ytsA,0.9954
ytfI,1.1
ytxK,1.01
moaB,1.25
argH,1.62
ytkK,1.43
ytlI,1.29
ytlD,1.01
ytlB,1.01
ytmA,1.03
pckA,1.01
asnB,1.15
ytoA,1.06
ytvP,0.9929
braB,0.9763
ytbJ,0.9523
ytcI,0.8334
ytdI,1.02
yteJ,0.9075
ytqB,0.9725
ytzC,0.8911
ytrB,1.13
ytrD,0.8887
ytrF,0.8863
ytsB,0.9695
ytgI,0.8856
ackA,1.07
argG,1.72
ytzD,2.08
ytkL,1.53
ytmI,1.32
yurW,0.912
yurU,0.8875
yurS,0.9155
yurQ,1.05
yurO,0.7519
yurM,0.9541
yufB,1.18
yufD,1.2
yufU,1.18
yufS,0.8584
yufQ,0.7676
yufO,0.0
yurK,0.7992
yurI,0.9523
yurF,0.9421
yurD,0.9984
yunM,0.9541
yunK,0.9617
yufM,1.05
yuxK,0.9345
yuxJ,0.9639
kapB,0.8085
patB,0.9316
yugF,0.9503
yurV,0.9411
yurT,1.02
yurR,0.9263
yurP,0.7615
yurN,0.9686
yurL,0.8784
yufC,1.0
yufV,1.21
yufT,0.9985
yufR,0.7531
yufP,0.7298
yufN,0.7084
yurJ,0.7254
yurH,0.7595
yurE,0.0
yurB,0.0
yunL,0.308
yunJ,0.7671
yufL,1.04
pbpD,0.9582
kapD,1.04
kinB,0.8418
yugE,1.18
yugG,1.09
yvcJ,0.8618
yvcL,0.8321
yvcN,0.9351
yvcQ,1.12
yvcS,1.06
yvdA,1.11
yvaO,1.1
yvzC,1.11
yvaL,1.25
yvaJ,0.0
yvaG,1.02
yvaE,1.04
yvdC,0.7887
yvdE,1.05
yvdG,0.9642
yvdI,0.9537
yvdK,0.9959
yvdM,1.03
yvaC,1.19
yvaA,1.28
yvgY,0.9987
yvgW,0.8455
yvgU,0.7554
yvgS,1.13
yvcK,0.8853
crh,0.8471
yvcP,1.01
yvcR,1.13
yvcT,1.62
yvdB,0.9904
yvaN,1.01
yvaM,1.0
yvaK,1.06
yvaI,0.8944
yvaF,0.8768
yvaD,0.8838
yvdD,0.7762
yvdF,0.6749
yvdH,0.9121
yvdJ,0.9333
yvdL,0.0
clpP,0.9169
yvaB,0.2061
yvgZ,0.836
yvgX,0.3367
yvgV,0.7305
yvgT,1.18
yvgQ,1.15
atpF,0.7623
atpA,0.7104
atpD,0.757
ywmA,0.7979
ywmB,0.9969
spoIID,0.9196
ywtE,1.06
ywtG,1.2
gerBB,0.9718
pmi,1.09
tagC,1.01
tagA,1.02
ywmE,1.01
narA,0.9941
ywmF,0.8906
ureA,0.813
ureC,0.9732
ywnB,0.913
tagF,1.18
ggaA,1.07
lytR,0.9323
lytC,1.04
tuaB,0.9993
tuaD,1.02
atpH,0.761
atpG,0.6526
atpC,0.7413
ywzB,0.9116
murA,0.9679
ywmC,1.12
ywtF,1.25
gerBC,1.09
gerBA,0.9849
lytD,1.04
tagB,1.16
tagE,1.3
narQ,0.7269
rapB,0.8141
ywmG,1.23
ureB,0.7801
ywnA,0.9537
ywnC,1.12
tagG,1.09
yvyH,0.9335
lytB,0.9458
tuaA,0.9482
tuaC,1.08
tuaE,0.9635
yxkA,0.8282
yxkC,0.9379
aldY,0.9602
msmX,1.02
yxzE,0.9258
yxkJ,0.6958
spsD,0.9682
spsG,0.9664
spsJ,1.05
yweA,1.09
rocA,0.9158
rocC,0.8845
cydB,0.1221
cydD,0.6141
yxlA,0.825
yxlC,0.8789
yxlE,0.9528
yxlG,0.9888
ywfB,0.9461
ywfD,0.8941
ywfF,0.9299
ywfH,1.03
pta,1.13
ywfL,0.9938
galE,0.7754
yxkD,0.8217
yxkF,0.862
yxkH,0.8515
yxkI,0.8498
cydA,0.313
spsE,0.9513
spsI,0.9538
spsK,1.05
yweB,1.03
rocB,0.8061
ywfA,0.8549
cydC,0.7196
yxkO,0.7137
sigY,0.789
yxlD,0.832
yxlF,0.9114
yxlH,0.8497
ywfC,0.9364
ywfE,0.8534
ywfG,0.8658
ywfI,0.6168
ywfK,0.9939
ywfM,0.9975
yyaH,0.9758
yyaJ,1.01
yyaL,0.9992
yyaN,0.9205
tetL,1.02
yyaP,0.9719
yxbD,0.948
yxbF,0.9716
yxcA,1.04
yxcC,0.9429
yxcE,0.9492
iolR,0.9455
yyaR,0.906
yyaT,0.8937
yybB,0.8739
yybD,0.9204
yybF,0.9304
yybI,0.9256
iolB,0.959
iolD,0.9849
iolF,0.9344
iolH,1.01
iolJ,0.879
yxdK,0.6119
yyaI,0.9506
yyaK,0.9976
yyaM,0.8678
yyaO,0.8878
tetB,0.9305
yyaQ,0.8806
aldX,0.887
yxbG,0.8695
htpG,0.9154
yxcD,0.8861
iolS,0.9032
iolA,0.8517
yyaS,0.7939
yybA,0.9499
yybC,0.9017
yybE,0.8647
yybG,0.9203
yybJ,0.8724
iolC,0.8592
iolE,0.9847
iolG,1.13
iolI,1.16
yxdJ,1.23
yxdL,1.15
yeeF,1.26
purQ,1.02
ydgJ,1.08
pbpC,1.07
srfAC,1.18
ycgI,0.9895
yknT,1.06
ptsI,0.0
ykvU,1.01
ykzE,0.973
yjdH,0.8694
yhdN,1.02
yczC,1.05
lmrA,1.02
ybgB,0.9256
ybdD,1.01
fus,0.9973
yfiX,0.994
yfkF,0.9637
treA,0.9158
yflP,1.03
yesY,1.02
yddN,1.04
yerP,1.13
ydjD,0.9105
yddE,0.9326
yclG,1.02
nasB,0.9249
ycdB,0.9647
patA,0.9988
ykvW,1.1
ykrP,0.9972
ykoY,1.01
yhaP,1.05
yhbB,0.9449
yccC,0.9226
ybgE,0.6967
ybgA,0.8558
rpmD,1.04
rpoB,1.08
clpC,0.8919
yfiB,0.9477
yfkI,1.24
yflH,1.1
yetM,1.04
cotJC,1.09
yddK,1.13
yabD,1.02
yurG,1.0
ytqD,0.9628
acuB,1.04
dnaE,0.9988
levR,1.11
yqzC,0.9793
yaaO,1.03
ypbG,1.07
ypvA,1.24
cgeB,0.9241
yloB,1.03
glcT,1.18
yjcD,1.05
metS,0.9357
ythC,0.8688
ytpB,1.02
ytoI,0.9341
yrhJ,1.15
yqxH,0.7818
bmrU,0.9784
yaaN,0.7758
qcrB,0.8919
yosO,0.8356
ylqF,1.25
spoVD,1.12
yjgC,1.13
yjaX,1.03
rplO,1.0
rplR,0.8885
rpsH,1.03
rplE,0.9117
rplN,0.9039
rpmC,0.9069
xpaC,0.739
bofA,1.0
recR,0.95
dnaX,1.02
yaaI,0.9358
rpsC,0.8302
rpsS,0.8076
rplW,0.9372
rplC,0.9115
ybaC,0.8155
rpsG,0.939
serS,0.8574
yaaD,0.8126
guaB,0.9894
gyrB,0.8914
recF,1.02
rpsE,0.887
rplF,1.06
rpsN,0.8105
rplX,0.8641
rpsQ,0.8956
rplP,0.934
csfB,0.8435
yaaL,1.07
yaaK,0.844
yaaJ,0.8731
yaaH,0.9054
rplV,0.873
rplB,0.794
rplD,0.9173
rpsJ,0.9265
tufA,0.9277
rpsL,0.9842
yaaE,0.8055
dacA,0.9627
yaaC,0.9149
yaaB,0.9102
yaaA,1.09
yclA,1.06
yckJ,1.19
yczE,1.04
ycxD,0.9495
ycxB,0.9579
srfAD,1.03
ycbD,1.05
ycbA,0.9702
ybgH,0.9689
ybgF,0.9875
ybfP,0.8806
ybfN,0.9368
yckH,1.01
yckF,0.8957
nucA,0.9055
yckE,0.8559
yckC,0.9905
yckA,1.06
ybfM,1.1
ybfK,0.9937
purT,1.02
ybfH,0.9056
ybfF,0.9016
ybfB,0.7736
yckK,1.23
yckI,1.26
sfp,1.03
ycxC,1.01
ycxA,1.05
comS,1.09
ycbB,0.9071
ybgJ,0.8984
ybgG,0.931
ybfT,0.8159
ybfO,0.9599
psd,1.07
yckG,0.9037
tlpC,0.9493
nin,0.9007
yckD,0.9411
yckB,1.03
yciC,1.14
pssA,1.04
ybfJ,0.8411
ybfI,0.9973
ybfG,0.8909
ybfE,0.8823
ybfA,0.895
ydhD,1.07
ydgK,1.1
ydgH,0.0
dinB,0.9052
expZ,1.04
ydgD,1.08
rsbS,1.11
ydcE,1.08
dal,1.07
ydcB,1.0
ydbS,0.9545
murF,0.8982
ydgB,0.8489
ydfT,0.8839
ydfR,0.9877
ydfQ,0.9875
ydfO,0.9348
ydfM,1.17
ydbP,0.9855
ydbM,0.9287
ydbK,1.08
ydbI,0.9885
ydbF,1.12
ydbD,1.26
ydhC,1.14
ydgI,1.04
ydgG,0.9085
ydgF,0.8668
ydgE,0.9843
ydgC,0.9815
rsbR,0.9818
ydcD,1.06
ydcC,1.05
ydbT,0.9217
ydbR,0.8529
ddlA,0.9284
ydgA,0.8899
ydfS,0.6657
ydzH,0.8024
ydfP,0.7928
ydfN,0.8714
ydfL,0.9516
ydbN,0.7068
ydbL,0.8534
ydbJ,1.15
ydbG,1.03
ydbE,0.9336
ydbC,1.09
yfkM,1.45
treR,1.16
yfkQ,1.02
yfkS,0.9556
yflA,1.06
yflC,1.04
yefB,1.12
yerQ,1.2
yerN,0.8918
yerL,0.9166
sapB,0.978
yerH,0.9658
yflE,0.9312
yflG,0.9089
yflJ,0.8482
yflL,0.9866
yflN,1.06
citT,0.9816
yerF,0.9922
yerD,0.8866
yerA,0.7208
yezC,0.8366
purH,0.7994
purM,0.9236
yfkO,0.0
treP,0.9798
yfkR,0.9598
yfkT,1.02
yflB,0.9966
yflD,0.9284
yefA,1.18
yerO,0.9474
yerM,0.9073
opuE,0.9294
yerI,0.929
yflF,0.8868
yflI,0.7539
yflK,1.13
yflM,1.06
citM,0.9239
citSc,0.804
yerE,1.04
yerB,0.781
yecA,0.8955
purD,0.7669
purN,0.8892
purF,0.9386
yhaL,0.928
yhaN,1.01
yhaS,0.9882
yhaU,1.01
yhaW,1.18
yhaY,1.28
ygaO,1.16
ygaN,1.0
ygbA,0.8877
katA,0.854
ygaK,0.8779
ygaJ,0.9348
yheA,1.16
yheD,0.9733
sspB,0.9973
yheG,0.952
yheK,0.9948
yheN,0.9873
ygaI,0.7926
ygaH,0.8841
ygaF,0.9124
ygaE,0.9732
ygaC,0.918
sspE,1.0
yhaM,0.0
yhaO,1.04
yhaT,0.9999
yhaV,1.06
yhaX,1.08
yhaZ,1.04
yhzA,1.06
ygcA,0.9452
ygaL,0.84
senS,0.8449
thiA,0.8142
ygzA,1.13
yheB,0.9614
yheE,0.872
yheF,0.9158
yheI,0.9828
yheM,0.8215
yhdZ,0.8946
ygxA,1.13
ygaG,1.16
gsaB,1.07
ygaD,1.17
ygaB,0.9252
yfhR,1.01
yjdA,0.942
yjcR,0.9236
yjcP,1.01
yjcN,1.0
yjcL,1.42
yjcJ,1.13
yitI,1.11
yitG,1.07
yitE,0.9196
yitC,0.9376
yitA,1.35
yisX,0.9658
yjcH,0.9998
yjcF,1.02
yjcC,0.9657
yjcA,0.9925
cotW,0.954
cotY,0.8618
yisV,0.9541
yisT,1.06
degA,1.08
yisQ,1.01
yisO,0.926
yjcS,0.0
yjcQ,1.01
yjcO,0.0
yjcM,1.08
yjcK,1.1
yjcI,1.25
yitH,0.9889
yitF,0.9808
yitD,0.9653
yitB,1.13
yisY,1.02
yisW,0.9585
yjcG,0.9907
yjcE,1.03
yjcB,0.9376
cotV,0.9803
cotX,0.9444
cotZ,0.9358
yisU,1.01
yisS,1.11
yisR,1.11
yisP,1.14
yisN,0.9955
yisL,1.11
ykuG,0.8723
ykuE,1.02
ykuC,1.08
kinA,1.0
ykwD,0.9729
ykwB,0.8384
ykfC,0.7614
ykfA,0.7833
dppD,1.44
dppB,0.784
ykeA,1.04
ykcC,0.975
splA,0.9828
ykvZ,1.11
ykvV,1.03
ykvS,1.21
ykvQ,0.9763
ykvO,0.9849
ykcA,1.06
ykaA,1.22
spoIISA,0.946
xhlB,0.944
xkdY,0.9715
xkdW,0.8932
ykuF,0.9614
ykuD,1.1
ykyB,1.54
ykwC,1.0
splB,1.03
ykfB,0.6973
dppE,0.7045
dppC,0.0
dppA,0.6638
htrA,0.8958
ykcB,0.9241
ptsG,1.14
ykvY,1.0
ykvT,1.11
ykvR,0.9473
ykvP,0.8412
ykvN,0.9598
ykbA,1.06
ykaB,1.21
xlyA,0.9832
xhlA,0.9979
xkdX,1.04
xkdV,1.37
smf,1.15
sucC,1.14
ylqG,1.18
rplS,1.11
ylqE,1.08
ylqC,1.11
rpmF,1.23
ylbM,1.07
ylbK,1.06
ylbI,1.15
ylbG,1.24
ylbE,0.946
ylxM,0.9668
ftsY,0.992
rncS,0.8269
fabG,0.9683
plsX,0.8904
ylpB,1.07
ylbC,1.33
ylbA,0.9459
ctaF,0.7574
ctaD,0.7583
ctaB,0.7288
ylaO,1.05
sucD,1.09
ylqH,1.12
rnh,1.11
trmD,1.11
ylqD,1.11
rpsP,1.0
ylbN,1.08
ylbL,0.9694
ylbJ,1.14
ylbH,1.15
ylbF,1.22
ylbD,1.03
ylqB,0.8313
acpA,1.19
fabD,0.9032
ylpC,0.8711
ylpA,0.9171
ylbB,1.02
ctaG,0.9453
ctaE,0.7517
ctaC,0.706
ctaA,0.7549
ylaN,1.09
yngD,0.9239
yngA,1.07
ynfF,1.11
bglC,1.19
ynfC,0.8123
grlB,1.15
pksI,1.06
pksG,1.06
pksE,1.1
pksC,1.13
pksA,0.9051
mutL,0.9675
yneS,0.8717
yneQ,1.13
tlp,1.02
citB,1.16
cotL,1.04
yneK,1.1
cotE,1.04
ymcB,1.21
tdh,1.05
ymdB,1.06
pbpX,1.15
cinA,1.11
yngC,0.9964
xynD,1.05
ynfE,1.1
alsT,1.12
grlA,1.09
yneT,1.55
pksH,1.07
pksF,0.9515
pksD,1.03
pksB,0.968
ymcC,0.9309
mutS,1.04
yneR,0.992
yneP,1.1
yneN,1.38
cotK,0.9839
cotM,1.05
yneJ,0.9235
ymcA,0.8697
kbl,0.0
spoVS,1.11
ymdA,1.06
recA,0.8171
pgsA,1.22
yorR,0.9394
yorT,1.06
yorV,0.9752
yorX,0.9513
yorZ,0.8946
yosB,1.11
yocJ,0.9619
yocH,1.03
yocF,1.03
yocD,1.08
yocB,1.34
yocA,0.9215
yosD,0.8594
yosF,0.9327
yosH,0.8787
yosJ,0.8246
yosL,0.8233
yosP,0.664
yobW,0.9678
yobU,0.9049
yobS,0.9394
yobQ,0.9244
yobO,0.844
yobM,0.8907
yorS,0.9691
mtbP,0.7885
yorW,0.8553
yorY,0.949
yosA,0.9351
yosC,0.9048
yocI,0.97
yocG,0.8487
yocE,0.6799
yocC,0.4615
yozB,0.3973
yozA,0.9927
yosE,0.8237
yosG,0.725
yosI,0.8546
yosK,0.6761
yosM,0.8373
yosQ,0.7896
yobV,1.12
yobT,0.9782
yobR,1.04
csaA,0.8894
yobN,0.9844
yobL,0.0
yppD,1.1
yppF,1.3
ypqE,1.14
yprB,0.9459
ypsA,1.38
ypsC,1.45
yomP,0.9005
yomR,0.0
yomT,0.9361
yomV,0.0
yomX,0.8689
yomZ,0.8244
kduD,0.9733
kdgR,1.03
kdgA,0.0
ypwA,1.1
pbuX,1.13
ypbQ,1.07
yonB,0.8724
yonD,1.03
yonF,0.8925
yonH,0.8039
yonK,1.01
yonO,0.8781
yppE,1.05
yppG,0.9566
cotD,1.21
ypsB,1.03
yptA,1.33
yomQ,0.8699
yomS,0.8561
yomU,0.8436
yomW,0.8756
yomY,0.797
yonA,0.872
kduI,0.9371
kdgK,1.02
kdgT,0.9899
xpt,1.13
bcsA,0.9763
ypbS,1.01
yonC,0.9121
yonE,0.9815
yonG,0.2606
yonI,1.0
yonN,0.8613
yonP,1.29
yqiD,1.26
yqxC,1.36
recN,1.15
spo0A,1.0
yqiH,1.19
yqiK,1.3
ribG,1.12
ribA,0.9824
ribT,1.19
ypuG,1.2
ypuI,1.05
spmA,0.9218
mmgB,0.9844
mmgD,0.9788
yqiQ,0.9856
yqiR,1.07
yqiT,1.16
yqiV,1.22
ypuL,0.9322
resB,0.6289
resD,0.5064
sigX,1.24
aroC,1.08
ypzE,0.892
yqiE,1.13
ahrC,1.23
spoIVB,0.9869
yqiG,1.06
yqiI,1.04
ribB,1.09
ribH,0.9775
ypuF,1.04
ypuH,1.08
dacB,0.8937
spmB,0.812
mmgC,0.9114
mmgE,0.8634
yqzF,0.9387
yqiS,1.15
yqiU,1.02
bfmBAA,1.13
resA,0.7624
resC,0.6347
resE,0.6207
ypuN,1.2
serA,0.9676
ypaA,1.09
yqaG,1.04
yqaI,1.09
yqaK,1.1
yqaM,1.04
yqaO,1.01
yqaQ,1.05
dgkA,1.08
bex,0.9828
glyQ,0.9356
yqzB,0.9902
yqxD,0.9779
sigA,1.05
yqaS,0.9365
yqbA,0.9432
yqbC,1.08
yqbE,0.9353
yqbG,0.95
yqbI,0.9635
yqfN,1.08
yqfP,1.11
yqfR,1.05
yqfT,1.01
yqfV,1.15
yqfX,0.9714
yqaH,0.9986
yqaJ,0.9724
yqaL,1.03
yqaN,0.9315
yqaP,0.9684
yqaR,0.9335
cdd,0.9598
yqxN,0.9341
glyS,1.02
yqfL,0.8314
dnaG,0.9671
cccA,0.9134
yqaT,0.908
yqbB,0.66
yqbD,0.946
yqbF,0.7798
yqbH,0.6261
yqbJ,0.3078
yqfO,1.11
yqfQ,1.08
yqfS,1.06
yqfU,0.8595
yqfW,0.9832
yqfZ,1.01
ysnD,0.7525
ilvN,0.7276
leuA,0.7012
leuC,0.7295
ysoA,0.8471
clpX,1.03
yrrM,1.2
yrrO,1.01
greA,1.1
yrrS,1.04
yrrT,1.49
yrhA,1.59
ysxD,0.902
hemX,0.6832
hemD,0.625
hemL,0.8219
ysxE,0.9358
yrhD,0.9328
yrhG,1.2
yrhH,0.999
yrhK,1.08
yrhM,1.12
yrhO,1.09
ilvB,0.7255
ilvC,0.8035
leuB,0.6585
leuD,0.7615
tig,1.09
lonB,0.9532
yrrN,1.08
udk,1.02
yrrR,0.9101
yrzA,1.07
yrrU,1.1
yrhB,1.43
ysxC,0.8717
hemA,0.7394
hemC,0.7164
hemB,0.6394
spoVID,0.9848
yrhF,1.19
yrzI,1.46
yrhI,1.18
yrhL,1.12
sigV,0.0
levD,1.21
ytsC,0.9739
yttA,1.03
ytvA,1.03
leuS,1.11
melA,1.14
amyD,0.9851
ytmJ,1.1
ytmL,1.18
hisP,1.06
ytnJ,0.9639
hipO,0.8846
ytqI,0.802
msmR,0.7716
bioW,0.7405
bioF,0.7112
bioB,0.8064
ytbQ,0.7182
ytcQ,0.9594
ytsJ,0.9501
pfk,1.04
ytwI,0.9145
citC,0.9854
phoP,0.9766
yttB,1.08
ytvB,1.13
ytwF,1.07
amyC,0.9443
msmE,0.9448
ytmK,1.08
ytmM,1.04
ytnI,0.8526
ribR,1.01
ytpI,0.9811
ytrI,0.9446
ytaP,0.8201
bioA,0.746
bioD,0.7185
bioI,0.7524
ytcP,0.7485
ytdP,0.7875
yttI,0.8913
ytvI,1.01
citZ,0.9631
citH,1.0
phoR,1.03
mutM,1.04
yunI,1.02
yunG,0.9887
yunE,0.9499
yunC,1.1
yunA,1.01
yutC,0.9733
yugH,1.07
yuzA,1.08
yugK,1.02
yugM,0.944
yugO,0.9173
yugS,0.8978
yutE,1.03
yutG,0.706
hom,0.5789
thrB,0.6219
yutI,0.9655
yutJ,1.13
yugU,0.9183
mcpB,0.9822
mcpA,0.8849
yuxG,1.01
yulC,0.9681
yulE,0.8694
yunH,1.02
yunF,1.03
yunD,1.06
yunB,0.9398
yutB,0.9505
yutD,0.9455
yugI,1.06
yugJ,1.03
pgi,0.8544
yugN,0.9039
yugP,0.847
yugT,0.8897
yutF,0.864
yutH,0.6838
thrC,0.5974
yuxL,0.8467
yuzD,0.8993
yuzB,0.8723
tgl,1.02
tlpA,0.0
tlpB,1.08
yulB,0.9648
yulD,0.0
yulF,0.9847
yvdO,0.9545
yvdQ,1.01
yveA,1.04
racX,0.9894
yveG,0.8843
slr,0.9433
yvgO,0.9526
yvgM,0.9584
yvgK,0.7971
yvsG,0.9275
fhuD,0.7178
fhuG,0.9008
yveN,0.8495
yveP,0.82
yveR,0.8111
yveT,0.8267
yvfB,0.826
yvfF,0.9016
yvrP,1.09
yvrN,1.0
yvrL,0.8469
yvrI,0.9178
yvrG,0.9565
yvrD,0.9252
yvdP,1.02
yvdT,0.9829
pbpE,0.9003
yveF,0.8831
padC,0.892
yveL,0.8194
yvgN,0.9621
yvgL,0.9304
yvgJ,0.9079
yvsH,0.7503
fhuB,0.7869
fhuC,0.7392
yveO,0.8641
yveQ,0.8308
yveS,0.7556
yvfA,0.7688
yvfD,0.7911
yvfG,0.8855
yvrO,1.08
yvrM,1.11
yvrK,0.9957
yvrH,1.05
yvrE,1.03
yvrC,1.13
mta,0.9462
ywnF,1.03
spoIIQ,0.9289
ywoA,1.13
nrgA,1.13
ywoC,1.0
tuaF,0.9489
tuaH,0.9097
yvhJ,0.9114
degS,1.01
comFA,0.9836
comFC,0.952
ywoE,0.9097
ywoG,0.9031
usd,1.13
mbl,1.09
flhP,0.8994
ywpB,1.03
flgM,0.9245
flgK,1.09
yviE,0.9367
csrA,0.9124
yvyC,0.8935
fliS,0.9161
ywnE,1.06
ywnH,1.0
ywnJ,0.929
nrgB,1.18
ywoB,0.9431
ywoD,0.8745
tuaG,0.907
tagO,0.7531
yvyE,0.9244
yviA,0.8826
comFB,0.9686
yvyF,0.9013
ywoF,0.8871
ywoH,0.9779
spoIIID,0.9092
flhO,0.8454
rapD,0.966
ywpC,0.9993
yvyG,1.06
flgL,1.01
yviF,1.01
hag,0.9212
fliD,1.03
fliT,1.06
katX,0.0
yxzF,0.9801
licB,1.0
licA,0.9313
ywaA,0.8876
dltD,1.03
ywfN,0.9526
ywfO,1.08
ywgB,0.8465
thrZ,0.9252
ywhB,0.8807
ywhD,0.8853
dltB,1.01
ywaB,1.05
ywaD,0.8759
ywaE,0.7826
gspA,1.05
sacX,0.9765
ywhF,1.18
ywhH,0.9206
rapF,0.9855
ywhL,0.902
ywhN,0.0
ywhP,0.8915
yxlJ,1.01
licR,0.9487
licC,0.9323
licH,0.976
dltE,1.04
dltC,1.08
ywzC,1.15
ywgA,1.04
mmr,0.8583
ywhA,0.8864
ywhC,0.8971
ywhE,0.9804
dltA,1.08
ywaC,1.03
tyrZ,0.903
ywaF,0.9143
sacY,0.9317
epr,0.9438
ywhG,1.25
phrF,1.14
ywhK,0.9857
ywhM,0.9955
ywhO,0.8601
ywhQ,1.01
yybK,0.956
yybM,1.0
yybO,0.9937
yybQ,1.06
cotF,0.9684
yybT,0.9987
yxdM,1.02
yxeB,0.8556
yxeD,0.564
yxeG,1.32
yxeI,1.28
yxeK,2.2
yycA,1.05
yycC,1.04
yycD,1.18
yycE,1.1
yycF,1.02
yycH,1.08
yxeM,2.76
yxeO,3.05
yxeQ,2.03
yxxB,0.973
nupC,0.8525
hutM,1.07
yybL,0.8555
yybN,0.8459
yybP,0.97
yybR,0.9792
yybS,1.01
rplI,0.8062
yxeA,0.922
yxeC,0.9103
yxeE,1.18
yxeH,1.15
yxeJ,1.31
yxeL,2.84
yycB,0.8712
yyzB,0.9128
dnaC,1.05
purA,1.08
yycG,1.03
yycI,1.09
yxeN,2.61
yxeP,2.74
yxeR,1.2
deoR,1.05
pdp,0.9402
hutG,1.0
lysS,0.9572
mfd,1.04
gyrA,1.03
lytA,1.07
yvlD,1.02
yukF,1.01
rsbV,1.11
ydbO,0.9303
ycsG,0.8981
phrC,0.8829
lmrB,0.9402
pcp,0.9054
ytfJ,0.9473
ytzA,0.8719
yraA,1.16
yqfY,1.13
yonJ,0.9522
yodB,0.8428
ycbM,0.9455
ybfS,0.9056
ybfQ,0.8598
ybeC,0.877
ybdG,0.9817
ybbA,0.8924
ftsH,1.01
yabK,0.8874
ywjF,0.896
ywlC,0.8336
yveK,0.7375
glgP,0.8416
ydcA,0.8653
ycnB,0.8837
yceH,0.8573
ycbU,0.8537
ycbR,0.8328
accA,0.9463
yrhP,0.8102
yqbO,0.9195
ypqA,0.9877
yosW,0.9915
ppsD,0.0
ycbC,0.9208
gltP,0.9766
mpr,0.8572
ybdN,0.9936
ybdB,1.05
yabE,1.2
yaaG,1.02
yisD,0.9512
yhjP,0.9867
yhfR,0.8985
yheH,1.08
yfhQ,1.03
ydcI,0.9709
dnaN,0.8702
srfAB,1.02
opuAA,0.9694
ybdO,0.8394
yabN,0.9144
asnH,0.804
ywbN,0.6976
yaaF,0.9186
addB,0.9462
yhjB,0.7979
yheC,0.9612
yheL,0.8896
yesN,0.8838
yclF,0.6865
dnaA,1.06
amhX,0.8041
ycbT,1.03
feuC,0.8928
gidA,1.03
yxnB,0.8611
spsF,1.08
