ybeF,0.8799
glpQ,0.9581
ybdT,1.09
ybxH,0.9141
ybdM,0.9775
ybdK,0.8984
ybxF,0.9758
rplJ,1.04
rplK,0.8922
rpmG,0.9674
yacP,0.9424
rplL,1.04
ybdE,1.03
ybcT,1.02
ybcQ,1.08
ybcO,0.9476
ybcL,0.9479
ybcH,1.03
cysE,1.48
yacN,0.9925
yacL,0.817
sms,0.8433
yacH,0.8487
glpT,0.0
ybyB,1.43
ybxI,1.08
csgA,1.07
ybdL,1.11
ybdJ,0.9222
ybxB,1.18
rplA,0.996
nusG,0.9657
sigH,0.9581
yacO,1.14
ybdA,1.02
ybcS,1.06
ybcP,1.15
ybcM,1.28
ybcI,0.9521
ybcF,0.9171
gltX,0.989
yacM,0.9167
yacK,0.882
yacI,0.8199
ctsR,0.7966
ydbB,0.9373
ydbA,0.9865
ydaS,1.49
ydaQ,1.02
mutT,1.14
ydaN,1.03
yciB,1.15
nasA,0.9945
nasD,0.5346
nasF,0.8089
ycgS,0.9419
ycgQ,1.03
ydaL,1.02
ydaJ,1.04
lrpC,0.9499
ydaH,1.18
ydaF,1.2
ydaD,1.33
ycgO,0.9664
ycgM,0.9649
cah,0.9548
ycgJ,0.9848
tmrB,1.02
ycgH,1.19
gsiB,5.05
ydaT,1.36
ydaR,1.18
ydaP,1.87
ydaO,1.15
ydaM,1.07
yciA,1.08
nasC,1.11
nasE,0.5928
ycgT,0.8811
ycgR,0.9483
ycgP,0.9212
ydaK,0.9572
ydzA,0.6944
ydaG,0.9867
ydaE,1.22
ydaC,0.9954
ycgN,0.9056
ycgL,0.8922
ycgK,0.9762
aroI,0.9184
nadE,1.13
ycgG,0.9312
purL,1.02
purC,1.06
purK,1.26
yebG,0.9769
yebE,1.02
yebC,0.0
ydfK,1.01
ydfJ,0.9446
ydfH,1.09
ydfF,1.06
ydfD,1.14
ydfB,1.13
guaA,0.9717
yeaD,0.9921
yeaB,1.04
yeaA,0.6371
ydjO,0.7862
ydjM,1.38
ydeT,1.33
ydeR,1.09
ydeP,1.13
ydzF,1.21
ydeM,1.2
ydeK,1.02
yexA,1.13
purB,1.12
purE,1.41
yebF,0.9756
yebD,1.16
yebB,1.24
nap,1.07
ydfI,1.04
ydfG,1.23
ydfE,1.21
ydfC,1.04
ydfA,1.18
yebA,1.09
yeaC,1.06
gabP,0.9869
ydjP,0.74
ydjN,1.13
ydjL,1.07
ydeS,0.9825
ydeQ,1.12
ydeO,1.01
ydeN,1.16
ydeL,1.1
ydeJ,1.1
yfhS,1.01
yfhO,1.04
yfhM,0.8435
yfhK,1.11
yfhI,1.03
yfhG,0.9358
yflS,1.11
yflT,1.42
yfmC,0.8601
yfmE,0.962
yfmG,0.9588
yfmI,1.03
yfhE,0.9661
yfhC,0.7611
yfhA,0.7912
yfiY,0.5778
yfiV,1.01
yfiT,1.02
yfmK,1.07
yfmM,1.04
yfmO,0.9527
yfmQ,0.4384
yfmS,1.02
yfnA,1.13
yfhP,1.13
csbB,1.24
yfhL,0.929
yfhJ,1.06
yfhH,0.9832
yfhF,1.07
pel,1.24
yfmA,1.12
yfmD,1.0
yfmF,0.8829
yfmH,1.1
yfmJ,1.26
yfhD,0.9305
yfhB,0.941
yfiZ,0.9772
yfiW,1.22
yfiU,1.14
yfiS,1.06
yfmL,1.24
yfmN,1.03
yfmP,0.8763
yfmR,0.9837
yfmT,1.15
yfnD,1.06
yisK,0.9331
yisI,0.9465
yisG,0.9413
yisE,0.9512
yisB,0.9377
addA,0.0
yhdY,0.8741
yhdW,0.9127
yhdU,0.991
yhdS,0.9785
yhdQ,1.03
yhdO,0.9399
yhjQ,1.05
yhjM,1.13
yhjK,1.08
yhjI,1.09
yhjG,1.02
yhjE,0.9631
yhdL,1.05
yhdJ,1.07
yhdH,1.09
yhdF,1.16
citR,1.09
phoA,1.08
yisJ,1.15
yisH,1.11
yisF,1.08
yisC,1.05
sbcD,1.03
yhjR,1.07
yhdX,1.34
yhdV,1.01
yhdT,1.02
yhdR,1.03
yhdP,1.05
yhdM,1.14
yhjO,1.08
yhjL,1.56
yhjJ,1.02
yhjH,1.04
sipV,0.9994
yhjD,0.9649
yhdK,0.9384
yhdI,1.09
yhdG,1.16
citA,0.9838
lytE,1.01
spoVR,1.01
xkdU,0.9094
xkdS,0.8528
xkdQ,0.8946
xkdN,0.94
xkdK,0.912
xkdI,0.9826
yjbX,0.9254
yjbV,1.01
yjbT,0.9912
yjbR,1.09
tenA,1.08
yjbP,1.05
xkdG,1.02
xkdE,1.01
xpf,1.17
xkdD,0.97
xkdB,1.04
xkdA,1.01
yjbN,1.08
yjbL,1.07
yjbJ,1.02
yjbH,1.03
yjbF,1.06
yjbE,1.01
xkdT,0.9945
xkdR,1.14
xkdP,1.01
xkdM,0.9664
xkdJ,0.994
xkdH,0.9628
yjbW,0.9117
yjbU,1.06
yjbS,1.11
tenI,1.11
yjbQ,1.15
yjbO,1.21
xkdF,0.9059
xtmA,1.04
xtrA,1.09
xkdC,0.9937
xre,1.09
yjqC,1.11
yjbM,1.12
yjbK,0.9656
yjbI,1.08
yjbG,1.21
mecA,1.05
yjbD,0.9389
ylaM,0.8785
ylaK,0.9071
ylaH,0.9473
ylaF,1.02
ylaD,0.0
ylaB,0.9895
ykvM,0.967
ykvK,0.9754
ykvI,0.9464
motA,0.8197
ykvE,1.19
eag,0.9413
nprE,1.11
ykzC,1.03
ykzI,1.1
yktA,1.06
slp,1.13
pdhC,1.23
ykvA,1.0
ykrY,1.18
ykrW,1.19
ykrU,1.08
ykrS,1.12
ykrQ,0.9544
ylaL,1.05
ylaJ,1.03
ylaG,1.13
ylaE,1.14
ylaC,1.09
ylaA,1.03
ykvL,1.13
ykvJ,1.07
clpE,0.8379
motB,0.8865
ykvD,1.04
spo0E,0.9794
yktD,0.9775
yktC,1.09
yktB,1.16
cad,1.15
pdhD,1.26
pdhB,1.54
ykrZ,1.06
ykrX,1.18
ykrV,1.11
ykrT,1.21
dat,1.1
ykrM,1.03
ymfM,1.14
ymfK,1.01
ymfI,1.07
ymfF,1.06
ymfD,1.02
spoIIIE,0.0
yloW,1.0
yloU,0.9117
spoVM,0.9594
yloR,0.9316
ymfA,1.02
dapG,1.11
spoVFB,0.9693
ymxH,1.02
ylxY,1.06
ribC,1.07
fmt,1.15
priA,0.9248
yloH,1.08
yloC,1.03
ylnF,0.8402
ylnD,0.8643
ymfL,1.13
ymfJ,1.24
ymfH,1.28
ymfE,1.13
ymfC,1.08
ymfB,1.09
yloV,1.08
rpmB,1.06
yloS,1.05
yloQ,1.08
yloO,1.03
yloM,1.03
dapA,1.12
asd,1.0
spoVFA,1.07
ymxG,1.11
rpsO,1.24
truB,1.07
def,1.09
yloI,1.16
yloD,1.17
yloA,1.01
ylnE,0.8862
ylnC,0.9573
yobK,0.898
yobI,0.8127
yozL,0.984
yobH,0.9604
rapK,1.08
yobF,1.02
yneI,1.06
ynzD,1.07
yneE,1.32
ynzC,1.13
yneA,1.01
yndN,0.9127
yozI,1.04
yobD,1.09
pps,1.18
yobA,1.16
yoaZ,1.2
yoaV,1.29
yndL,1.17
yndJ,1.25
yndG,1.24
yndD,1.01
yndB,1.11
ynzA,0.0
yobJ,0.7532
yozM,1.13
yozK,1.02
phrK,1.05
yozJ,1.2
yobE,0.9808
ccdA,1.2
yneF,0.9895
tkt,0.9946
yneB,1.12
lexA,0.9875
yndM,1.15
yozH,0.0
xynA,0.0
yobB,1.28
penP,1.31
yoaW,1.1
yoaU,1.21
yndK,1.1
yndH,1.14
yndE,1.3
ynzB,1.08
yndA,1.18
cotC,1.11
yonR,0.8812
yonT,0.8798
yonV,0.8823
yopA,0.9188
yopC,1.0
yopE,1.0
yosR,1.08
yosT,1.0
yosV,1.03
yosZ,0.9956
yotB,1.06
yotD,1.14
yopG,0.9935
yopI,1.04
yopK,0.9598
yopM,0.9827
yopO,0.9471
yopQ,1.15
yotF,0.0
yotH,0.0
yotJ,1.19
yotL,1.12
yotN,1.11
yodV,0.0
yonS,1.16
yonU,1.07
yonX,0.9831
yopB,1.12
yopD,1.07
yopF,1.04
yosS,1.07
yosU,1.13
yosX,1.0
sspC,1.14
yotC,0.0
yotE,1.07
yopH,1.05
yopJ,1.04
yopL,0.9162
yopN,0.923
yopP,0.9936
yopR,0.0
yotG,1.09
yotI,1.16
yotK,1.09
yotM,0.0
yodU,0.0
cgeA,0.0
fer,1.06
recQ,0.9469
ypbE,0.9523
ypbH,1.04
ypdA,1.09
sleB,1.02
ypcP,1.08
ypdP,0.9416
ypeQ,0.9874
degR,0.9803
ypfP,1.05
bsaA,0.9573
ypfA,1.01
cmk,1.18
ypgA,1.25
yphB,1.02
gpsA,1.06
yphF,1.1
ypgR,0.9501
yphP,1.11
ypjP,0.9288
thyB,1.16
ypkP,1.15
yplP,0.7438
ypbB,1.09
ypbD,1.13
ypbF,1.08
ypcA,1.28
ypdC,1.07
ypeB,1.07
ypdQ,1.1
ypeP,1.08
ypzA,1.01
cspD,1.09
metB,1.06
ypgQ,1.15
ypfB,1.12
ypfD,1.35
yphA,1.1
yphC,1.12
yphE,1.05
spoIVA,1.07
ilvD,0.8631
ypiP,1.06
ypjQ,1.06
dfrA,1.09
yplQ,0.9067
ilvA,0.955
yqgA,0.9485
yqgC,0.9897
yqgE,0.9308
yqgG,0.9531
yqgI,1.07
yqgK,1.0
bfmBAB,1.29
bmrR,1.07
yqiW,1.17
yqiY,1.86
yqjA,1.32
yqjC,1.27
yqgL,1.08
yqgN,0.997
yqgP,1.02
glcK,1.08
yqgU,1.06
yqgW,1.35
yqjE,1.15
yqjG,0.9366
yqjI,1.07
yqjK,1.14
yqjM,1.23
yqjO,1.15
yqgB,1.01
sodA,1.07
pbpA,1.19
yqgH,1.14
yqgJ,1.1
yqzD,1.11
bfmBB,1.46
bmr,1.27
yqiX,2.19
yqiZ,1.91
yqjB,1.13
yqjD,1.07
yqgM,1.06
yqgO,1.06
yqgQ,1.16
yqgT,1.12
yqgV,1.11
yqgX,1.23
yqjF,1.19
yqjH,1.02
yqjJ,1.08
yqjL,1.2
yqjN,1.1
yqjP,1.23
levE,0.9599
levG,1.05
adhA,0.9788
yraC,1.02
yraE,1.09
yraF,1.01
yqbK,1.02
yqbM,1.03
yqbN,0.9857
yqbQ,0.9703
yqbS,0.9481
yqcA,1.01
yraH,1.01
yraJ,1.01
yraL,1.07
yraM,1.15
yraO,1.13
sigZ,1.18
yqcD,1.12
yqxG,1.2
yqxI,1.25
yqcF,1.17
yqzI,1.22
rapE,1.02
levF,1.09
sacC,1.1
yraB,1.18
yraD,1.08
adhB,1.09
yraG,1.04
yqbL,1.08
yqdB,1.12
yqbP,0.9967
yqbR,1.23
yqbT,1.01
yqcB,1.13
yraI,1.13
yraK,1.12
csn,1.13
yraN,1.07
yrpG,1.21
yrpE,1.8
yqcE,1.16
cwlA,1.03
yqxJ,1.25
yqcG,1.3
phrE,1.14
yqcI,1.15
ytaF,0.0
ytbE,0.9708
ytcD,0.9957
ytcF,1.22
dnaB,1.05
ytxB,1.04
folC,0.963
spoIIB,1.05
ysxA,1.02
mreC,1.06
minC,0.9705
spoIVFA,0.957
thrS,1.08
lytS,1.12
ysbA,0.9946
yscB,0.9817
infC,1.07
rplT,1.09
rplU,1.04
spo0B,1.04
p`eB,1.1
pheB,0.9988
yrxA,0.8155
nadB,0.6762
nadA,0.6832
ytaG,1.07
ytbD,1.06
gapB,1.16
ytcG,1.24
dnaI,1.09
ytxC,0.9851
comC,1.01
maf,1.04
mreB,1.1
mreD,1.11
minD,1.01
spoIVFB,0.9882
ysaA,0.0
lytT,0.0
ysbB,1.14
yscA,1.23
rpmI,1.15
ysdA,1.09
ysxB,1.22
obg,1.08
pheA,1.01
nifS,0.8449
nadC,0.6825
yrbA,0.73
yubA,0.918
yubC,0.9319
yubE,1.05
yubG,0.9561
yuaB,1.09
gbsA,0.9071
yteP,0.9557
yteR,0.9632
yteT,0.9129
yteV,0.9754
ytfP,0.9985
ytzG,1.02
yuaD,1.06
yuaG,0.6361
yuaJ,1.21
glgD,1.07
ytaB,1.23
ytxN,1.25
ytzE,1.11
ythQ,0.9716
ytjP,1.35
ytlP,1.23
ytlR,1.21
ytmP,1.06
yubB,1.12
yubD,1.05
yubF,1.04
yuaA,1.13
yuaC,1.07
gbsB,0.9829
yteQ,1.04
yteS,1.08
yteU,1.04
opuD,1.12
ytgP,1.18
ytzF,1.03
yuaF,0.61
yuaI,0.5508
glgB,0.8744
glgA,1.02
ytaA,1.11
cotS,1.11
ythP,0.9869
ytiP,1.39
ytkP,1.12
ytlQ,0.0
amyX,0.0
ytzH,0.0
yvrB,0.9675
yvqK,0.9364
yvqI,0.9325
yvqG,0.9202
yvqE,0.9521
gerAC,0.9272
yutL,1.03
paiA,0.9417
yumD,1.13
yumC,0.7984
yuiA,0.5918
yuiC,0.6785
gerAA,1.01
yuxN,1.0
yvqA,0.988
yvtB,1.0
yusZ,0.9733
yusW,0.9633
yuiE,0.9383
yuiG,1.0
yuiI,0.6762
dhbC,0.5943
dhbB,0.4227
yukL,0.5439
yvrA,1.13
yvqJ,1.1
yvqH,1.08
yvqF,1.03
yvqC,1.01
gerAB,1.03
yutM,1.1
paiB,0.9998
yuzG,1.08
yumB,1.43
yuiB,0.6654
yuiD,0.9803
citG,1.15
yvqB,1.05
yvtA,0.9972
mrgA,0.9196
yusX,0.9169
yusV,0.883
yuiF,0.9125
yuiH,0.9213
dhbA,0.6887
dhbE,0.7638
yukM,0.8195
yukJ,0.9786
yvyD,0.736
cccB,0.8373
ftsX,0.9822
yvzD,0.8913
yvkA,0.9819
yvkC,1.07
yvfH,0.9901
lacR,0.9633
yvfM,1.03
yvfO,0.9724
yvfS,1.02
yvfU,0.9476
uvrB,0.9905
yvzB,0.8999
yvlA,0.7066
yvlC,0.8694
yvmB,1.08
cypX,1.06
yvfW,1.24
yvbX,1.05
yvbV,1.15
yvbT,1.12
araE,0.9514
gap,1.06
yvjA,1.05
ftsE,1.2
yvjB,0.8305
yvjD,1.01
yvkB,1.11
csbA,1.1
yvfI,0.9653
yvfL,1.01
lacA,1.06
yvfR,1.1
yvfT,1.07
yvfV,1.15
uvrA,1.01
yvkN,1.02
yvlB,0.7722
yvmA,0.9817
yvmC,1.05
yvnA,1.15
yvbY,1.1
yvbW,1.1
yvbU,1.07
araR,0.9667
yvbQ,1.21
pgk,1.01
ywhR,1.12
sbo,1.28
argS,0.945
fnr,0.6403
ywiD,1.01
narH,0.9395
ywpD,1.05
ywpF,0.9795
ywpH,0.9094
ywqB,1.13
ywqD,1.14
ywqF,1.13
narI,0.9831
ywjA,0.9463
ywjC,1.17
ywjE,1.18
rpoE,1.25
ywjG,1.1
ywqH,1.36
ywqJ,1.43
ywqL,1.36
ywqN,1.19
ywrA,1.17
ywrC,0.9587
ywiA,1.44
ywiB,0.9787
narK,1.09
ywiC,0.9611
narG,1.01
narJ,1.08
ywpE,1.05
ywpG,1.1
ywpJ,1.02
ywqC,1.31
ywqE,1.15
ywqG,1.27
ywiE,1.06
ywjB,0.8767
ywjD,1.1
acdA,1.06
ctrA,1.02
spo0F,1.07
ywqI,1.54
ywqK,1.38
ywqM,1.18
ywqO,1.06
ywrB,1.12
ywrD,1.13
hutI,0.8379
hutP,0.9172
yxiB,1.01
yxiD,1.07
yxxE,1.03
bglH,1.21
ywbA,0.9559
ywbC,0.8626
ywbE,1.11
ywbG,1.02
ywbI,0.9027
thiC,0.9431
yxxF,0.9609
yxiF,0.8102
yxiG,0.8373
yxzG,0.8864
yxiJ,0.8819
yxiL,0.91
ywbO,0.788
ywcB,0.9318
ywcD,0.9415
ywzA,1.36
qoxB,0.7426
qoxD,0.7775
hutU,1.02
yxiA,1.06
yxiC,1.2
yxxD,1.13
bglP,1.08
yxiE,0.9303
ywbB,1.02
ywbD,0.9847
ywbF,1.21
ywbH,1.05
thiK,0.9552
ywbM,0.7323
yxxG,0.8623
yxzC,0.874
yxiH,0.9394
yxiI,0.9443
yxiK,0.9279
yxiM,0.9796
ywcA,0.9586
ywcC,1.06
galT,0.8567
qoxA,0.8095
qoxC,0.7666
ywcE,1.08
ytrP,0.9798
yprA,0.978
yloN,0.9288
yerG,0.9305
wprA,1.05
yycJ,0.9986
rocR,0.9809
rocE,1.22
phrG,0.8431
yycN,1.01
yycP,1.06
topB,1.02
polA,1.08
mmgA,1.01
ileS,0.0
dinG,0.0
carB,1.13
yycR,1.22
yydA,0.9569
yydC,0.9306
fbp,1.07
yydG,0.9215
yydI,0.9457
ytsD,1.04
yrvE,0.9615
yloP,0.8985
ykuA,0.931
ydhL,1.13
valS,1.04
yyxA,1.03
rocD,1.24
rocF,1.37
rapG,1.0
yycO,1.16
yycQ,1.11
smc,0.9812
murD,1.06
lonA,1.0
hrcA,1.05
cheA,0.9805
alaS,1.03
yycS,1.14
yydB,0.9538
yydD,1.04
yydF,1.23
yydH,0.9263
yydJ,0.9816
yveM,0.9304
yutK,0.9901
yueB,1.25
yufK,0.9858
ytpQ,1.08
ytmO,1.04
yndF,1.04
pksL,1.31
mcpC,0.8499
yisZ,0.9285
ydbH,1.31
ybxG,0.9421
ysdB,0.9342
yrhE,1.11
yqcC,1.14
ponA,1.16
yomI,1.19
cgeC,1.16
wapA,0.9028
ppsA,1.08
pksM,1.23
yetO,1.04
rpoC,1.09
dra,1.05
yvfQ,1.12
yukA,1.54
yuxO,1.11
glgC,1.13
yttP,1.0
pykA,1.2
pksP,1.04
pksK,1.25
oppD,0.8342
srfAA,1.2
yccK,1.09
secE,1.07
rpmA,1.2
yrpC,1.15
yqgS,1.24
ypbR,1.35
yorL,1.21
odhA,1.58
dhbF,0.7789
pksR,1.04
yfkN,1.21
gutR,1.17
yxeF,1.1
galK,0.0
rbcL,0.9083
aceF,0.9222
kdtA,0.9557
tufA_E,0.9337
yazC,1.16
yrhC,1.01
yerC,1.01
yshA,0.907
yoqX,1.16
yacF,1.02
yhcD,1.07
yetG,0.66
ywnG,1.05
ywqA,1.06
degU,1.01
yvnB,1.08
cysS,1.48
yqjU,1.11
ylaI,1.05
yuaE,1.05
yqaD,1.18
yozD,1.11
yazB,1.04
yfnB,1.06
ywmD,1.18
glcR,1.12
ggaB,1.11
prfB,1.12
yvoD,1.11
ybcD,0.7337
ndhF,0.611
adaA,0.9248
ybbU,1.02
ybbT,0.9344
ybbP,0.922
folK,0.8831
sul,0.9308
pabA,0.9029
cysK,0.7753
yacC,1.1
sigW,0.7801
ybbJ,0.9929
ybbH,1.01
ybbE,0.8674
ybbC,0.9448
feuA,0.7759
yabT,0.9865
yabR,0.9666
yabQ,0.9458
yabO,1.12
spoVT,0.9877
ybcC,0.6433
adaB,1.11
alkA,1.02
glmS,1.44
ybbR,0.9491
ybbM,0.8256
folA,0.9857
pabC,0.9518
pabB,0.9929
yacD,1.05
yacB,1.03
ybbK,1.03
ybbI,1.21
ybbF,1.02
ybbD,1.01
ybbB,1.1
feuB,0.9897
yabS,0.9894
divIC,0.9699
yabP,1.15
yabM,1.21
spoVC,1.08
ydaB,0.9489
ycsN,0.8743
yczI,0.955
ycsO,0.7925
ycsI,0.8507
ycsE,1.02
ycgF,0.8784
mdr,0.8103
lctE,0.3011
ycgB,0.8752
opuAC,0.9854
yceK,0.9536
yczH,0.9569
ycsA,1.08
mtlA,0.8846
ycnK,0.4621
ycnI,0.5403
ycxE,0.9865
yceI,0.8539
yceF,0.7852
yceD,0.6754
yceB,1.1
ycdI,1.34
ycdG,1.12
ydaA,0.944
yczJ,0.9978
ycsK,0.9257
ycsJ,0.5554
ycsF,0.926
ycsD,1.06
ycgE,0.9108
lctP,0.3194
amyE,0.9116
ycgA,0.9227
opuAB,1.12
yceJ,0.8891
sipU,1.03
mtlD,1.03
ycnL,1.05
ycnJ,0.6005
gdh,0.9957
ycnH,1.11
yceG,0.8935
yceE,0.8602
yceC,0.7533
yceA,1.36
ycdH,1.62
ycdF,1.44
ydjJ,0.6898
ydjH,0.5549
ydjF,0.5615
gutB,0.8956
ydjB,0.9348
ydiR,0.8054
ydeI,1.04
ydeG,0.8829
ydeE,1.09
ydeC,1.05
ydeB,0.9228
ydeA,1.05
ydiP,0.9651
ydiN,0.849
groEL,0.9757
ydiL,0.9176
ydiJ,1.06
ydiH,0.9889
yddS,1.22
yddQ,1.18
lrpA,1.11
phrI,1.01
yddJ,1.31
yddH,1.09
ydjI,0.7115
ydjG,0.6119
ydjE,1.16
ydjC,1.03
ydiS,0.9715
ydiQ,1.04
ydeH,1.12
ydeF,1.06
ydeD,1.22
ydzE,1.12
cspC,0.8669
yddT,1.8
ydiO,0.8928
ydiM,0.8989
groES,0.9949
ydiK,1.0
ydiI,1.12
ydiG,1.08
yddR,1.25
lrpB,1.15
yddM,1.2
rapI,1.07
yddI,1.09
yddG,1.1
yfiR,0.9217
lipB,0.9914
yfiN,0.9433
yfiL,0.9418
yfiJ,0.9795
yfiH,0.9786
yfnE,0.9378
yfnG,1.09
yfnI,1.12
yetL,0.9694
yetJ,0.8781
yezB,1.0
yfiF,1.04
yfiD,0.8521
glvC,1.14
glvA,1.12
yfjB,1.22
yfjD,1.1
yetH,1.14
lplD,1.12
lplB,1.04
yetA,0.0
yesX,1.03
yesV,1.05
yfiQ,0.9518
yfiO,0.8784
yfiM,1.02
yfiK,1.04
yfiI,1.08
yfiG,1.15
yfnF,1.15
yfnH,1.14
yetN,1.11
yetK,1.04
yezD,1.03
yetI,1.01
yfiE,0.9807
yfiC,1.28
yfiA,1.12
yfjA,1.2
yfjC,1.2
yfjE,1.18
yetF,1.05
lplC,1.09
lplA,1.06
yesZ,1.31
yesW,1.16
yesU,1.01
yhjC,0.7779
yhxD,0.995
yhzC,0.6353
yhfW,0.9205
yhfU,1.09
yhfS,0.9428
ygxB,1.64
yhdD,0.8011
yhdB,0.9311
yhcZ,0.8949
yhxB,1.07
glpK,2.2
yhfO,1.04
yhfN,0.0
yhfL,1.07
yhfJ,1.23
yhfH,0.8035
yhfF,1.08
glpP,1.23
yhcX,2.11
yhcV,1.09
yhcT,1.02
yhcR,0.0
yhcP,1.02
yhjA,1.11
comK,0.9472
yhxC,0.9797
yhfV,0.9589
yhfT,1.14
yhfP,1.22
yhdE,1.03
yhdC,1.16
yhdA,1.06
yhcY,1.09
glpD,1.39
glpF,1.91
aprE,1.11
yhfM,1.02
yhfK,1.24
yhfI,1.27
gltT,1.06
yhfE,1.08
yhxA,1.4
yhcW,1.98
yhcU,1.41
yhcS,1.1
yhcQ,1.18
yhcO,1.12
yjqB,0.9186
xlyB,0.8338
phrA,0.6888
yjoB,0.8265
yjnA,0.813
yjmI,0.9028
yjbC,0.9049
oppF,0.7182
oppB,0.7393
trpS,0.7641
appC,0.7182
appA,0.8457
yjmG,0.9362
yjmE,1.08
yjmC,1.03
yjmA,0.9436
yjlC,0.9475
yjlA,0.9888
appD,0.9707
yjaY,1.02
yjzA,0.9539
yjaV,1.3
yjzD,0.9646
argF,2.24
yjqA,0.9627
yjpA,0.944
rapA,0.8062
yjoA,1.14
yjmJ,0.8983
yjmH,0.9374
yjbB,0.9728
oppC,0.8195
oppA,0.792
yjbA,0.9089
appB,0.8919
appF,0.9543
yjmF,1.06
yjmD,1.16
yjmB,1.1
yjlD,1.08
yjlB,1.01
yjkB,1.05
yjaZ,1.27
yjzB,1.2
med,0.969
yjaU,1.57
yjzC,1.45
pdhA,1.25
ykrB,0.8839
ykzG,0.8405
adeC,1.0
ykqA,0.9171
abh,0.9005
ykrL,0.9171
sspD,1.01
ykoZ,1.03
ykoV,0.9212
ykoT,0.9597
ykoQ,1.01
ykpC,0.9221
ykpB,0.925
ykoA,1.01
fruA,0.955
yknZ,0.9231
yknX,0.7793
ykoN,0.9897
ykoL,1.05
tnrA,0.9808
ykzD,1.05
ykoI,1.02
ykoG,1.01
ykyA,1.27
ykrA,1.16
ykqC,0.9988
ykqB,1.07
kinC,1.01
mreBH,1.01
ykrK,1.13
ykrI,1.16
ykoX,1.1
ykoU,1.18
ykoS,1.05
ykoP,1.08
ampS,1.27
ykpA,1.09
sipT,1.23
fruR,0.9842
yknY,0.9723
yknW,0.9242
ykoM,1.14
ykzB,1.22
ykoK,1.41
ykoJ,1.1
ykoH,1.17
ykoF,1.18
rbfA,1.0
infB,0.9188
ylxR,0.9477
ylxS,1.03
yluC,0.9866
cdsA,1.06
ylnB,0.8197
cysH,0.7939
pyrF,1.18
pyrDII,1.32
pyrC,1.84
pyrP,1.74
frr,1.04
tsf,1.22
ylxL,0.9724
cheD,0.8313
cheW,0.8591
cheB,0.8401
ylyB,1.4
ylyA,1.14
divIVA,1.14
ylmG,1.11
ylmE,1.0
ylmC,0.9566
ylxP,1.06
ylxQ,1.04
nusA,1.19
proS,1.1
yluB,1.11
yluA,1.14
ylnA,1.01
pyrE,1.39
pyrD,1.48
pyrAA,1.89
pyrB,2.18
pyrR,1.46
smbA,1.21
rpsB,1.26
sigD,1.01
cheC,0.9647
ylxH,0.9148
lsp,1.29
ylmH,1.24
ylmF,1.14
ylmD,1.15
ylmB,0.9257
yoaT,0.8951
yoaS,0.9426
yozF,0.9761
yoaP,0.9303
yoaN,0.983
pelB,0.9839
yncM,1.01
ynzH,1.02
yncE,1.07
yncC,0.9795
xylB,1.23
xylR,0.9589
yoaJ,0.9517
yoaH,0.9492
yoaF,0.7818
yoaD,0.9093
yoaB,0.8817
yoxB,1.02
ynaJ,1.03
ynaG,0.9733
ynaE,0.9886
ynaC,1.14
ynzG,1.07
ynxB,1.05
yozG,1.18
yoaR,1.14
yoaQ,1.14
yoaO,1.08
yoaM,1.09
yoaK,1.16
thyA,1.15
yncF,1.14
yncD,1.07
yncB,1.2
xylA,1.18
xynB,1.16
yoaI,1.04
yoaG,0.9513
yoaE,1.03
yoaC,0.9964
yoaA,1.09
yoxC,1.34
ynaI,1.05
ynaF,1.01
ynaD,0.9897
ynaB,1.28
ynzF,1.07
glnA,1.16
yopS,0.8002
yopU,0.8185
yopW,0.813
yopY,0.8263
yoqA,0.9401
yoqC,0.9445
cgeD,0.8929
yodT,1.01
yodR,0.926
yodP,1.01
yozE,0.9771
yodM,1.01
yoqE,0.9623
yoqG,0.9778
yoqI,1.05
yoqK,1.09
yoqM,1.04
yoqO,1.11
deoD,1.53
yodI,1.15
ctpA,1.06
yodE,0.9514
yodC,0.9584
yojA,1.2
yopT,0.8344
yopV,1.01
yopX,0.9609
yopZ,1.04
yoqB,1.05
yoqD,1.03
cgeE,0.9582
yodS,1.07
argE,0.965
yodO,1.03
yodN,0.9973
yodL,1.18
yoqF,0.983
yoqH,1.04
yoqJ,1.04
yoqL,1.03
yoqN,1.09
yoqP,1.13
yodJ,1.44
yodH,1.13
yodF,0.8284
yodD,1.0
yodA,1.17
yojB,1.02
hbs,0.9571
mtrB,0.9289
gerCB,1.1
ndk,1.09
aroF,0.9918
aroH,0.8553
ypmP,0.8144
ypmR,0.8892
ypmT,0.901
ypoP,0.7766
yppQ,0.9357
yokA,0.9763
trpD,0.8753
trpF,0.8041
trpA,0.9112
tyrA,0.9858
ypiA,0.963
ypiF,0.814
yokC,0.9911
yokE,1.07
yokG,1.06
yokI,1.05
yokK,1.02
yolA,0.9189
mtrA,1.09
gerCA,1.1
gerCC,1.13
cheR,0.9714
aroB,0.9648
trpE,1.1
ypmQ,0.9719
ypmS,0.9782
ypnP,0.9975
yppP,1.0
ypqP,1.1
yokB,0.9895
trpC,0.9097
trpB,0.9109
hisC,0.9432
aroE,0.9682
ypiB,0.9381
qcrA,1.02
yokD,1.12
yokF,1.22
yokH,1.09
yokJ,1.1
yokL,1.11
yolB,0.9676
yqgY,1.02
yqhA,1.06
yqxL,0.9124
comGB,0.9606
comGD,0.9584
comGF,0.9656
yqjQ,0.9968
yqjS,0.9184
yqjV,0.9744
yqjW,0.9829
yqjY,0.9727
yqkA,1.0
yqzE,1.0
yqxM,1.02
cotN,0.9215
sinI,1.02
yqhH,1.07
yqhJ,1.05
yqkC,1.05
yqkE,1.05
yqkG,0.9525
ansA,1.09
yqkI,1.14
yqkK,1.03
yqgZ,1.55
yqhB,1.06
comGA,1.02
comGC,1.06
comGE,1.03
comGG,1.02
yqjR,1.11
yqjT,1.13
yqzH,1.02
yqjX,1.13
yqjZ,1.07
yqkB,1.09
yqzG,1.12
sipW,1.23
sinR,1.14
yqhG,1.08
yqhI,1.18
yqhK,1.08
yqkD,1.11
yqkF,1.62
ansR,1.25
ansB,1.08
yqkJ,1.11
spoIIM,1.11
yrpD,1.46
aadK,0.9069
yrdB,0.848
yrdD,0.8586
yrdF,0.9557
azlC,1.03
yqcJ,0.9107
yqcL,0.9016
spoIVCA,0.8981
nucB,0.9121
yqeC,0.9114
yqeE,1.01
brnQ,1.08
gltR,1.04
czcD,1.05
yrdQ,0.9619
yrkA,0.8644
blt,0.9221
yqeG,1.08
aroD,1.01
yqeJ,0.9767
yqeL,1.01
comER,0.9126
comEB,0.9633
yrpB,1.02
yrdA,1.05
yrdC,0.9576
cypA,0.9701
azlB,1.04
azlD,1.09
yqcK,1.05
yqcM,1.07
spoIVCB,1.04
yqeB,1.07
yqeD,0.0
yqeF,1.05
yrdK,1.1
yrdN,1.04
trkA,0.9951
yrdR,1.01
bltD,1.03
bltR,1.08
yqeH,1.23
yqeI,1.15
yqeK,1.01
yqeM,1.16
comEA,0.9979
comEC,1.08
ysdC,0.9435
araA,0.8472
araD,0.9149
araM,0.9074
araP,0.9186
abfA,0.911
yrbB,0.5808
yrbD,0.8637
yrzG,0.8791
yrbE,1.17
bofC,0.9793
ruvB,1.01
ysfE,1.2
ysfC,0.9891
ysfA,0.9705
pheS,0.8711
ysgB,0.9597
yshC,1.03
tgt,1.02
yrzE,0.9341
spoVB,1.05
yrvB,0.9621
yrvC,1.09
abnA,0.0
araB,0.0
araL,0.0
araN,0.0
araQ,0.9691
cstA,0.9654
yrbC,0.9427
yrzH,0.9476
yrzF,0.9896
csbX,1.05
ruvA,1.0
queA,1.06
ysfD,1.07
ysfB,1.06
ysgA,1.05
pheT,0.9914
yshB,0.9923
yshD,1.12
yrbF,1.09
yrbG,1.08
yrzD,0.9888
secF,0.9755
yrvD,1.16
apt,1.14
ytxO,0.8345
ytcB,0.8554
ytdA,0.922
menF,1.09
ytxM,1.02
menE,0.8925
ytmQ,1.03
malS,0.887
ytoP,0.9583
ytpP,0.9834
ytpS,0.9828
murC,1.03
ytgA,1.05
ytgC,1.1
ythB,1.07
ytiA,1.31
ytjA,1.08
ytkA,0.9402
ytxH,1.11
aroA,0.9484
ytxD,1.1
acuC,1.12
acsA,1.16
rpsD,1.13
ytcC,0.9895
ytcA,1.1
yteA,1.03
menD,1.08
menB,1.14
ytfD,1.07
ytnP,1.02
ytzB,1.43
ytoQ,1.17
ytpR,0.0
ytpT,0.0
ytxG,0.0
ytgB,1.13
ytgD,1.14
ythA,1.11
ytiB,1.19
ytjB,1.18
dps,2.55
ytxJ,1.18
ccpA,1.32
ytxE,1.21
acuA,1.25
tyrS,1.03
yusU,0.7869
yusS,0.8364
yusQ,0.8705
yusO,0.8558
yusM,0.9042
yusK,0.9966
yuxI,0.9161
yukE,1.33
yukC,1.42
yueC,1.19
yueE,0.9785
yuzE,0.9505
yusI,1.13
yusG,1.02
yusE,1.02
yusC,1.2
yusA,1.21
yurY,1.05
yueG,1.01
yueI,1.01
yueK,1.06
yuzC,0.9534
comQ,0.9686
comP,1.1
yusT,1.01
yusR,1.02
yusP,1.02
yusN,0.988
yusL,1.02
yusJ,0.8959
ald,1.24
yukD,1.56
yukB,1.51
yueD,1.34
yuzF,1.11
yueF,1.03
yusH,1.12
yusF,1.15
yusD,1.15
yusB,1.21
yurZ,1.07
yurX,1.14
yueH,1.05
yueJ,1.18
yuxH,1.03
degQ,1.26
comX,0.9829
comA,1.03
yvoA,0.8982
nagA,0.8903
lgt,0.9436
yvpA,0.9432
hisZ,0.9397
hisD,0.8239
tpi,0.8264
eno,0.8166
yvbJ,0.8863
yvbH,0.9671
yvbF,0.9031
opuCB,1.25
hisH,0.6921
hisF,0.7279
yvcA,1.26
yvzA,1.48
yvcD,1.09
trxB,1.04
opuCD,1.04
yvaZ,1.03
yvaX,1.27
yvaV,1.01
opuBC,0.9203
yvaQ,0.9929
nagB,1.07
yvoB,1.09
yvpB,1.02
hisG,0.9388
hisB,0.9102
pgm,1.0
yvbK,1.05
yvbI,0.984
yvbG,1.11
opuCA,1.39
opuCC,1.39
hisA,0.7989
hisI,0.7453
yvcB,1.42
yvcC,1.09
yvcE,1.64
yvcI,0.9986
yvbA,1.2
yvaY,1.17
yvaW,1.27
opuBB,1.12
opuBD,0.9479
yvaP,0.9888
fbaA,0.9739
murZ,0.9748
rpmE,0.8987
ywkB,0.9523
ywkD,0.9877
ywkE,0.9801
ywrE,0.7492
cotG,0.8545
cotB,1.01
ywrK,0.8528
alsS,1.02
ywrO,0.9704
ywlA,0.9501
ywlB,0.92
ywlE,0.8791
ywlG,0.9729
upp,1.01
atpB,0.8127
ywsB,1.48
rbsC,1.14
rbsD,1.12
rbsR,1.17
ywtA,1.16
ywtC,1.05
ywjH,1.06
ywjI,1.05
ywkA,1.13
ywkC,1.15
prfA,1.1
ywkF,1.04
ywrF,1.1
cotH,1.07
ywrJ,1.14
alsR,1.04
alsD,1.11
ywsA,1.09
spoIIR,1.02
ywlD,1.07
ywlF,1.02
glyA,1.02
atpI,1.0
atpE,0.8811
rbsB,1.19
rbsA,1.18
rbsK,1.3
ywsC,1.16
ywtB,1.11
ywtD,1.33
deaD,0.8451
yxiP,0.9328
bglS,0.9003
katB,1.08
yxiT,0.9543
yxjB,0.9545
ywcF,0.9795
ywcH,0.8727
ywcI,0.7986
ywcJ,0.6657
sacA,1.13
thiD,0.9915
yxjD,0.9729
yxjF,0.9168
yxjH,0.9139
yxjJ,0.7294
yxjL,1.02
yxjN,0.9355
ywdD,1.02
ywdF,1.04
ywdH,1.2
ywdJ,1.47
ywdL,1.11
spsB,1.12
yxiO,1.03
licT,1.1
yxiQ,1.03
yxiS,1.12
yxjA,1.03
yxjC,0.9814
ywcG,1.02
vpr,0.9449
sacT,0.9887
sacP,1.13
ywdA,1.13
ywdC,0.9771
yxjE,0.964
yxjG,1.05
yxjI,0.829
pepT,1.09
yxjM,1.08
yxjO,0.9915
ywdE,1.12
ung,1.16
ywdI,1.58
ywdK,1.18
spsA,1.17
spsC,1.14
rnpA,1.07
jag,1.01
gidB,1.01
yydK,0.9129
bglA,0.9393
ahpC,0.7666
gntP,1.14
gntR,1.19
yxaB,1.08
yyaB,0.9396
spo0J,0.9308
yyaD,0.9404
yyaF,0.9855
ssb,0.9421
exoA,0.9477
yxaD,0.9811
yxaF,1.09
yxaH,1.09
yxaJ,1.0
yxaM,0.8167
yxbB,0.7568
rpmH,1.11
spoIIIJ,1.1
thdF,1.12
yyaA,0.0
yyzE,1.1
ahpF,0.0
gntZ,0.0
gntK,0.0
yxaA,1.15
yxaC,1.13
soj,0.9632
yyaC,1.1
yyaE,1.14
rpsF,1.05
rpsR,1.14
yyaG,1.13
yxnA,1.13
yxaG,1.08
yxaI,1.15
yxaL,0.8904
yxbA,0.8375
yxbC,1.04
gltA,1.06
ppsE,1.09
ebrA,0.9362
ymfG,1.18
bpr,1.08
cheV,0.8505
rho,0.9696
tagD,0.9209
yvfE,0.8244
yvgP,0.7317
yurC,0.8838
aapA,1.03
spoIIS,0.9562
xtmB,1.0
yhjN,1.1
yhaA,0.9576
yheJ,1.08
yfmB,0.9991
yqhQ,0.9527
yosN,0.934
pnpA,1.12
flhA,0.9492
fliP,0.9281
fruB,0.9554
ppsC,1.04
yngB,0.9756
pyrAB,1.61
polC,1.19
pycA,0.9811
ptsH,1.23
tdk,1.01
yvfC,0.9537
yvfK,1.05
yusY,0.949
ysnF,1.64
lepA,1.12
xkdO,1.0
yirY,1.07
yhfQ,1.02
yhaQ,1.27
yfkL,1.2
yfnC,1.08
spoIIIAG,1.07
yojG,1.03
flhF,0.9378
flhB,0.9347
cheY,0.8832
moaD,1.13
hprT,0.9277
yvoF,0.9248
yvdS,0.9027
sacB,0.9237
ffh,0.9945
ssuC,0.9764
yvfP,1.0
ctc,1.12
ppsB,0.9353
yvgR,0.7064
ydjK,0.9631
spoIIE,1.09
ywbL,0.8121
sigL,0.9474
yacA,0.9883
yvdR,1.14
yveB,1.1
yqxK,1.11
yhaR,1.09
pnbA,1.14
ytnM,1.24
prs,1.25
ykoW,1.06
cotA,1.05
ydjA,1.03
hutH,0.9388
secA,0.9698
ybaS,0.8812
ybaN,0.8514
gerD,0.8749
cwlD,0.8959
ybaJ,0.9093
rplM,0.9676
gcaD,1.06
yabJ,0.9521
yabH,1.04
veg,0.9482
ksgA,0.9763
ybaF,0.7898
ybxA,0.8633
rpoA,1.08
rpsM,0.9944
infA,0.9472
adk,0.9643
abrB,0.7906
yazA,1.01
yabA,1.02
holB,0.9625
yaaQ,1.01
ybaR,1.04
kbaA,0.9451
ybaL,1.01
ybaK,0.9847
rpsI,1.07
truA,0.988
spoVG,1.0
purR,1.07
sspF,0.8748
yabG,1.06
yabF,1.09
ybaE,0.7646
rplQ,1.16
rpsK,1.05
rpmJ,1.1
map,1.02
secY,0.913
yabC,1.01
yabB,0.904
yaaT,0.9469
yaaR,0.9908
tmk,1.02
ycnG,0.8931
yczG,0.943
ycnD,0.8935
yclQ,0.6385
yclO,0.7232
yclM,0.7198
rapJ,1.01
ycdC,1.08
natB,0.9969
yccH,0.9972
yccF,1.03
yczB,0.9769
yclK,0.8484
yclI,0.9985
gerKB,0.9015
gerKA,1.05
yclE,0.9914
yclC,1.02
cwlJ,1.07
ycbO,0.9785
ycbL,1.02
yczA,0.9307
ycbH,1.13
ycbF,0.9894
ycnF,0.9685
ycnE,0.9718
ycnC,1.05
yclP,0.8176
yclN,0.9306
rapC,0.9944
ycdD,1.12
ycdA,1.44
natA,1.12
yccG,1.01
lipA,1.21
phoD,1.13
yclJ,0.9165
yclH,1.11
gerKC,0.9884
yczF,1.07
yclD,1.05
yclB,1.18
ycbP,1.43
ycbN,0.9797
ycbK,0.9557
ycbJ,0.9253
ycbG,0.8589
ycbE,0.9796
ydiF,0.8065
ydiD,0.9163
ydiB,0.9427
ydhU,0.8998
ydhS,0.8838
ydhQ,0.9892
yddF,0.9033
yddC,0.8631
yddA,0.9307
ydcS,0.0
ydcQ,1.04
ydcO,0.8377
ydhO,1.04
ydhM,1.18
ydhK,1.48
ydhI,1.04
ydhG,1.03
ydhF,0.9661
ydcN,0.9611
ydcL,1.06
ydcH,1.04
ydcF,1.14
sigB,1.13
rsbU,1.09
ydiE,1.07
ydiC,0.9789
ydiA,0.9505
ydhT,0.9714
ydhR,0.9847
ydhP,1.06
yddD,1.08
yddB,1.08
ydcT,1.13
ydcR,1.2
ydcP,0.9415
sacV,0.9359
ydhN,1.14
ydhJ,1.18
ydhH,1.05
phoB,1.09
ydhE,1.01
ydcM,1.18
ydcK,0.0
ydcG,0.9808
rsbX,1.11
rsbW,1.07
rsbT,1.12
yfjF,0.9409
acoR,0.9572
acoC,0.9565
acoA,0.932
yfjM,1.08
yfjO,1.01
yesT,0.9699
yesR,0.88
yesP,1.01
yesM,0.9606
yesK,0.8936
cotJB,0.9623
yfjQ,1.23
yfjS,1.05
yfkA,1.15
yfkC,1.01
yfkE,1.02
yfkJ,1.09
yesF,1.01
yeeK,0.9844
rapH,0.9472
yezA,1.27
yeeC,1.14
yeeA,1.06
yfjU,1.27
acoL,1.05
acoB,1.04
yfjL,1.03
yfjN,1.19
yfjP,1.12
yesS,0.9426
yesQ,1.03
yesO,1.15
yesL,1.17
yesJ,1.06
cotJA,0.8877
yfjR,1.06
yfjT,1.02
yfkB,1.19
yfkD,1.08
yfkH,1.09
yfkK,0.9948
yesE,1.02
yeeI,0.0
yeeG,0.9235
yeeD,1.13
yeeB,1.21
yefC,1.15
yhfD,0.8652
yhfB,0.8463
yhgD,1.0
hemH,0.6228
pbpF,1.04
yhgB,0.9571
yhcN,0.9493
yhcL,0.8752
yhcJ,0.8877
yhcI,0.894
yhcG,0.9994
yhcE,0.9765
ecsC,0.8829
ecsA,0.9065
serC,0.902
yhaH,1.0
yhaI,0.9464
yhaK,1.1
yhcB,1.01
yhbJ,0.9943
yhbH,1.03
yhbF,0.9143
yhbD,0.9722
yhbA,1.04
yhfC,0.9845
yhgE,1.44
hemY,0.8131
hemE,0.7538
yhgC,1.59
yhfA,1.14
yhcM,0.8516
yhcK,1.24
cspB,0.9967
yhcH,1.06
yhcF,1.09
yhcC,0.9303
ecsB,1.11
hit,0.9869
yhaG,0.9072
hpr,0.7856
yhaJ,1.12
prsA,1.19
yhcA,1.03
yhbI,0.9492
prkA,1.03
yhbE,0.9215
cspR,1.13
yhzB,0.9792
yjkA,0.8246
yjiC,1.04
yjiA,1.04
yjhA,1.27
yjgB,0.9668
yjfC,1.25
carA,3.0
argB,3.01
argC,3.13
yitY,1.03
yitW,1.11
yitU,1.07
yjfA,0.9509
cotT,1.02
yjdJ,0.9343
yjdG,0.8569
yjdE,0.9145
yjdC,0.9889
yitT,1.22
nprB,1.17
yitQ,1.08
yitO,1.01
yitM,1.06
yitK,0.9316
yjjA,1.1
yjiB,1.22
yjhB,1.49
yjgD,1.37
yjgA,1.09
yjfB,1.13
argD,3.18
argJ,3.47
yitZ,1.53
yitX,1.33
yitV,1.11
ipi,1.29
yjeA,0.9546
yjdK,0.7254
yjdI,1.01
yjdF,0.971
yjdD,1.06
yjdB,1.09
yitS,1.21
yitR,1.16
yitP,1.17
yitN,1.16
yitL,0.9747
yitJ,0.9025
yknV,0.8527
moaE,1.04
moeA,1.02
mobA,1.14
ykuV,1.17
ykuT,0.9813
ykoE,1.01
ykoC,0.9984
ispA,0.9467
yknA,0.9828
ykmA,0.9732
proA,0.9234
ykuR,0.887
ykuP,0.594
ykuN,0.7993
ykuL,1.1
ykuK,1.02
ykuI,1.02
ykkE,1.11
ykkC,0.9828
ykkA,0.951
ykzH,1.01
ykhA,1.13
ykgB,1.07
yknU,0.0
mobB,1.18
moeB,1.2
ykuW,1.02
ykuU,1.42
ykuS,0.9679
ykoD,1.04
ispU,1.08
metC,0.9105
ykzA,3.0
yklA,0.8834
proB,0.9797
ykuQ,1.08
ykuO,0.8298
ykuM,1.06
ykzF,1.14
ykuJ,1.15
ykuH,1.14
ykkD,1.08
ykkB,1.01
ykjA,0.9508
hmp,0.8256
ykgA,1.02
ykfD,0.9587
fliR,0.7723
fliZ,0.7783
fliM,0.7609
flgE,0.7451
fliK,0.8167
fliJ,0.8324
ylmA,0.8567
sigE,0.9182
ftsZ,0.904
sbp,0.9305
ylxW,0.9247
murB,1.02
fliH,0.8914
fliF,0.9385
flgC,0.884
codY,0.9545
clpQ,0.9807
gid,1.1
spoVE,1.07
mraY,1.1
pbpB,1.07
ylxA,1.03
yllA,0.9632
ylbP,1.08
fliQ,0.8936
fliY,0.796
fliL,0.8926
ylxG,0.8367
ylxF,0.9097
fliI,0.9943
sigG,1.07
spoIIGA,1.11
ftsA,0.9473
ylxX,1.1
divIB,1.12
murG,1.02
fliG,1.0
fliE,0.8825
flgB,0.906
clpY,1.04
codV,1.07
topA,1.12
murE,1.15
ftsL,1.01
yllB,1.14
ylbQ,1.0
ylbO,0.9246
yoxD,1.0
proH,0.8906
gltC,0.8498
yogA,0.8975
ggt,0.9369
yoeC,0.9049
glnR,1.1
ynbA,1.12
cwlC,0.8821
nrdF,0.7904
ymaA,0.8637
ymzC,0.9617
yoeA,1.02
pbp,1.01
yngK,0.9919
yngJ,1.06
yngH,0.9806
yngF,0.998
miaA,1.07
ymaG,0.9597
ymaD,1.09
aprX,1.07
ymzB,1.15
pksN,0.8631
rtp,0.9002
proJ,1.07
gltB,0.9096
yofA,0.9624
yoeD,1.03
yoeB,0.5504
ynbB,1.18
spoVK,1.04
ymaB,0.9081
nrdE,0.9798
ymzA,0.8152
ymaH,0.906
yoxA,0.9828
yngL,1.12
ynzE,1.05
yngI,1.06
yngG,1.05
yngE,1.08
ymaF,1.02
ebrB,1.07
ymaC,0.9516
ymaE,0.9883
pksS,1.08
pksJ,1.22
yoqR,0.7936
yoqT,0.8184
yoqV,0.8959
yoqY,0.8674
yorA,0.909
yorC,0.923
yojC,0.9643
yojF,0.8417
yojI,1.04
yojK,0.9901
yojM,0.9278
yojO,1.04
yorE,0.8574
yorG,0.7434
yorI,0.8363
yorK,0.9469
yorN,0.8647
yorP,0.8913
yocS,0.7057
sodF,1.04
dhaS,1.08
yozO,0.615
yozN,0.6889
yocL,0.7693
yoqS,0.9004
yoqU,0.9454
yoqW,0.0
yoqZ,0.9946
yorB,0.892
yorD,1.05
yojE,1.1
yojH,1.15
yojJ,1.07
yojL,1.07
yojN,1.13
odhB,1.26
yorF,0.8597
yorH,0.9873
yorJ,0.9706
yorM,0.9941
yorO,1.02
yorQ,1.0
yocR,0.9684
sqhC,0.9198
yozC,1.02
yocN,0.7938
yocM,0.6257
yocK,0.8229
qcrC,0.9316
ypjB,0.9079
ypjD,1.02
ypjF,1.15
ypjH,1.04
birA,1.0
yolC,0.8953
uvrX,0.8825
sunA,0.8644
yolI,0.8664
yolK,0.8385
yomB,0.9488
panC,0.9111
ypmB,0.9724
asnS,0.9953
nth,1.04
yppB,1.12
yomD,0.961
yomF,0.9437
yomH,0.9281
yomK,0.9974
yozP,1.11
yomN,0.9661
ypjA,1.05
ypjC,1.04
dapB,1.24
ypjG,1.19
papS,1.19
panB,1.03
yolD,1.07
yolF,1.19
sunT,0.9343
yolJ,0.9796
yomA,0.9713
yomC,1.03
panD,0.9516
ypmA,0.0
aspB,1.08
dnaD,1.1
ypoC,1.17
yppC,1.2
yomE,1.03
yomG,1.05
yomJ,1.03
yomL,1.72
yomM,1.15
yomO,1.03
yqhL,1.03
yqhN,0.9076
yqhP,0.8724
yqhS,0.9886
efp,1.1
spoIIIAA,1.09
yqkL,1.2
drm,1.15
dacF,0.9718
spoIIAB,0.9617
spoVAA,0.9725
spoVAC,0.9444
spoIIIAC,0.901
spoIIIAE,0.9169
spoIIIAH,0.7895
accC,1.06
yqhZ,1.03
yqiB,1.01
spoVAE,0.9865
lysA,0.972
ppiB,1.11
ypuB,1.01
ypzC,1.03
ypuD,0.8494
yqhM,1.04
yqhO,1.08
yqhR,1.1
yqhT,1.15
yqhV,1.07
spoIIIAB,0.9452
ripX,1.1
pnp,1.26
spoIIAA,1.07
sigF,1.05
spoVAB,1.05
spoVAD,1.09
spoIIIAD,0.9769
spoIIIAF,0.9565
accB,1.19
yqhY,1.14
folD,1.11
yqiC,1.09
spoVAF,1.14
ypuA,1.2
ypzD,1.01
ypuC,1.13
sipS,1.06
ypuE,1.22
yrkB,0.7574
yrkD,0.8665
yrkF,0.8568
yrkH,0.8845
yrkJ,0.9352
yrkL,0.9146
yqeN,0.9755
gpr,0.9263
yqxA,0.8813
dnaK,0.9362
yqeT,1.06
yrkN,0.8979
yrkP,0.9618
yrkR,0.9378
spoIIIC,0.9315
yqaC,0.8934
yqaF,0.855
yqeV,0.9599
rpsU,1.04
yqeZ,0.7064
yqfB,0.7394
yqfD,0.9381
yqfF,1.09
yrkC,0.9509
yrkE,0.9824
yrkG,0.8961
yrkI,0.9323
yrkK,0.9995
yrkM,0.9827
rpsT,1.04
spoIIP,0.0
hemN,1.05
grpE,0.8849
dnaJ,1.07
yqeU,1.08
yrkO,0.9425
yrkQ,0.9932
yrkS,1.08
yqaB,1.09
yqaE,0.9776
yqdA,1.03
yqeW,1.05
yqeY,1.04
yqfA,0.7391
yqfC,0.9464
phoH,1.07
yqfG,1.11
yshE,0.847
ysiA,0.8929
etfB,0.9656
xsa,0.8728
uvrC,0.8896
lysC,0.7674
relA,0.9985
yrvJ,0.914
hisS,0.8257
yrvM,1.04
yrzC,1.0
yrvP,0.9908
sdhC,1.14
sdhB,1.15
gerE,0.9209
racE,0.9498
rph,0.9389
ysnB,0.8941
yrrB,1.04
yrrD,0.9412
glnM,0.9728
glnQ,1.2
yrzB,1.01
lcfA,1.05
ysiB,1.05
etfA,1.04
trxA,1.02
ask,0.9111
yslB,1.0
yrvI,1.02
yrzK,0.9175
aspS,0.9639
yrvN,1.05
yrvO,1.12
yrrA,1.02
sdhA,1.27
ysmA,1.21
ysmB,0.0
gerM,0.9461
ysnA,1.0
ysnE,1.0
yrrC,0.0
glnP,1.14
glnH,1.07
yrrI,1.02
yrrK,1.09
yrrL,0.0
ytkC,0.9527
ytlC,0.8641
ytlA,0.8247
ytmB,0.8955
metK,1.07
ytnA,1.04
ytsP,0.9612
ytwP,0.9711
nifZ,0.9371
sspA,0.9468
ytcJ,0.9795
yteI,0.874
ytpA,0.9945
ytqA,0.9837
ytrA,0.9356
ytrC,1.03
ytrE,0.9376
ytsA,0.9016
ytfI,1.04
ytxK,1.01
moaB,1.49
argH,2.23
ytkK,1.69
ytlI,1.11
ytlD,0.939
ytlB,1.01
ytmA,0.9743
pckA,1.04
asnB,1.37
ytoA,1.04
ytvP,1.01
braB,1.05
ytbJ,0.9957
ytcI,1.08
ytdI,1.1
yteJ,0.8878
ytqB,1.06
ytzC,1.03
ytrB,1.13
ytrD,1.13
ytrF,1.04
ytsB,1.07
ytgI,1.08
ackA,1.53
argG,3.17
ytzD,2.54
ytkL,1.51
ytmI,1.26
yurW,0.8859
yurU,0.8526
yurS,0.8278
yurQ,0.8887
yurO,0.7684
yurM,0.7846
yufB,1.08
yufD,1.09
yufU,1.07
yufS,0.8898
yufQ,0.7858
yufO,0.8772
yurK,0.7391
yurI,1.02
yurF,0.8736
yurD,0.9652
yunM,0.9447
yunK,1.05
yufM,0.9967
yuxK,1.0
yuxJ,1.01
kapB,0.8541
patB,0.9865
yugF,1.05
yurV,1.04
yurT,0.9696
yurR,0.867
yurP,0.9405
yurN,0.9055
yurL,0.7393
yufC,1.15
yufV,1.22
yufT,0.9601
yufR,0.8983
yufP,0.8578
yufN,0.7937
yurJ,0.8227
yurH,0.8401
yurE,1.03
yurB,1.1
yunL,1.09
yunJ,0.9764
yufL,1.13
pbpD,1.13
kapD,1.04
kinB,0.9732
yugE,1.04
yugG,1.06
yvcJ,0.8904
yvcL,0.8283
yvcN,0.9096
yvcQ,0.9577
yvcS,0.959
yvdA,1.07
yvaO,0.9544
yvzC,0.9363
yvaL,1.0
yvaJ,0.8644
yvaG,0.9497
yvaE,0.9945
yvdC,0.8012
yvdE,1.02
yvdG,0.9618
yvdI,1.03
yvdK,0.9652
yvdM,0.9571
yvaC,0.9347
yvaA,1.66
yvgY,0.951
yvgW,0.0
yvgU,0.8718
yvgS,1.01
yvcK,0.9915
crh,0.9238
yvcP,1.02
yvcR,1.08
yvcT,1.7
yvdB,0.9835
yvaN,1.07
yvaM,1.09
yvaK,1.06
yvaI,1.02
yvaF,1.01
yvaD,1.08
yvdD,0.8454
yvdF,0.9267
yvdH,1.07
yvdJ,1.18
yvdL,1.09
clpP,1.08
yvaB,0.0
yvgZ,0.9723
yvgX,1.0
yvgV,0.8304
yvgT,1.09
yvgQ,0.6628
atpF,0.7534
atpA,0.7629
atpD,0.7752
ywmA,0.7643
ywmB,0.8416
spoIID,0.8655
ywtE,1.07
ywtG,1.15
gerBB,0.9109
pmi,1.04
tagC,1.13
tagA,0.9144
ywmE,0.9467
narA,1.03
ywmF,0.9562
ureA,0.8575
ureC,0.9147
ywnB,0.9257
tagF,0.8686
ggaA,1.06
lytR,0.9962
lytC,1.02
tuaB,0.9811
tuaD,0.9752
atpH,0.8258
atpG,0.779
atpC,0.7885
ywzB,0.8791
murA,1.11
ywmC,1.06
ywtF,1.11
gerBC,1.2
gerBA,1.07
lytD,1.12
tagB,1.09
tagE,1.26
narQ,1.07
rapB,0.8442
ywmG,3.12
ureB,0.9638
ywnA,1.05
ywnC,1.11
tagG,1.19
yvyH,0.993
lytB,1.1
tuaA,1.05
tuaC,1.14
tuaE,1.07
yxkA,0.7782
yxkC,0.8463
aldY,0.8792
msmX,1.01
yxzE,0.8286
yxkJ,0.8466
spsD,0.9195
spsG,0.9326
spsJ,0.9422
yweA,1.12
rocA,0.8732
rocC,0.8905
cydB,0.1388
cydD,0.5437
yxlA,0.8897
yxlC,0.8812
yxlE,0.9001
yxlG,0.9149
ywfB,0.9399
ywfD,0.8581
ywfF,0.869
ywfH,1.01
pta,1.22
ywfL,0.9984
galE,0.9077
yxkD,0.8757
yxkF,0.9424
yxkH,1.03
yxkI,1.03
cydA,0.4268
spsE,1.03
spsI,1.03
spsK,1.08
yweB,1.17
rocB,1.01
ywfA,0.9574
cydC,0.9644
yxkO,1.08
sigY,0.9984
yxlD,0.964
yxlF,1.02
yxlH,1.0
ywfC,0.9946
ywfE,0.9099
ywfG,0.8488
ywfI,0.7553
ywfK,1.08
ywfM,1.01
yyaH,0.838
yyaJ,0.9051
yyaL,0.8776
yyaN,0.8614
tetL,0.8825
yyaP,0.0
yxbD,0.0
yxbF,0.0
yxcA,0.0
yxcC,0.0
yxcE,0.868
iolR,0.9949
yyaR,0.8412
yyaT,0.891
yybB,0.9284
yybD,0.8931
yybF,0.9661
yybI,0.8983
iolB,1.04
iolD,1.1
iolF,1.02
iolH,1.13
iolJ,0.9957
yxdK,0.8293
yyaI,1.02
yyaK,0.9567
yyaM,0.9481
yyaO,0.9373
tetB,0.9941
yyaQ,0.9784
aldX,1.04
yxbG,1.04
htpG,1.08
yxcD,0.9602
iolS,1.18
iolA,1.1
yyaS,0.9539
yybA,0.9571
yybC,0.9967
yybE,0.9898
yybG,1.06
yybJ,0.8621
iolC,1.1
iolE,1.13
iolG,1.16
iolI,1.11
yxdJ,0.9985
yxdL,1.06
yeeF,0.9629
purQ,0.8188
ydgJ,0.8818
pbpC,0.9775
srfAC,1.05
ycgI,0.9145
yknT,0.9362
ptsI,0.9596
ykvU,1.01
ykzE,0.9444
yjdH,0.7968
yhdN,1.06
yczC,0.9824
lmrA,1.07
ybgB,0.8807
ybdD,0.9648
fus,0.9772
yfiX,0.9902
yfkF,1.02
treA,0.941
yflP,1.01
yesY,1.03
yddN,1.01
yerP,1.06
ydjD,0.9287
yddE,1.01
yclG,0.9726
nasB,0.9391
ycdB,1.08
patA,0.9868
ykvW,1.21
ykrP,0.0
ykoY,1.02
yhaP,1.17
yhbB,1.08
yccC,1.09
ybgE,0.6935
ybgA,1.02
rpmD,1.03
rpoB,1.13
clpC,0.8874
yfiB,0.9936
yfkI,1.33
yflH,0.9787
yetM,0.9647
cotJC,1.14
yddK,0.0
yabD,0.9506
yurG,0.961
ytqD,0.8813
acuB,0.9973
dnaE,0.8962
levR,1.07
yqzC,0.9802
yaaO,0.9519
ypbG,1.02
ypvA,1.17
cgeB,0.9259
yloB,0.938
glcT,1.27
yjcD,1.03
metS,1.08
ythC,1.07
ytpB,1.03
ytoI,1.03
yrhJ,1.28
yqxH,0.9778
bmrU,1.16
yaaN,0.8545
qcrB,1.04
yosO,1.05
ylqF,1.08
spoVD,1.14
yjgC,1.29
yjaX,1.06
rplO,0.9281
rplR,0.7964
rpsH,0.8389
rplE,0.7763
rplN,0.8323
rpmC,0.8132
xpaC,0.6577
bofA,0.9463
recR,0.8998
dnaX,0.9815
yaaI,0.0
rpsC,0.8284
rpsS,0.6593
rplW,0.807
rplC,0.8955
ybaC,0.8719
rpsG,0.9442
serS,0.8178
yaaD,0.8517
guaB,1.02
gyrB,0.8943
recF,0.9554
rpsE,0.8543
rplF,0.9139
rpsN,0.9122
rplX,0.8903
rpsQ,0.7844
rplP,0.8522
csfB,0.8198
yaaL,1.01
yaaK,1.01
yaaJ,0.9259
yaaH,1.03
rplV,0.9408
rplB,0.7628
rplD,0.8544
rpsJ,0.9148
tufA,1.01
rpsL,1.01
yaaE,0.9273
dacA,0.8718
yaaC,0.9254
yaaB,0.8601
yaaA,0.9519
yclA,0.7961
yckJ,0.0
yczE,0.8471
ycxD,0.8487
ycxB,0.9234
srfAD,0.9373
ycbD,0.9118
ycbA,0.9305
ybgH,0.795
ybgF,0.7206
ybfP,0.0
ybfN,0.0
yckH,0.8816
yckF,0.9081
nucA,0.8525
yckE,0.8496
yckC,0.9164
yckA,0.9484
ybfM,0.9145
ybfK,0.8746
purT,0.9255
ybfH,0.8804
ybfF,0.9247
ybfB,0.8359
yckK,1.01
yckI,0.9833
sfp,1.02
ycxC,1.06
ycxA,1.12
comS,1.03
ycbB,0.9325
ybgJ,0.9628
ybgG,0.861
ybfT,0.8343
ybfO,0.9145
psd,0.9335
yckG,0.9594
tlpC,1.06
nin,0.9084
yckD,0.953
yckB,1.04
yciC,1.29
pssA,0.8997
ybfJ,0.8958
ybfI,1.01
ybfG,1.07
ybfE,0.9406
ybfA,0.8522
ydhD,0.8161
ydgK,0.9393
ydgH,0.0
dinB,0.814
expZ,0.858
ydgD,0.8963
rsbS,0.949
ydcE,0.9567
dal,1.01
ydcB,0.9018
ydbS,0.0
murF,0.0
ydgB,0.8928
ydfT,0.8946
ydfR,1.26
ydfQ,0.9349
ydfO,0.9516
ydfM,1.01
ydbP,1.03
ydbM,0.7924
ydbK,0.8623
ydbI,0.9325
ydbF,1.06
ydbD,1.62
ydhC,1.05
ydgI,0.9954
ydgG,1.06
ydgF,0.8919
ydgE,0.9451
ydgC,0.9515
rsbR,0.9573
ydcD,1.03
ydcC,0.9649
ydbT,0.9427
ydbR,1.0
ddlA,0.9811
ydgA,0.9914
ydfS,0.9931
ydzH,1.02
ydfP,0.9613
ydfN,1.03
ydfL,1.14
ydbN,0.6583
ydbL,0.8317
ydbJ,1.01
ydbG,1.12
ydbE,1.12
ydbC,1.05
yfkM,1.97
treR,1.03
yfkQ,0.8775
yfkS,0.9271
yflA,1.18
yflC,1.0
yefB,0.9729
yerQ,1.01
yerN,0.8942
yerL,0.874
sapB,0.0
yerH,0.7486
yflE,1.03
yflG,0.8403
yflJ,0.7975
yflL,0.9093
yflN,0.8304
citT,0.8968
yerF,1.02
yerD,0.9745
yerA,0.7475
yezC,0.7165
purH,0.6606
purM,0.7539
yfkO,0.9724
treP,0.8592
yfkR,1.01
yfkT,1.12
yflB,0.9848
yflD,1.08
yefA,1.2
yerO,1.03
yerM,0.9505
opuE,0.9909
yerI,0.9693
yflF,0.9042
yflI,0.8322
yflK,0.9432
yflM,1.11
citM,0.9951
citSc,0.9395
yerE,1.06
yerB,0.9017
yecA,0.7685
purD,0.6136
purN,0.7462
purF,0.7863
yhaL,0.7673
yhaN,0.8077
yhaS,0.8802
yhaU,0.8486
yhaW,0.986
yhaY,1.16
ygaO,1.06
ygaN,0.9192
ygbA,0.934
katA,0.9106
ygaK,0.0
ygaJ,0.8096
yheA,0.9995
yheD,0.9507
sspB,0.9054
yheG,0.9359
yheK,0.9375
yheN,0.9341
ygaI,0.7176
ygaH,0.9054
ygaF,1.02
ygaE,1.05
ygaC,0.986
sspE,1.04
yhaM,0.8748
yhaO,0.9399
yhaT,0.9372
yhaV,1.09
yhaX,1.16
yhaZ,0.9462
yhzA,1.37
ygcA,1.03
ygaL,0.9135
senS,0.9639
thiA,0.9901
ygzA,0.9773
yheB,0.9572
yheE,1.05
yheF,1.05
yheI,1.13
yheM,0.9227
yhdZ,1.02
ygxA,1.21
ygaG,0.9445
gsaB,0.9884
ygaD,1.07
ygaB,1.12
yfhR,1.18
yjdA,0.8876
yjcR,0.8417
yjcP,0.7781
yjcN,0.8681
yjcL,1.09
yjcJ,0.8105
yitI,0.9916
yitG,0.9486
yitE,0.8861
yitC,0.8604
yitA,0.0
yisX,0.8344
yjcH,1.06
yjcF,1.16
yjcC,0.9116
yjcA,0.9079
cotW,0.9718
cotY,0.9653
yisV,0.962
yisT,1.02
degA,1.05
yisQ,1.11
yisO,1.01
yjcS,1.04
yjcQ,0.8839
yjcO,0.0
yjcM,1.02
yjcK,0.9027
yjcI,0.9049
yitH,0.9333
yitF,0.9962
yitD,0.9975
yitB,0.951
yisY,0.9731
yisW,0.983
yjcG,1.11
yjcE,1.25
yjcB,0.8733
cotV,1.01
cotX,1.01
cotZ,0.9837
yisU,0.9598
yisS,1.06
yisR,1.1
yisP,1.07
yisN,1.18
yisL,1.11
ykuG,0.7721
ykuE,0.8627
ykuC,0.9447
kinA,0.8808
ykwD,0.9014
ykwB,0.8215
ykfC,0.7734
ykfA,0.7635
dppD,1.08
dppB,0.7755
ykeA,0.0
ykcC,0.8399
splA,0.9205
ykvZ,1.13
ykvV,1.04
ykvS,1.06
ykvQ,0.895
ykvO,0.9639
ykcA,0.9679
ykaA,0.9831
spoIISA,0.9624
xhlB,0.8983
xkdY,0.9411
xkdW,0.8671
ykuF,0.9328
ykuD,1.06
ykyB,1.37
ykwC,1.04
splB,1.03
ykfB,0.7801
dppE,0.6974
dppC,0.0
dppA,0.7005
htrA,1.1
ykcB,1.02
ptsG,1.27
ykvY,1.09
ykvT,1.11
ykvR,1.21
ykvP,1.05
ykvN,0.975
ykbA,1.05
ykaB,1.12
xlyA,0.964
xhlA,0.9606
xkdX,0.973
xkdV,1.93
smf,0.9361
sucC,1.14
ylqG,0.8873
rplS,0.9236
ylqE,0.9337
ylqC,0.9337
rpmF,0.9896
ylbM,0.9538
ylbK,0.9622
ylbI,1.04
ylbG,0.9569
ylbE,0.8384
ylxM,0.9698
ftsY,0.9309
rncS,0.8668
fabG,0.9493
plsX,0.8605
ylpB,1.03
ylbC,1.25
ylbA,1.01
ctaF,0.7169
ctaD,0.8456
ctaB,0.693
ylaO,0.999
sucD,1.13
ylqH,0.9486
rnh,0.9407
trmD,1.03
ylqD,0.9558
rpsP,0.9736
ylbN,1.07
ylbL,0.9906
ylbJ,1.0
ylbH,1.13
ylbF,1.08
ylbD,1.12
ylqB,0.9025
acpA,1.02
fabD,0.9958
ylpC,0.9117
ylpA,1.05
ylbB,1.02
ctaG,0.8798
ctaE,0.7833
ctaC,0.7798
ctaA,0.7472
ylaN,0.854
yngD,0.7421
yngA,0.766
ynfF,0.8584
bglC,0.8883
ynfC,0.8228
grlB,1.01
pksI,0.948
pksG,0.9391
pksE,1.04
pksC,1.06
pksA,0.8779
mutL,0.8525
yneS,0.8615
yneQ,1.07
tlp,1.1
citB,1.11
cotL,0.9577
yneK,0.9671
cotE,1.02
ymcB,1.06
tdh,0.7525
ymdB,0.9199
pbpX,1.08
cinA,1.11
yngC,0.932
xynD,1.01
ynfE,1.04
alsT,1.0
grlA,0.948
yneT,1.41
pksH,1.06
pksF,1.11
pksD,1.18
pksB,1.01
ymcC,1.05
mutS,1.06
yneR,1.04
yneP,1.19
yneN,1.33
cotK,1.1
cotM,1.15
yneJ,1.04
ymcA,1.18
kbl,1.04
spoVS,1.01
ymdA,1.01
recA,0.964
pgsA,1.11
yorR,0.6876
yorT,0.6967
yorV,0.8177
yorX,0.7956
yorZ,0.8372
yosB,0.8419
yocJ,0.8083
yocH,1.03
yocF,0.7844
yocD,1.02
yocB,1.68
yocA,1.02
yosD,0.8363
yosF,0.8018
yosH,0.8753
yosJ,0.858
yosL,0.8628
yosP,0.8333
yobW,0.9566
yobU,0.8945
yobS,0.9148
yobQ,0.8983
yobO,0.8881
yobM,0.9106
yorS,0.8481
mtbP,0.928
yorW,0.9611
yorY,0.8656
yosA,0.9329
yosC,0.8824
yocI,0.9229
yocG,0.8857
yocE,0.6309
yocC,0.8174
yozB,0.5223
yozA,0.9998
yosE,0.8518
yosG,0.8709
yosI,0.8665
yosK,0.9833
yosM,1.06
yosQ,0.9542
yobV,1.03
yobT,0.9587
yobR,0.9839
csaA,0.8821
yobN,1.01
yobL,0.9074
yppD,0.7819
yppF,1.04
ypqE,1.06
yprB,0.9876
ypsA,1.05
ypsC,1.11
yomP,0.844
yomR,0.867
yomT,0.8386
yomV,0.7857
yomX,0.7568
yomZ,0.8576
kduD,0.9852
kdgR,1.0
kdgA,1.03
ypwA,0.9217
pbuX,1.03
ypbQ,0.9915
yonB,0.7649
yonD,0.9659
yonF,0.7601
yonH,0.8561
yonK,0.8679
yonO,0.8756
yppE,0.9653
yppG,0.9983
cotD,1.08
ypsB,1.04
yptA,1.18
yomQ,0.9858
yomS,0.9285
yomU,0.8875
yomW,0.874
yomY,0.8458
yonA,0.9052
kduI,1.0
kdgK,1.09
kdgT,1.02
xpt,1.04
bcsA,0.8293
ypbS,1.02
yonC,0.8325
yonE,0.9673
yonG,0.9048
yonI,1.03
yonN,0.7878
yonP,0.9953
yqiD,0.9117
yqxC,1.08
recN,1.1
spo0A,0.8617
yqiH,0.9707
yqiK,0.9986
ribG,0.995
ribA,1.01
ribT,0.9232
ypuG,1.07
ypuI,0.9969
spmA,0.8577
mmgB,0.9906
mmgD,0.9002
yqiQ,1.03
yqiR,1.03
yqiT,1.3
yqiV,1.23
ypuL,0.9566
resB,0.6606
resD,0.5799
sigX,1.07
aroC,1.05
ypzE,0.8295
yqiE,1.23
ahrC,1.16
spoIVB,0.9813
yqiG,0.9844
yqiI,0.9898
ribB,1.11
ribH,1.01
ypuF,1.01
ypuH,1.04
dacB,0.9902
spmB,0.9052
mmgC,1.07
mmgE,1.04
yqzF,1.07
yqiS,1.34
yqiU,1.3
bfmBAA,1.18
resA,0.7088
resC,0.7872
resE,0.641
ypuN,0.9755
serA,1.07
ypaA,1.04
yqaG,0.6859
yqaI,0.6926
yqaK,0.7381
yqaM,0.8043
yqaO,0.844
yqaQ,0.8796
dgkA,0.9224
bex,1.05
glyQ,0.941
yqzB,0.9452
yqxD,0.9466
sigA,0.9721
yqaS,0.8859
yqbA,0.8773
yqbC,0.8648
yqbE,0.9081
yqbG,0.9031
yqbI,0.8454
yqfN,1.04
yqfP,1.03
yqfR,0.9441
yqfT,0.9112
yqfV,0.9028
yqfX,0.9211
yqaH,0.8996
yqaJ,0.9092
yqaL,0.9505
yqaN,0.9385
yqaP,1.01
yqaR,0.8965
cdd,0.9553
yqxN,0.9663
glyS,0.9613
yqfL,0.9433
dnaG,1.08
cccA,0.9525
yqaT,0.8974
yqbB,0.9605
yqbD,0.9568
yqbF,0.9277
yqbH,0.938
yqbJ,0.957
yqfO,1.16
yqfQ,1.17
yqfS,0.981
yqfU,0.9068
yqfW,0.9995
yqfZ,0.9412
ysnD,0.6486
ilvN,0.5906
leuA,0.6143
leuC,0.5581
ysoA,0.7736
clpX,0.9642
yrrM,1.18
yrrO,1.14
greA,1.07
yrrS,0.9761
yrrT,0.9232
yrhA,0.8092
ysxD,0.9419
hemX,0.6536
hemD,0.6631
hemL,0.7485
ysxE,0.8431
yrhD,0.8242
yrhG,1.13
yrhH,0.753
yrhK,1.03
yrhM,0.9284
yrhO,0.9477
ilvB,0.7123
ilvC,0.6931
leuB,0.6532
leuD,0.6744
tig,1.06
lonB,0.8711
yrrN,1.19
udk,1.21
yrrR,0.9448
yrzA,1.05
yrrU,1.01
yrhB,0.8848
ysxC,0.9814
hemA,0.7362
hemC,0.7496
hemB,0.6927
spoVID,0.9285
yrhF,1.06
yrzI,0.9897
yrhI,1.12
yrhL,1.03
sigV,1.03
levD,1.08
ytsC,0.7709
yttA,0.9198
ytvA,0.8888
leuS,0.9589
melA,0.914
amyD,0.8769
ytmJ,0.9509
ytmL,0.9618
hisP,0.8917
ytnJ,0.8762
hipO,0.8332
ytqI,0.8032
msmR,0.8056
bioW,0.7329
bioF,0.7721
bioB,0.7706
ytbQ,0.7438
ytcQ,0.9809
ytsJ,0.9884
pfk,1.14
ytwI,0.983
citC,0.9577
phoP,1.04
yttB,1.03
ytvB,1.03
ytwF,1.07
amyC,0.9611
msmE,1.04
ytmK,1.04
ytmM,1.12
ytnI,0.9812
ribR,1.0
ytpI,0.9794
ytrI,0.9621
ytaP,0.9238
bioA,0.8703
bioD,0.8189
bioI,0.8445
ytcP,0.9825
ytdP,0.9676
yttI,1.14
ytvI,1.03
citZ,1.1
citH,1.01
phoR,1.06
mutM,1.04
yunI,0.8429
yunG,0.81
yunE,0.8296
yunC,0.9114
yunA,0.8451
yutC,0.9151
yugH,0.8695
yuzA,0.9947
yugK,1.02
yugM,0.8775
yugO,0.9096
yugS,0.8735
yutE,1.03
yutG,0.7911
hom,0.646
thrB,0.6604
yutI,0.9916
yutJ,0.9749
yugU,0.9926
mcpB,0.9537
mcpA,0.8812
yuxG,1.15
yulC,0.9509
yulE,0.9332
yunH,0.9341
yunF,0.9444
yunD,0.9199
yunB,0.9053
yutB,1.16
yutD,0.9984
yugI,1.11
yugJ,1.25
pgi,1.03
yugN,1.06
yugP,0.9312
yugT,1.02
yutF,0.996
yutH,0.8866
thrC,0.7242
yuxL,0.8957
yuzD,1.03
yuzB,0.9765
tgl,1.01
tlpA,0.7887
tlpB,0.9639
yulB,1.05
yulD,1.04
yulF,1.04
yvdO,0.7921
yvdQ,0.7508
yveA,0.7877
racX,0.8156
yveG,0.8818
slr,0.8814
yvgO,0.8276
yvgM,0.8902
yvgK,0.9118
yvsG,0.915
fhuD,0.6495
fhuG,0.8487
yveN,0.9518
yveP,0.91
yveR,0.8162
yveT,0.919
yvfB,0.8244
yvfF,0.9014
yvrP,0.9276
yvrN,1.04
yvrL,0.8836
yvrI,0.8921
yvrG,1.01
yvrD,0.9371
yvdP,0.8373
yvdT,0.8269
pbpE,0.8324
yveF,0.9632
padC,0.9472
yveL,0.9063
yvgN,1.03
yvgL,0.9992
yvgJ,1.03
yvsH,0.9778
fhuB,0.9246
fhuC,0.7778
yveO,0.8475
yveQ,0.9599
yveS,0.9461
yvfA,0.9171
yvfD,0.9114
yvfG,0.9197
yvrO,1.01
yvrM,0.9055
yvrK,1.01
yvrH,1.13
yvrE,1.06
yvrC,1.16
mta,0.0
ywnF,0.7663
spoIIQ,0.7963
ywoA,0.7908
nrgA,0.9036
ywoC,0.9584
tuaF,0.9149
tuaH,0.8953
yvhJ,1.0
degS,0.8872
comFA,0.8589
comFC,0.8985
ywoE,0.8596
ywoG,0.8272
usd,0.9492
mbl,0.9778
flhP,0.8578
ywpB,0.9118
flgM,0.9023
flgK,0.9478
yviE,0.8606
csrA,0.8944
yvyC,0.8306
fliS,0.8479
ywnE,1.08
ywnH,0.9492
ywnJ,0.8306
nrgB,1.44
ywoB,0.9883
ywoD,0.93
tuaG,0.9993
tagO,0.9067
yvyE,0.9791
yviA,0.972
comFB,0.9823
yvyF,0.9603
ywoF,1.01
ywoH,1.07
spoIIID,0.9851
flhO,0.8518
rapD,1.02
ywpC,1.0
yvyG,0.9795
flgL,0.983
yviF,0.9541
hag,0.8615
fliD,0.9814
fliT,0.9737
katX,0.6894
yxzF,0.885
licB,0.9053
licA,0.8159
ywaA,0.7703
dltD,0.9471
ywfN,0.8406
ywfO,1.03
ywgB,0.8575
thrZ,0.7564
ywhB,0.8123
ywhD,0.8079
dltB,0.9408
ywaB,0.9589
ywaD,0.8906
ywaE,0.7596
gspA,1.56
sacX,0.9791
ywhF,1.21
ywhH,0.8302
rapF,0.9391
ywhL,0.9679
ywhN,0.7767
ywhP,1.09
yxlJ,1.1
licR,0.9838
licC,0.9343
licH,1.01
dltE,0.9931
dltC,0.9672
ywzC,1.07
ywgA,1.05
mmr,0.9236
ywhA,0.7917
ywhC,0.8735
ywhE,0.9345
dltA,1.07
ywaC,0.9346
tyrZ,0.9276
ywaF,1.02
sacY,1.06
epr,0.8694
ywhG,1.37
phrF,0.9084
ywhK,1.01
ywhM,1.04
ywhO,1.06
ywhQ,1.16
yybK,0.7544
yybM,0.7835
yybO,0.8231
yybQ,0.8903
cotF,0.8449
yybT,0.8958
yxdM,0.8633
yxeB,0.7062
yxeD,0.9262
yxeG,1.14
yxeI,0.8199
yxeK,0.7079
yycA,0.8259
yycC,0.8356
yycD,1.46
yycE,1.02
yycF,0.9383
yycH,0.9132
yxeM,0.4987
yxeO,0.4098
yxeQ,0.5047
yxxB,0.8951
nupC,0.9472
hutM,0.8641
yybL,0.8369
yybN,0.8024
yybP,0.9403
yybR,0.8823
yybS,0.9184
rplI,0.8795
yxeA,0.9127
yxeC,0.8593
yxeE,1.03
yxeH,1.05
yxeJ,0.801
yxeL,0.5609
yycB,1.02
yyzB,1.04
dnaC,1.12
purA,1.23
yycG,1.03
yycI,0.9025
yxeN,0.4788
yxeP,0.5212
yxeR,0.7807
deoR,1.01
pdp,1.08
hutG,1.09
lysS,0.8774
mfd,0.9249
gyrA,0.9458
lytA,0.8987
yvlD,0.8245
yukF,0.0
rsbV,1.09
ydbO,0.0
ycsG,0.0
phrC,0.9075
lmrB,0.9762
pcp,0.8865
ytfJ,0.9834
ytzA,0.9367
yraA,0.9224
yqfY,1.03
yonJ,0.9191
yodB,0.8487
ycbM,0.9628
ybfS,0.9391
ybfQ,0.0
ybeC,0.8517
ybdG,0.917
ybbA,0.8059
ftsH,0.9268
yabK,0.9001
ywjF,0.9763
ywlC,0.9425
yveK,0.8311
glgP,0.8575
ydcA,0.8276
ycnB,0.9683
yceH,0.8249
ycbU,0.9243
ycbR,0.9232
accA,1.18
yrhP,0.8903
yqbO,0.9823
ypqA,1.15
yosW,0.9591
ppsD,1.18
ycbC,0.0
gltP,0.9707
mpr,0.9461
ybdN,1.07
ybdB,1.17
yabE,1.4
yaaG,0.876
yisD,0.868
yhjP,0.8738
yhfR,0.9217
yheH,0.9725
yfhQ,0.993
ydcI,0.9528
dnaN,0.8733
srfAB,0.8991
opuAA,0.9492
ybdO,0.8133
yabN,1.03
asnH,0.7444
ywbN,0.6697
yaaF,0.9363
addB,0.9395
yhjB,0.9261
yheC,1.11
yheL,1.04
yesN,1.03
yclF,0.7729
dnaA,1.17
amhX,0.8046
ycbT,1.08
feuC,0.8626
gidA,1.17
yxnB,0.8933
spsF,1.14
