ybeF,1.25
glpQ,1.11
ybdT,1.25
ybxH,1.47
ybdM,1.5
ybdK,1.67
ybxF,1.03
rplJ,1.3
rplK,1.3
rpmG,1.43
yacP,0.9641
rplL,1.17
ybdE,1.47
ybcT,1.41
ybcQ,1.26
ybcO,0.8876
ybcL,1.74
ybcH,0.9506
cysE,1.14
yacN,1.37
yacL,1.29
sms,1.36
yacH,1.51
glpT,1.53
ybyB,1.9
ybxI,2.2
csgA,1.72
ybdL,1.45
ybdJ,1.46
ybxB,0.7751
rplA,1.16
nusG,1.03
sigH,1.24
yacO,0.9215
ybdA,1.11
ybcS,1.71
ybcP,1.22
ybcM,0.9316
ybcI,0.9111
ybcF,1.01
gltX,1.84
yacM,1.27
yacK,1.1
yacI,1.17
ctsR,1.25
ydbB,1.36
ydbA,1.42
ydaS,1.17
ydaQ,1.27
mutT,1.73
ydaN,1.18
yciB,0.996
nasA,2.0
nasD,0.3368
nasF,0.8162
ycgS,1.5
ycgQ,1.59
ydaL,1.25
ydaJ,2.34
lrpC,0.918
ydaH,1.38
ydaF,1.17
ydaD,1.53
ycgO,1.38
ycgM,1.74
cah,1.4
ycgJ,1.75
tmrB,0.8485
ycgH,2.59
gsiB,2.02
ydaT,2.05
ydaR,1.36
ydaP,1.71
ydaO,1.06
ydaM,1.14
yciA,1.06
nasC,1.35
nasE,0.6944
ycgT,1.37
ycgR,1.9
ycgP,1.69
ydaK,2.49
ydzA,0.6883
ydaG,1.27
ydaE,1.24
ydaC,0.9528
ycgN,1.31
ycgL,1.28
ycgK,1.57
aroI,1.67
nadE,1.14
ycgG,1.57
purL,0.3855
purC,0.5571
purK,0.5845
yebG,1.11
yebE,2.26
yebC,1.36
ydfK,2.87
ydfJ,3.05
ydfH,1.37
ydfF,1.37
ydfD,1.99
ydfB,2.34
guaA,1.67
yeaD,1.41
yeaB,0.6566
yeaA,1.27
ydjO,1.24
ydjM,1.37
ydeT,2.32
ydeR,4.42
ydeP,1.96
ydzF,1.58
ydeM,1.83
ydeK,1.53
yexA,0.5028
purB,0.4465
purE,0.5681
yebF,1.36
yebD,1.56
yebB,0.876
nap,1.73
ydfI,1.6
ydfG,1.32
ydfE,2.41
ydfC,1.78
ydfA,1.58
yebA,0.0
yeaC,1.32
gabP,1.1
ydjP,1.12
ydjN,1.49
ydjL,1.73
ydeS,1.6
ydeQ,1.88
ydeO,1.15
ydeN,1.55
ydeL,1.59
ydeJ,1.4
yfhS,1.19
yfhO,1.1
yfhM,1.36
yfhK,1.49
yfhI,1.48
yfhG,1.55
yflS,1.76
yflT,1.92
yfmC,1.46
yfmE,1.43
yfmG,0.8849
yfmI,1.2
yfhE,1.34
yfhC,1.3
yfhA,1.38
yfiY,1.12
yfiV,1.61
yfiT,2.15
yfmK,1.24
yfmM,1.26
yfmO,1.51
yfmQ,1.18
yfmS,1.47
yfnA,0.0
yfhP,1.78
csbB,1.14
yfhL,1.06
yfhJ,1.36
yfhH,1.47
yfhF,1.63
pel,1.71
yfmA,1.93
yfmD,1.29
yfmF,1.35
yfmH,1.1
yfmJ,1.06
yfhD,0.0
yfhB,1.2
yfiZ,1.53
yfiW,1.8
yfiU,1.49
yfiS,2.09
yfmL,1.15
yfmN,1.08
yfmP,1.01
yfmR,1.25
yfmT,0.0
yfnD,1.14
yisK,0.8311
yisI,1.74
yisG,1.59
yisE,1.42
yisB,1.42
addA,0.0
yhdY,1.18
yhdW,1.25
yhdU,1.43
yhdS,1.18
yhdQ,1.49
yhdO,0.978
yhjQ,1.38
yhjM,1.64
yhjK,1.8
yhjI,2.54
yhjG,1.37
yhjE,1.63
yhdL,1.46
yhdJ,1.92
yhdH,1.52
yhdF,1.45
citR,1.22
phoA,1.49
yisJ,1.27
yisH,1.05
yisF,1.29
yisC,1.34
sbcD,1.71
yhjR,2.38
yhdX,1.38
yhdV,1.24
yhdT,1.21
yhdR,1.16
yhdP,1.66
yhdM,1.19
yhjO,1.37
yhjL,2.33
yhjJ,2.05
yhjH,2.53
sipV,1.28
yhjD,1.61
yhdK,1.05
yhdI,1.37
yhdG,0.0
citA,1.19
lytE,1.46
spoVR,1.62
xkdU,1.65
xkdS,1.14
xkdQ,1.47
xkdN,1.79
xkdK,1.17
xkdI,1.13
yjbX,1.69
yjbV,0.6921
yjbT,0.7898
yjbR,0.7855
tenA,0.8033
yjbP,1.55
xkdG,1.48
xkdE,1.28
xpf,2.44
xkdD,0.8246
xkdB,2.24
xkdA,1.97
yjbN,1.69
yjbL,1.37
yjbJ,1.51
yjbH,1.5
yjbF,0.0
yjbE,1.32
xkdT,0.9999
xkdR,1.09
xkdP,1.23
xkdM,1.2
xkdJ,1.46
xkdH,1.96
yjbW,1.1
yjbU,0.7763
yjbS,0.807
tenI,0.8039
yjbQ,1.38
yjbO,1.5
xkdF,1.34
xtmA,1.61
xtrA,1.4
xkdC,1.22
xre,1.18
yjqC,1.3
yjbM,1.31
yjbK,1.29
yjbI,1.22
yjbG,1.27
mecA,1.98
yjbD,1.07
ylaM,1.57
ylaK,1.32
ylaH,1.16
ylaF,1.93
ylaD,0.0
ylaB,1.53
ykvM,1.12
ykvK,1.18
ykvI,1.48
motA,1.07
ykvE,1.44
eag,1.3
nprE,1.16
ykzC,1.47
ykzI,1.17
yktA,1.05
slp,1.23
pdhC,0.7381
ykvA,0.9584
ykrY,0.4798
ykrW,0.6585
ykrU,1.27
ykrS,0.7138
ykrQ,0.6712
ylaL,1.42
ylaJ,1.61
ylaG,0.9941
ylaE,1.07
ylaC,1.58
ylaA,1.17
ykvL,1.08
ykvJ,1.32
clpE,1.06
motB,1.0
ykvD,1.26
spo0E,0.9491
yktD,1.05
yktC,1.59
yktB,1.47
cad,1.01
pdhD,0.698
pdhB,0.5776
ykrZ,0.4412
ykrX,0.507
ykrV,1.23
ykrT,1.23
dat,0.8541
ykrM,1.14
ymfM,1.28
ymfK,1.47
ymfI,1.01
ymfF,1.19
ymfD,1.3
spoIIIE,1.16
yloW,1.07
yloU,1.33
spoVM,1.12
yloR,0.88
ymfA,1.32
dapG,1.14
spoVFB,2.0
ymxH,1.47
ylxY,0.7764
ribC,1.09
fmt,1.05
priA,0.0
yloH,1.26
yloC,1.19
ylnF,0.752
ylnD,0.7594
ymfL,1.21
ymfJ,1.09
ymfH,1.22
ymfE,1.49
ymfC,1.22
ymfB,1.59
yloV,1.03
rpmB,1.3
yloS,0.7716
yloQ,0.9319
yloO,0.7833
yloM,0.9359
dapA,1.11
asd,1.35
spoVFA,1.49
ymxG,1.18
rpsO,1.18
truB,0.844
def,0.9292
yloI,1.13
yloD,1.14
yloA,1.14
ylnE,0.6572
ylnC,0.6438
yobK,1.17
yobI,0.0
yozL,1.12
yobH,1.33
rapK,1.34
yobF,1.26
yneI,1.14
ynzD,1.02
yneE,1.22
ynzC,2.59
yneA,3.46
yndN,0.8613
yozI,0.9995
yobD,0.8889
pps,0.8001
yobA,1.23
yoaZ,1.16
yoaV,1.69
yndL,1.46
yndJ,0.9279
yndG,0.9734
yndD,1.08
yndB,1.09
ynzA,1.09
yobJ,1.14
yozM,0.8549
yozK,1.21
phrK,1.17
yozJ,1.48
yobE,1.32
ccdA,1.14
yneF,1.57
tkt,1.4
yneB,3.38
lexA,3.52
yndM,1.07
yozH,0.8234
xynA,0.89
yobB,1.05
penP,1.4
yoaW,0.759
yoaU,1.1
yndK,0.7534
yndH,1.59
yndE,1.25
ynzB,1.02
yndA,1.39
cotC,0.9567
yonR,1.25
yonT,0.9339
yonV,1.57
yopA,1.05
yopC,1.18
yopE,0.9687
yosR,1.38
yosT,1.23
yosV,1.86
yosZ,0.8531
yotB,2.17
yotD,0.991
yopG,0.8795
yopI,0.9142
yopK,1.03
yopM,0.9597
yopO,0.8187
yopQ,0.9565
yotF,0.8317
yotH,1.06
yotJ,1.12
yotL,1.16
yotN,1.13
yodV,0.0
yonS,1.14
yonU,0.9866
yonX,1.1
yopB,1.68
yopD,1.02
yopF,1.02
yosS,1.08
yosU,1.33
yosX,2.06
sspC,1.2
yotC,1.01
yotE,0.97
yopH,0.7577
yopJ,0.8133
yopL,0.7875
yopN,0.7895
yopP,0.7571
yopR,0.8734
yotG,1.56
yotI,1.91
yotK,1.0
yotM,1.42
yodU,1.2
cgeA,0.0
fer,1.87
recQ,1.32
ypbE,1.23
ypbH,2.03
ypdA,1.31
sleB,1.23
ypcP,1.2
ypdP,0.8047
ypeQ,0.8615
degR,1.16
ypfP,1.31
bsaA,1.11
ypfA,1.09
cmk,1.1
ypgA,1.01
yphB,1.28
gpsA,1.06
yphF,1.19
ypgR,1.46
yphP,1.35
ypjP,1.18
thyB,0.9778
ypkP,0.9671
yplP,1.18
ypbB,1.05
ypbD,1.07
ypbF,0.9445
ypcA,1.46
ypdC,1.24
ypeB,1.49
ypdQ,1.02
ypeP,1.09
ypzA,1.06
cspD,1.33
metB,1.03
ypgQ,1.13
ypfB,0.8774
ypfD,1.39
yphA,1.36
yphC,0.9465
yphE,0.983
spoIVA,1.07
ilvD,2.1
ypiP,0.9371
ypjQ,1.11
dfrA,0.8252
yplQ,0.8827
ilvA,1.35
yqgA,1.36
yqgC,0.7328
yqgE,0.8442
yqgG,0.8397
yqgI,0.7801
yqgK,0.7271
bfmBAB,0.3627
bmrR,1.14
yqiW,1.25
yqiY,0.4774
yqjA,0.7652
yqjC,0.9343
yqgL,0.9764
yqgN,1.2
yqgP,1.19
glcK,0.7872
yqgU,0.8924
yqgW,0.7839
yqjE,1.47
yqjG,1.08
yqjI,1.7
yqjK,1.16
yqjM,0.9346
yqjO,1.04
yqgB,0.9011
sodA,1.28
pbpA,1.01
yqgH,0.8924
yqgJ,0.9237
yqzD,1.58
bfmBB,0.3951
bmr,1.17
yqiX,0.5031
yqiZ,0.4411
yqjB,0.935
yqjD,1.15
yqgM,0.5503
yqgO,0.8188
yqgQ,0.7125
yqgT,0.7252
yqgV,0.6931
yqgX,0.8231
yqjF,0.9359
yqjH,1.68
yqjJ,1.37
yqjL,0.7167
yqjN,1.05
yqjP,1.01
levE,0.6442
levG,0.0
adhA,0.0
yraC,1.14
yraE,0.0
yraF,0.0
yqbK,0.7826
yqbM,0.7437
yqbN,0.0
yqbQ,0.0
yqbS,0.0
yqcA,0.8076
yraH,0.0
yraJ,0.7924
yraL,0.0
yraM,0.8821
yraO,0.0
sigZ,0.0
yqcD,0.0
yqxG,1.18
yqxI,0.6499
yqcF,0.9752
yqzI,0.7009
rapE,1.04
levF,0.0
sacC,0.6447
yraB,1.09
yraD,0.0
adhB,0.0
yraG,0.0
yqbL,0.0
yqdB,0.0
yqbP,0.586
yqbR,0.0
yqbT,0.8737
yqcB,0.7681
yraI,0.7451
yraK,0.0
csn,0.5466
yraN,0.6569
yrpG,0.624
yrpE,0.9479
yqcE,0.0
cwlA,0.0
yqxJ,0.8482
yqcG,0.8738
phrE,0.9615
yqcI,0.7599
ytaF,0.6956
ytbE,0.0
ytcD,0.796
ytcF,1.21
dnaB,0.6341
ytxB,0.5588
folC,0.8288
spoIIB,0.5656
ysxA,0.8832
mreC,1.1
minC,0.9065
spoIVFA,0.0
thrS,0.0
lytS,0.5842
ysbA,1.07
yscB,0.8867
infC,0.9319
rplT,0.9891
rplU,1.14
spo0B,0.7167
p`eB,0.7677
pheB,0.7755
yrxA,1.36
nadB,1.64
nadA,1.57
ytaG,0.7674
ytbD,0.6531
gapB,0.8088
ytcG,1.17
dnaI,0.6355
ytxC,0.6448
comC,0.6686
maf,0.9903
mreB,1.02
mreD,0.8225
minD,0.9475
spoIVFB,0.0
ysaA,0.9161
lytT,0.641
ysbB,0.8342
yscA,0.773
rpmI,0.8821
ysdA,0.628
ysxB,1.04
obg,0.6839
pheA,0.7136
nifS,1.32
nadC,1.42
yrbA,1.34
yubA,1.15
yubC,0.6868
yubE,0.7562
yubG,0.592
yuaB,0.7149
gbsA,0.8915
yteP,0.0
yteR,0.0
yteT,0.8357
yteV,0.0
ytfP,0.6069
ytzG,0.6445
yuaD,1.3
yuaG,0.9343
yuaJ,1.19
glgD,0.0
ytaB,0.0
ytxN,0.636
ytzE,0.8266
ythQ,0.6732
ytjP,1.14
ytlP,0.6216
ytlR,0.7757
ytmP,0.9716
yubB,1.13
yubD,0.8095
yubF,0.9014
yuaA,0.7919
yuaC,0.8698
gbsB,0.7634
yteQ,0.7511
yteS,0.0
yteU,0.0
opuD,0.7382
ytgP,0.9421
ytzF,0.7347
yuaF,0.7022
yuaI,0.951
glgB,0.6626
glgA,0.4782
ytaA,0.0
cotS,0.6508
ythP,0.6434
ytiP,0.6126
ytkP,0.7681
ytlQ,0.8118
amyX,0.5664
ytzH,0.7901
yvrB,0.9403
yvqK,0.7369
yvqI,0.6916
yvqG,1.55
yvqE,1.03
gerAC,0.7113
yutL,0.974
paiA,0.6384
yumD,0.5932
yumC,1.51
yuiA,1.95
yuiC,1.56
gerAA,0.7096
yuxN,0.6
yvqA,0.966
yvtB,1.18
yusZ,1.66
yusW,0.8047
yuiE,1.28
yuiG,1.37
yuiI,1.24
dhbC,0.9868
dhbB,0.9858
yukL,0.0
yvrA,0.7551
yvqJ,0.7871
yvqH,0.7954
yvqF,1.23
yvqC,0.8813
gerAB,0.732
yutM,1.14
paiB,0.8522
yuzG,0.8334
yumB,0.8439
yuiB,1.57
yuiD,1.14
citG,0.889
yvqB,0.9254
yvtA,0.8564
mrgA,1.73
yusX,1.34
yusV,1.1
yuiF,0.7755
yuiH,0.5914
dhbA,0.984
dhbE,0.789
yukM,0.716
yukJ,0.8048
yvyD,0.7099
cccB,0.7206
ftsX,1.08
yvzD,0.8007
yvkA,0.9627
yvkC,0.0
yvfH,0.0
lacR,0.0
yvfM,0.6086
yvfO,0.0
yvfS,0.6985
yvfU,0.8397
uvrB,2.39
yvzB,1.72
yvlA,0.9203
yvlC,0.7363
yvmB,0.7837
cypX,0.7799
yvfW,1.52
yvbX,1.0
yvbV,1.42
yvbT,0.8424
araE,0.8254
gap,1.26
yvjA,0.6902
ftsE,0.939
yvjB,0.0
yvjD,0.715
yvkB,0.7545
csbA,0.7465
yvfI,0.7838
yvfL,0.0
lacA,0.0
yvfR,0.0
yvfT,0.8927
yvfV,1.26
uvrA,2.49
yvkN,0.6643
yvlB,0.8515
yvmA,0.7023
yvmC,0.5575
yvnA,0.7184
yvbY,1.18
yvbW,0.0
yvbU,0.624
araR,0.0
yvbQ,0.9652
pgk,0.8932
ywhR,0.5516
sbo,0.2386
argS,1.43
fnr,0.1656
ywiD,0.7553
narH,0.7908
ywpD,1.11
ywpF,1.48
ywpH,1.22
ywqB,1.01
ywqD,0.7877
ywqF,0.8354
narI,0.6981
ywjA,1.06
ywjC,0.7908
ywjE,0.0
rpoE,1.28
ywjG,1.01
ywqH,0.7344
ywqJ,0.9165
ywqL,0.8432
ywqN,0.8265
ywrA,0.7087
ywrC,0.865
ywiA,0.5476
ywiB,1.03
narK,0.7703
ywiC,0.9729
narG,0.0
narJ,0.6664
ywpE,0.7228
ywpG,1.02
ywpJ,0.0
ywqC,0.8989
ywqE,0.4898
ywqG,0.8491
ywiE,0.8584
ywjB,1.12
ywjD,0.6458
acdA,0.6135
ctrA,1.49
spo0F,0.6492
ywqI,0.7609
ywqK,0.7391
ywqM,0.6446
ywqO,0.6398
ywrB,0.7268
ywrD,0.9061
hutI,0.9884
hutP,2.05
yxiB,0.5817
yxiD,0.8591
yxxE,0.0
bglH,0.4391
ywbA,0.6677
ywbC,1.42
ywbE,1.08
ywbG,0.0
ywbI,1.27
thiC,1.23
yxxF,1.23
yxiF,0.3592
yxiG,0.514
yxzG,0.3798
yxiJ,0.3866
yxiL,0.3597
ywbO,0.8445
ywcB,0.6936
ywcD,0.6469
ywzA,0.5384
qoxB,0.4862
qoxD,0.4917
hutU,0.0
yxiA,0.4115
yxiC,0.594
yxxD,0.9483
bglP,0.4855
yxiE,0.7722
ywbB,1.01
ywbD,1.43
ywbF,0.0
ywbH,0.5378
thiK,1.06
ywbM,0.8218
yxxG,0.0
yxzC,0.3489
yxiH,0.3363
yxiI,0.3559
yxiK,0.3263
yxiM,0.3211
ywcA,0.6245
ywcC,0.7195
galT,0.0
qoxA,0.3794
qoxC,0.4526
ywcE,0.5063
ytrP,0.8833
yprA,1.9
yloN,0.8023
yerG,1.21
wprA,0.5327
yycJ,1.22
rocR,1.34
rocE,1.23
phrG,0.9516
yycN,0.7563
yycP,0.9529
topB,0.8777
polA,0.9711
mmgA,0.6344
ileS,0.8783
dinG,0.7391
carB,0.5828
yycR,0.7352
yydA,1.08
yydC,1.34
fbp,1.21
yydG,0.8399
yydI,1.02
ytsD,0.6245
yrvE,0.776
yloP,0.6603
ykuA,0.8576
ydhL,0.4471
valS,0.8962
yyxA,1.25
rocD,0.867
rocF,1.17
rapG,1.15
yycO,0.0
yycQ,0.0
smc,0.7089
murD,0.9903
lonA,1.02
hrcA,1.01
cheA,0.8387
alaS,1.17
yycS,0.7099
yydB,0.9385
yydD,1.03
yydF,0.7861
yydH,0.9947
yydJ,0.8539
yveM,0.3366
yutK,0.8488
yueB,0.6465
yufK,0.691
ytpQ,0.9292
ytmO,0.6867
yndF,0.631
pksL,0.4811
mcpC,1.12
yisZ,0.6129
ydbH,0.6693
ybxG,0.539
ysdB,0.5614
yrhE,0.0
yqcC,0.0
ponA,0.8772
yomI,0.0
cgeC,0.0
wapA,0.4891
ppsA,0.4399
pksM,0.5631
yetO,0.6922
rpoC,0.8488
dra,1.2
yvfQ,0.0
yukA,0.5609
yuxO,0.0
glgC,0.0
yttP,1.06
pykA,1.03
pksP,0.0
pksK,0.0
oppD,1.07
srfAA,0.8505
yccK,0.0
secE,1.01
rpmA,1.25
yrpC,0.0
yqgS,0.7658
ypbR,0.8965
yorL,0.8791
odhA,0.8622
dhbF,1.22
pksR,0.4629
yfkN,0.6134
gutR,0.0
yxeF,0.0
galK,0.0
rbcL,0.7643
aceF,0.0
kdtA,0.7225
tufA_E,0.9439
yazC,1.12
yrhC,0.0
yerC,0.7523
yshA,0.6794
yoqX,1.13
yacF,1.46
yhcD,0.0
yetG,1.4
ywnG,0.0
ywqA,0.7988
degU,0.9118
yvnB,0.0
cysS,1.07
yqjU,0.6849
ylaI,0.0
yuaE,0.6758
yqaD,0.0
yozD,0.0
yazB,1.1
yfnB,0.0
ywmD,0.5369
glcR,0.6849
ggaB,0.6054
prfB,0.9284
yvoD,1.04
ybcD,1.12
ndhF,1.08
adaA,1.94
ybbU,1.31
ybbT,1.4
ybbP,1.54
folK,1.19
sul,1.13
pabA,1.34
cysK,1.63
yacC,2.17
sigW,1.17
ybbJ,2.23
ybbH,1.72
ybbE,1.07
ybbC,1.62
feuA,1.65
yabT,2.57
yabR,2.05
yabQ,1.43
yabO,1.24
spoVT,1.19
ybcC,1.15
adaB,2.37
alkA,1.2
glmS,0.9474
ybbR,1.36
ybbM,1.22
folA,1.15
pabC,1.24
pabB,1.64
yacD,1.3
yacB,2.39
ybbK,2.32
ybbI,1.55
ybbF,1.77
ybbD,1.27
ybbB,1.52
feuB,1.41
yabS,1.29
divIC,1.2
yabP,1.45
yabM,1.42
spoVC,1.44
ydaB,1.66
ycsN,1.32
yczI,1.35
ycsO,0.5134
ycsI,0.7941
ycsE,1.4
ycgF,1.93
mdr,1.9
lctE,0.3687
ycgB,1.69
opuAC,0.7145
yceK,1.48
yczH,1.43
ycsA,0.8209
mtlA,0.9836
ycnK,0.2721
ycnI,0.2901
ycxE,1.68
yceI,1.44
yceF,1.51
yceD,1.33
yceB,1.68
ycdI,1.01
ycdG,1.58
ydaA,0.9784
yczJ,1.31
ycsK,0.9969
ycsJ,0.6709
ycsF,0.8104
ycsD,1.4
ycgE,1.51
lctP,0.1682
amyE,1.84
ycgA,1.78
opuAB,0.7071
yceJ,1.31
sipU,1.19
mtlD,1.24
ycnL,1.49
ycnJ,0.2413
gdh,0.9152
ycnH,1.19
yceG,0.9392
yceE,1.25
yceC,1.18
yceA,0.8679
ycdH,1.12
ycdF,2.61
ydjJ,1.82
ydjH,1.12
ydjF,0.9339
gutB,2.1
ydjB,1.44
ydiR,1.3
ydeI,2.12
ydeG,1.34
ydeE,1.74
ydeC,1.73
ydeB,1.39
ydeA,2.28
ydiP,1.72
ydiN,1.68
groEL,1.22
ydiL,1.68
ydiJ,0.9995
ydiH,1.58
yddS,2.45
yddQ,2.57
lrpA,2.5
phrI,1.52
yddJ,1.66
yddH,3.7
ydjI,1.06
ydjG,0.9396
ydjE,0.9993
ydjC,1.68
ydiS,1.3
ydiQ,1.24
ydeH,1.88
ydeF,1.74
ydeD,2.17
ydzE,1.6
cspC,1.46
yddT,1.84
ydiO,1.87
ydiM,1.18
groES,1.31
ydiK,1.24
ydiI,0.9038
ydiG,1.47
yddR,4.44
lrpB,2.94
yddM,1.45
rapI,1.6
yddI,2.09
yddG,0.0
yfiR,1.67
lipB,1.42
yfiN,1.21
yfiL,1.51
yfiJ,1.82
yfiH,2.33
yfnE,3.2
yfnG,3.07
yfnI,1.04
yetL,1.72
yetJ,1.25
yezB,1.35
yfiF,3.7
yfiD,1.88
glvC,2.4
glvA,1.65
yfjB,1.01
yfjD,1.32
yetH,1.58
lplD,2.28
lplB,2.3
yetA,0.0
yesX,1.43
yesV,1.32
yfiQ,1.14
yfiO,1.39
yfiM,1.95
yfiK,2.39
yfiI,2.2
yfiG,2.39
yfnF,4.34
yfnH,1.63
yetN,1.42
yetK,1.06
yezD,1.06
yetI,1.65
yfiE,2.15
yfiC,1.11
yfiA,1.72
yfjA,1.05
yfjC,1.02
yfjE,0.9843
yetF,2.5
lplC,1.07
lplA,1.38
yesZ,1.23
yesW,1.61
yesU,2.74
yhjC,1.45
yhxD,1.03
yhzC,2.08
yhfW,1.69
yhfU,0.9423
yhfS,0.9513
ygxB,2.05
yhdD,1.0
yhdB,1.48
yhcZ,1.24
yhxB,1.23
glpK,1.1
yhfO,1.24
yhfN,0.0
yhfL,1.97
yhfJ,1.35
yhfH,1.38
yhfF,1.25
glpP,1.55
yhcX,1.6
yhcV,2.23
yhcT,1.51
yhcR,0.9763
yhcP,1.43
yhjA,1.3
comK,1.17
yhxC,3.0
yhfV,1.12
yhfT,1.01
yhfP,2.04
yhdE,1.87
yhdC,1.64
yhdA,1.27
yhcY,1.21
glpD,1.0
glpF,1.84
aprE,1.32
yhfM,1.81
yhfK,1.39
yhfI,1.24
gltT,0.9124
yhfE,1.09
yhxA,0.8777
yhcW,1.65
yhcU,1.56
yhcS,1.08
yhcQ,1.28
yhcO,2.35
yjqB,1.09
xlyB,1.24
phrA,1.29
yjoB,1.09
yjnA,1.9
yjmI,1.47
yjbC,0.9106
oppF,1.33
oppB,1.63
trpS,1.37
appC,0.6842
appA,0.5767
yjmG,1.5
yjmE,1.76
yjmC,2.86
yjmA,1.97
yjlC,1.24
yjlA,1.37
appD,1.42
yjaY,1.27
yjzA,1.45
yjaV,2.35
yjzD,1.39
argF,0.3257
yjqA,1.27
yjpA,1.15
rapA,1.35
yjoA,1.26
yjmJ,1.51
yjmH,1.69
yjbB,3.02
oppC,1.81
oppA,1.54
yjbA,1.04
appB,0.8336
appF,0.8639
yjmF,1.62
yjmD,1.73
yjmB,1.25
yjlD,1.21
yjlB,1.61
yjkB,1.29
yjaZ,3.63
yjzB,1.1
med,1.27
yjaU,2.81
yjzC,1.1
pdhA,0.673
ykrB,1.47
ykzG,0.0
adeC,0.9487
ykqA,1.51
abh,1.46
ykrL,1.21
sspD,0.9872
ykoZ,1.27
ykoV,1.55
ykoT,1.52
ykoQ,1.82
ykpC,1.66
ykpB,1.07
ykoA,1.42
fruA,0.5488
yknZ,0.7984
yknX,0.7653
ykoN,1.59
ykoL,2.05
tnrA,1.57
ykzD,0.8404
ykoI,1.41
ykoG,1.46
ykyA,1.07
ykrA,1.33
ykqC,1.25
ykqB,1.56
kinC,1.66
mreBH,1.1
ykrK,1.41
ykrI,1.28
ykoX,1.26
ykoU,1.29
ykoS,1.65
ykoP,1.42
ampS,1.11
ykpA,1.04
sipT,1.42
fruR,0.6804
yknY,1.12
yknW,0.8264
ykoM,0.9576
ykzB,1.1
ykoK,1.74
ykoJ,1.12
ykoH,1.09
ykoF,0.6801
rbfA,1.26
infB,0.9619
ylxR,0.8338
ylxS,0.827
yluC,0.9139
cdsA,0.8097
ylnB,0.6606
cysH,0.8121
pyrF,0.634
pyrDII,0.6626
pyrC,0.7904
pyrP,0.942
frr,0.7842
tsf,1.01
ylxL,0.9803
cheD,1.07
cheW,0.9509
cheB,0.9748
ylyB,1.1
ylyA,1.83
divIVA,1.42
ylmG,1.13
ylmE,1.0
ylmC,0.9609
ylxP,0.878
ylxQ,0.8189
nusA,0.8392
proS,1.07
yluB,1.03
yluA,0.9033
ylnA,0.786
pyrE,0.6106
pyrD,0.6454
pyrAA,0.7589
pyrB,0.8315
pyrR,0.8919
smbA,0.7605
rpsB,0.9813
sigD,0.9301
cheC,1.04
ylxH,0.8713
lsp,0.8804
ylmH,1.0
ylmF,1.01
ylmD,0.9335
ylmB,0.8506
yoaT,1.48
yoaS,1.24
yozF,1.59
yoaP,1.62
yoaN,1.0
pelB,1.06
yncM,1.04
ynzH,1.19
yncE,0.9429
yncC,0.9865
xylB,0.7865
xylR,1.17
yoaJ,1.27
yoaH,0.9853
yoaF,1.22
yoaD,0.5906
yoaB,0.5265
yoxB,2.29
ynaJ,0.642
ynaG,1.31
ynaE,1.18
ynaC,1.24
ynzG,1.19
ynxB,0.9476
yozG,1.03
yoaR,1.84
yoaQ,1.68
yoaO,1.02
yoaM,1.13
yoaK,0.9246
thyA,1.22
yncF,1.06
yncD,0.9727
yncB,1.04
xylA,1.16
xynB,0.8911
yoaI,1.16
yoaG,0.8881
yoaE,1.35
yoaC,0.5031
yoaA,1.32
yoxC,1.23
ynaI,1.21
ynaF,0.9325
ynaD,0.9823
ynaB,0.9516
ynzF,1.04
glnA,0.6585
yopS,1.08
yopU,1.2
yopW,0.0
yopY,1.06
yoqA,1.48
yoqC,1.58
cgeD,1.16
yodT,0.715
yodR,1.27
yodP,2.02
yozE,1.1
yodM,1.04
yoqE,1.26
yoqG,1.33
yoqI,1.53
yoqK,0.9758
yoqM,0.8676
yoqO,1.38
deoD,0.9463
yodI,1.19
ctpA,1.11
yodE,0.9926
yodC,0.9948
yojA,0.8756
yopT,0.8941
yopV,0.9362
yopX,1.41
yopZ,1.21
yoqB,2.14
yoqD,2.43
cgeE,1.26
yodS,1.37
argE,0.8163
yodO,1.47
yodN,0.0
yodL,1.04
yoqF,1.17
yoqH,1.81
yoqJ,2.32
yoqL,1.41
yoqN,2.11
yoqP,1.88
yodJ,0.7843
yodH,1.64
yodF,1.02
yodD,1.04
yodA,1.23
yojB,0.859
hbs,1.28
mtrB,1.1
gerCB,1.01
ndk,0.6398
aroF,1.09
aroH,0.9395
ypmP,1.46
ypmR,0.9058
ypmT,0.8557
ypoP,1.04
yppQ,1.57
yokA,0.9556
trpD,0.7603
trpF,0.7733
trpA,1.24
tyrA,1.05
ypiA,0.8953
ypiF,0.6055
yokC,1.17
yokE,1.16
yokG,1.32
yokI,0.9614
yokK,0.9614
yolA,1.21
mtrA,1.08
gerCA,0.8646
gerCC,0.8379
cheR,0.9301
aroB,0.9876
trpE,0.9092
ypmQ,0.8091
ypmS,0.82
ypnP,0.9051
yppP,1.36
ypqP,0.8278
yokB,1.0
trpC,0.71
trpB,0.8189
hisC,1.09
aroE,1.11
ypiB,0.8188
qcrA,0.3959
yokD,0.9485
yokF,0.9648
yokH,1.1
yokJ,0.7898
yokL,0.8029
yolB,1.22
yqgY,0.6759
yqhA,1.39
yqxL,1.31
comGB,1.05
comGD,0.9032
comGF,1.0
yqjQ,1.02
yqjS,0.8969
yqjV,0.9408
yqjW,1.13
yqjY,0.9964
yqkA,1.0
yqzE,1.03
yqxM,0.6658
cotN,0.496
sinI,0.7004
yqhH,1.5
yqhJ,1.05
yqkC,1.04
yqkE,1.07
yqkG,1.07
ansA,1.01
yqkI,1.13
yqkK,0.973
yqgZ,0.9688
yqhB,0.0
comGA,0.0
comGC,0.9887
comGE,1.05
comGG,0.9729
yqjR,1.06
yqjT,0.7614
yqzH,1.18
yqjX,1.17
yqjZ,0.9707
yqkB,0.9753
yqzG,0.9155
sipW,0.4742
sinR,0.8678
yqhG,1.03
yqhI,0.9406
yqhK,0.9287
yqkD,0.9797
yqkF,1.02
ansR,0.8007
ansB,0.8139
yqkJ,0.9906
spoIIM,1.2
yrpD,0.4545
aadK,0.7804
yrdB,0.0
yrdD,0.0
yrdF,0.0
azlC,0.7479
yqcJ,0.0
yqcL,0.7257
spoIVCA,0.9152
nucB,0.7531
yqeC,0.5758
yqeE,0.8018
brnQ,0.6725
gltR,0.0
czcD,0.0
yrdQ,0.0
yrkA,0.9126
blt,0.678
yqeG,0.7196
aroD,0.7311
yqeJ,0.7419
yqeL,0.7675
comER,0.8695
comEB,0.8696
yrpB,0.8963
yrdA,0.0
yrdC,0.6841
cypA,0.5845
azlB,0.8622
azlD,0.0
yqcK,0.0
yqcM,0.0
spoIVCB,0.975
yqeB,0.7214
yqeD,0.8521
yqeF,0.89
yrdK,0.0
yrdN,0.0
trkA,0.0
yrdR,0.8332
bltD,0.0
bltR,0.0
yqeH,0.8042
yqeI,0.7063
yqeK,0.7681
yqeM,0.7208
comEA,0.9718
comEC,0.9556
ysdC,1.05
araA,0.5239
araD,0.0
araM,0.4399
araP,0.0
abfA,0.6689
yrbB,0.8355
yrbD,0.72
yrzG,0.0
yrbE,0.4727
bofC,0.0
ruvB,1.07
ysfE,0.6469
ysfC,0.7115
ysfA,0.0
pheS,1.75
ysgB,0.8036
yshC,0.68
tgt,1.46
yrzE,0.0
spoVB,0.968
yrvB,0.8406
yrvC,0.5559
abnA,0.0
araB,0.6366
araL,0.0
araN,0.7543
araQ,0.0
cstA,0.0
yrbC,0.92
yrzH,0.0
yrzF,0.8451
csbX,0.661
ruvA,1.12
queA,1.53
ysfD,0.5742
ysfB,0.0
ysgA,0.688
pheT,2.01
yshB,0.6363
yshD,0.0
yrbF,1.07
yrbG,0.0
yrzD,0.804
secF,0.85
yrvD,0.5284
apt,0.9565
ytxO,0.8644
ytcB,0.0
ytdA,0.0
menF,1.04
ytxM,0.9868
menE,1.03
ytmQ,0.0
malS,0.8624
ytoP,0.8402
ytpP,0.7029
ytpS,0.6131
murC,0.8823
ytgA,0.9867
ytgC,1.01
ythB,0.6762
ytiA,1.55
ytjA,0.7344
ytkA,0.3105
ytxH,0.7679
aroA,1.21
ytxD,0.5916
acuC,0.4386
acsA,0.7121
rpsD,0.8644
ytcC,0.7921
ytcA,0.0
yteA,0.0
menD,0.7801
menB,1.37
ytfD,0.7872
ytnP,0.7243
ytzB,0.7974
ytoQ,0.5565
ytpR,0.7457
ytpT,0.6999
ytxG,0.6296
ytgB,0.9204
ytgD,0.7707
ythA,0.6015
ytiB,0.8171
ytjB,1.06
dps,0.8252
ytxJ,0.5825
ccpA,0.7425
ytxE,0.5784
acuA,0.0
tyrS,0.7325
yusU,1.01
yusS,0.5787
yusQ,0.7818
yusO,0.8113
yusM,0.8024
yusK,0.6166
yuxI,0.806
yukE,1.68
yukC,0.7876
yueC,0.6447
yueE,1.42
yuzE,0.0
yusI,1.21
yusG,1.0
yusE,0.8508
yusC,0.6761
yusA,0.7699
yurY,1.4
yueG,0.7452
yueI,0.9574
yueK,1.15
yuzC,0.69
comQ,1.13
comP,0.0
yusT,0.916
yusR,0.5335
yusP,0.9907
yusN,0.8026
yusL,0.0
yusJ,1.01
ald,0.5937
yukD,0.8812
yukB,0.7701
yueD,0.7127
yuzF,0.8262
yueF,0.7664
yusH,1.09
yusF,0.9261
yusD,0.7879
yusB,0.625
yurZ,0.604
yurX,1.46
yueH,0.931
yueJ,1.14
yuxH,1.17
degQ,1.05
comX,0.8618
comA,0.6887
yvoA,0.7732
nagA,0.9269
lgt,1.16
yvpA,0.5412
hisZ,0.8423
hisD,0.6855
tpi,0.9828
eno,1.02
yvbJ,0.9801
yvbH,1.05
yvbF,1.09
opuCB,1.55
hisH,0.6282
hisF,0.7259
yvcA,0.6017
yvzA,0.7286
yvcD,0.0
trxB,1.22
opuCD,0.8927
yvaZ,0.9795
yvaX,0.6516
yvaV,0.9197
opuBC,1.35
yvaQ,0.9801
nagB,0.6729
yvoB,1.06
yvpB,0.8373
hisG,0.7547
hisB,0.6139
pgm,0.9158
yvbK,0.6257
yvbI,0.6953
yvbG,1.01
opuCA,1.52
opuCC,1.34
hisA,0.6237
hisI,0.653
yvcB,0.797
yvcC,0.5699
yvcE,0.943
yvcI,0.989
yvbA,0.8062
yvaY,0.5798
yvaW,0.7135
opuBB,0.936
opuBD,0.0
yvaP,1.02
fbaA,1.51
murZ,0.6539
rpmE,1.06
ywkB,0.6022
ywkD,0.6285
ywkE,0.9156
ywrE,0.5355
cotG,0.0
cotB,0.8312
ywrK,0.7061
alsS,1.54
ywrO,0.9904
ywlA,0.4415
ywlB,0.7508
ywlE,1.02
ywlG,1.35
upp,0.8298
atpB,0.2518
ywsB,0.6927
rbsC,0.5862
rbsD,0.0
rbsR,0.5158
ywtA,0.5982
ywtC,0.5862
ywjH,0.7935
ywjI,0.5684
ywkA,1.09
ywkC,0.7089
prfA,1.33
ywkF,0.7382
ywrF,0.8605
cotH,0.0
ywrJ,0.0
alsR,0.5031
alsD,1.01
ywsA,0.5764
spoIIR,0.5525
ywlD,0.7124
ywlF,1.42
glyA,0.7496
atpI,0.2477
atpE,0.2588
rbsB,0.0
rbsA,0.5107
rbsK,0.4419
ywsC,0.5743
ywtB,0.4637
ywtD,0.9358
deaD,0.8513
yxiP,1.05
bglS,0.0
katB,0.9697
yxiT,0.5807
yxjB,1.37
ywcF,1.02
ywcH,0.8373
ywcI,0.5084
ywcJ,0.3756
sacA,0.5878
thiD,1.09
yxjD,0.9594
yxjF,0.0
yxjH,0.496
yxjJ,0.8995
yxjL,0.5903
yxjN,0.7182
ywdD,0.8483
ywdF,0.9535
ywdH,0.0
ywdJ,0.8719
ywdL,0.5749
spsB,0.5968
yxiO,0.0
licT,0.9795
yxiQ,0.0
yxiS,0.7931
yxjA,1.07
yxjC,0.6595
ywcG,1.36
vpr,0.773
sacT,0.5511
sacP,0.6134
ywdA,0.6716
ywdC,0.7165
yxjE,0.5543
yxjG,0.5259
yxjI,0.9237
pepT,0.8011
yxjM,0.7562
yxjO,0.6392
ywdE,0.6767
ung,0.8132
ywdI,0.7244
ywdK,0.5242
spsA,0.5405
spsC,0.0
rnpA,0.9838
jag,1.4
gidB,1.35
yydK,0.8412
bglA,0.8526
ahpC,2.03
gntP,1.34
gntR,0.6916
yxaB,1.3
yyaB,0.9885
spo0J,1.99
yyaD,0.9483
yyaF,1.52
ssb,1.39
exoA,0.7656
yxaD,0.9877
yxaF,1.05
yxaH,1.0
yxaJ,0.9201
yxaM,1.16
yxbB,1.4
rpmH,1.72
spoIIIJ,1.44
thdF,1.48
yyaA,1.49
yyzE,0.9618
ahpF,2.43
gntZ,0.0
gntK,0.4221
yxaA,1.09
yxaC,1.02
soj,1.62
yyaC,0.6903
yyaE,0.0
rpsF,1.16
rpsR,0.9079
yyaG,0.6855
yxnA,0.6459
yxaG,0.7999
yxaI,1.22
yxaL,0.7187
yxbA,1.25
yxbC,1.83
gltA,0.7664
ppsE,0.4354
ebrA,0.0
ymfG,0.7533
bpr,0.4471
cheV,0.7099
rho,0.6454
tagD,1.18
yvfE,0.2774
yvgP,0.0
yurC,0.0
aapA,1.03
spoIIS,0.9404
xtmB,0.777
yhjN,0.6876
yhaA,0.8179
yheJ,0.0
yfmB,0.8486
yqhQ,1.22
yosN,0.5652
pnpA,0.0
flhA,0.8613
fliP,0.7537
fruB,0.4588
ppsC,0.0
yngB,0.7167
pyrAB,0.6501
polC,0.724
pycA,1.31
ptsH,0.8596
tdk,0.5498
yvfC,0.3106
yvfK,0.6825
yusY,0.8496
ysnF,0.6896
lepA,1.14
xkdO,0.0
yirY,0.7376
yhfQ,0.6922
yhaQ,0.6186
yfkL,0.4697
yfnC,0.6709
spoIIIAG,0.0
yojG,1.13
flhF,0.914
flhB,0.8081
cheY,0.9427
moaD,0.8176
hprT,1.88
yvoF,0.7559
yvdS,0.7407
sacB,0.653
ffh,0.7925
ssuC,0.0
yvfP,0.7003
ctc,1.6
ppsB,0.0
yvgR,0.8567
ydjK,0.0
spoIIE,0.0
ywbL,0.7004
sigL,0.5727
yacA,1.89
yvdR,0.4455
yveB,0.0
yqxK,0.0
yhaR,0.897
pnbA,0.5465
ytnM,0.5747
prs,1.39
ykoW,0.5761
cotA,0.0
ydjA,0.7372
hutH,0.3408
secA,0.9181
ybaS,1.64
ybaN,1.25
gerD,1.49
cwlD,1.17
ybaJ,1.28
rplM,0.9973
gcaD,1.6
yabJ,1.2
yabH,1.5
veg,1.66
ksgA,1.74
ybaF,0.9666
ybxA,0.7649
rpoA,0.8838
rpsM,0.7425
infA,0.7528
adk,0.8356
abrB,1.51
yazA,1.56
yabA,2.0
holB,1.84
yaaQ,1.58
ybaR,1.25
kbaA,1.39
ybaL,1.62
ybaK,1.76
rpsI,1.05
truA,1.1
spoVG,1.54
purR,1.34
sspF,1.33
yabG,1.55
yabF,1.36
ybaE,0.7628
rplQ,0.7708
rpsK,0.7617
rpmJ,0.7333
map,0.7844
secY,0.8905
yabC,1.45
yabB,1.45
yaaT,1.78
yaaR,1.46
tmk,1.31
ycnG,0.0
yczG,1.18
ycnD,0.9635
yclQ,1.03
yclO,1.08
yclM,1.49
rapJ,1.42
ycdC,1.28
natB,1.83
yccH,1.75
yccF,1.11
yczB,1.97
yclK,1.29
yclI,1.88
gerKB,1.04
gerKA,2.35
yclE,0.8443
yclC,2.42
cwlJ,1.59
ycbO,1.66
ycbL,1.82
yczA,1.22
ycbH,1.54
ycbF,1.27
ycnF,1.46
ycnE,1.14
ycnC,1.64
yclP,1.01
yclN,1.61
rapC,2.0
ycdD,1.69
ycdA,1.34
natA,1.68
yccG,1.49
lipA,0.6467
phoD,1.41
yclJ,1.29
yclH,1.32
gerKC,1.86
yczF,1.34
yclD,2.49
yclB,1.39
ycbP,1.16
ycbN,1.11
ycbK,1.03
ycbJ,1.23
ycbG,1.14
ycbE,1.3
ydiF,1.38
ydiD,0.8403
ydiB,0.9396
ydhU,2.69
ydhS,2.28
ydhQ,1.83
yddF,4.85
yddC,2.2
yddA,3.16
ydcS,3.54
ydcQ,1.26
ydcO,1.63
ydhO,1.48
ydhM,2.31
ydhK,2.01
ydhI,3.41
ydhG,1.77
ydhF,3.69
ydcN,1.96
ydcL,1.81
ydcH,2.0
ydcF,1.62
sigB,1.27
rsbU,1.32
ydiE,0.9957
ydiC,1.03
ydiA,1.09
ydhT,2.58
ydhR,1.36
ydhP,2.98
yddD,5.07
yddB,3.81
ydcT,2.17
ydcR,2.02
ydcP,2.11
sacV,1.62
ydhN,2.12
ydhJ,1.77
ydhH,1.65
phoB,1.89
ydhE,1.21
ydcM,1.64
ydcK,0.0
ydcG,1.46
rsbX,1.2
rsbW,1.13
rsbT,1.28
yfjF,1.42
acoR,0.9831
acoC,1.87
acoA,1.65
yfjM,0.9253
yfjO,1.08
yesT,1.6
yesR,1.66
yesP,1.62
yesM,1.51
yesK,1.63
cotJB,1.79
yfjQ,2.79
yfjS,1.45
yfkA,1.58
yfkC,1.6
yfkE,2.01
yfkJ,1.52
yesF,3.12
yeeK,2.11
rapH,1.11
yezA,1.45
yeeC,1.49
yeeA,0.0
yfjU,1.66
acoL,1.65
acoB,2.08
yfjL,1.56
yfjN,1.53
yfjP,1.94
yesS,0.4902
yesQ,3.6
yesO,3.07
yesL,1.91
yesJ,1.28
cotJA,1.9
yfjR,1.7
yfjT,0.0
yfkB,1.22
yfkD,2.4
yfkH,2.21
yfkK,1.2
yesE,1.32
yeeI,0.0
yeeG,2.33
yeeD,1.27
yeeB,1.07
yefC,1.71
yhfD,1.17
yhfB,1.14
yhgD,1.08
hemH,0.7261
pbpF,1.08
yhgB,1.32
yhcN,3.02
yhcL,1.07
yhcJ,1.31
yhcI,1.32
yhcG,1.45
yhcE,1.76
ecsC,1.13
ecsA,1.19
serC,1.24
yhaH,1.5
yhaI,1.27
yhaK,1.45
yhcB,2.3
yhbJ,1.76
yhbH,1.8
yhbF,1.12
yhbD,1.29
yhbA,1.3
yhfC,1.34
yhgE,1.09
hemY,0.8499
hemE,0.7147
yhgC,1.49
yhfA,1.39
yhcM,0.8752
yhcK,1.66
cspB,1.7
yhcH,1.14
yhcF,1.23
yhcC,1.77
ecsB,1.15
hit,1.09
yhaG,1.09
hpr,1.5
yhaJ,0.9762
prsA,1.04
yhcA,1.55
yhbI,1.45
prkA,1.47
yhbE,1.06
cspR,0.3519
yhzB,1.37
yjkA,1.25
yjiC,1.41
yjiA,1.39
yjhA,0.6554
yjgB,2.04
yjfC,1.85
carA,0.3856
argB,0.4957
argC,0.4029
yitY,1.51
yitW,1.66
yitU,1.42
yjfA,1.62
cotT,1.74
yjdJ,1.58
yjdG,1.78
yjdE,1.69
yjdC,1.74
yitT,1.8
nprB,1.31
yitQ,2.14
yitO,1.09
yitM,1.11
yitK,1.46
yjjA,1.42
yjiB,1.78
yjhB,1.23
yjgD,0.9892
yjgA,1.58
yjfB,1.11
argD,0.6114
argJ,0.4703
yitZ,0.0
yitX,1.43
yitV,1.35
ipi,1.92
yjeA,1.23
yjdK,0.4548
yjdI,1.47
yjdF,1.4
yjdD,1.67
yjdB,2.08
yitS,1.24
yitR,1.28
yitP,1.25
yitN,1.27
yitL,1.51
yitJ,0.4198
yknV,1.03
moaE,1.1
moeA,1.09
mobA,1.0
ykuV,1.12
ykuT,0.9642
ykoE,0.7003
ykoC,0.5836
ispA,1.47
yknA,0.7099
ykmA,1.4
proA,0.9068
ykuR,1.08
ykuP,1.66
ykuN,1.69
ykuL,2.05
ykuK,1.49
ykuI,1.62
ykkE,1.76
ykkC,1.28
ykkA,1.53
ykzH,1.29
ykhA,1.69
ykgB,1.62
yknU,0.0
mobB,1.32
moeB,1.15
ykuW,1.0
ykuU,1.12
ykuS,1.03
ykoD,0.6666
ispU,1.09
metC,0.0
ykzA,2.65
yklA,0.7344
proB,0.9761
ykuQ,1.35
ykuO,1.29
ykuM,0.9504
ykzF,1.29
ykuJ,1.43
ykuH,1.41
ykkD,1.21
ykkB,1.03
ykjA,2.11
hmp,1.65
ykgA,2.0
ykfD,0.9114
fliR,0.9402
fliZ,0.9811
fliM,0.9788
flgE,0.9665
fliK,0.8994
fliJ,0.8963
ylmA,1.4
sigE,1.62
ftsZ,1.06
sbp,0.9894
ylxW,0.9845
murB,0.9861
fliH,1.06
fliF,1.08
flgC,1.06
codY,0.6973
clpQ,0.6519
gid,0.6604
spoVE,1.51
mraY,1.07
pbpB,0.7568
ylxA,0.7354
yllA,1.43
ylbP,1.46
fliQ,0.9261
fliY,1.02
fliL,1.22
ylxG,0.9494
ylxF,1.01
fliI,1.04
sigG,0.0
spoIIGA,2.32
ftsA,1.02
ylxX,1.03
divIB,0.9634
murG,0.8558
fliG,0.9848
fliE,0.9652
flgB,1.0
clpY,0.5102
codV,0.6339
topA,0.7495
murE,0.7905
ftsL,0.6233
yllB,0.6368
ylbQ,1.41
ylbO,0.9664
yoxD,1.87
proH,0.9412
gltC,1.09
yogA,0.7585
ggt,0.707
yoeC,0.8623
glnR,0.5481
ynbA,0.8194
cwlC,0.8683
nrdF,0.7476
ymaA,0.7787
ymzC,0.9254
yoeA,1.06
pbp,0.8344
yngK,1.04
yngJ,1.53
yngH,1.71
yngF,2.26
miaA,1.54
ymaG,1.8
ymaD,1.53
aprX,1.24
ymzB,1.1
pksN,0.8892
rtp,1.08
proJ,0.9827
gltB,0.6787
yofA,0.8849
yoeD,0.9125
yoeB,1.61
ynbB,0.7993
spoVK,1.19
ymaB,0.5776
nrdE,0.7283
ymzA,1.05
ymaH,0.8955
yoxA,0.8582
yngL,0.9865
ynzE,1.38
yngI,1.25
yngG,1.47
yngE,0.7392
ymaF,1.24
ebrB,1.13
ymaC,1.96
ymaE,1.31
pksS,0.9022
pksJ,0.0
yoqR,0.0
yoqT,0.9812
yoqV,1.67
yoqY,1.82
yorA,1.04
yorC,2.68
yojC,1.25
yojF,1.31
yojI,1.34
yojK,1.54
yojM,0.9387
yojO,1.06
yorE,1.24
yorG,3.17
yorI,1.51
yorK,3.0
yorN,1.49
yorP,1.53
yocS,2.33
sodF,2.12
dhaS,0.9533
yozO,0.8333
yozN,1.13
yocL,1.16
yoqS,1.49
yoqU,1.1
yoqW,0.0
yoqZ,0.0
yorB,5.01
yorD,1.31
yojE,1.42
yojH,1.45
yojJ,2.38
yojL,0.8838
yojN,1.07
odhB,0.8737
yorF,1.19
yorH,1.64
yorJ,0.0
yorM,0.0
yorO,0.8586
yorQ,0.9131
yocR,1.57
sqhC,0.7201
yozC,1.59
yocN,0.8049
yocM,0.7582
yocK,0.8795
qcrC,0.3435
ypjB,1.0
ypjD,0.8597
ypjF,0.8805
ypjH,0.8364
birA,0.732
yolC,0.9193
uvrX,1.33
sunA,1.18
yolI,0.5877
yolK,0.6169
yomB,1.52
panC,0.8271
ypmB,0.9056
asnS,1.28
nth,0.9925
yppB,1.06
yomD,0.0
yomF,0.0
yomH,0.0
yomK,1.31
yozP,1.16
yomN,1.07
ypjA,1.05
ypjC,0.8401
dapB,0.9314
ypjG,0.8657
papS,0.9093
panB,0.7119
yolD,2.35
yolF,1.53
sunT,0.7761
yolJ,0.575
yomA,0.925
yomC,0.9233
panD,0.6142
ypmA,0.0
aspB,0.8835
dnaD,0.8403
ypoC,0.7899
yppC,0.9207
yomE,1.67
yomG,0.7776
yomJ,1.21
yomL,1.04
yomM,1.86
yomO,1.52
yqhL,0.8648
yqhN,1.04
yqhP,0.4527
yqhS,0.8846
efp,1.15
spoIIIAA,0.8172
yqkL,1.69
drm,1.01
dacF,0.906
spoIIAB,0.836
spoVAA,2.08
spoVAC,1.81
spoIIIAC,0.7876
spoIIIAE,1.21
spoIIIAH,1.16
accC,1.17
yqhZ,0.7549
yqiB,0.7516
spoVAE,2.65
lysA,1.56
ppiB,1.3
ypuB,1.1
ypzC,1.22
ypuD,1.08
yqhM,1.19
yqhO,1.01
yqhR,0.0
yqhT,1.12
yqhV,0.0
spoIIIAB,1.1
ripX,1.05
pnp,0.9813
spoIIAA,0.836
sigF,0.8283
spoVAB,0.9973
spoVAD,1.19
spoIIIAD,0.0
spoIIIAF,1.07
accB,0.9503
yqhY,0.9254
folD,0.6677
yqiC,0.5727
spoVAF,0.8476
ypuA,0.8951
ypzD,0.0
ypuC,1.13
sipS,1.16
ypuE,1.27
yrkB,0.4717
yrkD,0.552
yrkF,0.0
yrkH,0.0
yrkJ,0.9581
yrkL,0.6409
yqeN,1.06
gpr,0.6127
yqxA,0.8014
dnaK,1.01
yqeT,0.7437
yrkN,0.0
yrkP,0.0
yrkR,0.0
spoIIIC,1.1
yqaC,0.0
yqaF,0.9343
yqeV,0.0
rpsU,1.47
yqeZ,0.0
yqfB,0.7482
yqfD,0.8428
yqfF,0.8282
yrkC,0.0
yrkE,0.0
yrkG,0.0
yrkI,0.0
yrkK,0.0
yrkM,0.6997
rpsT,1.29
spoIIP,0.0
hemN,0.8066
grpE,0.8518
dnaJ,0.8296
yqeU,0.7199
yrkO,0.4913
yrkQ,0.0
yrkS,0.7179
yqaB,0.0
yqaE,1.04
yqdA,0.0
yqeW,0.7183
yqeY,1.48
yqfA,0.87
yqfC,0.0
phoH,0.8482
yqfG,0.6505
yshE,0.6012
ysiA,0.4465
etfB,0.4794
xsa,0.6608
uvrC,1.71
lysC,0.629
relA,1.14
yrvJ,0.7569
hisS,0.7333
yrvM,0.6371
yrzC,0.6548
yrvP,0.8974
sdhC,0.8279
sdhB,0.7683
gerE,0.4412
racE,0.8979
rph,1.01
ysnB,0.9103
yrrB,0.9168
yrrD,0.0
glnM,0.0
glnQ,0.0
yrzB,0.92
lcfA,0.0
ysiB,0.5716
etfA,0.6847
trxA,0.8734
ask,0.9718
yslB,0.4738
yrvI,0.9074
yrzK,0.6217
aspS,0.9066
yrvN,0.9295
yrvO,0.9401
yrrA,0.8338
sdhA,0.8582
ysmA,0.3861
ysmB,0.0
gerM,0.4527
ysnA,1.03
ysnE,0.0
yrrC,0.0
glnP,0.3938
glnH,0.5463
yrrI,0.6827
yrrK,0.8636
yrrL,0.0
ytkC,0.0
ytlC,0.6481
ytlA,0.6104
ytmB,1.23
metK,0.9644
ytnA,0.6328
ytsP,0.6167
ytwP,0.939
nifZ,0.7099
sspA,0.0
ytcJ,0.9352
yteI,0.7216
ytpA,0.8922
ytqA,0.8642
ytrA,0.4737
ytrC,0.47
ytrE,0.5553
ytsA,0.7133
ytfI,0.0
ytxK,1.07
moaB,0.5624
argH,0.401
ytkK,0.5817
ytlI,0.7055
ytlD,0.8867
ytlB,0.0
ytmA,0.6753
pckA,0.9157
asnB,0.8835
ytoA,0.6108
ytvP,1.56
braB,1.02
ytbJ,0.7819
ytcI,1.03
ytdI,1.13
yteJ,0.5231
ytqB,0.6148
ytzC,0.7121
ytrB,0.76
ytrD,0.7379
ytrF,0.5103
ytsB,0.662
ytgI,1.4
ackA,0.8985
argG,0.3465
ytzD,0.3327
ytkL,0.5968
ytmI,0.6085
yurW,1.85
yurU,1.67
yurS,0.6365
yurQ,0.7823
yurO,0.2483
yurM,0.3746
yufB,0.6174
yufD,0.5933
yufU,0.7121
yufS,0.9258
yufQ,0.6558
yufO,0.9296
yurK,0.5796
yurI,0.7036
yurF,1.03
yurD,0.0
yunM,0.8691
yunK,1.01
yufM,0.7868
yuxK,1.29
yuxJ,0.4943
kapB,0.8822
patB,0.8252
yugF,0.5903
yurV,1.37
yurT,0.8561
yurR,0.8566
yurP,0.4724
yurN,0.2876
yurL,0.3218
yufC,0.5676
yufV,0.6045
yufT,0.8153
yufR,0.6428
yufP,0.6094
yufN,1.09
yurJ,0.4317
yurH,0.7087
yurE,0.0
yurB,0.7169
yunL,0.522
yunJ,0.5438
yufL,0.9015
pbpD,0.0
kapD,0.6514
kinB,0.7848
yugE,1.04
yugG,1.02
yvcJ,1.09
yvcL,0.9019
yvcN,0.99
yvcQ,0.7857
yvcS,0.7823
yvdA,0.69
yvaO,1.06
yvzC,0.0
yvaL,1.31
yvaJ,0.0
yvaG,0.8727
yvaE,1.09
yvdC,0.4676
yvdE,0.7421
yvdG,0.0
yvdI,0.9308
yvdK,0.0
yvdM,0.812
yvaC,0.0
yvaA,0.9249
yvgY,0.9911
yvgW,0.0
yvgU,0.7248
yvgS,0.8239
yvcK,1.01
crh,0.87
yvcP,0.7415
yvcR,0.858
yvcT,1.29
yvdB,0.6717
yvaN,1.19
yvaM,0.6804
yvaK,0.0
yvaI,1.05
yvaF,1.02
yvaD,0.9231
yvdD,0.6382
yvdF,0.5229
yvdH,0.0
yvdJ,0.5864
yvdL,0.4842
clpP,0.9887
yvaB,0.0
yvgZ,0.8473
yvgX,0.0
yvgV,0.0
yvgT,0.7232
yvgQ,0.6694
atpF,0.2962
atpA,0.3119
atpD,0.3908
ywmA,0.8483
ywmB,0.5067
spoIID,0.4877
ywtE,1.17
ywtG,0.6018
gerBB,0.7458
pmi,0.8353
tagC,1.05
tagA,0.9453
ywmE,0.0
narA,1.23
ywmF,0.0
ureA,0.5591
ureC,0.5843
ywnB,0.7649
tagF,0.0
ggaA,0.8535
lytR,1.42
lytC,1.0
tuaB,0.7447
tuaD,0.5979
atpH,0.2658
atpG,0.2943
atpC,0.3817
ywzB,0.2984
murA,0.7476
ywmC,0.6539
ywtF,1.38
gerBC,0.8808
gerBA,0.0
lytD,0.0
tagB,0.7211
tagE,0.0
narQ,1.1
rapB,1.18
ywmG,0.0
ureB,0.4534
ywnA,0.5206
ywnC,0.823
tagG,0.0
yvyH,1.2
lytB,0.9416
tuaA,0.0
tuaC,0.5426
tuaE,0.551
yxkA,0.5151
yxkC,2.12
aldY,0.6015
msmX,1.25
yxzE,0.655
yxkJ,0.8723
spsD,0.6107
spsG,0.0
spsJ,0.6046
yweA,0.8383
rocA,0.7438
rocC,0.4874
cydB,0.0
cydD,0.0
yxlA,0.0
yxlC,0.7459
yxlE,0.6484
yxlG,0.8276
ywfB,0.5789
ywfD,0.5886
ywfF,0.5754
ywfH,0.8614
pta,1.34
ywfL,0.8791
galE,1.04
yxkD,0.6801
yxkF,0.62
yxkH,0.6399
yxkI,0.7108
cydA,0.1975
spsE,0.4885
spsI,0.7566
spsK,0.8503
yweB,0.7409
rocB,0.6003
ywfA,0.5768
cydC,0.0
yxkO,0.536
sigY,0.5664
yxlD,0.5204
yxlF,0.6839
yxlH,0.617
ywfC,0.5337
ywfE,0.5054
ywfG,0.4907
ywfI,0.675
ywfK,0.7473
ywfM,0.6612
yyaH,0.7437
yyaJ,0.9008
yyaL,1.04
yyaN,0.7195
tetL,0.8654
yyaP,1.19
yxbD,1.38
yxbF,0.7993
yxcA,0.977
yxcC,0.9992
yxcE,1.46
iolR,0.7549
yyaR,0.0
yyaT,0.8162
yybB,0.9171
yybD,0.9026
yybF,0.5596
yybI,0.847
iolB,0.9222
iolD,0.9257
iolF,0.8478
iolH,0.6424
iolJ,0.706
yxdK,0.7006
yyaI,0.6618
yyaK,1.39
yyaM,0.0
yyaO,0.7141
tetB,0.0
yyaQ,0.9067
aldX,1.49
yxbG,1.49
htpG,1.41
yxcD,1.01
iolS,1.11
iolA,0.6227
yyaS,0.0
yybA,0.8395
yybC,0.745
yybE,0.5885
yybG,0.69
yybJ,0.9085
iolC,0.656
iolE,0.5768
iolG,0.7142
iolI,0.7313
yxdJ,0.7414
yxdL,0.8456
yeeF,0.0
purQ,0.4266
ydgJ,0.8034
pbpC,1.0
srfAC,0.7956
ycgI,0.0
yknT,0.0
ptsI,0.0
ykvU,0.0
ykzE,0.0
yjdH,0.5513
yhdN,0.8217
yczC,0.3817
lmrA,0.0
ybgB,0.8908
ybdD,0.6961
fus,1.07
yfiX,0.0
yfkF,0.0
treA,0.0
yflP,0.4111
yesY,0.6086
yddN,0.445
yerP,0.6595
ydjD,0.0
yddE,0.0
yclG,0.7084
nasB,1.28
ycdB,0.0
patA,1.45
ykvW,1.57
ykrP,0.9086
ykoY,0.6778
yhaP,0.7511
yhbB,0.8018
yccC,0.0
ybgE,1.2
ybgA,0.9392
rpmD,0.6421
rpoB,0.8737
clpC,0.8929
yfiB,0.0
yfkI,0.6848
yflH,1.19
yetM,0.8383
cotJC,0.0
yddK,0.0
yabD,1.1
yurG,0.0
ytqD,0.0
acuB,0.0
dnaE,1.14
levR,0.6719
yqzC,1.2
yaaO,1.39
ypbG,0.6669
ypvA,0.7796
cgeB,1.16
yloB,0.0
glcT,0.6226
yjcD,1.14
metS,1.63
ythC,0.4642
ytpB,0.0
ytoI,0.0
yrhJ,0.5416
yqxH,0.6824
bmrU,0.0
yaaN,1.55
qcrB,0.4064
yosO,0.0
ylqF,0.6028
spoVD,0.5847
yjgC,0.4839
yjaX,0.8804
rplO,0.8648
rplR,0.7813
rpsH,0.7933
rplE,0.6811
rplN,0.7642
rpmC,0.7165
xpaC,1.8
bofA,1.62
recR,1.64
dnaX,1.68
yaaI,1.79
rpsC,0.7954
rpsS,0.8279
rplW,0.8677
rplC,0.9541
ybaC,1.5
rpsG,1.02
serS,1.49
yaaD,1.17
guaB,1.83
gyrB,1.97
recF,2.13
rpsE,0.7637
rplF,0.7165
rpsN,0.6827
rplX,0.725
rpsQ,0.6838
rplP,0.7617
csfB,1.32
yaaL,1.61
yaaK,1.76
yaaJ,2.23
yaaH,1.2
rplV,0.7459
rplB,0.8182
rplD,0.8177
rpsJ,0.8739
tufA,1.18
rpsL,0.9348
yaaE,1.07
dacA,0.9303
yaaC,1.66
yaaB,1.61
yaaA,1.55
yclA,1.76
yckJ,0.945
yczE,1.28
ycxD,1.27
ycxB,1.07
srfAD,0.9407
ycbD,1.75
ycbA,1.85
ybgH,2.32
ybgF,1.1
ybfP,1.38
ybfN,0.852
yckH,1.28
yckF,1.23
nucA,1.27
yckE,1.14
yckC,1.35
yckA,1.5
ybfM,1.7
ybfK,1.53
purT,1.21
ybfH,1.38
ybfF,1.77
ybfB,0.9625
yckK,0.9847
yckI,0.8875
sfp,1.25
ycxC,1.19
ycxA,1.05
comS,0.6743
ycbB,1.25
ybgJ,1.82
ybgG,1.58
ybfT,1.45
ybfO,1.35
psd,1.23
yckG,1.15
tlpC,0.9534
nin,1.1
yckD,1.19
yckB,1.03
yciC,0.8876
pssA,1.3
ybfJ,1.51
ybfI,1.33
ybfG,1.05
ybfE,1.33
ybfA,1.14
ydhD,1.66
ydgK,1.84
ydgH,1.02
dinB,5.06
expZ,1.44
ydgD,1.22
rsbS,1.36
ydcE,1.27
dal,1.37
ydcB,1.3
ydbS,1.08
murF,0.9861
ydgB,3.9
ydfT,3.05
ydfR,3.68
ydfQ,1.88
ydfO,3.27
ydfM,0.0
ydbP,2.04
ydbM,1.35
ydbK,1.78
ydbI,1.47
ydbF,1.32
ydbD,1.5
ydhC,1.61
ydgI,1.63
ydgG,1.6
ydgF,1.51
ydgE,1.39
ydgC,1.11
rsbR,1.68
ydcD,1.22
ydcC,1.38
ydbT,1.09
ydbR,1.07
ddlA,1.32
ydgA,2.05
ydfS,2.52
ydzH,2.04
ydfP,1.62
ydfN,2.39
ydfL,2.56
ydbN,1.06
ydbL,0.9841
ydbJ,1.23
ydbG,1.08
ydbE,1.47
ydbC,1.36
yfkM,1.21
treR,1.46
yfkQ,1.77
yfkS,1.36
yflA,2.0
yflC,1.15
yefB,1.93
yerQ,0.9743
yerN,1.15
yerL,1.13
sapB,1.22
yerH,1.35
yflE,1.03
yflG,1.58
yflJ,1.02
yflL,1.0
yflN,0.0
citT,2.11
yerF,1.53
yerD,2.46
yerA,1.23
yezC,1.04
purH,0.399
purM,0.3771
yfkO,1.55
treP,0.9039
yfkR,1.66
yfkT,0.0
yflB,1.59
yflD,1.58
yefA,1.09
yerO,1.25
yerM,1.05
opuE,1.76
yerI,1.11
yflF,1.18
yflI,0.9466
yflK,1.44
yflM,1.07
citM,1.69
citSc,0.0
yerE,1.38
yerB,1.03
yecA,1.07
purD,0.4341
purN,0.4364
purF,0.389
yhaL,1.01
yhaN,1.16
yhaS,1.11
yhaU,1.27
yhaW,1.25
yhaY,1.14
ygaO,0.858
ygaN,1.58
ygbA,2.69
katA,3.31
ygaK,1.64
ygaJ,1.15
yheA,1.12
yheD,1.36
sspB,1.74
yheG,1.27
yheK,2.0
yheN,1.44
ygaI,1.29
ygaH,1.42
ygaF,1.47
ygaE,1.56
ygaC,1.52
sspE,1.18
yhaM,1.35
yhaO,1.71
yhaT,1.39
yhaV,1.09
yhaX,2.3
yhaZ,3.39
yhzA,1.21
ygcA,1.48
ygaL,1.28
senS,1.78
thiA,1.28
ygzA,1.04
yheB,1.32
yheE,1.35
yheF,1.43
yheI,2.38
yheM,1.35
yhdZ,1.17
ygxA,1.5
ygaG,1.48
gsaB,1.24
ygaD,1.06
ygaB,1.05
yfhR,1.1
yjdA,1.09
yjcR,1.23
yjcP,1.45
yjcN,1.55
yjcL,0.8437
yjcJ,0.5778
yitI,1.3
yitG,1.54
yitE,1.41
yitC,2.53
yitA,1.07
yisX,1.6
yjcH,1.1
yjcF,1.11
yjcC,3.29
yjcA,1.58
cotW,2.67
cotY,1.86
yisV,2.87
yisT,1.47
degA,1.68
yisQ,1.55
yisO,2.13
yjcS,1.27
yjcQ,1.52
yjcO,0.0
yjcM,1.2
yjcK,1.34
yjcI,0.6676
yitH,1.37
yitF,1.1
yitD,1.56
yitB,1.2
yisY,2.84
yisW,1.27
yjcG,0.9288
yjcE,1.59
yjcB,1.88
cotV,2.6
cotX,2.67
cotZ,3.08
yisU,2.13
yisS,2.05
yisR,1.04
yisP,1.19
yisN,1.16
yisL,1.07
ykuG,0.0
ykuE,1.18
ykuC,1.13
kinA,0.7656
ykwD,1.47
ykwB,1.42
ykfC,0.8989
ykfA,1.05
dppD,0.9327
dppB,1.21
ykeA,1.68
ykcC,1.33
splA,1.17
ykvZ,1.31
ykvV,1.48
ykvS,1.7
ykvQ,3.12
ykvO,2.13
ykcA,1.5
ykaA,1.33
spoIISA,1.58
xhlB,1.1
xkdY,1.63
xkdW,1.22
ykuF,1.23
ykuD,1.4
ykyB,1.25
ykwC,0.8995
splB,1.35
ykfB,1.03
dppE,0.9184
dppC,0.0
dppA,1.62
htrA,1.38
ykcB,0.7635
ptsG,0.533
ykvY,1.35
ykvT,1.05
ykvR,1.65
ykvP,1.93
ykvN,1.08
ykbA,1.06
ykaB,1.22
xlyA,1.06
xhlA,0.9258
xkdX,0.9345
xkdV,0.5829
smf,0.7559
sucC,1.01
ylqG,0.0
rplS,1.29
ylqE,0.0
ylqC,1.15
rpmF,0.9954
ylbM,1.26
ylbK,1.24
ylbI,1.12
ylbG,1.19
ylbE,1.41
ylxM,0.7313
ftsY,0.9382
rncS,0.7139
fabG,0.7696
plsX,0.7638
ylpB,0.8698
ylbC,1.54
ylbA,0.8158
ctaF,0.6472
ctaD,0.6194
ctaB,0.651
ylaO,1.16
sucD,0.8517
ylqH,0.9564
rnh,1.02
trmD,0.724
ylqD,0.7817
rpsP,1.05
ylbN,0.9915
ylbL,1.17
ylbJ,0.9807
ylbH,1.0
ylbF,1.25
ylbD,1.34
ylqB,1.13
acpA,0.8698
fabD,0.6888
ylpC,0.751
ylpA,0.874
ylbB,1.19
ctaG,0.6816
ctaE,0.7145
ctaC,0.3036
ctaA,0.3277
ylaN,1.42
yngD,0.895
yngA,0.711
ynfF,1.1
bglC,0.9921
ynfC,1.76
grlB,0.9935
pksI,0.5664
pksG,0.7237
pksE,0.0
pksC,0.7675
pksA,1.15
mutL,0.8581
yneS,1.04
yneQ,1.13
tlp,1.13
citB,0.0
cotL,1.73
yneK,1.6
cotE,0.6934
ymcB,0.9876
tdh,1.73
ymdB,0.8645
pbpX,0.9365
cinA,0.9334
yngC,1.18
xynD,0.8813
ynfE,0.7786
alsT,0.6673
grlA,0.9296
yneT,1.55
pksH,0.852
pksF,0.731
pksD,0.6292
pksB,0.0
ymcC,1.07
mutS,0.8793
yneR,1.12
yneP,0.9571
yneN,0.8572
cotK,0.8999
cotM,0.9179
yneJ,1.47
ymcA,0.861
kbl,0.8018
spoVS,1.05
ymdA,0.8932
recA,1.98
pgsA,0.8016
yorR,1.04
yorT,0.7222
yorV,0.7672
yorX,0.5906
yorZ,0.8536
yosB,1.0
yocJ,1.06
yocH,1.29
yocF,1.36
yocD,1.04
yocB,1.32
yocA,1.01
yosD,2.12
yosF,1.02
yosH,1.62
yosJ,1.15
yosL,1.21
yosP,0.7769
yobW,0.8907
yobU,1.7
yobS,1.17
yobQ,1.29
yobO,1.03
yobM,1.26
yorS,0.0
mtbP,0.9059
yorW,1.02
yorY,1.0
yosA,0.9196
yosC,1.08
yocI,1.07
yocG,1.49
yocE,0.8414
yocC,1.17
yozB,0.3584
yozA,0.9177
yosE,1.9
yosG,1.29
yosI,0.9869
yosK,1.51
yosM,1.02
yosQ,1.79
yobV,1.12
yobT,0.9467
yobR,1.05
csaA,0.9098
yobN,0.7626
yobL,0.8628
yppD,0.8115
yppF,1.48
ypqE,1.17
yprB,1.84
ypsA,1.51
ypsC,0.9115
yomP,1.08
yomR,1.69
yomT,1.01
yomV,1.73
yomX,1.39
yomZ,1.12
kduD,0.9833
kdgR,0.7496
kdgA,1.33
ypwA,0.9307
pbuX,0.6597
ypbQ,0.9192
yonB,1.47
yonD,0.0
yonF,2.0
yonH,0.0
yonK,1.49
yonO,0.7864
yppE,0.972
yppG,0.0
cotD,1.19
ypsB,1.25
yptA,0.6341
yomQ,0.74
yomS,1.65
yomU,2.0
yomW,1.23
yomY,0.8968
yonA,1.98
kduI,0.8708
kdgK,0.7623
kdgT,1.0
xpt,0.673
bcsA,1.12
ypbS,0.9599
yonC,1.33
yonE,1.15
yonG,1.83
yonI,0.9194
yonN,0.9725
yonP,0.8379
yqiD,0.0
yqxC,0.8696
recN,0.7334
spo0A,1.01
yqiH,0.8435
yqiK,1.14
ribG,0.0
ribA,1.57
ribT,1.26
ypuG,0.6281
ypuI,0.6255
spmA,1.4
mmgB,0.8871
mmgD,0.6866
yqiQ,0.7685
yqiR,0.7461
yqiT,0.3849
yqiV,0.3579
ypuL,0.777
resB,0.2862
resD,0.2842
sigX,0.8147
aroC,1.01
ypzE,1.21
yqiE,0.9728
ahrC,0.67
spoIVB,0.5662
yqiG,0.9131
yqiI,0.8987
ribB,1.58
ribH,1.37
ypuF,0.8864
ypuH,0.5156
dacB,1.93
spmB,2.21
mmgC,0.921
mmgE,0.7499
yqzF,0.8044
yqiS,0.5021
yqiU,0.6496
bfmBAA,0.4218
resA,0.3306
resC,0.3101
resE,0.3012
ypuN,0.7781
serA,1.14
ypaA,1.61
yqaG,0.5566
yqaI,0.0
yqaK,0.7441
yqaM,0.6902
yqaO,0.0
yqaQ,0.0
dgkA,0.6187
bex,0.6832
glyQ,0.0
yqzB,0.6551
yqxD,0.7143
sigA,0.7671
yqaS,0.0
yqbA,0.8231
yqbC,0.0
yqbE,0.6912
yqbG,0.0
yqbI,0.6591
yqfN,0.7915
yqfP,0.8252
yqfR,0.825
yqfT,0.5258
yqfV,0.7633
yqfX,0.9273
yqaH,0.0
yqaJ,0.7317
yqaL,0.0
yqaN,0.0
yqaP,0.7819
yqaR,0.5549
cdd,0.5272
yqxN,0.5878
glyS,0.7606
yqfL,0.7084
dnaG,0.6439
cccA,0.592
yqaT,0.9999
yqbB,0.0
yqbD,0.5937
yqbF,0.0
yqbH,0.0
yqbJ,0.774
yqfO,0.6819
yqfQ,0.558
yqfS,0.8203
yqfU,0.5623
yqfW,0.6145
yqfZ,0.6806
ysnD,0.5624
ilvN,0.0
leuA,0.6165
leuC,0.0
ysoA,0.8393
clpX,1.29
yrrM,0.5327
yrrO,0.7697
greA,0.8107
yrrS,0.6798
yrrT,0.6353
yrhA,0.6523
ysxD,0.5374
hemX,0.602
hemD,0.594
hemL,0.0
ysxE,0.0
yrhD,0.6372
yrhG,0.0
yrhH,0.0
yrhK,0.0
yrhM,0.0
yrhO,0.9707
ilvB,0.8978
ilvC,0.7964
leuB,0.5654
leuD,0.5908
tig,1.16
lonB,0.0
yrrN,0.5156
udk,0.6005
yrrR,0.0
yrzA,0.7204
yrrU,0.8006
yrhB,0.634
ysxC,0.8128
hemA,0.5
hemC,0.5815
hemB,0.6539
spoVID,0.618
yrhF,0.6486
yrzI,0.5705
yrhI,0.5488
yrhL,0.0
sigV,0.0
levD,0.0
ytsC,0.8099
yttA,1.17
ytvA,0.0
leuS,0.0
melA,0.0
amyD,0.6341
ytmJ,0.0
ytmL,0.0
hisP,0.6045
ytnJ,0.6782
hipO,0.5784
ytqI,0.7442
msmR,0.5031
bioW,0.7455
bioF,0.6437
bioB,0.5505
ytbQ,0.6551
ytcQ,0.595
ytsJ,1.12
pfk,0.9672
ytwI,0.6808
citC,1.14
phoP,0.5382
yttB,0.6035
ytvB,0.4793
ytwF,0.9431
amyC,0.0
msmE,0.9619
ytmK,0.4341
ytmM,0.6217
ytnI,0.0
ribR,0.0
ytpI,0.6105
ytrI,0.5606
ytaP,0.6741
bioA,0.6853
bioD,0.5599
bioI,0.5713
ytcP,0.2955
ytdP,0.8583
yttI,0.7943
ytvI,0.667
citZ,0.9376
citH,1.08
phoR,0.609
mutM,0.7532
yunI,0.8549
yunG,0.7384
yunE,1.15
yunC,1.05
yunA,0.7823
yutC,0.7248
yugH,1.24
yuzA,0.6636
yugK,1.12
yugM,0.0
yugO,0.0
yugS,0.9185
yutE,1.1
yutG,0.8163
hom,1.09
thrB,1.01
yutI,0.0
yutJ,0.8276
yugU,0.6884
mcpB,1.15
mcpA,0.8949
yuxG,0.4345
yulC,0.6225
yulE,0.6599
yunH,0.6625
yunF,1.05
yunD,0.9858
yunB,0.577
yutB,1.13
yutD,0.7494
yugI,1.0
yugJ,1.11
pgi,1.2
yugN,0.5689
yugP,0.8244
yugT,0.8171
yutF,0.8294
yutH,0.7806
thrC,0.9384
yuxL,0.0
yuzD,0.5445
yuzB,0.8997
tgl,0.4929
tlpA,0.7625
tlpB,0.8567
yulB,0.4861
yulD,0.0
yulF,1.0
yvdO,0.0
yvdQ,0.5266
yveA,0.5138
racX,0.6771
yveG,0.6583
slr,0.5486
yvgO,0.8089
yvgM,0.7951
yvgK,0.0
yvsG,0.0
fhuD,1.4
fhuG,0.0
yveN,0.3366
yveP,0.3115
yveR,0.268
yveT,0.3153
yvfB,0.2939
yvfF,0.5477
yvrP,1.04
yvrN,1.03
yvrL,0.6345
yvrI,0.653
yvrG,0.91
yvrD,0.9291
yvdP,0.6142
yvdT,0.5545
pbpE,0.6647
yveF,0.6072
padC,0.0
yveL,0.3507
yvgN,1.55
yvgL,0.5354
yvgJ,1.19
yvsH,0.9594
fhuB,0.8316
fhuC,0.8158
yveO,0.3083
yveQ,0.3424
yveS,0.587
yvfA,0.4568
yvfD,0.2788
yvfG,0.6393
yvrO,0.8847
yvrM,0.9513
yvrK,0.5273
yvrH,0.7732
yvrE,0.8484
yvrC,0.7186
mta,0.0
ywnF,1.32
spoIIQ,0.7655
ywoA,1.03
nrgA,0.9895
ywoC,0.0
tuaF,0.0
tuaH,0.6727
yvhJ,0.9248
degS,0.0
comFA,1.09
comFC,0.9717
ywoE,0.6884
ywoG,0.3818
usd,0.5888
mbl,0.8939
flhP,1.0
ywpB,0.9974
flgM,0.9424
flgK,1.15
yviE,0.7627
csrA,0.6836
yvyC,0.8875
fliS,0.8954
ywnE,0.8677
ywnH,0.6401
ywnJ,0.0
nrgB,0.5268
ywoB,0.4606
ywoD,0.0
tuaG,0.4606
tagO,1.05
yvyE,0.751
yviA,0.8821
comFB,0.9339
yvyF,0.8788
ywoF,0.6369
ywoH,0.7449
spoIIID,0.5845
flhO,0.8785
rapD,0.7698
ywpC,0.9663
yvyG,0.9862
flgL,1.1
yviF,0.8898
hag,1.85
fliD,0.8926
fliT,0.848
katX,0.0
yxzF,0.0
licB,0.5123
licA,1.16
ywaA,0.0
dltD,0.9552
ywfN,0.5903
ywfO,1.01
ywgB,0.5262
thrZ,0.4255
ywhB,0.0
ywhD,0.7374
dltB,0.901
ywaB,1.17
ywaD,0.6462
ywaE,1.18
gspA,0.7095
sacX,0.6349
ywhF,0.9007
ywhH,0.9234
rapF,1.38
ywhL,0.6856
ywhN,0.564
ywhP,0.5823
yxlJ,0.5585
licR,0.5217
licC,0.6405
licH,0.5704
dltE,0.7544
dltC,0.7747
ywzC,0.5458
ywgA,0.8266
mmr,0.6254
ywhA,0.338
ywhC,0.6441
ywhE,0.664
dltA,0.9718
ywaC,0.6218
tyrZ,0.7569
ywaF,0.689
sacY,0.7476
epr,1.02
ywhG,0.743
phrF,1.04
ywhK,0.4998
ywhM,0.4769
ywhO,0.4639
ywhQ,0.6502
yybK,0.9533
yybM,1.23
yybO,0.9887
yybQ,1.65
cotF,0.7332
yybT,1.58
yxdM,0.0
yxeB,1.2
yxeD,0.725
yxeG,1.09
yxeI,0.693
yxeK,0.9951
yycA,0.0
yycC,1.33
yycD,0.7385
yycE,0.5327
yycF,1.37
yycH,1.13
yxeM,0.7937
yxeO,0.9556
yxeQ,0.7761
yxxB,0.6996
nupC,0.8171
hutM,0.8803
yybL,0.0
yybN,1.91
yybP,0.527
yybR,0.4357
yybS,0.7943
rplI,1.51
yxeA,0.0
yxeC,0.9251
yxeE,0.5749
yxeH,1.14
yxeJ,0.0
yxeL,0.7938
yycB,1.43
yyzB,0.7492
dnaC,1.39
purA,0.7669
yycG,1.24
yycI,0.916
yxeN,0.8577
yxeP,0.8494
yxeR,0.6481
deoR,0.8853
pdp,0.772
hutG,0.5566
lysS,1.03
mfd,0.8092
gyrA,1.43
lytA,0.6372
yvlD,0.5964
yukF,0.6868
rsbV,0.0
ydbO,0.0
ycsG,0.0
phrC,1.51
lmrB,0.6955
pcp,0.8489
ytfJ,0.0
ytzA,0.691
yraA,0.81
yqfY,0.7738
yonJ,0.5419
yodB,0.0
ycbM,0.0
ybfS,0.818
ybfQ,0.0
ybeC,0.0
ybdG,0.4911
ybbA,0.0
ftsH,0.0
yabK,0.626
ywjF,0.5466
ywlC,0.4744
yveK,0.2854
glgP,0.0
ydcA,0.9933
ycnB,0.878
yceH,0.7885
ycbU,0.9431
ycbR,0.8737
accA,0.7698
yrhP,0.0
yqbO,0.0
ypqA,0.0
yosW,0.0
ppsD,0.2327
ycbC,0.0
gltP,0.4471
mpr,0.9938
ybdN,0.8288
ybdB,0.5948
yabE,1.31
yaaG,1.89
yisD,0.5961
yhjP,0.6034
yhfR,0.7183
yheH,1.63
yfhQ,0.6733
ydcI,0.8152
dnaN,0.9952
srfAB,0.6868
opuAA,0.4467
ybdO,0.7865
yabN,0.7242
asnH,0.685
ywbN,0.7328
yaaF,1.28
addB,0.5497
yhjB,0.5444
yheC,0.0
yheL,0.7478
yesN,0.0
yclF,0.469
dnaA,1.12
amhX,0.569
ycbT,0.6401
feuC,0.6483
gidA,1.01
yxnB,0.6254
spsF,0.5802
