0,ybeF
1,glpQ
2,ybdT
3,ybxH
4,ybdM
5,ybdK
6,ybxF
7,rplJ
8,rplK
9,rpmG
10,yacP
11,rplL
12,ybdE
13,ybcT
14,ybcQ
15,ybcO
16,ybcL
17,ybcH
18,cysE
19,yacN
20,yacL
21,sms
22,yacH
23,glpT
24,ybyB
25,ybxI
26,csgA
27,ybdL
28,ybdJ
29,ybxB
30,rplA
31,nusG
32,sigH
33,yacO
34,ybdA
35,ybcS
36,ybcP
37,ybcM
38,ybcI
39,ybcF
40,gltX
41,yacM
42,yacK
43,yacI
44,ctsR
45,ydbB
46,ydbA
47,ydaS
48,ydaQ
49,mutT
50,ydaN
51,yciB
52,nasA
53,nasD
54,nasF
55,ycgS
56,ycgQ
57,ydaL
58,ydaJ
59,lrpC
60,ydaH
61,ydaF
62,ydaD
63,ycgO
64,ycgM
65,cah
66,ycgJ
67,tmrB
68,ycgH
69,gsiB
70,ydaT
71,ydaR
72,ydaP
73,ydaO
74,ydaM
75,yciA
76,nasC
77,nasE
78,ycgT
79,ycgR
80,ycgP
81,ydaK
82,ydzA
83,ydaG
84,ydaE
85,ydaC
86,ycgN
87,ycgL
88,ycgK
89,aroI
90,nadE
91,ycgG
92,purL
93,purC
94,purK
95,yebG
96,yebE
97,yebC
98,ydfK
99,ydfJ
100,ydfH
101,ydfF
102,ydfD
103,ydfB
104,guaA
105,yeaD
106,yeaB
107,yeaA
108,ydjO
109,ydjM
110,ydeT
111,ydeR
112,ydeP
113,ydzF
114,ydeM
115,ydeK
116,yexA
117,purB
118,purE
119,yebF
120,yebD
121,yebB
122,nap
123,ydfI
124,ydfG
125,ydfE
126,ydfC
127,ydfA
128,yebA
129,yeaC
130,gabP
131,ydjP
132,ydjN
133,ydjL
134,ydeS
135,ydeQ
136,ydeO
137,ydeN
138,ydeL
139,ydeJ
140,yfhS
141,yfhO
142,yfhM
143,yfhK
144,yfhI
145,yfhG
146,yflS
147,yflT
148,yfmC
149,yfmE
150,yfmG
151,yfmI
152,yfhE
153,yfhC
154,yfhA
155,yfiY
156,yfiV
157,yfiT
158,yfmK
159,yfmM
160,yfmO
161,yfmQ
162,yfmS
163,yfnA
164,yfhP
165,csbB
166,yfhL
167,yfhJ
168,yfhH
169,yfhF
170,pel
171,yfmA
172,yfmD
173,yfmF
174,yfmH
175,yfmJ
176,yfhD
177,yfhB
178,yfiZ
179,yfiW
180,yfiU
181,yfiS
182,yfmL
183,yfmN
184,yfmP
185,yfmR
186,yfmT
187,yfnD
188,yisK
189,yisI
190,yisG
191,yisE
192,yisB
193,addA
194,yhdY
195,yhdW
196,yhdU
197,yhdS
198,yhdQ
199,yhdO
200,yhjQ
201,yhjM
202,yhjK
203,yhjI
204,yhjG
205,yhjE
206,yhdL
207,yhdJ
208,yhdH
209,yhdF
210,citR
211,phoA
212,yisJ
213,yisH
214,yisF
215,yisC
216,sbcD
217,yhjR
218,yhdX
219,yhdV
220,yhdT
221,yhdR
222,yhdP
223,yhdM
224,yhjO
225,yhjL
226,yhjJ
227,yhjH
228,sipV
229,yhjD
230,yhdK
231,yhdI
232,yhdG
233,citA
234,lytE
235,spoVR
236,xkdU
237,xkdS
238,xkdQ
239,xkdN
240,xkdK
241,xkdI
242,yjbX
243,yjbV
244,yjbT
245,yjbR
246,tenA
247,yjbP
248,xkdG
249,xkdE
250,xpf
251,xkdD
252,xkdB
253,xkdA
254,yjbN
255,yjbL
256,yjbJ
257,yjbH
258,yjbF
259,yjbE
260,xkdT
261,xkdR
262,xkdP
263,xkdM
264,xkdJ
265,xkdH
266,yjbW
267,yjbU
268,yjbS
269,tenI
270,yjbQ
271,yjbO
272,xkdF
273,xtmA
274,xtrA
275,xkdC
276,xre
277,yjqC
278,yjbM
279,yjbK
280,yjbI
281,yjbG
282,mecA
283,yjbD
284,ylaM
285,ylaK
286,ylaH
287,ylaF
288,ylaD
289,ylaB
290,ykvM
291,ykvK
292,ykvI
293,motA
294,ykvE
295,eag
296,nprE
297,ykzC
298,ykzI
299,yktA
300,slp
301,pdhC
302,ykvA
303,ykrY
304,ykrW
305,ykrU
306,ykrS
307,ykrQ
308,ylaL
309,ylaJ
310,ylaG
311,ylaE
312,ylaC
313,ylaA
314,ykvL
315,ykvJ
316,clpE
317,motB
318,ykvD
319,spo0E
320,yktD
321,yktC
322,yktB
323,cad
324,pdhD
325,pdhB
326,ykrZ
327,ykrX
328,ykrV
329,ykrT
330,dat
331,ykrM
332,ymfM
333,ymfK
334,ymfI
335,ymfF
336,ymfD
337,spoIIIE
338,yloW
339,yloU
340,spoVM
341,yloR
342,ymfA
343,dapG
344,spoVFB
345,ymxH
346,ylxY
347,ribC
348,fmt
349,priA
350,yloH
351,yloC
352,ylnF
353,ylnD
354,ymfL
355,ymfJ
356,ymfH
357,ymfE
358,ymfC
359,ymfB
360,yloV
361,rpmB
362,yloS
363,yloQ
364,yloO
365,yloM
366,dapA
367,asd
368,spoVFA
369,ymxG
370,rpsO
371,truB
372,def
373,yloI
374,yloD
375,yloA
376,ylnE
377,ylnC
378,yobK
379,yobI
380,yozL
381,yobH
382,rapK
383,yobF
384,yneI
385,ynzD
386,yneE
387,ynzC
388,yneA
389,yndN
390,yozI
391,yobD
392,pps
393,yobA
394,yoaZ
395,yoaV
396,yndL
397,yndJ
398,yndG
399,yndD
400,yndB
401,ynzA
402,yobJ
403,yozM
404,yozK
405,phrK
406,yozJ
407,yobE
408,ccdA
409,yneF
410,tkt
411,yneB
412,lexA
413,yndM
414,yozH
415,xynA
416,yobB
417,penP
418,yoaW
419,yoaU
420,yndK
421,yndH
422,yndE
423,ynzB
424,yndA
425,cotC
426,yonR
427,yonT
428,yonV
429,yopA
430,yopC
431,yopE
432,yosR
433,yosT
434,yosV
435,yosZ
436,yotB
437,yotD
438,yopG
439,yopI
440,yopK
441,yopM
442,yopO
443,yopQ
444,yotF
445,yotH
446,yotJ
447,yotL
448,yotN
449,yodV
450,yonS
451,yonU
452,yonX
453,yopB
454,yopD
455,yopF
456,yosS
457,yosU
458,yosX
459,sspC
460,yotC
461,yotE
462,yopH
463,yopJ
464,yopL
465,yopN
466,yopP
467,yopR
468,yotG
469,yotI
470,yotK
471,yotM
472,yodU
473,cgeA
474,fer
475,recQ
476,ypbE
477,ypbH
478,ypdA
479,sleB
480,ypcP
481,ypdP
482,ypeQ
483,degR
484,ypfP
485,bsaA
486,ypfA
487,cmk
488,ypgA
489,yphB
490,gpsA
491,yphF
492,ypgR
493,yphP
494,ypjP
495,thyB
496,ypkP
497,yplP
498,ypbB
499,ypbD
500,ypbF
501,ypcA
502,ypdC
503,ypeB
504,ypdQ
505,ypeP
506,ypzA
507,cspD
508,metB
509,ypgQ
510,ypfB
511,ypfD
512,yphA
513,yphC
514,yphE
515,spoIVA
516,ilvD
517,ypiP
518,ypjQ
519,dfrA
520,yplQ
521,ilvA
522,yqgA
523,yqgC
524,yqgE
525,yqgG
526,yqgI
527,yqgK
528,bfmBAB
529,bmrR
530,yqiW
531,yqiY
532,yqjA
533,yqjC
534,yqgL
535,yqgN
536,yqgP
537,glcK
538,yqgU
539,yqgW
540,yqjE
541,yqjG
542,yqjI
543,yqjK
544,yqjM
545,yqjO
546,yqgB
547,sodA
548,pbpA
549,yqgH
550,yqgJ
551,yqzD
552,bfmBB
553,bmr
554,yqiX
555,yqiZ
556,yqjB
557,yqjD
558,yqgM
559,yqgO
560,yqgQ
561,yqgT
562,yqgV
563,yqgX
564,yqjF
565,yqjH
566,yqjJ
567,yqjL
568,yqjN
569,yqjP
570,levE
571,levG
572,adhA
573,yraC
574,yraE
575,yraF
576,yqbK
577,yqbM
578,yqbN
579,yqbQ
580,yqbS
581,yqcA
582,yraH
583,yraJ
584,yraL
585,yraM
586,yraO
587,sigZ
588,yqcD
589,yqxG
590,yqxI
591,yqcF
592,yqzI
593,rapE
594,levF
595,sacC
596,yraB
597,yraD
598,adhB
599,yraG
600,yqbL
601,yqdB
602,yqbP
603,yqbR
604,yqbT
605,yqcB
606,yraI
607,yraK
608,csn
609,yraN
610,yrpG
611,yrpE
612,yqcE
613,cwlA
614,yqxJ
615,yqcG
616,phrE
617,yqcI
618,ytaF
619,ytbE
620,ytcD
621,ytcF
622,dnaB
623,ytxB
624,folC
625,spoIIB
626,ysxA
627,mreC
628,minC
629,spoIVFA
630,thrS
631,lytS
632,ysbA
633,yscB
634,infC
635,rplT
636,rplU
637,spo0B
638,p`eB
639,pheB
640,yrxA
641,nadB
642,nadA
643,ytaG
644,ytbD
645,gapB
646,ytcG
647,dnaI
648,ytxC
649,comC
650,maf
651,mreB
652,mreD
653,minD
654,spoIVFB
655,ysaA
656,lytT
657,ysbB
658,yscA
659,rpmI
660,ysdA
661,ysxB
662,obg
663,pheA
664,nifS
665,nadC
666,yrbA
667,yubA
668,yubC
669,yubE
670,yubG
671,yuaB
672,gbsA
673,yteP
674,yteR
675,yteT
676,yteV
677,ytfP
678,ytzG
679,yuaD
680,yuaG
681,yuaJ
682,glgD
683,ytaB
684,ytxN
685,ytzE
686,ythQ
687,ytjP
688,ytlP
689,ytlR
690,ytmP
691,yubB
692,yubD
693,yubF
694,yuaA
695,yuaC
696,gbsB
697,yteQ
698,yteS
699,yteU
700,opuD
701,ytgP
702,ytzF
703,yuaF
704,yuaI
705,glgB
706,glgA
707,ytaA
708,cotS
709,ythP
710,ytiP
711,ytkP
712,ytlQ
713,amyX
714,ytzH
715,yvrB
716,yvqK
717,yvqI
718,yvqG
719,yvqE
720,gerAC
721,yutL
722,paiA
723,yumD
724,yumC
725,yuiA
726,yuiC
727,gerAA
728,yuxN
729,yvqA
730,yvtB
731,yusZ
732,yusW
733,yuiE
734,yuiG
735,yuiI
736,dhbC
737,dhbB
738,yukL
739,yvrA
740,yvqJ
741,yvqH
742,yvqF
743,yvqC
744,gerAB
745,yutM
746,paiB
747,yuzG
748,yumB
749,yuiB
750,yuiD
751,citG
752,yvqB
753,yvtA
754,mrgA
755,yusX
756,yusV
757,yuiF
758,yuiH
759,dhbA
760,dhbE
761,yukM
762,yukJ
763,yvyD
764,cccB
765,ftsX
766,yvzD
767,yvkA
768,yvkC
769,yvfH
770,lacR
771,yvfM
772,yvfO
773,yvfS
774,yvfU
775,uvrB
776,yvzB
777,yvlA
778,yvlC
779,yvmB
780,cypX
781,yvfW
782,yvbX
783,yvbV
784,yvbT
785,araE
786,gap
787,yvjA
788,ftsE
789,yvjB
790,yvjD
791,yvkB
792,csbA
793,yvfI
794,yvfL
795,lacA
796,yvfR
797,yvfT
798,yvfV
799,uvrA
800,yvkN
801,yvlB
802,yvmA
803,yvmC
804,yvnA
805,yvbY
806,yvbW
807,yvbU
808,araR
809,yvbQ
810,pgk
811,ywhR
812,sbo
813,argS
814,fnr
815,ywiD
816,narH
817,ywpD
818,ywpF
819,ywpH
820,ywqB
821,ywqD
822,ywqF
823,narI
824,ywjA
825,ywjC
826,ywjE
827,rpoE
828,ywjG
829,ywqH
830,ywqJ
831,ywqL
832,ywqN
833,ywrA
834,ywrC
835,ywiA
836,ywiB
837,narK
838,ywiC
839,narG
840,narJ
841,ywpE
842,ywpG
843,ywpJ
844,ywqC
845,ywqE
846,ywqG
847,ywiE
848,ywjB
849,ywjD
850,acdA
851,ctrA
852,spo0F
853,ywqI
854,ywqK
855,ywqM
856,ywqO
857,ywrB
858,ywrD
859,hutI
860,hutP
861,yxiB
862,yxiD
863,yxxE
864,bglH
865,ywbA
866,ywbC
867,ywbE
868,ywbG
869,ywbI
870,thiC
871,yxxF
872,yxiF
873,yxiG
874,yxzG
875,yxiJ
876,yxiL
877,ywbO
878,ywcB
879,ywcD
880,ywzA
881,qoxB
882,qoxD
883,hutU
884,yxiA
885,yxiC
886,yxxD
887,bglP
888,yxiE
889,ywbB
890,ywbD
891,ywbF
892,ywbH
893,thiK
894,ywbM
895,yxxG
896,yxzC
897,yxiH
898,yxiI
899,yxiK
900,yxiM
901,ywcA
902,ywcC
903,galT
904,qoxA
905,qoxC
906,ywcE
907,ytrP
908,yprA
909,yloN
910,yerG
911,wprA
912,yycJ
913,rocR
914,rocE
915,phrG
916,yycN
917,yycP
918,topB
919,polA
920,mmgA
921,ileS
922,dinG
923,carB
924,yycR
925,yydA
926,yydC
927,fbp
928,yydG
929,yydI
930,ytsD
931,yrvE
932,yloP
933,ykuA
934,ydhL
935,valS
936,yyxA
937,rocD
938,rocF
939,rapG
940,yycO
941,yycQ
942,smc
943,murD
944,lonA
945,hrcA
946,cheA
947,alaS
948,yycS
949,yydB
950,yydD
951,yydF
952,yydH
953,yydJ
954,yveM
955,yutK
956,yueB
957,yufK
958,ytpQ
959,ytmO
960,yndF
961,pksL
962,mcpC
963,yisZ
964,ydbH
965,ybxG
966,ysdB
967,yrhE
968,yqcC
969,ponA
970,yomI
971,cgeC
972,wapA
973,ppsA
974,pksM
975,yetO
976,rpoC
977,dra
978,yvfQ
979,yukA
980,yuxO
981,glgC
982,yttP
983,pykA
984,pksP
985,pksK
986,oppD
987,srfAA
988,yccK
989,secE
990,rpmA
991,yrpC
992,yqgS
993,ypbR
994,yorL
995,odhA
996,dhbF
997,pksR
998,yfkN
999,gutR
1000,yxeF
1001,galK
1002,rbcL
1003,aceF
1004,kdtA
1005,tufA_E
1006,yazC
1007,yrhC
1008,yerC
1009,yshA
1010,yoqX
1011,yacF
1012,yhcD
1013,yetG
1014,ywnG
1015,ywqA
1016,degU
1017,yvnB
1018,cysS
1019,yqjU
1020,ylaI
1021,yuaE
1022,yqaD
1023,yozD
1024,yazB
1025,yfnB
1026,ywmD
1027,glcR
1028,ggaB
1029,prfB
1030,yvoD
1031,ybcD
1032,ndhF
1033,adaA
1034,ybbU
1035,ybbT
1036,ybbP
1037,folK
1038,sul
1039,pabA
1040,cysK
1041,yacC
1042,sigW
1043,ybbJ
1044,ybbH
1045,ybbE
1046,ybbC
1047,feuA
1048,yabT
1049,yabR
1050,yabQ
1051,yabO
1052,spoVT
1053,ybcC
1054,adaB
1055,alkA
1056,glmS
1057,ybbR
1058,ybbM
1059,folA
1060,pabC
1061,pabB
1062,yacD
1063,yacB
1064,ybbK
1065,ybbI
1066,ybbF
1067,ybbD
1068,ybbB
1069,feuB
1070,yabS
1071,divIC
1072,yabP
1073,yabM
1074,spoVC
1075,ydaB
1076,ycsN
1077,yczI
1078,ycsO
1079,ycsI
1080,ycsE
1081,ycgF
1082,mdr
1083,lctE
1084,ycgB
1085,opuAC
1086,yceK
1087,yczH
1088,ycsA
1089,mtlA
1090,ycnK
1091,ycnI
1092,ycxE
1093,yceI
1094,yceF
1095,yceD
1096,yceB
1097,ycdI
1098,ycdG
1099,ydaA
1100,yczJ
1101,ycsK
1102,ycsJ
1103,ycsF
1104,ycsD
1105,ycgE
1106,lctP
1107,amyE
1108,ycgA
1109,opuAB
1110,yceJ
1111,sipU
1112,mtlD
1113,ycnL
1114,ycnJ
1115,gdh
1116,ycnH
1117,yceG
1118,yceE
1119,yceC
1120,yceA
1121,ycdH
1122,ycdF
1123,ydjJ
1124,ydjH
1125,ydjF
1126,gutB
1127,ydjB
1128,ydiR
1129,ydeI
1130,ydeG
1131,ydeE
1132,ydeC
1133,ydeB
1134,ydeA
1135,ydiP
1136,ydiN
1137,groEL
1138,ydiL
1139,ydiJ
1140,ydiH
1141,yddS
1142,yddQ
1143,lrpA
1144,phrI
1145,yddJ
1146,yddH
1147,ydjI
1148,ydjG
1149,ydjE
1150,ydjC
1151,ydiS
1152,ydiQ
1153,ydeH
1154,ydeF
1155,ydeD
1156,ydzE
1157,cspC
1158,yddT
1159,ydiO
1160,ydiM
1161,groES
1162,ydiK
1163,ydiI
1164,ydiG
1165,yddR
1166,lrpB
1167,yddM
1168,rapI
1169,yddI
1170,yddG
1171,yfiR
1172,lipB
1173,yfiN
1174,yfiL
1175,yfiJ
1176,yfiH
1177,yfnE
1178,yfnG
1179,yfnI
1180,yetL
1181,yetJ
1182,yezB
1183,yfiF
1184,yfiD
1185,glvC
1186,glvA
1187,yfjB
1188,yfjD
1189,yetH
1190,lplD
1191,lplB
1192,yetA
1193,yesX
1194,yesV
1195,yfiQ
1196,yfiO
1197,yfiM
1198,yfiK
1199,yfiI
1200,yfiG
1201,yfnF
1202,yfnH
1203,yetN
1204,yetK
1205,yezD
1206,yetI
1207,yfiE
1208,yfiC
1209,yfiA
1210,yfjA
1211,yfjC
1212,yfjE
1213,yetF
1214,lplC
1215,lplA
1216,yesZ
1217,yesW
1218,yesU
1219,yhjC
1220,yhxD
1221,yhzC
1222,yhfW
1223,yhfU
1224,yhfS
1225,ygxB
1226,yhdD
1227,yhdB
1228,yhcZ
1229,yhxB
1230,glpK
1231,yhfO
1232,yhfN
1233,yhfL
1234,yhfJ
1235,yhfH
1236,yhfF
1237,glpP
1238,yhcX
1239,yhcV
1240,yhcT
1241,yhcR
1242,yhcP
1243,yhjA
1244,comK
1245,yhxC
1246,yhfV
1247,yhfT
1248,yhfP
1249,yhdE
1250,yhdC
1251,yhdA
1252,yhcY
1253,glpD
1254,glpF
1255,aprE
1256,yhfM
1257,yhfK
1258,yhfI
1259,gltT
1260,yhfE
1261,yhxA
1262,yhcW
1263,yhcU
1264,yhcS
1265,yhcQ
1266,yhcO
1267,yjqB
1268,xlyB
1269,phrA
1270,yjoB
1271,yjnA
1272,yjmI
1273,yjbC
1274,oppF
1275,oppB
1276,trpS
1277,appC
1278,appA
1279,yjmG
1280,yjmE
1281,yjmC
1282,yjmA
1283,yjlC
1284,yjlA
1285,appD
1286,yjaY
1287,yjzA
1288,yjaV
1289,yjzD
1290,argF
1291,yjqA
1292,yjpA
1293,rapA
1294,yjoA
1295,yjmJ
1296,yjmH
1297,yjbB
1298,oppC
1299,oppA
1300,yjbA
1301,appB
1302,appF
1303,yjmF
1304,yjmD
1305,yjmB
1306,yjlD
1307,yjlB
1308,yjkB
1309,yjaZ
1310,yjzB
1311,med
1312,yjaU
1313,yjzC
1314,pdhA
1315,ykrB
1316,ykzG
1317,adeC
1318,ykqA
1319,abh
1320,ykrL
1321,sspD
1322,ykoZ
1323,ykoV
1324,ykoT
1325,ykoQ
1326,ykpC
1327,ykpB
1328,ykoA
1329,fruA
1330,yknZ
1331,yknX
1332,ykoN
1333,ykoL
1334,tnrA
1335,ykzD
1336,ykoI
1337,ykoG
1338,ykyA
1339,ykrA
1340,ykqC
1341,ykqB
1342,kinC
1343,mreBH
1344,ykrK
1345,ykrI
1346,ykoX
1347,ykoU
1348,ykoS
1349,ykoP
1350,ampS
1351,ykpA
1352,sipT
1353,fruR
1354,yknY
1355,yknW
1356,ykoM
1357,ykzB
1358,ykoK
1359,ykoJ
1360,ykoH
1361,ykoF
1362,rbfA
1363,infB
1364,ylxR
1365,ylxS
1366,yluC
1367,cdsA
1368,ylnB
1369,cysH
1370,pyrF
1371,pyrDII
1372,pyrC
1373,pyrP
1374,frr
1375,tsf
1376,ylxL
1377,cheD
1378,cheW
1379,cheB
1380,ylyB
1381,ylyA
1382,divIVA
1383,ylmG
1384,ylmE
1385,ylmC
1386,ylxP
1387,ylxQ
1388,nusA
1389,proS
1390,yluB
1391,yluA
1392,ylnA
1393,pyrE
1394,pyrD
1395,pyrAA
1396,pyrB
1397,pyrR
1398,smbA
1399,rpsB
1400,sigD
1401,cheC
1402,ylxH
1403,lsp
1404,ylmH
1405,ylmF
1406,ylmD
1407,ylmB
1408,yoaT
1409,yoaS
1410,yozF
1411,yoaP
1412,yoaN
1413,pelB
1414,yncM
1415,ynzH
1416,yncE
1417,yncC
1418,xylB
1419,xylR
1420,yoaJ
1421,yoaH
1422,yoaF
1423,yoaD
1424,yoaB
1425,yoxB
1426,ynaJ
1427,ynaG
1428,ynaE
1429,ynaC
1430,ynzG
1431,ynxB
1432,yozG
1433,yoaR
1434,yoaQ
1435,yoaO
1436,yoaM
1437,yoaK
1438,thyA
1439,yncF
1440,yncD
1441,yncB
1442,xylA
1443,xynB
1444,yoaI
1445,yoaG
1446,yoaE
1447,yoaC
1448,yoaA
1449,yoxC
1450,ynaI
1451,ynaF
1452,ynaD
1453,ynaB
1454,ynzF
1455,glnA
1456,yopS
1457,yopU
1458,yopW
1459,yopY
1460,yoqA
1461,yoqC
1462,cgeD
1463,yodT
1464,yodR
1465,yodP
1466,yozE
1467,yodM
1468,yoqE
1469,yoqG
1470,yoqI
1471,yoqK
1472,yoqM
1473,yoqO
1474,deoD
1475,yodI
1476,ctpA
1477,yodE
1478,yodC
1479,yojA
1480,yopT
1481,yopV
1482,yopX
1483,yopZ
1484,yoqB
1485,yoqD
1486,cgeE
1487,yodS
1488,argE
1489,yodO
1490,yodN
1491,yodL
1492,yoqF
1493,yoqH
1494,yoqJ
1495,yoqL
1496,yoqN
1497,yoqP
1498,yodJ
1499,yodH
1500,yodF
1501,yodD
1502,yodA
1503,yojB
1504,hbs
1505,mtrB
1506,gerCB
1507,ndk
1508,aroF
1509,aroH
1510,ypmP
1511,ypmR
1512,ypmT
1513,ypoP
1514,yppQ
1515,yokA
1516,trpD
1517,trpF
1518,trpA
1519,tyrA
1520,ypiA
1521,ypiF
1522,yokC
1523,yokE
1524,yokG
1525,yokI
1526,yokK
1527,yolA
1528,mtrA
1529,gerCA
1530,gerCC
1531,cheR
1532,aroB
1533,trpE
1534,ypmQ
1535,ypmS
1536,ypnP
1537,yppP
1538,ypqP
1539,yokB
1540,trpC
1541,trpB
1542,hisC
1543,aroE
1544,ypiB
1545,qcrA
1546,yokD
1547,yokF
1548,yokH
1549,yokJ
1550,yokL
1551,yolB
1552,yqgY
1553,yqhA
1554,yqxL
1555,comGB
1556,comGD
1557,comGF
1558,yqjQ
1559,yqjS
1560,yqjV
1561,yqjW
1562,yqjY
1563,yqkA
1564,yqzE
1565,yqxM
1566,cotN
1567,sinI
1568,yqhH
1569,yqhJ
1570,yqkC
1571,yqkE
1572,yqkG
1573,ansA
1574,yqkI
1575,yqkK
1576,yqgZ
1577,yqhB
1578,comGA
1579,comGC
1580,comGE
1581,comGG
1582,yqjR
1583,yqjT
1584,yqzH
1585,yqjX
1586,yqjZ
1587,yqkB
1588,yqzG
1589,sipW
1590,sinR
1591,yqhG
1592,yqhI
1593,yqhK
1594,yqkD
1595,yqkF
1596,ansR
1597,ansB
1598,yqkJ
1599,spoIIM
1600,yrpD
1601,aadK
1602,yrdB
1603,yrdD
1604,yrdF
1605,azlC
1606,yqcJ
1607,yqcL
1608,spoIVCA
1609,nucB
1610,yqeC
1611,yqeE
1612,brnQ
1613,gltR
1614,czcD
1615,yrdQ
1616,yrkA
1617,blt
1618,yqeG
1619,aroD
1620,yqeJ
1621,yqeL
1622,comER
1623,comEB
1624,yrpB
1625,yrdA
1626,yrdC
1627,cypA
1628,azlB
1629,azlD
1630,yqcK
1631,yqcM
1632,spoIVCB
1633,yqeB
1634,yqeD
1635,yqeF
1636,yrdK
1637,yrdN
1638,trkA
1639,yrdR
1640,bltD
1641,bltR
1642,yqeH
1643,yqeI
1644,yqeK
1645,yqeM
1646,comEA
1647,comEC
1648,ysdC
1649,araA
1650,araD
1651,araM
1652,araP
1653,abfA
1654,yrbB
1655,yrbD
1656,yrzG
1657,yrbE
1658,bofC
1659,ruvB
1660,ysfE
1661,ysfC
1662,ysfA
1663,pheS
1664,ysgB
1665,yshC
1666,tgt
1667,yrzE
1668,spoVB
1669,yrvB
1670,yrvC
1671,abnA
1672,araB
1673,araL
1674,araN
1675,araQ
1676,cstA
1677,yrbC
1678,yrzH
1679,yrzF
1680,csbX
1681,ruvA
1682,queA
1683,ysfD
1684,ysfB
1685,ysgA
1686,pheT
1687,yshB
1688,yshD
1689,yrbF
1690,yrbG
1691,yrzD
1692,secF
1693,yrvD
1694,apt
1695,ytxO
1696,ytcB
1697,ytdA
1698,menF
1699,ytxM
1700,menE
1701,ytmQ
1702,malS
1703,ytoP
1704,ytpP
1705,ytpS
1706,murC
1707,ytgA
1708,ytgC
1709,ythB
1710,ytiA
1711,ytjA
1712,ytkA
1713,ytxH
1714,aroA
1715,ytxD
1716,acuC
1717,acsA
1718,rpsD
1719,ytcC
1720,ytcA
1721,yteA
1722,menD
1723,menB
1724,ytfD
1725,ytnP
1726,ytzB
1727,ytoQ
1728,ytpR
1729,ytpT
1730,ytxG
1731,ytgB
1732,ytgD
1733,ythA
1734,ytiB
1735,ytjB
1736,dps
1737,ytxJ
1738,ccpA
1739,ytxE
1740,acuA
1741,tyrS
1742,yusU
1743,yusS
1744,yusQ
1745,yusO
1746,yusM
1747,yusK
1748,yuxI
1749,yukE
1750,yukC
1751,yueC
1752,yueE
1753,yuzE
1754,yusI
1755,yusG
1756,yusE
1757,yusC
1758,yusA
1759,yurY
1760,yueG
1761,yueI
1762,yueK
1763,yuzC
1764,comQ
1765,comP
1766,yusT
1767,yusR
1768,yusP
1769,yusN
1770,yusL
1771,yusJ
1772,ald
1773,yukD
1774,yukB
1775,yueD
1776,yuzF
1777,yueF
1778,yusH
1779,yusF
1780,yusD
1781,yusB
1782,yurZ
1783,yurX
1784,yueH
1785,yueJ
1786,yuxH
1787,degQ
1788,comX
1789,comA
1790,yvoA
1791,nagA
1792,lgt
1793,yvpA
1794,hisZ
1795,hisD
1796,tpi
1797,eno
1798,yvbJ
1799,yvbH
1800,yvbF
1801,opuCB
1802,hisH
1803,hisF
1804,yvcA
1805,yvzA
1806,yvcD
1807,trxB
1808,opuCD
1809,yvaZ
1810,yvaX
1811,yvaV
1812,opuBC
1813,yvaQ
1814,nagB
1815,yvoB
1816,yvpB
1817,hisG
1818,hisB
1819,pgm
1820,yvbK
1821,yvbI
1822,yvbG
1823,opuCA
1824,opuCC
1825,hisA
1826,hisI
1827,yvcB
1828,yvcC
1829,yvcE
1830,yvcI
1831,yvbA
1832,yvaY
1833,yvaW
1834,opuBB
1835,opuBD
1836,yvaP
1837,fbaA
1838,murZ
1839,rpmE
1840,ywkB
1841,ywkD
1842,ywkE
1843,ywrE
1844,cotG
1845,cotB
1846,ywrK
1847,alsS
1848,ywrO
1849,ywlA
1850,ywlB
1851,ywlE
1852,ywlG
1853,upp
1854,atpB
1855,ywsB
1856,rbsC
1857,rbsD
1858,rbsR
1859,ywtA
1860,ywtC
1861,ywjH
1862,ywjI
1863,ywkA
1864,ywkC
1865,prfA
1866,ywkF
1867,ywrF
1868,cotH
1869,ywrJ
1870,alsR
1871,alsD
1872,ywsA
1873,spoIIR
1874,ywlD
1875,ywlF
1876,glyA
1877,atpI
1878,atpE
1879,rbsB
1880,rbsA
1881,rbsK
1882,ywsC
1883,ywtB
1884,ywtD
1885,deaD
1886,yxiP
1887,bglS
1888,katB
1889,yxiT
1890,yxjB
1891,ywcF
1892,ywcH
1893,ywcI
1894,ywcJ
1895,sacA
1896,thiD
1897,yxjD
1898,yxjF
1899,yxjH
1900,yxjJ
1901,yxjL
1902,yxjN
1903,ywdD
1904,ywdF
1905,ywdH
1906,ywdJ
1907,ywdL
1908,spsB
1909,yxiO
1910,licT
1911,yxiQ
1912,yxiS
1913,yxjA
1914,yxjC
1915,ywcG
1916,vpr
1917,sacT
1918,sacP
1919,ywdA
1920,ywdC
1921,yxjE
1922,yxjG
1923,yxjI
1924,pepT
1925,yxjM
1926,yxjO
1927,ywdE
1928,ung
1929,ywdI
1930,ywdK
1931,spsA
1932,spsC
1933,rnpA
1934,jag
1935,gidB
1936,yydK
1937,bglA
1938,ahpC
1939,gntP
1940,gntR
1941,yxaB
1942,yyaB
1943,spo0J
1944,yyaD
1945,yyaF
1946,ssb
1947,exoA
1948,yxaD
1949,yxaF
1950,yxaH
1951,yxaJ
1952,yxaM
1953,yxbB
1954,rpmH
1955,spoIIIJ
1956,thdF
1957,yyaA
1958,yyzE
1959,ahpF
1960,gntZ
1961,gntK
1962,yxaA
1963,yxaC
1964,soj
1965,yyaC
1966,yyaE
1967,rpsF
1968,rpsR
1969,yyaG
1970,yxnA
1971,yxaG
1972,yxaI
1973,yxaL
1974,yxbA
1975,yxbC
1976,gltA
1977,ppsE
1978,ebrA
1979,ymfG
1980,bpr
1981,cheV
1982,rho
1983,tagD
1984,yvfE
1985,yvgP
1986,yurC
1987,aapA
1988,spoIIS
1989,xtmB
1990,yhjN
1991,yhaA
1992,yheJ
1993,yfmB
1994,yqhQ
1995,yosN
1996,pnpA
1997,flhA
1998,fliP
1999,fruB
2000,ppsC
2001,yngB
2002,pyrAB
2003,polC
2004,pycA
2005,ptsH
2006,tdk
2007,yvfC
2008,yvfK
2009,yusY
2010,ysnF
2011,lepA
2012,xkdO
2013,yirY
2014,yhfQ
2015,yhaQ
2016,yfkL
2017,yfnC
2018,spoIIIAG
2019,yojG
2020,flhF
2021,flhB
2022,cheY
2023,moaD
2024,hprT
2025,yvoF
2026,yvdS
2027,sacB
2028,ffh
2029,ssuC
2030,yvfP
2031,ctc
2032,ppsB
2033,yvgR
2034,ydjK
2035,spoIIE
2036,ywbL
2037,sigL
2038,yacA
2039,yvdR
2040,yveB
2041,yqxK
2042,yhaR
2043,pnbA
2044,ytnM
2045,prs
2046,ykoW
2047,cotA
2048,ydjA
2049,hutH
2050,secA
2051,ybaS
2052,ybaN
2053,gerD
2054,cwlD
2055,ybaJ
2056,rplM
2057,gcaD
2058,yabJ
2059,yabH
2060,veg
2061,ksgA
2062,ybaF
2063,ybxA
2064,rpoA
2065,rpsM
2066,infA
2067,adk
2068,abrB
2069,yazA
2070,yabA
2071,holB
2072,yaaQ
2073,ybaR
2074,kbaA
2075,ybaL
2076,ybaK
2077,rpsI
2078,truA
2079,spoVG
2080,purR
2081,sspF
2082,yabG
2083,yabF
2084,ybaE
2085,rplQ
2086,rpsK
2087,rpmJ
2088,map
2089,secY
2090,yabC
2091,yabB
2092,yaaT
2093,yaaR
2094,tmk
2095,ycnG
2096,yczG
2097,ycnD
2098,yclQ
2099,yclO
2100,yclM
2101,rapJ
2102,ycdC
2103,natB
2104,yccH
2105,yccF
2106,yczB
2107,yclK
2108,yclI
2109,gerKB
2110,gerKA
2111,yclE
2112,yclC
2113,cwlJ
2114,ycbO
2115,ycbL
2116,yczA
2117,ycbH
2118,ycbF
2119,ycnF
2120,ycnE
2121,ycnC
2122,yclP
2123,yclN
2124,rapC
2125,ycdD
2126,ycdA
2127,natA
2128,yccG
2129,lipA
2130,phoD
2131,yclJ
2132,yclH
2133,gerKC
2134,yczF
2135,yclD
2136,yclB
2137,ycbP
2138,ycbN
2139,ycbK
2140,ycbJ
2141,ycbG
2142,ycbE
2143,ydiF
2144,ydiD
2145,ydiB
2146,ydhU
2147,ydhS
2148,ydhQ
2149,yddF
2150,yddC
2151,yddA
2152,ydcS
2153,ydcQ
2154,ydcO
2155,ydhO
2156,ydhM
2157,ydhK
2158,ydhI
2159,ydhG
2160,ydhF
2161,ydcN
2162,ydcL
2163,ydcH
2164,ydcF
2165,sigB
2166,rsbU
2167,ydiE
2168,ydiC
2169,ydiA
2170,ydhT
2171,ydhR
2172,ydhP
2173,yddD
2174,yddB
2175,ydcT
2176,ydcR
2177,ydcP
2178,sacV
2179,ydhN
2180,ydhJ
2181,ydhH
2182,phoB
2183,ydhE
2184,ydcM
2185,ydcK
2186,ydcG
2187,rsbX
2188,rsbW
2189,rsbT
2190,yfjF
2191,acoR
2192,acoC
2193,acoA
2194,yfjM
2195,yfjO
2196,yesT
2197,yesR
2198,yesP
2199,yesM
2200,yesK
2201,cotJB
2202,yfjQ
2203,yfjS
2204,yfkA
2205,yfkC
2206,yfkE
2207,yfkJ
2208,yesF
2209,yeeK
2210,rapH
2211,yezA
2212,yeeC
2213,yeeA
2214,yfjU
2215,acoL
2216,acoB
2217,yfjL
2218,yfjN
2219,yfjP
2220,yesS
2221,yesQ
2222,yesO
2223,yesL
2224,yesJ
2225,cotJA
2226,yfjR
2227,yfjT
2228,yfkB
2229,yfkD
2230,yfkH
2231,yfkK
2232,yesE
2233,yeeI
2234,yeeG
2235,yeeD
2236,yeeB
2237,yefC
2238,yhfD
2239,yhfB
2240,yhgD
2241,hemH
2242,pbpF
2243,yhgB
2244,yhcN
2245,yhcL
2246,yhcJ
2247,yhcI
2248,yhcG
2249,yhcE
2250,ecsC
2251,ecsA
2252,serC
2253,yhaH
2254,yhaI
2255,yhaK
2256,yhcB
2257,yhbJ
2258,yhbH
2259,yhbF
2260,yhbD
2261,yhbA
2262,yhfC
2263,yhgE
2264,hemY
2265,hemE
2266,yhgC
2267,yhfA
2268,yhcM
2269,yhcK
2270,cspB
2271,yhcH
2272,yhcF
2273,yhcC
2274,ecsB
2275,hit
2276,yhaG
2277,hpr
2278,yhaJ
2279,prsA
2280,yhcA
2281,yhbI
2282,prkA
2283,yhbE
2284,cspR
2285,yhzB
2286,yjkA
2287,yjiC
2288,yjiA
2289,yjhA
2290,yjgB
2291,yjfC
2292,carA
2293,argB
2294,argC
2295,yitY
2296,yitW
2297,yitU
2298,yjfA
2299,cotT
2300,yjdJ
2301,yjdG
2302,yjdE
2303,yjdC
2304,yitT
2305,nprB
2306,yitQ
2307,yitO
2308,yitM
2309,yitK
2310,yjjA
2311,yjiB
2312,yjhB
2313,yjgD
2314,yjgA
2315,yjfB
2316,argD
2317,argJ
2318,yitZ
2319,yitX
2320,yitV
2321,ipi
2322,yjeA
2323,yjdK
2324,yjdI
2325,yjdF
2326,yjdD
2327,yjdB
2328,yitS
2329,yitR
2330,yitP
2331,yitN
2332,yitL
2333,yitJ
2334,yknV
2335,moaE
2336,moeA
2337,mobA
2338,ykuV
2339,ykuT
2340,ykoE
2341,ykoC
2342,ispA
2343,yknA
2344,ykmA
2345,proA
2346,ykuR
2347,ykuP
2348,ykuN
2349,ykuL
2350,ykuK
2351,ykuI
2352,ykkE
2353,ykkC
2354,ykkA
2355,ykzH
2356,ykhA
2357,ykgB
2358,yknU
2359,mobB
2360,moeB
2361,ykuW
2362,ykuU
2363,ykuS
2364,ykoD
2365,ispU
2366,metC
2367,ykzA
2368,yklA
2369,proB
2370,ykuQ
2371,ykuO
2372,ykuM
2373,ykzF
2374,ykuJ
2375,ykuH
2376,ykkD
2377,ykkB
2378,ykjA
2379,hmp
2380,ykgA
2381,ykfD
2382,fliR
2383,fliZ
2384,fliM
2385,flgE
2386,fliK
2387,fliJ
2388,ylmA
2389,sigE
2390,ftsZ
2391,sbp
2392,ylxW
2393,murB
2394,fliH
2395,fliF
2396,flgC
2397,codY
2398,clpQ
2399,gid
2400,spoVE
2401,mraY
2402,pbpB
2403,ylxA
2404,yllA
2405,ylbP
2406,fliQ
2407,fliY
2408,fliL
2409,ylxG
2410,ylxF
2411,fliI
2412,sigG
2413,spoIIGA
2414,ftsA
2415,ylxX
2416,divIB
2417,murG
2418,fliG
2419,fliE
2420,flgB
2421,clpY
2422,codV
2423,topA
2424,murE
2425,ftsL
2426,yllB
2427,ylbQ
2428,ylbO
2429,yoxD
2430,proH
2431,gltC
2432,yogA
2433,ggt
2434,yoeC
2435,glnR
2436,ynbA
2437,cwlC
2438,nrdF
2439,ymaA
2440,ymzC
2441,yoeA
2442,pbp
2443,yngK
2444,yngJ
2445,yngH
2446,yngF
2447,miaA
2448,ymaG
2449,ymaD
2450,aprX
2451,ymzB
2452,pksN
2453,rtp
2454,proJ
2455,gltB
2456,yofA
2457,yoeD
2458,yoeB
2459,ynbB
2460,spoVK
2461,ymaB
2462,nrdE
2463,ymzA
2464,ymaH
2465,yoxA
2466,yngL
2467,ynzE
2468,yngI
2469,yngG
2470,yngE
2471,ymaF
2472,ebrB
2473,ymaC
2474,ymaE
2475,pksS
2476,pksJ
2477,yoqR
2478,yoqT
2479,yoqV
2480,yoqY
2481,yorA
2482,yorC
2483,yojC
2484,yojF
2485,yojI
2486,yojK
2487,yojM
2488,yojO
2489,yorE
2490,yorG
2491,yorI
2492,yorK
2493,yorN
2494,yorP
2495,yocS
2496,sodF
2497,dhaS
2498,yozO
2499,yozN
2500,yocL
2501,yoqS
2502,yoqU
2503,yoqW
2504,yoqZ
2505,yorB
2506,yorD
2507,yojE
2508,yojH
2509,yojJ
2510,yojL
2511,yojN
2512,odhB
2513,yorF
2514,yorH
2515,yorJ
2516,yorM
2517,yorO
2518,yorQ
2519,yocR
2520,sqhC
2521,yozC
2522,yocN
2523,yocM
2524,yocK
2525,qcrC
2526,ypjB
2527,ypjD
2528,ypjF
2529,ypjH
2530,birA
2531,yolC
2532,uvrX
2533,sunA
2534,yolI
2535,yolK
2536,yomB
2537,panC
2538,ypmB
2539,asnS
2540,nth
2541,yppB
2542,yomD
2543,yomF
2544,yomH
2545,yomK
2546,yozP
2547,yomN
2548,ypjA
2549,ypjC
2550,dapB
2551,ypjG
2552,papS
2553,panB
2554,yolD
2555,yolF
2556,sunT
2557,yolJ
2558,yomA
2559,yomC
2560,panD
2561,ypmA
2562,aspB
2563,dnaD
2564,ypoC
2565,yppC
2566,yomE
2567,yomG
2568,yomJ
2569,yomL
2570,yomM
2571,yomO
2572,yqhL
2573,yqhN
2574,yqhP
2575,yqhS
2576,efp
2577,spoIIIAA
2578,yqkL
2579,drm
2580,dacF
2581,spoIIAB
2582,spoVAA
2583,spoVAC
2584,spoIIIAC
2585,spoIIIAE
2586,spoIIIAH
2587,accC
2588,yqhZ
2589,yqiB
2590,spoVAE
2591,lysA
2592,ppiB
2593,ypuB
2594,ypzC
2595,ypuD
2596,yqhM
2597,yqhO
2598,yqhR
2599,yqhT
2600,yqhV
2601,spoIIIAB
2602,ripX
2603,pnp
2604,spoIIAA
2605,sigF
2606,spoVAB
2607,spoVAD
2608,spoIIIAD
2609,spoIIIAF
2610,accB
2611,yqhY
2612,folD
2613,yqiC
2614,spoVAF
2615,ypuA
2616,ypzD
2617,ypuC
2618,sipS
2619,ypuE
2620,yrkB
2621,yrkD
2622,yrkF
2623,yrkH
2624,yrkJ
2625,yrkL
2626,yqeN
2627,gpr
2628,yqxA
2629,dnaK
2630,yqeT
2631,yrkN
2632,yrkP
2633,yrkR
2634,spoIIIC
2635,yqaC
2636,yqaF
2637,yqeV
2638,rpsU
2639,yqeZ
2640,yqfB
2641,yqfD
2642,yqfF
2643,yrkC
2644,yrkE
2645,yrkG
2646,yrkI
2647,yrkK
2648,yrkM
2649,rpsT
2650,spoIIP
2651,hemN
2652,grpE
2653,dnaJ
2654,yqeU
2655,yrkO
2656,yrkQ
2657,yrkS
2658,yqaB
2659,yqaE
2660,yqdA
2661,yqeW
2662,yqeY
2663,yqfA
2664,yqfC
2665,phoH
2666,yqfG
2667,yshE
2668,ysiA
2669,etfB
2670,xsa
2671,uvrC
2672,lysC
2673,relA
2674,yrvJ
2675,hisS
2676,yrvM
2677,yrzC
2678,yrvP
2679,sdhC
2680,sdhB
2681,gerE
2682,racE
2683,rph
2684,ysnB
2685,yrrB
2686,yrrD
2687,glnM
2688,glnQ
2689,yrzB
2690,lcfA
2691,ysiB
2692,etfA
2693,trxA
2694,ask
2695,yslB
2696,yrvI
2697,yrzK
2698,aspS
2699,yrvN
2700,yrvO
2701,yrrA
2702,sdhA
2703,ysmA
2704,ysmB
2705,gerM
2706,ysnA
2707,ysnE
2708,yrrC
2709,glnP
2710,glnH
2711,yrrI
2712,yrrK
2713,yrrL
2714,ytkC
2715,ytlC
2716,ytlA
2717,ytmB
2718,metK
2719,ytnA
2720,ytsP
2721,ytwP
2722,nifZ
2723,sspA
2724,ytcJ
2725,yteI
2726,ytpA
2727,ytqA
2728,ytrA
2729,ytrC
2730,ytrE
2731,ytsA
2732,ytfI
2733,ytxK
2734,moaB
2735,argH
2736,ytkK
2737,ytlI
2738,ytlD
2739,ytlB
2740,ytmA
2741,pckA
2742,asnB
2743,ytoA
2744,ytvP
2745,braB
2746,ytbJ
2747,ytcI
2748,ytdI
2749,yteJ
2750,ytqB
2751,ytzC
2752,ytrB
2753,ytrD
2754,ytrF
2755,ytsB
2756,ytgI
2757,ackA
2758,argG
2759,ytzD
2760,ytkL
2761,ytmI
2762,yurW
2763,yurU
2764,yurS
2765,yurQ
2766,yurO
2767,yurM
2768,yufB
2769,yufD
2770,yufU
2771,yufS
2772,yufQ
2773,yufO
2774,yurK
2775,yurI
2776,yurF
2777,yurD
2778,yunM
2779,yunK
2780,yufM
2781,yuxK
2782,yuxJ
2783,kapB
2784,patB
2785,yugF
2786,yurV
2787,yurT
2788,yurR
2789,yurP
2790,yurN
2791,yurL
2792,yufC
2793,yufV
2794,yufT
2795,yufR
2796,yufP
2797,yufN
2798,yurJ
2799,yurH
2800,yurE
2801,yurB
2802,yunL
2803,yunJ
2804,yufL
2805,pbpD
2806,kapD
2807,kinB
2808,yugE
2809,yugG
2810,yvcJ
2811,yvcL
2812,yvcN
2813,yvcQ
2814,yvcS
2815,yvdA
2816,yvaO
2817,yvzC
2818,yvaL
2819,yvaJ
2820,yvaG
2821,yvaE
2822,yvdC
2823,yvdE
2824,yvdG
2825,yvdI
2826,yvdK
2827,yvdM
2828,yvaC
2829,yvaA
2830,yvgY
2831,yvgW
2832,yvgU
2833,yvgS
2834,yvcK
2835,crh
2836,yvcP
2837,yvcR
2838,yvcT
2839,yvdB
2840,yvaN
2841,yvaM
2842,yvaK
2843,yvaI
2844,yvaF
2845,yvaD
2846,yvdD
2847,yvdF
2848,yvdH
2849,yvdJ
2850,yvdL
2851,clpP
2852,yvaB
2853,yvgZ
2854,yvgX
2855,yvgV
2856,yvgT
2857,yvgQ
2858,atpF
2859,atpA
2860,atpD
2861,ywmA
2862,ywmB
2863,spoIID
2864,ywtE
2865,ywtG
2866,gerBB
2867,pmi
2868,tagC
2869,tagA
2870,ywmE
2871,narA
2872,ywmF
2873,ureA
2874,ureC
2875,ywnB
2876,tagF
2877,ggaA
2878,lytR
2879,lytC
2880,tuaB
2881,tuaD
2882,atpH
2883,atpG
2884,atpC
2885,ywzB
2886,murA
2887,ywmC
2888,ywtF
2889,gerBC
2890,gerBA
2891,lytD
2892,tagB
2893,tagE
2894,narQ
2895,rapB
2896,ywmG
2897,ureB
2898,ywnA
2899,ywnC
2900,tagG
2901,yvyH
2902,lytB
2903,tuaA
2904,tuaC
2905,tuaE
2906,yxkA
2907,yxkC
2908,aldY
2909,msmX
2910,yxzE
2911,yxkJ
2912,spsD
2913,spsG
2914,spsJ
2915,yweA
2916,rocA
2917,rocC
2918,cydB
2919,cydD
2920,yxlA
2921,yxlC
2922,yxlE
2923,yxlG
2924,ywfB
2925,ywfD
2926,ywfF
2927,ywfH
2928,pta
2929,ywfL
2930,galE
2931,yxkD
2932,yxkF
2933,yxkH
2934,yxkI
2935,cydA
2936,spsE
2937,spsI
2938,spsK
2939,yweB
2940,rocB
2941,ywfA
2942,cydC
2943,yxkO
2944,sigY
2945,yxlD
2946,yxlF
2947,yxlH
2948,ywfC
2949,ywfE
2950,ywfG
2951,ywfI
2952,ywfK
2953,ywfM
2954,yyaH
2955,yyaJ
2956,yyaL
2957,yyaN
2958,tetL
2959,yyaP
2960,yxbD
2961,yxbF
2962,yxcA
2963,yxcC
2964,yxcE
2965,iolR
2966,yyaR
2967,yyaT
2968,yybB
2969,yybD
2970,yybF
2971,yybI
2972,iolB
2973,iolD
2974,iolF
2975,iolH
2976,iolJ
2977,yxdK
2978,yyaI
2979,yyaK
2980,yyaM
2981,yyaO
2982,tetB
2983,yyaQ
2984,aldX
2985,yxbG
2986,htpG
2987,yxcD
2988,iolS
2989,iolA
2990,yyaS
2991,yybA
2992,yybC
2993,yybE
2994,yybG
2995,yybJ
2996,iolC
2997,iolE
2998,iolG
2999,iolI
3000,yxdJ
3001,yxdL
3002,yeeF
3003,purQ
3004,ydgJ
3005,pbpC
3006,srfAC
3007,ycgI
3008,yknT
3009,ptsI
3010,ykvU
3011,ykzE
3012,yjdH
3013,yhdN
3014,yczC
3015,lmrA
3016,ybgB
3017,ybdD
3018,fus
3019,yfiX
3020,yfkF
3021,treA
3022,yflP
3023,yesY
3024,yddN
3025,yerP
3026,ydjD
3027,yddE
3028,yclG
3029,nasB
3030,ycdB
3031,patA
3032,ykvW
3033,ykrP
3034,ykoY
3035,yhaP
3036,yhbB
3037,yccC
3038,ybgE
3039,ybgA
3040,rpmD
3041,rpoB
3042,clpC
3043,yfiB
3044,yfkI
3045,yflH
3046,yetM
3047,cotJC
3048,yddK
3049,yabD
3050,yurG
3051,ytqD
3052,acuB
3053,dnaE
3054,levR
3055,yqzC
3056,yaaO
3057,ypbG
3058,ypvA
3059,cgeB
3060,yloB
3061,glcT
3062,yjcD
3063,metS
3064,ythC
3065,ytpB
3066,ytoI
3067,yrhJ
3068,yqxH
3069,bmrU
3070,yaaN
3071,qcrB
3072,yosO
3073,ylqF
3074,spoVD
3075,yjgC
3076,yjaX
3077,rplO
3078,rplR
3079,rpsH
3080,rplE
3081,rplN
3082,rpmC
3083,xpaC
3084,bofA
3085,recR
3086,dnaX
3087,yaaI
3088,rpsC
3089,rpsS
3090,rplW
3091,rplC
3092,ybaC
3093,rpsG
3094,serS
3095,yaaD
3096,guaB
3097,gyrB
3098,recF
3099,rpsE
3100,rplF
3101,rpsN
3102,rplX
3103,rpsQ
3104,rplP
3105,csfB
3106,yaaL
3107,yaaK
3108,yaaJ
3109,yaaH
3110,rplV
3111,rplB
3112,rplD
3113,rpsJ
3114,tufA
3115,rpsL
3116,yaaE
3117,dacA
3118,yaaC
3119,yaaB
3120,yaaA
3121,yclA
3122,yckJ
3123,yczE
3124,ycxD
3125,ycxB
3126,srfAD
3127,ycbD
3128,ycbA
3129,ybgH
3130,ybgF
3131,ybfP
3132,ybfN
3133,yckH
3134,yckF
3135,nucA
3136,yckE
3137,yckC
3138,yckA
3139,ybfM
3140,ybfK
3141,purT
3142,ybfH
3143,ybfF
3144,ybfB
3145,yckK
3146,yckI
3147,sfp
3148,ycxC
3149,ycxA
3150,comS
3151,ycbB
3152,ybgJ
3153,ybgG
3154,ybfT
3155,ybfO
3156,psd
3157,yckG
3158,tlpC
3159,nin
3160,yckD
3161,yckB
3162,yciC
3163,pssA
3164,ybfJ
3165,ybfI
3166,ybfG
3167,ybfE
3168,ybfA
3169,ydhD
3170,ydgK
3171,ydgH
3172,dinB
3173,expZ
3174,ydgD
3175,rsbS
3176,ydcE
3177,dal
3178,ydcB
3179,ydbS
3180,murF
3181,ydgB
3182,ydfT
3183,ydfR
3184,ydfQ
3185,ydfO
3186,ydfM
3187,ydbP
3188,ydbM
3189,ydbK
3190,ydbI
3191,ydbF
3192,ydbD
3193,ydhC
3194,ydgI
3195,ydgG
3196,ydgF
3197,ydgE
3198,ydgC
3199,rsbR
3200,ydcD
3201,ydcC
3202,ydbT
3203,ydbR
3204,ddlA
3205,ydgA
3206,ydfS
3207,ydzH
3208,ydfP
3209,ydfN
3210,ydfL
3211,ydbN
3212,ydbL
3213,ydbJ
3214,ydbG
3215,ydbE
3216,ydbC
3217,yfkM
3218,treR
3219,yfkQ
3220,yfkS
3221,yflA
3222,yflC
3223,yefB
3224,yerQ
3225,yerN
3226,yerL
3227,sapB
3228,yerH
3229,yflE
3230,yflG
3231,yflJ
3232,yflL
3233,yflN
3234,citT
3235,yerF
3236,yerD
3237,yerA
3238,yezC
3239,purH
3240,purM
3241,yfkO
3242,treP
3243,yfkR
3244,yfkT
3245,yflB
3246,yflD
3247,yefA
3248,yerO
3249,yerM
3250,opuE
3251,yerI
3252,yflF
3253,yflI
3254,yflK
3255,yflM
3256,citM
3257,citSc
3258,yerE
3259,yerB
3260,yecA
3261,purD
3262,purN
3263,purF
3264,yhaL
3265,yhaN
3266,yhaS
3267,yhaU
3268,yhaW
3269,yhaY
3270,ygaO
3271,ygaN
3272,ygbA
3273,katA
3274,ygaK
3275,ygaJ
3276,yheA
3277,yheD
3278,sspB
3279,yheG
3280,yheK
3281,yheN
3282,ygaI
3283,ygaH
3284,ygaF
3285,ygaE
3286,ygaC
3287,sspE
3288,yhaM
3289,yhaO
3290,yhaT
3291,yhaV
3292,yhaX
3293,yhaZ
3294,yhzA
3295,ygcA
3296,ygaL
3297,senS
3298,thiA
3299,ygzA
3300,yheB
3301,yheE
3302,yheF
3303,yheI
3304,yheM
3305,yhdZ
3306,ygxA
3307,ygaG
3308,gsaB
3309,ygaD
3310,ygaB
3311,yfhR
3312,yjdA
3313,yjcR
3314,yjcP
3315,yjcN
3316,yjcL
3317,yjcJ
3318,yitI
3319,yitG
3320,yitE
3321,yitC
3322,yitA
3323,yisX
3324,yjcH
3325,yjcF
3326,yjcC
3327,yjcA
3328,cotW
3329,cotY
3330,yisV
3331,yisT
3332,degA
3333,yisQ
3334,yisO
3335,yjcS
3336,yjcQ
3337,yjcO
3338,yjcM
3339,yjcK
3340,yjcI
3341,yitH
3342,yitF
3343,yitD
3344,yitB
3345,yisY
3346,yisW
3347,yjcG
3348,yjcE
3349,yjcB
3350,cotV
3351,cotX
3352,cotZ
3353,yisU
3354,yisS
3355,yisR
3356,yisP
3357,yisN
3358,yisL
3359,ykuG
3360,ykuE
3361,ykuC
3362,kinA
3363,ykwD
3364,ykwB
3365,ykfC
3366,ykfA
3367,dppD
3368,dppB
3369,ykeA
3370,ykcC
3371,splA
3372,ykvZ
3373,ykvV
3374,ykvS
3375,ykvQ
3376,ykvO
3377,ykcA
3378,ykaA
3379,spoIISA
3380,xhlB
3381,xkdY
3382,xkdW
3383,ykuF
3384,ykuD
3385,ykyB
3386,ykwC
3387,splB
3388,ykfB
3389,dppE
3390,dppC
3391,dppA
3392,htrA
3393,ykcB
3394,ptsG
3395,ykvY
3396,ykvT
3397,ykvR
3398,ykvP
3399,ykvN
3400,ykbA
3401,ykaB
3402,xlyA
3403,xhlA
3404,xkdX
3405,xkdV
3406,smf
3407,sucC
3408,ylqG
3409,rplS
3410,ylqE
3411,ylqC
3412,rpmF
3413,ylbM
3414,ylbK
3415,ylbI
3416,ylbG
3417,ylbE
3418,ylxM
3419,ftsY
3420,rncS
3421,fabG
3422,plsX
3423,ylpB
3424,ylbC
3425,ylbA
3426,ctaF
3427,ctaD
3428,ctaB
3429,ylaO
3430,sucD
3431,ylqH
3432,rnh
3433,trmD
3434,ylqD
3435,rpsP
3436,ylbN
3437,ylbL
3438,ylbJ
3439,ylbH
3440,ylbF
3441,ylbD
3442,ylqB
3443,acpA
3444,fabD
3445,ylpC
3446,ylpA
3447,ylbB
3448,ctaG
3449,ctaE
3450,ctaC
3451,ctaA
3452,ylaN
3453,yngD
3454,yngA
3455,ynfF
3456,bglC
3457,ynfC
3458,grlB
3459,pksI
3460,pksG
3461,pksE
3462,pksC
3463,pksA
3464,mutL
3465,yneS
3466,yneQ
3467,tlp
3468,citB
3469,cotL
3470,yneK
3471,cotE
3472,ymcB
3473,tdh
3474,ymdB
3475,pbpX
3476,cinA
3477,yngC
3478,xynD
3479,ynfE
3480,alsT
3481,grlA
3482,yneT
3483,pksH
3484,pksF
3485,pksD
3486,pksB
3487,ymcC
3488,mutS
3489,yneR
3490,yneP
3491,yneN
3492,cotK
3493,cotM
3494,yneJ
3495,ymcA
3496,kbl
3497,spoVS
3498,ymdA
3499,recA
3500,pgsA
3501,yorR
3502,yorT
3503,yorV
3504,yorX
3505,yorZ
3506,yosB
3507,yocJ
3508,yocH
3509,yocF
3510,yocD
3511,yocB
3512,yocA
3513,yosD
3514,yosF
3515,yosH
3516,yosJ
3517,yosL
3518,yosP
3519,yobW
3520,yobU
3521,yobS
3522,yobQ
3523,yobO
3524,yobM
3525,yorS
3526,mtbP
3527,yorW
3528,yorY
3529,yosA
3530,yosC
3531,yocI
3532,yocG
3533,yocE
3534,yocC
3535,yozB
3536,yozA
3537,yosE
3538,yosG
3539,yosI
3540,yosK
3541,yosM
3542,yosQ
3543,yobV
3544,yobT
3545,yobR
3546,csaA
3547,yobN
3548,yobL
3549,yppD
3550,yppF
3551,ypqE
3552,yprB
3553,ypsA
3554,ypsC
3555,yomP
3556,yomR
3557,yomT
3558,yomV
3559,yomX
3560,yomZ
3561,kduD
3562,kdgR
3563,kdgA
3564,ypwA
3565,pbuX
3566,ypbQ
3567,yonB
3568,yonD
3569,yonF
3570,yonH
3571,yonK
3572,yonO
3573,yppE
3574,yppG
3575,cotD
3576,ypsB
3577,yptA
3578,yomQ
3579,yomS
3580,yomU
3581,yomW
3582,yomY
3583,yonA
3584,kduI
3585,kdgK
3586,kdgT
3587,xpt
3588,bcsA
3589,ypbS
3590,yonC
3591,yonE
3592,yonG
3593,yonI
3594,yonN
3595,yonP
3596,yqiD
3597,yqxC
3598,recN
3599,spo0A
3600,yqiH
3601,yqiK
3602,ribG
3603,ribA
3604,ribT
3605,ypuG
3606,ypuI
3607,spmA
3608,mmgB
3609,mmgD
3610,yqiQ
3611,yqiR
3612,yqiT
3613,yqiV
3614,ypuL
3615,resB
3616,resD
3617,sigX
3618,aroC
3619,ypzE
3620,yqiE
3621,ahrC
3622,spoIVB
3623,yqiG
3624,yqiI
3625,ribB
3626,ribH
3627,ypuF
3628,ypuH
3629,dacB
3630,spmB
3631,mmgC
3632,mmgE
3633,yqzF
3634,yqiS
3635,yqiU
3636,bfmBAA
3637,resA
3638,resC
3639,resE
3640,ypuN
3641,serA
3642,ypaA
3643,yqaG
3644,yqaI
3645,yqaK
3646,yqaM
3647,yqaO
3648,yqaQ
3649,dgkA
3650,bex
3651,glyQ
3652,yqzB
3653,yqxD
3654,sigA
3655,yqaS
3656,yqbA
3657,yqbC
3658,yqbE
3659,yqbG
3660,yqbI
3661,yqfN
3662,yqfP
3663,yqfR
3664,yqfT
3665,yqfV
3666,yqfX
3667,yqaH
3668,yqaJ
3669,yqaL
3670,yqaN
3671,yqaP
3672,yqaR
3673,cdd
3674,yqxN
3675,glyS
3676,yqfL
3677,dnaG
3678,cccA
3679,yqaT
3680,yqbB
3681,yqbD
3682,yqbF
3683,yqbH
3684,yqbJ
3685,yqfO
3686,yqfQ
3687,yqfS
3688,yqfU
3689,yqfW
3690,yqfZ
3691,ysnD
3692,ilvN
3693,leuA
3694,leuC
3695,ysoA
3696,clpX
3697,yrrM
3698,yrrO
3699,greA
3700,yrrS
3701,yrrT
3702,yrhA
3703,ysxD
3704,hemX
3705,hemD
3706,hemL
3707,ysxE
3708,yrhD
3709,yrhG
3710,yrhH
3711,yrhK
3712,yrhM
3713,yrhO
3714,ilvB
3715,ilvC
3716,leuB
3717,leuD
3718,tig
3719,lonB
3720,yrrN
3721,udk
3722,yrrR
3723,yrzA
3724,yrrU
3725,yrhB
3726,ysxC
3727,hemA
3728,hemC
3729,hemB
3730,spoVID
3731,yrhF
3732,yrzI
3733,yrhI
3734,yrhL
3735,sigV
3736,levD
3737,ytsC
3738,yttA
3739,ytvA
3740,leuS
3741,melA
3742,amyD
3743,ytmJ
3744,ytmL
3745,hisP
3746,ytnJ
3747,hipO
3748,ytqI
3749,msmR
3750,bioW
3751,bioF
3752,bioB
3753,ytbQ
3754,ytcQ
3755,ytsJ
3756,pfk
3757,ytwI
3758,citC
3759,phoP
3760,yttB
3761,ytvB
3762,ytwF
3763,amyC
3764,msmE
3765,ytmK
3766,ytmM
3767,ytnI
3768,ribR
3769,ytpI
3770,ytrI
3771,ytaP
3772,bioA
3773,bioD
3774,bioI
3775,ytcP
3776,ytdP
3777,yttI
3778,ytvI
3779,citZ
3780,citH
3781,phoR
3782,mutM
3783,yunI
3784,yunG
3785,yunE
3786,yunC
3787,yunA
3788,yutC
3789,yugH
3790,yuzA
3791,yugK
3792,yugM
3793,yugO
3794,yugS
3795,yutE
3796,yutG
3797,hom
3798,thrB
3799,yutI
3800,yutJ
3801,yugU
3802,mcpB
3803,mcpA
3804,yuxG
3805,yulC
3806,yulE
3807,yunH
3808,yunF
3809,yunD
3810,yunB
3811,yutB
3812,yutD
3813,yugI
3814,yugJ
3815,pgi
3816,yugN
3817,yugP
3818,yugT
3819,yutF
3820,yutH
3821,thrC
3822,yuxL
3823,yuzD
3824,yuzB
3825,tgl
3826,tlpA
3827,tlpB
3828,yulB
3829,yulD
3830,yulF
3831,yvdO
3832,yvdQ
3833,yveA
3834,racX
3835,yveG
3836,slr
3837,yvgO
3838,yvgM
3839,yvgK
3840,yvsG
3841,fhuD
3842,fhuG
3843,yveN
3844,yveP
3845,yveR
3846,yveT
3847,yvfB
3848,yvfF
3849,yvrP
3850,yvrN
3851,yvrL
3852,yvrI
3853,yvrG
3854,yvrD
3855,yvdP
3856,yvdT
3857,pbpE
3858,yveF
3859,padC
3860,yveL
3861,yvgN
3862,yvgL
3863,yvgJ
3864,yvsH
3865,fhuB
3866,fhuC
3867,yveO
3868,yveQ
3869,yveS
3870,yvfA
3871,yvfD
3872,yvfG
3873,yvrO
3874,yvrM
3875,yvrK
3876,yvrH
3877,yvrE
3878,yvrC
3879,mta
3880,ywnF
3881,spoIIQ
3882,ywoA
3883,nrgA
3884,ywoC
3885,tuaF
3886,tuaH
3887,yvhJ
3888,degS
3889,comFA
3890,comFC
3891,ywoE
3892,ywoG
3893,usd
3894,mbl
3895,flhP
3896,ywpB
3897,flgM
3898,flgK
3899,yviE
3900,csrA
3901,yvyC
3902,fliS
3903,ywnE
3904,ywnH
3905,ywnJ
3906,nrgB
3907,ywoB
3908,ywoD
3909,tuaG
3910,tagO
3911,yvyE
3912,yviA
3913,comFB
3914,yvyF
3915,ywoF
3916,ywoH
3917,spoIIID
3918,flhO
3919,rapD
3920,ywpC
3921,yvyG
3922,flgL
3923,yviF
3924,hag
3925,fliD
3926,fliT
3927,katX
3928,yxzF
3929,licB
3930,licA
3931,ywaA
3932,dltD
3933,ywfN
3934,ywfO
3935,ywgB
3936,thrZ
3937,ywhB
3938,ywhD
3939,dltB
3940,ywaB
3941,ywaD
3942,ywaE
3943,gspA
3944,sacX
3945,ywhF
3946,ywhH
3947,rapF
3948,ywhL
3949,ywhN
3950,ywhP
3951,yxlJ
3952,licR
3953,licC
3954,licH
3955,dltE
3956,dltC
3957,ywzC
3958,ywgA
3959,mmr
3960,ywhA
3961,ywhC
3962,ywhE
3963,dltA
3964,ywaC
3965,tyrZ
3966,ywaF
3967,sacY
3968,epr
3969,ywhG
3970,phrF
3971,ywhK
3972,ywhM
3973,ywhO
3974,ywhQ
3975,yybK
3976,yybM
3977,yybO
3978,yybQ
3979,cotF
3980,yybT
3981,yxdM
3982,yxeB
3983,yxeD
3984,yxeG
3985,yxeI
3986,yxeK
3987,yycA
3988,yycC
3989,yycD
3990,yycE
3991,yycF
3992,yycH
3993,yxeM
3994,yxeO
3995,yxeQ
3996,yxxB
3997,nupC
3998,hutM
3999,yybL
4000,yybN
4001,yybP
4002,yybR
4003,yybS
4004,rplI
4005,yxeA
4006,yxeC
4007,yxeE
4008,yxeH
4009,yxeJ
4010,yxeL
4011,yycB
4012,yyzB
4013,dnaC
4014,purA
4015,yycG
4016,yycI
4017,yxeN
4018,yxeP
4019,yxeR
4020,deoR
4021,pdp
4022,hutG
4023,lysS
4024,mfd
4025,gyrA
4026,lytA
4027,yvlD
4028,yukF
4029,rsbV
4030,ydbO
4031,ycsG
4032,phrC
4033,lmrB
4034,pcp
4035,ytfJ
4036,ytzA
4037,yraA
4038,yqfY
4039,yonJ
4040,yodB
4041,ycbM
4042,ybfS
4043,ybfQ
4044,ybeC
4045,ybdG
4046,ybbA
4047,ftsH
4048,yabK
4049,ywjF
4050,ywlC
4051,yveK
4052,glgP
4053,ydcA
4054,ycnB
4055,yceH
4056,ycbU
4057,ycbR
4058,accA
4059,yrhP
4060,yqbO
4061,ypqA
4062,yosW
4063,ppsD
4064,ycbC
4065,gltP
4066,mpr
4067,ybdN
4068,ybdB
4069,yabE
4070,yaaG
4071,yisD
4072,yhjP
4073,yhfR
4074,yheH
4075,yfhQ
4076,ydcI
4077,dnaN
4078,srfAB
4079,opuAA
4080,ybdO
4081,yabN
4082,asnH
4083,ywbN
4084,yaaF
4085,addB
4086,yhjB
4087,yheC
4088,yheL
4089,yesN
4090,yclF
4091,dnaA
4092,amhX
4093,ycbT
4094,feuC
4095,gidA
4096,yxnB
4097,spsF
