ybeF,0.0
glpQ,0.0
ybdT,0.9502
ybxH,0.0
ybdM,0.0
ybdK,0.9148
ybxF,1.09
rplJ,1.57
rplK,1.07
rpmG,1.21
yacP,1.29
rplL,1.28
ybdE,0.7891
ybcT,0.776
ybcQ,0.7762
ybcO,0.9994
ybcL,0.0
ybcH,1.96
cysE,1.34
yacN,2.55
yacL,6.15
sms,2.98
yacH,1.25
glpT,0.7681
ybyB,1.17
ybxI,0.0
csgA,0.7962
ybdL,0.9358
ybdJ,0.9069
ybxB,0.9635
rplA,0.9549
nusG,0.8315
sigH,1.02
yacO,0.8673
ybdA,0.6749
ybcS,0.5076
ybcP,0.5222
ybcM,0.5905
ybcI,1.28
ybcF,1.64
gltX,1.57
yacM,3.01
yacK,4.83
yacI,1.34
ctsR,1.47
ydbB,0.7943
ydbA,0.7166
ydaS,1.33
ydaQ,1.58
mutT,1.05
ydaN,1.11
yciB,0.9176
nasA,0.863
nasD,1.05
nasF,0.9345
ycgS,0.992
ycgQ,3.67
ydaL,0.0
ydaJ,0.0
lrpC,1.36
ydaH,15.1
ydaF,0.9019
ydaD,1.18
ycgO,0.8702
ycgM,0.8616
cah,0.921
ycgJ,0.8314
tmrB,0.7541
ycgH,0.8388
gsiB,5.77
ydaT,0.9645
ydaR,1.2
ydaP,1.63
ydaO,0.9136
ydaM,0.9041
yciA,0.6886
nasC,0.8245
nasE,0.8174
ycgT,0.6686
ycgR,2.08
ycgP,0.8678
ydaK,0.0
ydzA,1.22
ydaG,1.2
ydaE,1.13
ydaC,0.7622
ycgN,0.7829
ycgL,0.7885
ycgK,0.7506
aroI,1.02
nadE,0.8619
ycgG,0.8787
purL,0.5066
purC,0.6989
purK,1.23
yebG,1.04
yebE,0.0
yebC,7.36
ydfK,0.0
ydfJ,1.21
ydfH,1.32
ydfF,1.19
ydfD,0.0
ydfB,0.0
guaA,0.8335
yeaD,0.8849
yeaB,1.08
yeaA,0.6008
ydjO,1.19
ydjM,1.3
ydeT,0.5723
ydeR,0.0
ydeP,1.17
ydzF,1.19
ydeM,1.12
ydeK,1.4
yexA,0.6323
purB,0.7276
purE,0.6887
yebF,0.8746
yebD,0.0
yebB,0.7715
nap,1.04
ydfI,0.8349
ydfG,1.2
ydfE,0.0
ydfC,0.7986
ydfA,0.8643
yebA,0.0
yeaC,0.8044
gabP,0.7497
ydjP,0.6018
ydjN,1.37
ydjL,0.7245
ydeS,0.7623
ydeQ,0.8516
ydeO,0.8521
ydeN,1.04
ydeL,0.9963
ydeJ,1.04
yfhS,0.9064
yfhO,1.11
yfhM,0.9702
yfhK,0.0
yfhI,0.8711
yfhG,0.9078
yflS,1.02
yflT,1.23
yfmC,0.8999
yfmE,1.13
yfmG,0.9297
yfmI,1.34
yfhE,0.817
yfhC,0.9783
yfhA,0.6417
yfiY,0.7453
yfiV,1.23
yfiT,1.06
yfmK,0.9296
yfmM,0.0
yfmO,0.8919
yfmQ,0.9244
yfmS,1.0
yfnA,0.0
yfhP,1.45
csbB,1.41
yfhL,0.9891
yfhJ,1.24
yfhH,1.03
yfhF,0.7885
pel,0.7636
yfmA,0.0
yfmD,0.7056
yfmF,0.7523
yfmH,0.8069
yfmJ,1.01
yfhD,0.6434
yfhB,0.4793
yfiZ,0.81
yfiW,1.24
yfiU,0.7309
yfiS,0.6568
yfmL,0.7644
yfmN,0.8942
yfmP,0.7971
yfmR,0.8727
yfmT,0.0
yfnD,1.0
yisK,0.7476
yisI,0.0
yisG,0.0
yisE,0.0
yisB,1.3
addA,0.0
yhdY,0.9472
yhdW,0.8946
yhdU,0.8987
yhdS,0.8764
yhdQ,1.36
yhdO,0.9896
yhjQ,0.0
yhjM,1.42
yhjK,1.37
yhjI,1.36
yhjG,1.15
yhjE,1.43
yhdL,5.73
yhdJ,0.0
yhdH,0.9767
yhdF,0.8043
citR,0.9892
phoA,2.24
yisJ,0.0
yisH,0.0
yisF,0.8541
yisC,0.0
sbcD,1.17
yhjR,0.0
yhdX,1.02
yhdV,0.7691
yhdT,1.04
yhdR,0.867
yhdP,1.2
yhdM,5.96
yhjO,0.9271
yhjL,2.88
yhjJ,1.04
yhjH,0.8955
sipV,0.8165
yhjD,1.02
yhdK,4.28
yhdI,0.9395
yhdG,0.0
citA,0.6716
lytE,0.7404
spoVR,0.9014
xkdU,0.0
xkdS,0.0
xkdQ,0.0
xkdN,0.0
xkdK,0.7153
xkdI,0.8889
yjbX,0.9001
yjbV,0.9761
yjbT,1.09
yjbR,1.04
tenA,0.9088
yjbP,0.0
xkdG,0.8161
xkdE,1.02
xpf,0.0
xkdD,0.7156
xkdB,0.8859
xkdA,0.7348
yjbN,1.13
yjbL,1.15
yjbJ,0.6948
yjbH,1.61
yjbF,0.8595
yjbE,1.42
xkdT,0.9293
xkdR,0.0
xkdP,0.8443
xkdM,0.6177
xkdJ,0.9742
xkdH,0.6944
yjbW,0.9393
yjbU,0.8246
yjbS,0.8267
tenI,0.7593
yjbQ,1.64
yjbO,1.14
xkdF,0.7158
xtmA,0.8146
xtrA,0.0
xkdC,1.11
xre,0.8626
yjqC,0.7647
yjbM,1.09
yjbK,0.6342
yjbI,1.11
yjbG,1.54
mecA,1.71
yjbD,5.17
ylaM,0.0
ylaK,0.0
ylaH,1.2
ylaF,1.28
ylaD,0.0
ylaB,0.0
ykvM,1.23
ykvK,1.13
ykvI,0.8626
motA,0.7473
ykvE,1.04
eag,0.8548
nprE,0.9188
ykzC,1.07
ykzI,0.0
yktA,1.17
slp,0.8962
pdhC,1.09
ykvA,1.09
ykrY,0.9504
ykrW,0.7508
ykrU,0.8089
ykrS,0.7826
ykrQ,0.8526
ylaL,0.8138
ylaJ,1.05
ylaG,1.08
ylaE,1.13
ylaC,1.26
ylaA,0.0
ykvL,0.8367
ykvJ,0.9156
clpE,0.8223
motB,0.7151
ykvD,0.0
spo0E,1.16
yktD,0.9181
yktC,0.8998
yktB,0.9999
cad,0.723
pdhD,0.7907
pdhB,0.8943
ykrZ,0.8381
ykrX,0.803
ykrV,0.7202
ykrT,0.9448
dat,0.7733
ykrM,0.8028
ymfM,1.01
ymfK,1.05
ymfI,1.11
ymfF,1.54
ymfD,1.05
spoIIIE,1.01
yloW,1.03
yloU,1.19
spoVM,0.0
yloR,0.9684
ymfA,1.11
dapG,0.7313
spoVFB,0.9679
ymxH,0.0
ylxY,0.7556
ribC,1.33
fmt,1.11
priA,0.0
yloH,1.27
yloC,1.49
ylnF,0.6169
ylnD,0.762
ymfL,0.8261
ymfJ,0.0
ymfH,1.94
ymfE,0.8885
ymfC,1.05
ymfB,1.21
yloV,0.6716
rpmB,0.8798
yloS,0.8491
yloQ,0.8729
yloO,0.0
yloM,0.8984
dapA,0.6755
asd,0.5208
spoVFA,0.7973
ymxG,0.8045
rpsO,0.8409
truB,0.8758
def,0.9729
yloI,0.9856
yloD,1.21
yloA,1.13
ylnE,0.6334
ylnC,0.6177
yobK,1.26
yobI,0.0
yozL,0.0
yobH,0.0
rapK,1.43
yobF,1.16
yneI,0.9064
ynzD,1.69
yneE,0.0
ynzC,1.78
yneA,1.18
yndN,1.05
yozI,1.26
yobD,0.9414
pps,0.0
yobA,0.0
yoaZ,0.8693
yoaV,1.31
yndL,0.0
yndJ,0.8666
yndG,0.8872
yndD,1.21
yndB,1.09
ynzA,0.948
yobJ,0.8391
yozM,0.8205
yozK,0.0
phrK,0.8441
yozJ,0.0
yobE,1.31
ccdA,0.7901
yneF,1.11
tkt,1.06
yneB,1.06
lexA,0.8019
yndM,1.38
yozH,0.0
xynA,0.8365
yobB,0.6157
penP,0.6884
yoaW,0.0
yoaU,0.971
yndK,0.8379
yndH,0.9094
yndE,1.22
ynzB,0.0
yndA,0.9408
cotC,0.8625
yonR,0.9668
yonT,0.0
yonV,0.0
yopA,1.15
yopC,1.26
yopE,1.12
yosR,0.0
yosT,0.0
yosV,0.0
yosZ,0.0
yotB,0.0
yotD,0.8753
yopG,0.9669
yopI,1.06
yopK,1.63
yopM,0.8311
yopO,0.0
yopQ,1.12
yotF,0.0
yotH,0.0
yotJ,0.0
yotL,0.0
yotN,1.07
yodV,0.8985
yonS,0.7752
yonU,1.33
yonX,0.7566
yopB,0.0
yopD,0.9176
yopF,0.8134
yosS,0.8055
yosU,0.0
yosX,0.0
sspC,0.0
yotC,0.0
yotE,0.0
yopH,0.8299
yopJ,0.8564
yopL,0.8705
yopN,0.0
yopP,0.9336
yopR,1.0
yotG,0.0
yotI,0.0
yotK,0.8098
yotM,0.0
yodU,0.9979
cgeA,0.8969
fer,0.9352
recQ,1.06
ypbE,1.06
ypbH,3.28
ypdA,1.44
sleB,0.0
ypcP,1.41
ypdP,0.9867
ypeQ,0.0
degR,1.42
ypfP,1.83
bsaA,1.11
ypfA,1.13
cmk,1.06
ypgA,1.15
yphB,1.36
gpsA,1.04
yphF,0.8825
ypgR,1.32
yphP,1.13
ypjP,1.11
thyB,1.28
ypkP,1.24
yplP,0.9089
ypbB,0.9015
ypbD,0.9967
ypbF,0.8785
ypcA,1.08
ypdC,1.12
ypeB,1.01
ypdQ,0.8238
ypeP,1.04
ypzA,0.8042
cspD,1.05
metB,1.6
ypgQ,0.8428
ypfB,0.8243
ypfD,1.23
yphA,0.0
yphC,0.8523
yphE,0.6861
spoIVA,0.8856
ilvD,0.5717
ypiP,1.0
ypjQ,1.0
dfrA,1.09
yplQ,1.1
ilvA,0.7219
yqgA,1.05
yqgC,1.04
yqgE,1.07
yqgG,1.17
yqgI,1.18
yqgK,0.8622
bfmBAB,0.8559
bmrR,0.8803
yqiW,1.57
yqiY,1.32
yqjA,1.08
yqjC,1.15
yqgL,1.04
yqgN,0.9381
yqgP,1.22
glcK,1.07
yqgU,1.05
yqgW,1.05
yqjE,1.57
yqjG,1.1
yqjI,1.05
yqjK,0.6866
yqjM,1.52
yqjO,0.825
yqgB,1.14
sodA,1.64
pbpA,0.8528
yqgH,0.0
yqgJ,0.8455
yqzD,1.3
bfmBB,0.7852
bmr,0.9026
yqiX,1.44
yqiZ,0.9753
yqjB,0.9219
yqjD,0.9242
yqgM,0.8676
yqgO,0.6619
yqgQ,1.06
yqgT,1.08
yqgV,0.998
yqgX,1.37
yqjF,0.0
yqjH,0.7825
yqjJ,0.9197
yqjL,7.01
yqjN,1.1
yqjP,0.9054
levE,0.0
levG,0.8836
adhA,0.0
yraC,0.0
yraE,0.0
yraF,0.0
yqbK,0.7818
yqbM,0.0
yqbN,0.0
yqbQ,0.0
yqbS,0.0
yqcA,0.0
yraH,0.0
yraJ,0.7434
yraL,0.0
yraM,0.8647
yraO,0.7114
sigZ,0.0
yqcD,0.0
yqxG,0.0
yqxI,1.15
yqcF,1.61
yqzI,0.0
rapE,0.9104
levF,0.7048
sacC,0.8192
yraB,1.41
yraD,0.0
adhB,0.0
yraG,0.0
yqbL,0.0
yqdB,0.0
yqbP,0.0
yqbR,0.0
yqbT,0.7666
yqcB,0.0
yraI,0.5894
yraK,0.0
csn,0.9114
yraN,0.6735
yrpG,1.03
yrpE,1.51
yqcE,0.0
cwlA,0.0
yqxJ,1.02
yqcG,0.9567
phrE,0.9889
yqcI,0.9196
ytaF,1.08
ytbE,0.0
ytcD,0.0
ytcF,1.34
dnaB,0.9392
ytxB,1.08
folC,0.9536
spoIIB,0.9559
ysxA,5.0
mreC,3.74
minC,3.29
spoIVFA,0.0
thrS,0.811
lytS,0.8901
ysbA,0.0
yscB,0.6926
infC,1.05
rplT,1.03
rplU,1.0
spo0B,0.8885
p`eB,1.33
pheB,1.19
yrxA,0.7539
nadB,0.0
nadA,0.0
ytaG,1.12
ytbD,0.8736
gapB,1.1
ytcG,1.1
dnaI,0.799
ytxC,0.9064
comC,0.7042
maf,4.06
mreB,2.37
mreD,2.68
minD,1.94
spoIVFB,0.7482
ysaA,0.8429
lytT,1.02
ysbB,0.0
yscA,0.9036
rpmI,0.8811
ysdA,1.11
ysxB,1.03
obg,0.7481
pheA,0.9732
nifS,0.9068
nadC,0.5135
yrbA,0.4463
yubA,1.5
yubC,0.8365
yubE,1.38
yubG,1.13
yuaB,1.24
gbsA,0.8601
yteP,0.0
yteR,1.11
yteT,1.23
yteV,0.9182
ytfP,0.8092
ytzG,1.13
yuaD,1.07
yuaG,0.8719
yuaJ,1.08
glgD,1.02
ytaB,0.0
ytxN,1.03
ytzE,0.9926
ythQ,0.896
ytjP,1.16
ytlP,1.02
ytlR,0.7207
ytmP,1.0
yubB,1.49
yubD,0.9223
yubF,0.9389
yuaA,1.07
yuaC,0.8814
gbsB,0.9175
yteQ,0.7922
yteS,0.9629
yteU,0.8395
opuD,0.698
ytgP,1.06
ytzF,1.09
yuaF,0.6784
yuaI,0.7999
glgB,0.8263
glgA,0.7268
ytaA,1.18
cotS,1.13
ythP,0.9075
ytiP,0.8064
ytkP,0.7022
ytlQ,0.7627
amyX,0.791
ytzH,1.21
yvrB,1.05
yvqK,0.7195
yvqI,0.0
yvqG,1.33
yvqE,1.28
gerAC,1.25
yutL,0.7146
paiA,0.0
yumD,1.35
yumC,0.7717
yuiA,0.5154
yuiC,0.679
gerAA,1.36
yuxN,1.47
yvqA,1.33
yvtB,0.9185
yusZ,1.04
yusW,0.8786
yuiE,0.7098
yuiG,0.8461
yuiI,0.9283
dhbC,0.5504
dhbB,0.7287
yukL,0.7753
yvrA,0.6236
yvqJ,0.7911
yvqH,8.97
yvqF,1.18
yvqC,0.7656
gerAB,1.01
yutM,1.23
paiB,1.02
yuzG,0.8828
yumB,1.1
yuiB,0.4775
yuiD,0.7091
citG,0.6938
yvqB,0.9738
yvtA,0.7496
mrgA,0.841
yusX,0.8288
yusV,0.6103
yuiF,0.7488
yuiH,0.8474
dhbA,0.0
dhbE,0.6728
yukM,0.7327
yukJ,0.8114
yvyD,0.9211
cccB,1.18
ftsX,1.17
yvzD,0.9884
yvkA,1.01
yvkC,0.8013
yvfH,0.0
lacR,0.0
yvfM,0.8756
yvfO,0.0
yvfS,1.01
yvfU,0.9274
uvrB,0.7147
yvzB,0.8085
yvlA,0.9938
yvlC,1.39
yvmB,1.12
cypX,0.7989
yvfW,1.02
yvbX,0.6433
yvbV,1.02
yvbT,0.8478
araE,0.9393
gap,0.0
yvjA,0.8769
ftsE,0.9942
yvjB,0.723
yvjD,0.8203
yvkB,0.9298
csbA,0.8461
yvfI,0.0
yvfL,0.7486
lacA,0.7478
yvfR,0.761
yvfT,0.7881
yvfV,0.5749
uvrA,0.8106
yvkN,0.9271
yvlB,0.8181
yvmA,0.9123
yvmC,0.8692
yvnA,1.05
yvbY,0.8426
yvbW,0.0
yvbU,0.715
araR,0.0
yvbQ,1.07
pgk,0.9055
ywhR,1.36
sbo,0.9097
argS,0.7692
fnr,1.87
ywiD,1.05
narH,1.36
ywpD,1.52
ywpF,1.47
ywpH,1.21
ywqB,1.28
ywqD,1.0
ywqF,1.12
narI,0.0
ywjA,0.9506
ywjC,0.0
ywjE,0.0
rpoE,1.32
ywjG,1.39
ywqH,0.9589
ywqJ,0.9351
ywqL,0.8545
ywqN,0.7826
ywrA,0.9886
ywrC,0.9861
ywiA,1.56
ywiB,0.8086
narK,1.03
ywiC,0.7401
narG,0.0
narJ,0.9665
ywpE,0.0
ywpG,0.9763
ywpJ,0.0
ywqC,0.8089
ywqE,0.9109
ywqG,0.8391
ywiE,0.8149
ywjB,0.8967
ywjD,0.9437
acdA,0.8617
ctrA,0.7171
spo0F,0.6423
ywqI,0.8571
ywqK,1.09
ywqM,0.6856
ywqO,0.8335
ywrB,0.8951
ywrD,0.7817
hutI,1.12
hutP,0.7213
yxiB,1.02
yxiD,0.9825
yxxE,1.12
bglH,1.16
ywbA,0.9917
ywbC,1.13
ywbE,1.09
ywbG,1.11
ywbI,1.02
thiC,0.969
yxxF,0.9078
yxiF,1.09
yxiG,1.02
yxzG,0.9717
yxiJ,1.04
yxiL,0.9862
ywbO,1.63
ywcB,0.0
ywcD,0.8802
ywzA,0.7188
qoxB,0.9165
qoxD,1.1
hutU,0.8269
yxiA,0.6417
yxiC,0.7252
yxxD,0.9666
bglP,0.8146
yxiE,1.65
ywbB,0.9774
ywbD,0.7371
ywbF,0.6063
ywbH,0.6879
thiK,0.792
ywbM,0.6393
yxxG,0.0
yxzC,0.8421
yxiH,0.8262
yxiI,0.803
yxiK,0.9163
yxiM,0.5358
ywcA,1.01
ywcC,0.9032
galT,0.0
qoxA,0.7453
qoxC,0.9313
ywcE,0.9614
ytrP,0.9791
yprA,0.9414
yloN,0.8895
yerG,1.77
wprA,0.6613
yycJ,1.32
rocR,1.02
rocE,1.34
phrG,0.9248
yycN,0.8758
yycP,1.13
topB,0.8227
polA,0.9038
mmgA,0.952
ileS,0.8273
dinG,3.17
carB,1.64
yycR,0.8012
yydA,0.964
yydC,1.02
fbp,1.18
yydG,0.5146
yydI,0.8221
ytsD,1.73
yrvE,0.9076
yloP,0.627
ykuA,1.02
ydhL,0.7688
valS,0.6147
yyxA,0.9426
rocD,0.9514
rocF,0.8023
rapG,0.73
yycO,0.8023
yycQ,0.633
smc,0.6265
murD,0.698
lonA,0.9002
hrcA,0.7389
cheA,0.655
alaS,0.6316
yycS,0.9929
yydB,0.8505
yydD,0.8568
yydF,0.6739
yydH,0.8901
yydJ,1.04
yveM,0.751
yutK,0.0
yueB,1.18
yufK,1.25
ytpQ,1.39
ytmO,0.0
yndF,0.8378
pksL,1.02
mcpC,0.625
yisZ,0.7861
ydbH,0.9156
ybxG,0.877
ysdB,1.03
yrhE,0.876
yqcC,1.28
ponA,2.68
yomI,0.7622
cgeC,0.5849
wapA,0.7294
ppsA,0.8405
pksM,0.9179
yetO,1.36
rpoC,0.788
dra,0.6139
yvfQ,0.7802
yukA,1.14
yuxO,0.0
glgC,0.0
yttP,0.944
pykA,0.9538
pksP,0.7099
pksK,0.5193
oppD,0.5807
srfAA,0.6377
yccK,0.7077
secE,0.9249
rpmA,0.8783
yrpC,1.34
yqgS,1.03
ypbR,0.8494
yorL,0.9851
odhA,0.581
dhbF,0.7229
pksR,0.7931
yfkN,0.7369
gutR,0.8791
yxeF,0.0
galK,0.0
rbcL,0.867
aceF,1.09
kdtA,0.846
tufA_E,0.7845
yazC,1.31
yrhC,1.09
yerC,1.04
yshA,1.41
yoqX,0.0
yacF,0.9047
yhcD,0.0
yetG,1.47
ywnG,1.03
ywqA,0.8122
degU,0.9255
yvnB,0.0
cysS,1.12
yqjU,0.7703
ylaI,0.901
yuaE,2.39
yqaD,0.0
yozD,0.0
yazB,0.8615
yfnB,0.8811
ywmD,0.8026
glcR,0.6736
ggaB,0.7365
prfB,1.02
yvoD,0.809
ybcD,1.51
ndhF,0.7949
adaA,0.0
ybbU,0.0
ybbT,1.21
ybbP,1.14
folK,1.31
sul,0.8217
pabA,0.8343
cysK,0.5058
yacC,1.6
sigW,1.03
ybbJ,0.0
ybbH,0.0
ybbE,0.8183
ybbC,0.8429
feuA,0.7496
yabT,0.7773
yabR,3.68
yabQ,1.95
yabO,1.08
spoVT,0.8868
ybcC,0.9355
adaB,0.8138
alkA,0.9794
glmS,0.9163
ybbR,1.09
ybbM,0.9069
folA,0.7925
pabC,0.8027
pabB,0.6983
yacD,0.941
yacB,1.2
ybbK,0.6398
ybbI,0.0
ybbF,0.7874
ybbD,0.8344
ybbB,0.8508
feuB,1.14
yabS,0.9843
divIC,3.7
yabP,1.04
yabM,0.9664
spoVC,1.07
ydaB,0.0
ycsN,0.8626
yczI,1.27
ycsO,0.5836
ycsI,0.7961
ycsE,1.19
ycgF,0.8387
mdr,0.7856
lctE,1.71
ycgB,0.9544
opuAC,0.9512
yceK,1.22
yczH,0.9232
ycsA,0.9001
mtlA,0.9586
ycnK,1.67
ycnI,1.2
ycxE,1.03
yceI,0.6272
yceF,2.05
yceD,1.72
yceB,0.8083
ycdI,0.9034
ycdG,1.43
ydaA,0.8297
yczJ,0.9828
ycsK,0.5447
ycsJ,0.7797
ycsF,0.7543
ycsD,1.01
ycgE,0.7461
lctP,1.07
amyE,0.892
ycgA,0.761
opuAB,0.8827
yceJ,0.6922
sipU,1.05
mtlD,0.8422
ycnL,1.15
ycnJ,1.1
gdh,0.9272
ycnH,1.16
yceG,1.38
yceE,1.26
yceC,1.29
yceA,0.8049
ycdH,1.12
ycdF,1.2
ydjJ,0.0
ydjH,0.6542
ydjF,0.6142
gutB,0.0
ydjB,1.07
ydiR,1.26
ydeI,0.0
ydeG,1.12
ydeE,0.0
ydeC,0.9261
ydeB,1.98
ydeA,0.0
ydiP,1.78
ydiN,0.0
groEL,0.8488
ydiL,1.18
ydiJ,1.51
ydiH,1.12
yddS,1.1
yddQ,1.14
lrpA,0.0
phrI,0.9333
yddJ,1.28
yddH,0.0
ydjI,0.8233
ydjG,0.6412
ydjE,0.9916
ydjC,1.01
ydiS,1.05
ydiQ,0.8083
ydeH,0.9008
ydeF,0.8964
ydeD,1.03
ydzE,0.8077
cspC,1.6
yddT,2.03
ydiO,1.13
ydiM,0.7302
groES,0.6549
ydiK,0.7985
ydiI,0.8004
ydiG,0.9924
yddR,0.0
lrpB,0.0
yddM,0.9219
rapI,1.07
yddI,0.0
yddG,0.0
yfiR,1.12
lipB,0.6416
yfiN,0.9696
yfiL,1.19
yfiJ,0.8655
yfiH,1.07
yfnE,0.0
yfnG,1.42
yfnI,5.4
yetL,0.0
yetJ,0.995
yezB,0.9988
yfiF,0.0
yfiD,0.8138
glvC,0.9815
glvA,0.9393
yfjB,0.8581
yfjD,1.13
yetH,1.04
lplD,0.9679
lplB,0.0
yetA,0.0
yesX,1.0
yesV,0.9509
yfiQ,0.8678
yfiO,0.8882
yfiM,0.6685
yfiK,0.7723
yfiI,0.8186
yfiG,1.09
yfnF,0.959
yfnH,0.9828
yetN,0.9094
yetK,1.44
yezD,0.6345
yetI,0.7106
yfiE,0.6649
yfiC,1.57
yfiA,0.9566
yfjA,0.9162
yfjC,0.6376
yfjE,0.8255
yetF,0.0
lplC,0.715
lplA,1.08
yesZ,1.14
yesW,0.8834
yesU,1.01
yhjC,0.8838
yhxD,0.8528
yhzC,0.8569
yhfW,0.0
yhfU,1.06
yhfS,0.607
ygxB,0.0
yhdD,0.6598
yhdB,0.9451
yhcZ,0.904
yhxB,1.84
glpK,1.71
yhfO,1.19
yhfN,0.0
yhfL,0.9103
yhfJ,2.65
yhfH,1.03
yhfF,1.23
glpP,1.23
yhcX,3.05
yhcV,0.0
yhcT,1.12
yhcR,0.9033
yhcP,0.6593
yhjA,1.14
comK,1.02
yhxC,0.7715
yhfV,0.6741
yhfT,0.8084
yhfP,1.37
yhdE,0.7088
yhdC,0.9305
yhdA,0.7911
yhcY,0.8022
glpD,0.9435
glpF,0.6673
aprE,1.04
yhfM,0.0
yhfK,1.57
yhfI,1.73
gltT,0.7832
yhfE,0.8559
yhxA,0.9195
yhcW,2.14
yhcU,1.04
yhcS,0.7244
yhcQ,1.16
yhcO,0.0
yjqB,0.9837
xlyB,1.03
phrA,0.9119
yjoB,1.36
yjnA,0.7779
yjmI,1.99
yjbC,9.38
oppF,0.6563
oppB,0.8379
trpS,1.04
appC,0.6849
appA,0.8866
yjmG,1.04
yjmE,0.0
yjmC,1.05
yjmA,0.9088
yjlC,0.9425
yjlA,0.8202
appD,0.5855
yjaY,0.9813
yjzA,1.01
yjaV,0.0
yjzD,0.9349
argF,2.28
yjqA,0.9644
yjpA,0.8227
rapA,0.932
yjoA,2.26
yjmJ,0.9348
yjmH,0.6953
yjbB,0.9271
oppC,0.6016
oppA,0.6903
yjbA,0.5641
appB,0.5161
appF,0.4782
yjmF,0.711
yjmD,0.8417
yjmB,0.6971
yjlD,0.5979
yjlB,0.7224
yjkB,0.7672
yjaZ,0.8282
yjzB,0.8458
med,0.8322
yjaU,0.7555
yjzC,0.6796
pdhA,1.0
ykrB,1.1
ykzG,1.0
adeC,1.05
ykqA,1.19
abh,5.74
ykrL,1.13
sspD,0.0
ykoZ,1.11
ykoV,1.11
ykoT,1.26
ykoQ,1.18
ykpC,0.9593
ykpB,1.05
ykoA,0.0
fruA,1.09
yknZ,0.9865
yknX,0.8399
ykoN,0.9552
ykoL,1.15
tnrA,2.29
ykzD,0.8393
ykoI,1.5
ykoG,0.7642
ykyA,1.38
ykrA,1.1
ykqC,1.09
ykqB,1.0
kinC,1.18
mreBH,1.04
ykrK,1.02
ykrI,0.9427
ykoX,0.9512
ykoU,0.7599
ykoS,0.8896
ykoP,0.8044
ampS,0.9089
ykpA,0.8966
sipT,1.18
fruR,0.8851
yknY,0.6696
yknW,0.7034
ykoM,1.0
ykzB,1.27
ykoK,0.8938
ykoJ,0.9799
ykoH,0.5943
ykoF,0.6892
rbfA,1.12
infB,1.07
ylxR,1.05
ylxS,1.24
yluC,1.12
cdsA,1.04
ylnB,0.689
cysH,0.7523
pyrF,0.6796
pyrDII,0.7726
pyrC,0.8337
pyrP,0.8822
frr,1.24
tsf,1.18
ylxL,0.985
cheD,0.7578
cheW,0.9586
cheB,0.9673
ylyB,1.22
ylyA,0.0
divIVA,1.24
ylmG,1.28
ylmE,0.9281
ylmC,0.8914
ylxP,1.05
ylxQ,0.9645
nusA,1.14
proS,0.9867
yluB,0.985
yluA,0.9569
ylnA,0.5158
pyrE,0.6065
pyrD,0.5157
pyrAA,0.6614
pyrB,0.7331
pyrR,0.9544
smbA,0.7763
rpsB,0.8939
sigD,0.7257
cheC,0.684
ylxH,0.6624
lsp,1.08
ylmH,0.8256
ylmF,0.9567
ylmD,0.7727
ylmB,0.8509
yoaT,0.8808
yoaS,0.0
yozF,0.0
yoaP,0.0
yoaN,1.01
pelB,1.34
yncM,1.04
ynzH,0.0
yncE,0.0
yncC,1.33
xylB,1.19
xylR,1.32
yoaJ,1.15
yoaH,1.02
yoaF,0.7679
yoaD,0.871
yoaB,0.764
yoxB,1.46
ynaJ,0.8534
ynaG,0.0
ynaE,0.9171
ynaC,1.72
ynzG,1.11
ynxB,1.04
yozG,1.04
yoaR,1.24
yoaQ,0.9182
yoaO,0.9586
yoaM,1.09
yoaK,0.7962
thyA,0.7717
yncF,0.9313
yncD,1.03
yncB,0.7006
xylA,0.9004
xynB,0.8973
yoaI,0.8929
yoaG,0.7462
yoaE,0.6646
yoaC,0.5209
yoaA,0.8598
yoxC,0.9766
ynaI,0.0
ynaF,0.7951
ynaD,0.7622
ynaB,1.35
ynzF,0.7906
glnA,0.917
yopS,0.0
yopU,0.9589
yopW,0.0
yopY,0.0
yoqA,1.0
yoqC,0.0
cgeD,0.9217
yodT,0.7876
yodR,0.8775
yodP,0.0
yozE,1.6
yodM,1.27
yoqE,0.0
yoqG,0.0
yoqI,0.8401
yoqK,0.0
yoqM,1.06
yoqO,0.0
deoD,1.82
yodI,1.29
ctpA,0.0
yodE,1.09
yodC,1.29
yojA,1.23
yopT,0.919
yopV,1.07
yopX,0.0
yopZ,0.8162
yoqB,1.25
yoqD,0.0
cgeE,0.6829
yodS,0.8705
argE,1.06
yodO,0.9769
yodN,0.0
yodL,0.8961
yoqF,0.6565
yoqH,0.0
yoqJ,0.0
yoqL,1.05
yoqN,0.7583
yoqP,0.0
yodJ,0.771
yodH,0.0
yodF,0.4546
yodD,1.08
yodA,0.0
yojB,0.969
hbs,1.11
mtrB,0.9897
gerCB,1.01
ndk,0.976
aroF,0.6818
aroH,0.9708
ypmP,1.05
ypmR,1.1
ypmT,1.13
ypoP,1.36
yppQ,1.49
yokA,1.18
trpD,0.892
trpF,1.02
trpA,0.7917
tyrA,0.8486
ypiA,1.8
ypiF,1.07
yokC,1.12
yokE,1.12
yokG,0.9464
yokI,1.27
yokK,1.1
yolA,0.9558
mtrA,0.9517
gerCA,0.9567
gerCC,1.18
cheR,0.7686
aroB,0.695
trpE,0.971
ypmQ,0.8507
ypmS,0.9437
ypnP,0.7897
yppP,1.05
ypqP,0.7001
yokB,0.8148
trpC,0.7653
trpB,1.02
hisC,0.5947
aroE,0.8141
ypiB,0.8601
qcrA,0.7354
yokD,0.9502
yokF,0.9176
yokH,0.8728
yokJ,0.9285
yokL,0.9364
yolB,0.7869
yqgY,1.05
yqhA,1.45
yqxL,1.07
comGB,1.07
comGD,0.9588
comGF,1.05
yqjQ,1.05
yqjS,1.13
yqjV,1.02
yqjW,0.8939
yqjY,0.8984
yqkA,0.7064
yqzE,1.43
yqxM,1.06
cotN,1.17
sinI,1.18
yqhH,0.0
yqhJ,0.7997
yqkC,1.27
yqkE,1.08
yqkG,1.22
ansA,1.17
yqkI,0.9089
yqkK,0.9349
yqgZ,2.26
yqhB,1.1
comGA,0.987
comGC,0.9111
comGE,0.8989
comGG,0.9274
yqjR,0.8308
yqjT,0.8581
yqzH,0.9909
yqjX,0.0
yqjZ,0.5912
yqkB,0.6738
yqzG,1.12
sipW,0.8329
sinR,1.21
yqhG,1.06
yqhI,0.6972
yqhK,0.6388
yqkD,0.9885
yqkF,1.97
ansR,1.02
ansB,0.8786
yqkJ,0.6684
spoIIM,1.12
yrpD,1.01
aadK,0.0
yrdB,0.0
yrdD,0.0
yrdF,0.0
azlC,0.8396
yqcJ,0.0
yqcL,0.0
spoIVCA,0.0
nucB,0.0
yqeC,1.32
yqeE,0.0
brnQ,1.06
gltR,0.0
czcD,0.0
yrdQ,0.0
yrkA,1.27
blt,0.9302
yqeG,1.13
aroD,1.16
yqeJ,1.18
yqeL,1.11
comER,0.8461
comEB,1.07
yrpB,0.0
yrdA,0.9707
yrdC,0.8638
cypA,0.8014
azlB,1.18
azlD,0.837
yqcK,0.0
yqcM,0.0
spoIVCB,0.0
yqeB,0.8358
yqeD,1.17
yqeF,1.09
yrdK,0.6509
yrdN,0.0
trkA,0.0
yrdR,0.0
bltD,0.0
bltR,0.0
yqeH,0.8653
yqeI,0.9301
yqeK,0.945
yqeM,1.03
comEA,0.6565
comEC,0.8817
ysdC,0.838
araA,0.8372
araD,0.0
araM,0.6117
araP,0.0
abfA,0.7978
yrbB,0.5313
yrbD,0.8497
yrzG,0.0
yrbE,0.0
bofC,0.0
ruvB,0.8891
ysfE,1.07
ysfC,0.9252
ysfA,0.0
pheS,0.855
ysgB,1.14
yshC,1.07
tgt,1.03
yrzE,0.0
spoVB,0.8599
yrvB,1.35
yrvC,1.35
abnA,0.9532
araB,0.8489
araL,0.0
araN,0.8215
araQ,0.9438
cstA,0.7269
yrbC,1.39
yrzH,0.0
yrzF,1.62
csbX,0.354
ruvA,0.751
queA,0.7111
ysfD,0.8122
ysfB,0.7673
ysgA,0.6828
pheT,0.7083
yshB,1.06
yshD,0.0
yrbF,1.0
yrbG,0.0
yrzD,1.15
secF,1.43
yrvD,1.07
apt,1.22
ytxO,0.0
ytcB,0.0
ytdA,0.0
menF,1.44
ytxM,1.22
menE,1.39
ytmQ,0.0
malS,0.8723
ytoP,0.973
ytpP,1.53
ytpS,1.17
murC,1.09
ytgA,1.1
ytgC,1.41
ythB,1.36
ytiA,1.45
ytjA,1.22
ytkA,1.2
ytxH,1.14
aroA,0.6353
ytxD,1.11
acuC,0.9673
acsA,1.08
rpsD,1.11
ytcC,1.08
ytcA,0.8846
yteA,0.0
menD,1.04
menB,1.23
ytfD,1.03
ytnP,0.714
ytzB,2.11
ytoQ,1.13
ytpR,1.18
ytpT,0.9165
ytxG,0.9259
ytgB,0.8621
ytgD,1.03
ythA,0.901
ytiB,0.9175
ytjB,1.0
dps,1.4
ytxJ,0.9615
ccpA,0.7952
ytxE,0.8543
acuA,1.01
tyrS,0.7922
yusU,0.8534
yusS,0.0
yusQ,0.0
yusO,1.11
yusM,0.0
yusK,0.7321
yuxI,1.11
yukE,1.77
yukC,1.35
yueC,1.1
yueE,1.14
yuzE,1.16
yusI,1.13
yusG,1.33
yusE,1.18
yusC,0.8802
yusA,0.9302
yurY,1.06
yueG,1.01
yueI,1.33
yueK,1.09
yuzC,0.8237
comQ,0.9931
comP,0.9528
yusT,0.8928
yusR,1.0
yusP,1.03
yusN,0.0
yusL,0.0
yusJ,0.6499
ald,0.7103
yukD,1.08
yukB,0.8709
yueD,0.9526
yuzF,0.7364
yueF,0.8624
yusH,0.9984
yusF,0.9038
yusD,0.8946
yusB,0.6462
yurZ,0.7078
yurX,0.9145
yueH,0.9556
yueJ,0.9801
yuxH,1.01
degQ,0.797
comX,0.9568
comA,0.9382
yvoA,0.8424
nagA,0.7575
lgt,1.21
yvpA,0.779
hisZ,0.626
hisD,0.5186
tpi,0.0
eno,1.19
yvbJ,0.7929
yvbH,1.14
yvbF,1.13
opuCB,0.0
hisH,0.5236
hisF,0.4213
yvcA,0.9942
yvzA,1.26
yvcD,1.02
trxB,2.17
opuCD,0.9075
yvaZ,1.28
yvaX,0.8613
yvaV,1.18
opuBC,0.8906
yvaQ,0.7973
nagB,0.6623
yvoB,0.722
yvpB,0.6793
hisG,0.6125
hisB,0.4389
pgm,0.8383
yvbK,0.9037
yvbI,0.4809
yvbG,0.845
opuCA,0.9302
opuCC,0.9354
hisA,0.4197
hisI,0.3557
yvcB,0.7535
yvcC,0.0
yvcE,1.17
yvcI,0.9533
yvbA,0.926
yvaY,0.9644
yvaW,0.8743
opuBB,0.7931
opuBD,0.0
yvaP,1.02
fbaA,1.06
murZ,0.9567
rpmE,0.964
ywkB,0.9394
ywkD,0.9075
ywkE,1.12
ywrE,0.9331
cotG,0.0
cotB,0.0
ywrK,1.18
alsS,0.8684
ywrO,2.73
ywlA,0.0
ywlB,1.22
ywlE,0.8858
ywlG,0.7919
upp,1.19
atpB,1.15
ywsB,1.26
rbsC,1.23
rbsD,0.9688
rbsR,1.17
ywtA,0.0
ywtC,0.9369
ywjH,0.9667
ywjI,0.7872
ywkA,0.9245
ywkC,0.7265
prfA,0.9116
ywkF,0.8443
ywrF,1.27
cotH,0.651
ywrJ,0.8789
alsR,0.9926
alsD,0.7223
ywsA,0.0
spoIIR,0.8502
ywlD,0.7942
ywlF,0.6256
glyA,0.494
atpI,1.07
atpE,0.8434
rbsB,0.8122
rbsA,0.801
rbsK,0.998
ywsC,0.954
ywtB,1.04
ywtD,0.8036
deaD,0.838
yxiP,0.9184
bglS,0.0
katB,0.9678
yxiT,2.53
yxjB,1.59
ywcF,7.83
ywcH,0.0
ywcI,1.05
ywcJ,1.19
sacA,1.28
thiD,0.9494
yxjD,1.28
yxjF,0.8617
yxjH,0.7344
yxjJ,0.9828
yxjL,1.2
yxjN,0.8859
ywdD,0.0
ywdF,1.09
ywdH,1.09
ywdJ,1.36
ywdL,1.02
spsB,0.9796
yxiO,0.8073
licT,0.709
yxiQ,0.8345
yxiS,1.2
yxjA,0.8078
yxjC,0.9434
ywcG,2.48
vpr,0.7113
sacT,0.9243
sacP,0.8243
ywdA,0.6496
ywdC,0.7766
yxjE,0.7499
yxjG,0.5833
yxjI,0.762
pepT,0.6741
yxjM,0.7988
yxjO,0.8414
ywdE,0.9339
ung,0.7868
ywdI,1.2
ywdK,1.53
spsA,0.9895
spsC,0.8989
rnpA,1.1
jag,1.04
gidB,1.07
yydK,0.7206
bglA,0.8321
ahpC,1.2
gntP,1.16
gntR,1.32
yxaB,1.25
yyaB,0.9046
spo0J,0.9417
yyaD,1.04
yyaF,1.12
ssb,1.19
exoA,1.24
yxaD,1.33
yxaF,1.03
yxaH,0.9648
yxaJ,0.7444
yxaM,0.6481
yxbB,0.5437
rpmH,1.14
spoIIIJ,0.9943
thdF,0.9477
yyaA,0.9503
yyzE,0.7621
ahpF,0.9578
gntZ,0.6948
gntK,0.8034
yxaA,0.7102
yxaC,0.9339
soj,0.6231
yyaC,0.9619
yyaE,0.9087
rpsF,0.9509
rpsR,0.9997
yyaG,0.8119
yxnA,0.6518
yxaG,0.8005
yxaI,0.514
yxaL,0.7665
yxbA,0.7038
yxbC,0.79
gltA,0.0
ppsE,0.8698
ebrA,1.15
ymfG,1.71
bpr,0.0
cheV,0.0
rho,0.0
tagD,1.16
yvfE,0.8085
yvgP,0.0
yurC,0.0
aapA,0.9406
spoIIS,1.78
xtmB,1.09
yhjN,1.06
yhaA,1.18
yheJ,0.0
yfmB,0.0
yqhQ,0.9887
yosN,1.0
pnpA,0.0
flhA,0.9217
fliP,0.8812
fruB,1.0
ppsC,1.02
yngB,1.12
pyrAB,0.5241
polC,0.9378
pycA,0.817
ptsH,0.8287
tdk,0.6225
yvfC,0.6111
yvfK,0.9164
yusY,0.7533
ysnF,1.0
lepA,0.8431
xkdO,0.9605
yirY,0.766
yhfQ,1.04
yhaQ,0.775
yfkL,0.8927
yfnC,0.7395
spoIIIAG,0.0
yojG,1.27
flhF,0.7006
flhB,0.7569
cheY,0.8576
moaD,0.8364
hprT,1.4
yvoF,0.7964
yvdS,0.7621
sacB,0.9391
ffh,0.9234
ssuC,0.8676
yvfP,0.988
ctc,1.08
ppsB,0.769
yvgR,0.4955
ydjK,0.0
spoIIE,0.0
ywbL,0.8645
sigL,1.12
yacA,1.27
yvdR,0.9377
yveB,0.0
yqxK,0.6767
yhaR,0.7011
pnbA,0.9389
ytnM,0.8748
prs,0.7673
ykoW,0.7827
cotA,0.8543
ydjA,1.12
hutH,0.6965
secA,0.963
ybaS,1.01
ybaN,0.0
gerD,1.4
cwlD,1.02
ybaJ,0.9078
rplM,0.9647
gcaD,1.05
yabJ,1.26
yabH,1.89
veg,1.83
ksgA,1.94
ybaF,1.12
ybxA,0.9714
rpoA,1.31
rpsM,1.19
infA,1.21
adk,1.4
abrB,1.03
yazA,1.22
yabA,1.5
holB,1.47
yaaQ,1.16
ybaR,1.22
kbaA,1.25
ybaL,1.48
ybaK,0.8865
rpsI,0.9839
truA,0.8753
spoVG,0.9523
purR,1.04
sspF,1.11
yabG,0.8805
yabF,0.7675
ybaE,0.6552
rplQ,0.8393
rpsK,0.8534
rpmJ,0.9573
map,0.8885
secY,0.9923
yabC,1.14
yabB,1.03
yaaT,1.06
yaaR,1.11
tmk,1.16
ycnG,0.0
yczG,1.25
ycnD,1.35
yclQ,0.9161
yclO,0.8474
yclM,0.8471
rapJ,1.21
ycdC,1.37
natB,0.0
yccH,0.937
yccF,0.9962
yczB,0.0
yclK,1.28
yclI,1.16
gerKB,0.9801
gerKA,0.9049
yclE,0.8072
yclC,0.0
cwlJ,4.41
ycbO,0.0
ycbL,0.7826
yczA,0.7964
ycbH,1.05
ycbF,0.9622
ycnF,1.02
ycnE,1.6
ycnC,0.9142
yclP,0.6259
yclN,1.23
rapC,0.9875
ycdD,1.16
ycdA,0.9913
natA,0.9041
yccG,0.7466
lipA,0.5958
phoD,0.9736
yclJ,0.8333
yclH,0.8326
gerKC,1.07
yczF,0.0
yclD,0.9321
yclB,0.9248
ycbP,1.5
ycbN,7.76
ycbK,0.9251
ycbJ,0.8348
ycbG,0.8699
ycbE,1.07
ydiF,1.14
ydiD,1.1
ydiB,1.13
ydhU,0.9793
ydhS,1.25
ydhQ,0.0
yddF,0.0
yddC,0.0
yddA,0.0
ydcS,0.0
ydcQ,1.05
ydcO,0.0
ydhO,0.8896
ydhM,0.0
ydhK,0.0
ydhI,0.0
ydhG,1.88
ydhF,0.0
ydcN,0.0
ydcL,0.0
ydcH,1.32
ydcF,0.9724
sigB,1.73
rsbU,1.35
ydiE,1.05
ydiC,0.8974
ydiA,1.01
ydhT,0.0
ydhR,0.7604
ydhP,0.7839
yddD,0.7907
yddB,0.8885
ydcT,0.9365
ydcR,0.9163
ydcP,0.0
sacV,0.0
ydhN,0.0
ydhJ,0.8939
ydhH,1.15
phoB,1.05
ydhE,1.17
ydcM,0.0
ydcK,0.0
ydcG,0.8959
rsbX,1.42
rsbW,1.4
rsbT,1.06
yfjF,0.0
acoR,0.9991
acoC,0.0
acoA,0.0
yfjM,0.8606
yfjO,1.1
yesT,0.9424
yesR,0.93
yesP,0.878
yesM,0.0
yesK,0.7411
cotJB,0.0
yfjQ,1.87
yfjS,0.9486
yfkA,0.8604
yfkC,0.872
yfkE,1.07
yfkJ,1.53
yesF,0.9858
yeeK,1.65
rapH,0.0
yezA,0.0
yeeC,1.54
yeeA,0.0
yfjU,0.0
acoL,0.8534
acoB,0.9657
yfjL,0.9743
yfjN,0.9388
yfjP,0.6648
yesS,0.5302
yesQ,0.85
yesO,0.6408
yesL,0.8536
yesJ,0.7689
cotJA,0.7135
yfjR,1.03
yfjT,1.0
yfkB,0.685
yfkD,1.1
yfkH,1.25
yfkK,0.8729
yesE,1.02
yeeI,0.0
yeeG,0.0
yeeD,1.04
yeeB,1.33
yefC,0.0
yhfD,0.0
yhfB,1.02
yhgD,1.87
hemH,1.79
pbpF,1.33
yhgB,0.9557
yhcN,0.0
yhcL,0.7391
yhcJ,1.81
yhcI,2.18
yhcG,1.65
yhcE,0.0
ecsC,1.33
ecsA,1.3
serC,0.7449
yhaH,1.28
yhaI,0.0
yhaK,0.0
yhcB,1.14
yhbJ,1.21
yhbH,1.18
yhbF,0.8195
yhbD,1.49
yhbA,0.9924
yhfC,1.01
yhgE,0.8528
hemY,1.47
hemE,1.18
yhgC,1.48
yhfA,1.09
yhcM,0.5746
yhcK,0.9393
cspB,1.24
yhcH,1.18
yhcF,0.8609
yhcC,0.8309
ecsB,1.1
hit,0.9195
yhaG,0.7619
hpr,0.5857
yhaJ,1.16
prsA,1.52
yhcA,0.6456
yhbI,1.13
prkA,0.8341
yhbE,0.9926
cspR,1.19
yhzB,1.17
yjkA,0.0
yjiC,0.0
yjiA,0.0
yjhA,1.12
yjgB,0.0
yjfC,0.0
carA,3.26
argB,2.81
argC,2.59
yitY,1.25
yitW,0.0
yitU,1.45
yjfA,0.0
cotT,0.0
yjdJ,0.0
yjdG,0.0
yjdE,1.01
yjdC,0.0
yitT,1.04
nprB,0.9919
yitQ,1.14
yitO,0.8108
yitM,0.7565
yitK,0.8491
yjjA,0.909
yjiB,1.28
yjhB,0.9605
yjgD,0.8904
yjgA,1.39
yjfB,0.8683
argD,1.88
argJ,1.44
yitZ,1.13
yitX,1.32
yitV,0.9289
ipi,0.9319
yjeA,0.5942
yjdK,0.992
yjdI,0.9594
yjdF,1.06
yjdD,0.9884
yjdB,0.0
yitS,0.9094
yitR,0.0
yitP,0.7685
yitN,1.1
yitL,0.904
yitJ,0.6484
yknV,0.0
moaE,0.9584
moeA,1.07
mobA,0.9841
ykuV,1.52
ykuT,1.02
ykoE,0.6899
ykoC,0.7463
ispA,1.47
yknA,1.32
ykmA,1.43
proA,1.5
ykuR,1.06
ykuP,1.29
ykuN,0.9855
ykuL,1.2
ykuK,1.41
ykuI,1.2
ykkE,0.8389
ykkC,1.05
ykkA,0.8384
ykzH,1.13
ykhA,1.15
ykgB,1.09
yknU,0.0
mobB,0.8195
moeB,0.9282
ykuW,0.7268
ykuU,1.48
ykuS,0.8224
ykoD,0.6015
ispU,1.23
metC,0.0
ykzA,1.56
yklA,0.8411
proB,0.6625
ykuQ,1.01
ykuO,0.7333
ykuM,0.7879
ykzF,0.8619
ykuJ,1.17
ykuH,1.28
ykkD,0.0
ykkB,1.01
ykjA,0.7497
hmp,1.07
ykgA,0.0
ykfD,1.08
fliR,0.8131
fliZ,1.01
fliM,1.01
flgE,0.9636
fliK,0.8593
fliJ,1.04
ylmA,0.6954
sigE,0.0
ftsZ,1.55
sbp,2.23
ylxW,3.25
murB,8.03
fliH,0.7721
fliF,0.932
flgC,1.03
codY,2.09
clpQ,1.51
gid,1.46
spoVE,1.07
mraY,1.18
pbpB,1.18
ylxA,1.14
yllA,1.3
ylbP,1.43
fliQ,0.7972
fliY,0.7405
fliL,0.9618
ylxG,0.8443
ylxF,0.7508
fliI,0.6669
sigG,0.0
spoIIGA,0.0
ftsA,1.09
ylxX,2.01
divIB,3.63
murG,3.19
fliG,0.727
fliE,0.8263
flgB,0.7612
clpY,1.51
codV,1.37
topA,1.03
murE,0.8608
ftsL,1.05
yllB,0.0
ylbQ,1.36
ylbO,1.18
yoxD,2.23
proH,0.9433
gltC,0.9069
yogA,0.8889
ggt,0.9315
yoeC,0.0
glnR,1.66
ynbA,1.05
cwlC,0.0
nrdF,0.9769
ymaA,0.9944
ymzC,0.7572
yoeA,1.03
pbp,1.03
yngK,0.7679
yngJ,1.19
yngH,0.9439
yngF,1.51
miaA,1.0
ymaG,0.8993
ymaD,1.91
aprX,0.8546
ymzB,1.13
pksN,1.05
rtp,1.25
proJ,0.9588
gltB,0.6597
yofA,0.9201
yoeD,0.8355
yoeB,0.4969
ynbB,0.8823
spoVK,0.7922
ymaB,0.907
nrdE,0.763
ymzA,1.39
ymaH,0.7853
yoxA,0.7934
yngL,0.8685
ynzE,0.9014
yngI,0.7843
yngG,0.8081
yngE,0.8034
ymaF,0.978
ebrB,0.0
ymaC,0.0
ymaE,0.9506
pksS,1.02
pksJ,0.0
yoqR,0.0
yoqT,0.0
yoqV,0.0
yoqY,0.0
yorA,1.2
yorC,1.05
yojC,0.0
yojF,2.23
yojI,1.06
yojK,1.72
yojM,0.6962
yojO,1.52
yorE,1.82
yorG,0.0
yorI,1.02
yorK,0.0
yorN,1.44
yorP,0.0
yocS,0.6075
sodF,1.18
dhaS,1.25
yozO,0.9495
yozN,1.02
yocL,0.8579
yoqS,0.0
yoqU,0.0
yoqW,0.0
yoqZ,0.0
yorB,0.8259
yorD,1.33
yojE,0.8277
yojH,0.8651
yojJ,0.9265
yojL,0.5727
yojN,1.08
odhB,0.7541
yorF,1.24
yorH,0.0
yorJ,0.0
yorM,0.0
yorO,0.0
yorQ,0.0
yocR,0.8224
sqhC,0.808
yozC,1.15
yocN,1.12
yocM,1.06
yocK,0.9043
qcrC,0.7763
ypjB,0.9197
ypjD,1.32
ypjF,1.28
ypjH,1.46
birA,1.46
yolC,0.0
uvrX,0.0
sunA,0.8817
yolI,1.05
yolK,0.0
yomB,0.0
panC,1.39
ypmB,1.96
asnS,1.05
nth,0.9541
yppB,4.2
yomD,0.0
yomF,0.0
yomH,1.42
yomK,1.1
yozP,0.0
yomN,1.01
ypjA,0.8246
ypjC,1.12
dapB,1.21
ypjG,1.09
papS,1.2
panB,0.9485
yolD,0.981
yolF,0.9684
sunT,0.0
yolJ,0.771
yomA,0.8122
yomC,0.9391
panD,1.05
ypmA,0.0
aspB,1.15
dnaD,0.9437
ypoC,0.7925
yppC,1.8
yomE,0.0
yomG,0.0
yomJ,0.9784
yomL,0.0
yomM,0.0
yomO,0.0
yqhL,1.16
yqhN,1.5
yqhP,0.9052
yqhS,1.15
efp,1.05
spoIIIAA,0.9943
yqkL,1.37
drm,1.11
dacF,1.22
spoIIAB,0.788
spoVAA,0.0
spoVAC,0.0
spoIIIAC,0.0
spoIIIAE,1.07
spoIIIAH,0.0
accC,0.9057
yqhZ,1.09
yqiB,1.2
spoVAE,0.0
lysA,0.7786
ppiB,1.63
ypuB,0.0
ypzC,1.29
ypuD,3.22
yqhM,1.26
yqhO,0.9756
yqhR,0.9241
yqhT,0.9919
yqhV,0.0
spoIIIAB,0.6542
ripX,0.718
pnp,0.8789
spoIIAA,0.8617
sigF,0.699
spoVAB,0.8177
spoVAD,0.9356
spoIIIAD,0.0
spoIIIAF,0.9079
accB,0.7603
yqhY,0.8391
folD,0.8735
yqiC,1.02
spoVAF,1.26
ypuA,12.88
ypzD,0.0
ypuC,0.0
sipS,1.67
ypuE,1.24
yrkB,0.0
yrkD,1.0
yrkF,0.0
yrkH,0.0
yrkJ,0.0
yrkL,1.18
yqeN,1.22
gpr,0.7719
yqxA,0.9016
dnaK,1.01
yqeT,1.19
yrkN,1.03
yrkP,0.0
yrkR,0.0
spoIIIC,1.4
yqaC,0.9477
yqaF,0.0
yqeV,0.0
rpsU,1.42
yqeZ,0.0
yqfB,0.8213
yqfD,0.0
yqfF,1.27
yrkC,1.02
yrkE,0.0
yrkG,0.0
yrkI,0.922
yrkK,0.9475
yrkM,1.22
rpsT,1.04
spoIIP,0.0
hemN,0.8969
grpE,0.8671
dnaJ,0.8142
yqeU,0.7649
yrkO,0.732
yrkQ,0.0
yrkS,0.0
yqaB,0.0
yqaE,0.0
yqdA,0.0
yqeW,0.6385
yqeY,1.39
yqfA,0.7517
yqfC,0.0
phoH,1.34
yqfG,1.15
yshE,0.9446
ysiA,0.8583
etfB,0.7985
xsa,0.9586
uvrC,1.24
lysC,0.8672
relA,0.8674
yrvJ,0.5896
hisS,0.8563
yrvM,1.38
yrzC,1.13
yrvP,1.01
sdhC,0.9351
sdhB,1.08
gerE,1.06
racE,1.02
rph,1.04
ysnB,0.937
yrrB,1.47
yrrD,0.0
glnM,0.0
glnQ,0.8896
yrzB,1.19
lcfA,0.8574
ysiB,0.7254
etfA,0.7584
trxA,1.98
ask,1.01
yslB,1.25
yrvI,0.7697
yrzK,0.8363
aspS,0.7412
yrvN,0.7242
yrvO,1.09
yrrA,0.8887
sdhA,0.7585
ysmA,0.8299
ysmB,0.0
gerM,0.8087
ysnA,0.8632
ysnE,0.0
yrrC,0.0
glnP,0.7761
glnH,0.0
yrrI,0.9477
yrrK,0.9676
yrrL,1.28
ytkC,1.53
ytlC,0.8226
ytlA,0.864
ytmB,1.3
metK,1.11
ytnA,1.54
ytsP,0.0
ytwP,0.9384
nifZ,1.35
sspA,1.11
ytcJ,1.69
yteI,0.9138
ytpA,3.67
ytqA,1.03
ytrA,3.59
ytrC,5.14
ytrE,5.06
ytsA,1.85
ytfI,0.8769
ytxK,1.6
moaB,1.13
argH,2.07
ytkK,1.51
ytlI,0.9594
ytlD,1.06
ytlB,0.78
ytmA,1.49
pckA,0.9063
asnB,1.46
ytoA,1.91
ytvP,0.9056
braB,0.0
ytbJ,1.01
ytcI,1.16
ytdI,0.9769
yteJ,0.6602
ytqB,1.03
ytzC,0.0
ytrB,1.91
ytrD,3.62
ytrF,5.62
ytsB,1.16
ytgI,1.24
ackA,0.9944
argG,1.82
ytzD,2.19
ytkL,1.27
ytmI,1.08
yurW,0.9988
yurU,1.13
yurS,0.0
yurQ,1.03
yurO,0.8305
yurM,1.0
yufB,1.09
yufD,1.34
yufU,1.13
yufS,0.0
yufQ,0.5972
yufO,0.0
yurK,1.09
yurI,0.9514
yurF,0.8052
yurD,1.31
yunM,1.47
yunK,0.8018
yufM,1.13
yuxK,0.8862
yuxJ,0.9164
kapB,0.889
patB,0.7999
yugF,0.9566
yurV,0.9424
yurT,1.23
yurR,0.9096
yurP,0.6447
yurN,0.7544
yurL,0.6226
yufC,0.8359
yufV,1.05
yufT,0.8867
yufR,0.8448
yufP,0.512
yufN,0.5493
yurJ,0.6121
yurH,0.6995
yurE,0.6862
yurB,0.8759
yunL,0.8287
yunJ,0.7772
yufL,1.01
pbpD,0.7344
kapD,0.9878
kinB,0.7856
yugE,1.1
yugG,0.957
yvcJ,1.01
yvcL,1.19
yvcN,1.14
yvcQ,0.8723
yvcS,0.9077
yvdA,0.0
yvaO,0.8484
yvzC,0.0
yvaL,1.45
yvaJ,0.0
yvaG,1.48
yvaE,1.14
yvdC,1.01
yvdE,1.49
yvdG,0.0
yvdI,1.1
yvdK,1.23
yvdM,1.26
yvaC,0.0
yvaA,1.8
yvgY,1.26
yvgW,0.0
yvgU,1.02
yvgS,1.11
yvcK,0.9926
crh,1.0
yvcP,0.899
yvcR,0.9904
yvcT,1.37
yvdB,0.703
yvaN,0.6853
yvaM,0.9202
yvaK,0.8592
yvaI,0.7454
yvaF,0.7043
yvaD,0.9673
yvdD,0.6872
yvdF,0.9732
yvdH,0.9725
yvdJ,0.798
yvdL,0.9931
clpP,1.28
yvaB,0.0
yvgZ,0.9431
yvgX,0.0
yvgV,0.7263
yvgT,0.7306
yvgQ,0.5516
atpF,1.07
atpA,0.8843
atpD,0.9605
ywmA,0.0
ywmB,1.83
spoIID,0.0
ywtE,1.52
ywtG,1.01
gerBB,1.2
pmi,1.15
tagC,1.13
tagA,1.49
ywmE,0.0
narA,1.39
ywmF,0.9475
ureA,0.9909
ureC,0.8185
ywnB,1.26
tagF,1.55
ggaA,1.29
lytR,1.07
lytC,0.7757
tuaB,1.15
tuaD,0.8816
atpH,0.9165
atpG,0.8196
atpC,0.7038
ywzB,1.45
murA,1.33
ywmC,0.8233
ywtF,2.66
gerBC,0.0
gerBA,0.9592
lytD,0.6991
tagB,1.44
tagE,0.9779
narQ,1.07
rapB,0.7979
ywmG,1.4
ureB,0.7213
ywnA,0.9437
ywnC,0.8684
tagG,1.33
yvyH,0.8377
lytB,0.8547
tuaA,1.13
tuaC,0.8363
tuaE,0.8988
yxkA,0.8678
yxkC,0.7835
aldY,0.882
msmX,1.5
yxzE,0.9381
yxkJ,0.9429
spsD,1.09
spsG,0.0
spsJ,0.9182
yweA,0.7732
rocA,0.7552
rocC,1.12
cydB,0.0
cydD,1.24
yxlA,1.04
yxlC,1.29
yxlE,1.36
yxlG,1.38
ywfB,0.7541
ywfD,0.6197
ywfF,0.6764
ywfH,0.9115
pta,0.9176
ywfL,1.05
galE,0.6945
yxkD,0.588
yxkF,0.8349
yxkH,0.8228
yxkI,0.8744
cydA,0.7238
spsE,0.8674
spsI,0.9253
spsK,0.7946
yweB,0.652
rocB,0.8208
ywfA,0.6736
cydC,0.0
yxkO,0.6695
sigY,1.07
yxlD,1.04
yxlF,0.8296
yxlH,0.9425
ywfC,0.512
ywfE,0.5774
ywfG,0.7886
ywfI,1.33
ywfK,0.9351
ywfM,0.6787
yyaH,0.9248
yyaJ,0.9485
yyaL,0.9727
yyaN,1.24
tetL,0.8918
yyaP,0.0
yxbD,0.0
yxbF,1.14
yxcA,1.51
yxcC,1.35
yxcE,1.36
iolR,0.9337
yyaR,0.0
yyaT,1.11
yybB,1.13
yybD,1.16
yybF,0.7347
yybI,0.9565
iolB,0.0
iolD,0.7293
iolF,1.05
iolH,1.67
iolJ,1.05
yxdK,0.8141
yyaI,0.928
yyaK,0.7692
yyaM,0.7827
yyaO,0.5986
tetB,0.8654
yyaQ,1.09
aldX,0.7475
yxbG,0.8888
htpG,0.695
yxcD,1.08
iolS,1.09
iolA,0.7484
yyaS,0.0
yybA,1.02
yybC,0.7466
yybE,0.5938
yybG,0.8715
yybJ,0.8314
iolC,0.9361
iolE,0.8725
iolG,1.22
iolI,0.9473
yxdJ,1.04
yxdL,0.874
yeeF,0.8944
purQ,0.4918
ydgJ,1.06
pbpC,1.03
srfAC,0.9994
ycgI,0.0
yknT,0.0
ptsI,0.0
ykvU,1.04
ykzE,0.7737
yjdH,1.03
yhdN,1.65
yczC,0.7279
lmrA,1.03
ybgB,1.26
ybdD,0.9328
fus,1.07
yfiX,1.12
yfkF,0.0
treA,0.0
yflP,0.6134
yesY,1.37
yddN,0.0
yerP,1.12
ydjD,0.8797
yddE,1.06
yclG,0.803
nasB,0.8312
ycdB,0.9548
patA,0.0
ykvW,0.6923
ykrP,0.8977
ykoY,0.8727
yhaP,0.5731
yhbB,0.8008
yccC,0.0
ybgE,0.5856
ybgA,0.7917
rpmD,0.6689
rpoB,0.7101
clpC,1.01
yfiB,0.0
yfkI,0.8291
yflH,1.09
yetM,0.7412
cotJC,0.0
yddK,0.0
yabD,2.19
yurG,0.7496
ytqD,1.22
acuB,0.687
dnaE,1.33
levR,0.9239
yqzC,1.31
yaaO,1.08
ypbG,2.68
ypvA,1.33
cgeB,0.8501
yloB,0.8723
glcT,1.11
yjcD,0.5881
metS,0.754
ythC,0.832
ytpB,1.65
ytoI,0.6841
yrhJ,3.1
yqxH,1.29
bmrU,0.8761
yaaN,0.7948
qcrB,0.7381
yosO,1.08
ylqF,0.8403
spoVD,0.9413
yjgC,0.8702
yjaX,0.7057
rplO,0.8704
rplR,1.04
rpsH,0.9895
rplE,0.9753
rplN,1.01
rpmC,0.8561
xpaC,0.7074
bofA,1.73
recR,1.66
dnaX,1.31
yaaI,0.0
rpsC,1.06
rpsS,0.8628
rplW,0.9661
rplC,0.9796
ybaC,1.04
rpsG,1.17
serS,1.23
yaaD,0.942
guaB,0.962
gyrB,1.13
recF,1.17
rpsE,0.9187
rplF,0.8708
rpsN,0.9342
rplX,0.8212
rpsQ,0.8701
rplP,0.8362
csfB,1.52
yaaL,1.41
yaaK,1.36
yaaJ,1.1
yaaH,0.6828
rplV,0.7243
rplB,0.7482
rplD,0.7686
rpsJ,0.8291
tufA,0.9385
rpsL,0.9826
yaaE,0.668
dacA,1.11
yaaC,1.45
yaaB,0.8999
yaaA,1.08
yclA,0.0
yckJ,1.04
yczE,0.0
ycxD,0.0
ycxB,0.966
srfAD,1.22
ycbD,0.8957
ycbA,1.05
ybgH,1.82
ybgF,0.617
ybfP,1.11
ybfN,1.07
yckH,1.33
yckF,1.42
nucA,0.8079
yckE,1.04
yckC,1.5
yckA,1.12
ybfM,1.33
ybfK,1.05
purT,1.05
ybfH,1.1
ybfF,0.8682
ybfB,0.8763
yckK,1.58
yckI,0.9857
sfp,0.8929
ycxC,0.9789
ycxA,0.8323
comS,0.7357
ycbB,0.9199
ybgJ,1.06
ybgG,0.624
ybfT,0.8589
ybfO,0.9193
psd,0.8054
yckG,0.969
tlpC,0.8719
nin,0.7689
yckD,0.7489
yckB,0.7348
yciC,1.0
pssA,0.9454
ybfJ,0.7654
ybfI,0.8136
ybfG,0.9413
ybfE,0.7352
ybfA,0.856
ydhD,0.8755
ydgK,0.8799
ydgH,0.7527
dinB,0.0
expZ,0.9212
ydgD,2.11
rsbS,1.15
ydcE,1.14
dal,1.52
ydcB,0.875
ydbS,0.9161
murF,1.95
ydgB,0.0
ydfT,0.0
ydfR,0.0
ydfQ,1.34
ydfO,1.07
ydfM,0.0
ydbP,2.89
ydbM,1.2
ydbK,1.32
ydbI,1.2
ydbF,1.01
ydbD,1.73
ydhC,1.27
ydgI,0.9943
ydgG,0.8896
ydgF,0.7427
ydgE,1.51
ydgC,1.7
rsbR,0.8238
ydcD,0.8353
ydcC,1.07
ydbT,0.8906
ydbR,1.03
ddlA,1.95
ydgA,0.0
ydfS,0.8746
ydzH,0.7702
ydfP,0.7808
ydfN,0.7066
ydfL,0.9098
ydbN,0.8229
ydbL,1.14
ydbJ,1.0
ydbG,0.8333
ydbE,0.9863
ydbC,0.8355
yfkM,0.0
treR,1.34
yfkQ,0.0
yfkS,0.0
yflA,1.48
yflC,0.9682
yefB,0.0
yerQ,0.9423
yerN,1.11
yerL,1.16
sapB,1.49
yerH,2.36
yflE,1.25
yflG,1.11
yflJ,1.34
yflL,1.04
yflN,0.0
citT,0.9208
yerF,1.05
yerD,1.25
yerA,0.984
yezC,0.7241
purH,0.54
purM,0.5614
yfkO,0.9169
treP,1.13
yfkR,0.9294
yfkT,1.1
yflB,0.879
yflD,0.9684
yefA,0.8741
yerO,0.8063
yerM,0.7223
opuE,0.7344
yerI,1.06
yflF,0.9571
yflI,0.8558
yflK,0.8773
yflM,0.6454
citM,0.8953
citSc,0.0
yerE,0.8239
yerB,0.879
yecA,0.7352
purD,0.5852
purN,0.5459
purF,0.4524
yhaL,0.844
yhaN,1.11
yhaS,0.0
yhaU,0.9409
yhaW,0.9173
yhaY,1.38
ygaO,0.8302
ygaN,1.24
ygbA,0.0
katA,0.7431
ygaK,0.9323
ygaJ,1.04
yheA,1.7
yheD,1.38
sspB,1.05
yheG,1.24
yheK,1.07
yheN,0.9969
ygaI,0.9248
ygaH,1.4
ygaF,1.13
ygaE,1.08
ygaC,1.34
sspE,0.9343
yhaM,1.12
yhaO,0.829
yhaT,1.13
yhaV,0.9192
yhaX,1.1
yhaZ,1.17
yhzA,2.04
ygcA,0.8555
ygaL,1.08
senS,0.7147
thiA,0.6868
ygzA,1.12
yheB,1.03
yheE,0.9008
yheF,0.8133
yheI,0.7811
yheM,0.6967
yhdZ,0.7791
ygxA,1.18
ygaG,1.07
gsaB,0.9037
ygaD,1.45
ygaB,0.9189
yfhR,0.7531
yjdA,0.0
yjcR,0.0
yjcP,1.03
yjcN,1.41
yjcL,0.9745
yjcJ,0.8919
yitI,0.728
yitG,1.23
yitE,0.9161
yitC,0.9322
yitA,0.5723
yisX,0.9745
yjcH,1.11
yjcF,1.45
yjcC,0.8971
yjcA,1.17
cotW,0.0
cotY,0.0
yisV,1.04
yisT,1.2
degA,0.8842
yisQ,0.9582
yisO,1.13
yjcS,0.9264
yjcQ,1.03
yjcO,0.0
yjcM,0.9615
yjcK,0.7799
yjcI,0.618
yitH,0.6197
yitF,0.8312
yitD,0.8982
yitB,0.6386
yisY,0.8785
yisW,0.8286
yjcG,0.8479
yjcE,0.9231
yjcB,0.0
cotV,0.7017
cotX,0.8624
cotZ,0.0
yisU,1.04
yisS,0.7456
yisR,0.7993
yisP,0.8943
yisN,0.9853
yisL,1.1
ykuG,0.0
ykuE,0.0
ykuC,1.5
kinA,0.9956
ykwD,0.0
ykwB,0.0
ykfC,0.0
ykfA,0.9405
dppD,1.23
dppB,0.9231
ykeA,1.05
ykcC,1.32
splA,1.17
ykvZ,1.89
ykvV,1.72
ykvS,0.0
ykvQ,0.0
ykvO,0.0
ykcA,1.75
ykaA,1.1
spoIISA,0.965
xhlB,0.8781
xkdY,1.06
xkdW,0.9685
ykuF,0.9294
ykuD,0.9234
ykyB,1.41
ykwC,0.906
splB,0.9968
ykfB,0.8525
dppE,0.747
dppC,0.0
dppA,0.6868
htrA,0.8276
ykcB,0.0
ptsG,0.6534
ykvY,1.31
ykvT,0.8334
ykvR,1.03
ykvP,0.9764
ykvN,0.0
ykbA,0.8415
ykaB,0.7969
xlyA,0.8248
xhlA,0.7948
xkdX,1.04
xkdV,1.2
smf,0.7575
sucC,0.8705
ylqG,0.7779
rplS,1.31
ylqE,0.0
ylqC,1.09
rpmF,1.41
ylbM,1.34
ylbK,1.63
ylbI,1.41
ylbG,1.37
ylbE,0.0
ylxM,0.0
ftsY,1.06
rncS,1.08
fabG,1.06
plsX,1.09
ylpB,1.16
ylbC,2.11
ylbA,1.14
ctaF,0.863
ctaD,1.1
ctaB,1.21
ylaO,0.0
sucD,0.6586
ylqH,0.6867
rnh,0.7421
trmD,0.8112
ylqD,0.8858
rpsP,0.9668
ylbN,1.43
ylbL,1.41
ylbJ,0.8139
ylbH,1.01
ylbF,1.07
ylbD,1.02
ylqB,0.6214
acpA,0.8851
fabD,0.8382
ylpC,0.9864
ylpA,0.7611
ylbB,1.53
ctaG,0.9486
ctaE,1.12
ctaC,0.9716
ctaA,1.93
ylaN,0.9219
yngD,0.0
yngA,0.0
ynfF,0.9641
bglC,0.8833
ynfC,1.43
grlB,1.11
pksI,0.0
pksG,0.7446
pksE,0.9712
pksC,0.8508
pksA,1.24
mutL,0.0
yneS,1.03
yneQ,1.41
tlp,0.0
citB,0.0
cotL,0.0
yneK,1.18
cotE,0.0
ymcB,0.0
tdh,0.8985
ymdB,1.16
pbpX,2.5
cinA,0.9951
yngC,2.64
xynD,0.8181
ynfE,0.0
alsT,0.7455
grlA,1.01
yneT,1.79
pksH,0.8781
pksF,0.8115
pksD,0.7151
pksB,0.8067
ymcC,0.9489
mutS,0.8204
yneR,1.16
yneP,1.32
yneN,1.03
cotK,0.8841
cotM,0.9819
yneJ,1.56
ymcA,1.21
kbl,0.5876
spoVS,0.7782
ymdA,1.13
recA,0.912
pgsA,0.0
yorR,0.0
yorT,0.0
yorV,0.0
yorX,0.0
yorZ,0.0
yosB,0.0
yocJ,0.9068
yocH,1.32
yocF,1.47
yocD,0.8947
yocB,3.43
yocA,2.69
yosD,0.0
yosF,1.0
yosH,0.0
yosJ,0.9092
yosL,1.37
yosP,0.8063
yobW,1.17
yobU,0.0
yobS,0.0
yobQ,0.6375
yobO,1.05
yobM,0.9038
yorS,0.8955
mtbP,0.8246
yorW,0.0
yorY,1.01
yosA,0.7406
yosC,0.0
yocI,0.778
yocG,1.25
yocE,0.9255
yocC,1.03
yozB,1.84
yozA,1.09
yosE,0.0
yosG,0.0
yosI,0.7776
yosK,0.8879
yosM,1.24
yosQ,0.0
yobV,1.07
yobT,0.0
yobR,0.6945
csaA,0.6682
yobN,0.9625
yobL,1.04
yppD,0.0
yppF,1.53
ypqE,3.03
yprB,1.3
ypsA,1.08
ypsC,1.2
yomP,0.0
yomR,0.0
yomT,1.04
yomV,0.0
yomX,0.0
yomZ,1.05
kduD,1.06
kdgR,1.18
kdgA,0.0
ypwA,1.61
pbuX,0.8713
ypbQ,0.0
yonB,0.0
yonD,0.0
yonF,0.0
yonH,0.0
yonK,0.9746
yonO,0.9727
yppE,1.58
yppG,0.0
cotD,0.9836
ypsB,1.48
yptA,0.7652
yomQ,0.0
yomS,0.9188
yomU,0.0
yomW,0.0
yomY,0.8024
yonA,0.0
kduI,0.9383
kdgK,0.8333
kdgT,0.8445
xpt,0.9355
bcsA,0.7947
ypbS,0.9454
yonC,0.0
yonE,0.7254
yonG,0.0
yonI,0.0
yonN,1.02
yonP,0.0
yqiD,1.1
yqxC,1.59
recN,1.35
spo0A,0.895
yqiH,0.799
yqiK,1.45
ribG,1.31
ribA,1.47
ribT,1.71
ypuG,1.3
ypuI,1.66
spmA,0.0
mmgB,1.13
mmgD,0.9084
yqiQ,1.06
yqiR,0.0
yqiT,1.09
yqiV,1.04
ypuL,0.9843
resB,1.44
resD,1.34
sigX,1.33
aroC,1.22
ypzE,1.12
yqiE,0.9901
ahrC,1.01
spoIVB,1.21
yqiG,1.71
yqiI,0.8563
ribB,1.38
ribH,1.31
ypuF,1.1
ypuH,1.04
dacB,0.9764
spmB,0.9675
mmgC,0.6827
mmgE,0.6933
yqzF,0.7942
yqiS,0.8631
yqiU,0.7497
bfmBAA,0.8762
resA,0.8834
resC,0.9662
resE,1.38
ypuN,1.18
serA,0.8328
ypaA,1.69
yqaG,0.8198
yqaI,0.0
yqaK,0.0
yqaM,0.0
yqaO,0.0
yqaQ,0.0
dgkA,1.18
bex,1.24
glyQ,0.9682
yqzB,1.08
yqxD,1.36
sigA,1.39
yqaS,0.0
yqbA,0.0
yqbC,0.929
yqbE,1.04
yqbG,0.0
yqbI,0.0
yqfN,1.27
yqfP,1.41
yqfR,1.06
yqfT,0.0
yqfV,1.49
yqfX,0.8176
yqaH,0.0
yqaJ,0.0
yqaL,0.0
yqaN,0.0
yqaP,1.07
yqaR,0.747
cdd,0.8471
yqxN,1.12
glyS,0.707
yqfL,0.9216
dnaG,0.9896
cccA,0.9986
yqaT,0.947
yqbB,0.7594
yqbD,0.7638
yqbF,0.8923
yqbH,0.0
yqbJ,0.0
yqfO,0.9588
yqfQ,0.527
yqfS,1.14
yqfU,1.1
yqfW,0.9765
yqfZ,0.7305
ysnD,0.0
ilvN,0.6539
leuA,0.7903
leuC,0.8242
ysoA,0.8903
clpX,1.59
yrrM,1.81
yrrO,1.14
greA,1.87
yrrS,2.16
yrrT,1.48
yrhA,1.25
ysxD,0.0
hemX,1.54
hemD,1.42
hemL,1.29
ysxE,0.9376
yrhD,0.9028
yrhG,0.9225
yrhH,0.0
yrhK,1.02
yrhM,0.0
yrhO,1.06
ilvB,0.6399
ilvC,0.0
leuB,0.691
leuD,0.7961
tig,1.19
lonB,0.8127
yrrN,1.24
udk,0.99
yrrR,1.55
yrzA,0.9444
yrrU,0.9757
yrhB,0.762
ysxC,1.28
hemA,0.0
hemC,1.16
hemB,1.19
spoVID,1.1
yrhF,1.07
yrzI,1.25
yrhI,0.0
yrhL,0.0
sigV,0.0
levD,0.0
ytsC,1.91
yttA,0.8582
ytvA,1.23
leuS,0.0
melA,0.9667
amyD,0.0
ytmJ,0.0
ytmL,0.0
hisP,0.0
ytnJ,1.01
hipO,0.766
ytqI,1.02
msmR,0.924
bioW,0.8177
bioF,0.7242
bioB,0.7312
ytbQ,1.0
ytcQ,0.9985
ytsJ,1.25
pfk,1.06
ytwI,0.8165
citC,1.04
phoP,1.01
yttB,0.7449
ytvB,0.869
ytwF,1.78
amyC,0.7576
msmE,1.18
ytmK,0.7898
ytmM,0.8706
ytnI,0.7861
ribR,1.52
ytpI,1.05
ytrI,0.0
ytaP,0.7118
bioA,0.6753
bioD,0.5857
bioI,0.7771
ytcP,0.7807
ytdP,0.0
yttI,0.8526
ytvI,0.7799
citZ,0.8639
citH,0.9657
phoR,0.8271
mutM,1.07
yunI,0.6739
yunG,0.0
yunE,1.14
yunC,0.0
yunA,0.7548
yutC,0.8834
yugH,1.06
yuzA,0.0
yugK,1.87
yugM,0.9349
yugO,1.17
yugS,1.4
yutE,1.1
yutG,1.06
hom,0.6748
thrB,0.43
yutI,1.37
yutJ,0.9215
yugU,1.13
mcpB,0.6773
mcpA,0.6762
yuxG,1.07
yulC,1.1
yulE,0.8378
yunH,0.8034
yunF,0.9433
yunD,0.8933
yunB,0.9118
yutB,0.7325
yutD,0.8944
yugI,1.14
yugJ,1.91
pgi,0.9385
yugN,0.8589
yugP,1.92
yugT,1.01
yutF,0.8779
yutH,0.8893
thrC,0.5261
yuxL,0.0
yuzD,1.28
yuzB,1.13
tgl,0.8581
tlpA,0.6385
tlpB,0.6889
yulB,1.31
yulD,0.0
yulF,1.11
yvdO,0.9179
yvdQ,0.0
yveA,0.0
racX,0.883
yveG,0.0
slr,1.11
yvgO,0.9315
yvgM,0.8694
yvgK,0.9079
yvsG,0.9374
fhuD,0.0
fhuG,0.8255
yveN,0.6607
yveP,0.7905
yveR,0.5828
yveT,0.7283
yvfB,0.7363
yvfF,0.6871
yvrP,0.7395
yvrN,0.676
yvrL,0.9464
yvrI,0.0
yvrG,1.05
yvrD,1.37
yvdP,1.01
yvdT,1.13
pbpE,0.8808
yveF,0.0
padC,0.9551
yveL,0.5243
yvgN,2.74
yvgL,0.793
yvgJ,1.04
yvsH,0.7575
fhuB,0.7784
fhuC,0.7045
yveO,0.5855
yveQ,0.6624
yveS,0.6268
yvfA,0.7392
yvfD,0.544
yvfG,0.9578
yvrO,0.5465
yvrM,0.7763
yvrK,0.8754
yvrH,0.8569
yvrE,1.18
yvrC,1.02
mta,0.9101
ywnF,1.94
spoIIQ,1.2
ywoA,6.86
nrgA,1.11
ywoC,1.23
tuaF,1.09
tuaH,1.14
yvhJ,1.1
degS,1.13
comFA,0.9666
comFC,0.9556
ywoE,1.2
ywoG,0.5818
usd,0.0
mbl,1.18
flhP,0.5819
ywpB,1.19
flgM,0.8143
flgK,0.9211
yviE,0.8909
csrA,1.01
yvyC,0.6581
fliS,0.7755
ywnE,1.04
ywnH,1.15
ywnJ,1.72
nrgB,1.54
ywoB,1.08
ywoD,1.65
tuaG,0.7646
tagO,1.04
yvyE,0.9163
yviA,0.8741
comFB,0.7824
yvyF,0.7377
ywoF,0.8109
ywoH,0.8658
spoIIID,0.78
flhO,0.6215
rapD,1.14
ywpC,0.8957
yvyG,0.6924
flgL,0.8245
yviF,0.8051
hag,0.8757
fliD,0.8535
fliT,0.7734
katX,1.07
yxzF,0.7819
licB,0.0
licA,0.8917
ywaA,0.6351
dltD,2.58
ywfN,0.0
ywfO,1.03
ywgB,0.7658
thrZ,0.5685
ywhB,1.08
ywhD,0.7236
dltB,2.12
ywaB,0.9332
ywaD,0.9254
ywaE,1.27
gspA,2.05
sacX,0.9853
ywhF,1.08
ywhH,0.8873
rapF,1.0
ywhL,1.03
ywhN,1.18
ywhP,1.02
yxlJ,0.8757
licR,0.9142
licC,0.9022
licH,0.5592
dltE,2.23
dltC,2.36
ywzC,1.03
ywgA,0.8826
mmr,0.7574
ywhA,0.5496
ywhC,0.582
ywhE,0.6375
dltA,1.74
ywaC,4.11
tyrZ,1.12
ywaF,0.833
sacY,1.28
epr,0.5821
ywhG,0.8221
phrF,0.8397
ywhK,0.7456
ywhM,1.05
ywhO,1.15
ywhQ,0.9974
yybK,0.9367
yybM,0.8875
yybO,1.11
yybQ,0.9822
cotF,1.01
yybT,1.23
yxdM,1.26
yxeB,1.1
yxeD,0.0
yxeG,2.43
yxeI,1.52
yxeK,0.8799
yycA,0.9662
yycC,0.9208
yycD,0.0
yycE,1.23
yycF,1.05
yycH,1.11
yxeM,0.768
yxeO,0.5095
yxeQ,0.7828
yxxB,0.9924
nupC,0.8059
hutM,1.02
yybL,0.0
yybN,0.9465
yybP,0.9416
yybR,1.33
yybS,1.18
rplI,0.9336
yxeA,0.7645
yxeC,0.6647
yxeE,1.11
yxeH,1.23
yxeJ,0.0
yxeL,0.3354
yycB,0.4753
yyzB,0.794
dnaC,0.9636
purA,0.7125
yycG,1.14
yycI,0.9372
yxeN,0.4824
yxeP,0.6704
yxeR,0.9626
deoR,0.9439
pdp,0.8908
hutG,0.993
lysS,0.7797
mfd,0.919
gyrA,0.873
lytA,0.7754
yvlD,1.52
yukF,1.23
rsbV,0.0
ydbO,0.0
ycsG,0.0
phrC,1.05
lmrB,0.7632
pcp,0.6692
ytfJ,0.0
ytzA,1.05
yraA,0.0
yqfY,1.45
yonJ,1.08
yodB,1.12
ycbM,0.0
ybfS,0.7093
ybfQ,0.9515
ybeC,0.9402
ybdG,0.8786
ybbA,0.0
ftsH,1.39
yabK,1.14
ywjF,0.7683
ywlC,0.7281
yveK,0.5285
glgP,0.8417
ydcA,0.0
ycnB,0.8253
yceH,1.27
ycbU,0.6972
ycbR,1.22
accA,0.6588
yrhP,0.0
yqbO,0.0
ypqA,0.0
yosW,0.0
ppsD,0.642
ycbC,0.8569
gltP,0.6202
mpr,0.4736
ybdN,0.878
ybdB,0.7924
yabE,1.39
yaaG,1.32
yisD,1.15
yhjP,0.9126
yhfR,0.7132
yheH,0.8333
yfhQ,1.06
ydcI,1.16
dnaN,0.8604
srfAB,0.9276
opuAA,0.9168
ybdO,0.6526
yabN,0.9921
asnH,0.5158
ywbN,1.08
yaaF,1.11
addB,0.9332
yhjB,0.8266
yheC,0.0
yheL,0.8591
yesN,0.8184
yclF,0.5132
dnaA,0.7438
amhX,0.6737
ycbT,0.9974
feuC,0.6807
gidA,1.01
yxnB,1.04
spsF,0.0
