ybeF,0.7445
glpQ,0.8471
ybdT,2.37
ybxH,0.692
ybdM,1.05
ybdK,1.01
ybxF,1.22
rplJ,0.6745
rplK,1.23
rpmG,0.9807
yacP,0.5169
rplL,0.6455
ybdE,1.78
ybcT,1.05
ybcQ,0.6503
ybcO,0.5605
ybcL,0.0
ybcH,1.17
cysE,0.7497
yacN,2.68
yacL,2.36
sms,2.16
yacH,1.4
glpT,0.703
ybyB,1.84
ybxI,1.31
csgA,0.0
ybdL,0.6707
ybdJ,1.97
ybxB,4.29
rplA,1.74
nusG,2.26
sigH,0.8927
yacO,0.0
ybdA,1.22
ybcS,0.733
ybcP,0.8313
ybcM,2.67
ybcI,1.05
ybcF,1.3
gltX,1.78
yacM,3.13
yacK,2.6
yacI,1.82
ctsR,1.68
ydbB,0.6442
ydbA,0.7096
ydaS,5.26
ydaQ,1.18
mutT,1.37
ydaN,0.0
yciB,0.4965
nasA,0.5484
nasD,0.4802
nasF,0.5253
ycgS,0.8816
ycgQ,2.42
ydaL,0.0
ydaJ,0.0
lrpC,0.919
ydaH,0.0
ydaF,0.9066
ydaD,0.0
ycgO,1.27
ycgM,0.5336
cah,0.6232
ycgJ,0.0
tmrB,0.0
ycgH,0.8599
gsiB,0.0
ydaT,2.28
ydaR,0.755
ydaP,0.0
ydaO,1.96
ydaM,0.0
yciA,0.4715
nasC,0.7197
nasE,0.4371
ycgT,0.5093
ycgR,2.54
ycgP,1.2
ydaK,2.63
ydzA,0.7702
ydaG,3.14
ydaE,5.27
ydaC,0.8339
ycgN,0.6752
ycgL,0.8929
ycgK,0.8911
aroI,0.9842
nadE,0.7959
ycgG,1.47
purL,0.07046
purC,0.1147
purK,0.2079
yebG,1.81
yebE,1.7
yebC,3.94
ydfK,0.9708
ydfJ,1.13
ydfH,1.02
ydfF,1.02
ydfD,1.7
ydfB,1.36
guaA,1.18
yeaD,0.7431
yeaB,0.7958
yeaA,0.2288
ydjO,0.864
ydjM,2.93
ydeT,1.23
ydeR,0.0
ydeP,1.84
ydzF,1.04
ydeM,0.7929
ydeK,1.03
yexA,0.1459
purB,0.0893
purE,0.1565
yebF,0.6909
yebD,0.5866
yebB,0.4304
nap,0.6979
ydfI,1.21
ydfG,0.9708
ydfE,0.9029
ydfC,0.7578
ydfA,1.56
yebA,0.0
yeaC,0.6351
gabP,0.8729
ydjP,0.3822
ydjN,2.78
ydjL,0.5926
ydeS,0.7168
ydeQ,0.8682
ydeO,0.8139
ydeN,1.15
ydeL,1.21
ydeJ,0.9081
yfhS,1.81
yfhO,6.16
yfhM,2.8
yfhK,2.96
yfhI,5.37
yfhG,0.6545
yflS,1.25
yflT,3.46
yfmC,0.4145
yfmE,0.9104
yfmG,0.7266
yfmI,0.9809
yfhE,1.31
yfhC,0.4136
yfhA,0.3708
yfiY,0.4615
yfiV,0.866
yfiT,0.4713
yfmK,1.61
yfmM,0.0
yfmO,0.4264
yfmQ,0.8768
yfmS,0.8395
yfnA,0.0
yfhP,1.1
csbB,3.34
yfhL,2.03
yfhJ,2.25
yfhH,1.21
yfhF,1.29
pel,1.74
yfmA,0.0
yfmD,1.06
yfmF,0.8597
yfmH,0.7414
yfmJ,0.8844
yfhD,1.03
yfhB,0.5328
yfiZ,0.6789
yfiW,1.32
yfiU,0.7736
yfiS,1.02
yfmL,1.88
yfmN,1.73
yfmP,0.9608
yfmR,0.9002
yfmT,0.0
yfnD,1.08
yisK,2.51
yisI,1.21
yisG,0.8844
yisE,1.03
yisB,0.7214
addA,0.0
yhdY,0.725
yhdW,0.681
yhdU,0.8655
yhdS,0.7844
yhdQ,0.6336
yhdO,0.8279
yhjQ,1.17
yhjM,1.18
yhjK,1.55
yhjI,1.33
yhjG,0.8908
yhjE,0.7923
yhdL,3.06
yhdJ,0.7077
yhdH,1.23
yhdF,1.93
citR,0.7115
phoA,3.06
yisJ,0.8755
yisH,0.0
yisF,0.9602
yisC,1.03
sbcD,0.9057
yhjR,0.847
yhdX,0.952
yhdV,0.9216
yhdT,1.21
yhdR,0.9979
yhdP,0.7396
yhdM,2.14
yhjO,0.6596
yhjL,3.9
yhjJ,1.36
yhjH,0.6401
sipV,0.5967
yhjD,0.9746
yhdK,2.37
yhdI,0.9727
yhdG,0.0
citA,1.34
lytE,0.7408
spoVR,1.06
xkdU,0.6127
xkdS,0.4547
xkdQ,0.7527
xkdN,0.3664
xkdK,0.3885
xkdI,0.8089
yjbX,1.15
yjbV,0.7247
yjbT,0.6958
yjbR,0.779
tenA,0.7954
yjbP,0.8195
xkdG,0.3918
xkdE,0.7314
xpf,0.0
xkdD,0.4039
xkdB,0.9202
xkdA,1.12
yjbN,0.9558
yjbL,0.9201
yjbJ,0.2227
yjbH,0.8486
yjbF,0.7446
yjbE,1.12
xkdT,0.7739
xkdR,0.0
xkdP,0.6079
xkdM,0.3456
xkdJ,0.5088
xkdH,0.5888
yjbW,1.02
yjbU,0.7282
yjbS,0.5592
tenI,0.6998
yjbQ,2.01
yjbO,1.43
xkdF,0.3938
xtmA,0.486
xtrA,0.5787
xkdC,0.5752
xre,0.7993
yjqC,0.9865
yjbM,0.9725
yjbK,0.2393
yjbI,1.07
yjbG,1.59
mecA,1.44
yjbD,2.04
ylaM,2.26
ylaK,2.82
ylaH,1.37
ylaF,0.5181
ylaD,0.0
ylaB,1.94
ykvM,0.6596
ykvK,0.8656
ykvI,0.6129
motA,0.3632
ykvE,3.12
eag,0.6639
nprE,0.9776
ykzC,1.17
ykzI,0.9561
yktA,0.5367
slp,0.5107
pdhC,0.5173
ykvA,0.6094
ykrY,0.5122
ykrW,0.5532
ykrU,0.4879
ykrS,0.7601
ykrQ,1.6
ylaL,0.5894
ylaJ,1.68
ylaG,2.08
ylaE,1.57
ylaC,1.19
ylaA,0.0
ykvL,0.9438
ykvJ,0.7894
clpE,0.6473
motB,0.3783
ykvD,0.0
spo0E,0.9267
yktD,1.48
yktC,1.17
yktB,1.29
cad,3.0
pdhD,0.488
pdhB,0.5283
ykrZ,0.4137
ykrX,0.6237
ykrV,0.8521
ykrT,0.8475
dat,2.21
ykrM,1.89
ymfM,1.16
ymfK,1.04
ymfI,2.08
ymfF,0.924
ymfD,2.37
spoIIIE,1.21
yloW,1.1
yloU,0.6969
spoVM,0.0
yloR,1.15
ymfA,0.7844
dapG,1.07
spoVFB,1.04
ymxH,3.46
ylxY,1.89
ribC,1.65
fmt,1.59
priA,0.0
yloH,1.07
yloC,1.0
ylnF,0.36
ylnD,0.2929
ymfL,0.8965
ymfJ,1.8
ymfH,0.9026
ymfE,2.63
ymfC,1.1
ymfB,0.7705
yloV,0.7079
rpmB,0.6708
yloS,1.79
yloQ,1.29
yloO,0.0
yloM,1.31
dapA,0.8096
asd,0.4656
spoVFA,0.7406
ymxG,2.48
rpsO,0.6916
truB,1.48
def,1.69
yloI,2.13
yloD,1.15
yloA,1.19
ylnE,0.4022
ylnC,0.3042
yobK,0.7621
yobI,0.0
yozL,3.18
yobH,1.3
rapK,1.34
yobF,1.26
yneI,1.23
ynzD,0.869
yneE,0.0
ynzC,1.45
yneA,1.37
yndN,0.9684
yozI,2.27
yobD,2.13
pps,0.0
yobA,0.0
yoaZ,46.31
yoaV,2.25
yndL,0.9872
yndJ,0.9412
yndG,1.11
yndD,0.7715
yndB,0.5436
ynzA,0.6247
yobJ,0.5276
yozM,0.8664
yozK,0.917
phrK,1.49
yozJ,1.87
yobE,1.35
ccdA,1.75
yneF,2.3
tkt,1.05
yneB,1.13
lexA,0.4988
yndM,0.9118
yozH,1.31
xynA,0.7622
yobB,21.49
penP,15.36
yoaW,19.85
yoaU,1.49
yndK,1.03
yndH,1.13
yndE,1.0
ynzB,0.6743
yndA,0.0
cotC,1.05
yonR,1.25
yonT,0.8513
yonV,1.33
yopA,1.14
yopC,0.7853
yopE,0.742
yosR,0.7584
yosT,0.7307
yosV,0.5435
yosZ,0.0
yotB,0.0
yotD,0.7018
yopG,0.9322
yopI,1.34
yopK,0.6909
yopM,0.7308
yopO,0.7235
yopQ,0.7056
yotF,0.0
yotH,0.0
yotJ,0.9912
yotL,0.9255
yotN,0.7102
yodV,0.826
yonS,1.14
yonU,0.7215
yonX,0.8234
yopB,1.26
yopD,0.7899
yopF,0.8967
yosS,0.8929
yosU,1.56
yosX,0.6655
sspC,1.19
yotC,0.7551
yotE,0.0
yopH,1.21
yopJ,1.38
yopL,0.6449
yopN,0.6587
yopP,0.6114
yopR,0.6576
yotG,0.0
yotI,0.0
yotK,0.6377
yotM,0.0
yodU,0.771
cgeA,0.896
fer,0.0
recQ,0.8344
ypbE,0.8393
ypbH,1.11
ypdA,1.73
sleB,0.0
ypcP,0.8382
ypdP,1.62
ypeQ,2.21
degR,1.3
ypfP,1.04
bsaA,1.09
ypfA,1.04
cmk,1.73
ypgA,1.85
yphB,3.17
gpsA,2.08
yphF,0.7993
ypgR,1.04
yphP,0.7773
ypjP,0.3971
thyB,2.1
ypkP,1.93
yplP,0.2835
ypbB,0.0
ypbD,0.7333
ypbF,1.19
ypcA,0.9611
ypdC,0.7764
ypeB,0.7777
ypdQ,1.33
ypeP,2.03
ypzA,1.0
cspD,0.7812
metB,0.874
ypgQ,1.01
ypfB,0.8496
ypfD,1.0
yphA,2.56
yphC,2.43
yphE,0.7061
spoIVA,0.7936
ilvD,0.1475
ypiP,2.29
ypjQ,0.6056
dfrA,2.03
yplQ,0.4719
ilvA,0.5193
yqgA,0.5972
yqgC,0.9872
yqgE,0.7356
yqgG,0.7167
yqgI,0.5076
yqgK,0.6403
bfmBAB,2.82
bmrR,0.9254
yqiW,0.5203
yqiY,0.0941
yqjA,0.7266
yqjC,1.02
yqgL,1.58
yqgN,5.09
yqgP,0.803
glcK,0.9651
yqgU,1.94
yqgW,0.8656
yqjE,0.9156
yqjG,0.5623
yqjI,0.7691
yqjK,0.8255
yqjM,2.04
yqjO,1.41
yqgB,0.8218
sodA,1.33
pbpA,0.0
yqgH,0.0
yqgJ,0.8024
yqzD,1.01
bfmBB,2.36
bmr,1.04
yqiX,0.05325
yqiZ,0.06216
yqjB,0.8137
yqjD,0.7929
yqgM,1.08
yqgO,3.84
yqgQ,0.8345
yqgT,2.98
yqgV,2.13
yqgX,0.8463
yqjF,2.0
yqjH,0.6124
yqjJ,1.05
yqjL,5.17
yqjN,1.34
yqjP,1.33
levE,0.6978
levG,0.8802
adhA,1.12
yraC,0.7326
yraE,0.9121
yraF,0.0
yqbK,1.05
yqbM,1.21
yqbN,0.0
yqbQ,0.9931
yqbS,0.8226
yqcA,0.7606
yraH,0.6498
yraJ,0.5867
yraL,0.8665
yraM,0.5299
yraO,0.4194
sigZ,0.7688
yqcD,0.8541
yqxG,0.933
yqxI,0.6506
yqcF,0.8805
yqzI,1.43
rapE,0.4778
levF,0.7431
sacC,0.5705
yraB,0.7363
yraD,1.34
adhB,1.96
yraG,0.9662
yqbL,0.9726
yqdB,1.04
yqbP,0.8059
yqbR,0.0
yqbT,0.6962
yqcB,0.0
yraI,0.5691
yraK,1.66
csn,0.7919
yraN,0.3584
yrpG,1.59
yrpE,2.34
yqcE,0.8981
cwlA,1.37
yqxJ,0.699
yqcG,1.04
phrE,0.6767
yqcI,0.9753
ytaF,0.9207
ytbE,1.26
ytcD,2.06
ytcF,3.16
dnaB,1.29
ytxB,1.4
folC,0.4744
spoIIB,1.67
ysxA,3.5
mreC,4.21
minC,2.93
spoIVFA,2.73
thrS,0.5398
lytS,0.7831
ysbA,0.7041
yscB,0.8221
infC,1.02
rplT,1.11
rplU,1.3
spo0B,0.8954
p`eB,1.18
pheB,1.13
yrxA,0.415
nadB,0.5731
nadA,0.0
ytaG,0.9423
ytbD,0.8537
gapB,1.17
ytcG,1.88
dnaI,1.12
ytxC,1.29
comC,0.9514
maf,2.64
mreB,5.34
mreD,2.95
minD,2.79
spoIVFB,1.99
ysaA,1.0
lytT,0.8076
ysbB,0.6714
yscA,1.57
rpmI,0.9688
ysdA,1.17
ysxB,1.12
obg,1.15
pheA,1.12
nifS,0.4892
nadC,0.09048
yrbA,0.1088
yubA,1.08
yubC,0.0
yubE,3.26
yubG,0.0
yuaB,1.18
gbsA,0.9634
yteP,0.6869
yteR,1.01
yteT,0.8116
yteV,1.01
ytfP,0.9437
ytzG,1.87
yuaD,0.8092
yuaG,0.3531
yuaJ,0.3583
glgD,2.34
ytaB,1.7
ytxN,0.6953
ytzE,1.11
ythQ,0.7175
ytjP,0.8508
ytlP,1.28
ytlR,0.6573
ytmP,0.9911
yubB,1.44
yubD,1.87
yubF,1.41
yuaA,4.54
yuaC,1.12
gbsB,0.9976
yteQ,0.6868
yteS,0.7234
yteU,0.942
opuD,1.36
ytgP,2.52
ytzF,1.71
yuaF,0.2388
yuaI,0.2569
glgB,1.26
glgA,1.35
ytaA,0.8856
cotS,1.51
ythP,0.6586
ytiP,0.7387
ytkP,1.04
ytlQ,0.8215
amyX,1.05
ytzH,1.15
yvrB,0.9979
yvqK,1.13
yvqI,0.4085
yvqG,0.5846
yvqE,0.8025
gerAC,1.16
yutL,0.6952
paiA,1.09
yumD,0.494
yumC,0.5779
yuiA,0.1046
yuiC,0.1817
gerAA,2.12
yuxN,1.18
yvqA,1.0
yvtB,1.41
yusZ,0.9018
yusW,0.8264
yuiE,0.5891
yuiG,0.8194
yuiI,0.3583
dhbC,0.2294
dhbB,0.1459
yukL,0.6319
yvrA,0.8297
yvqJ,0.8195
yvqH,0.5584
yvqF,0.5698
yvqC,0.8707
gerAB,1.07
yutM,0.8951
paiB,1.06
yuzG,0.8239
yumB,1.71
yuiB,0.1184
yuiD,0.6168
citG,1.79
yvqB,0.8762
yvtA,1.3
mrgA,1.06
yusX,0.4742
yusV,0.2607
yuiF,1.52
yuiH,1.22
dhbA,0.0
dhbE,0.4212
yukM,0.8273
yukJ,1.32
yvyD,0.7798
cccB,0.7515
ftsX,1.74
yvzD,0.3569
yvkA,0.0
yvkC,0.0
yvfH,0.0
lacR,0.0
yvfM,0.905
yvfO,0.0
yvfS,0.9583
yvfU,0.9847
uvrB,1.14
yvzB,0.7546
yvlA,0.474
yvlC,0.7318
yvmB,1.04
cypX,0.8485
yvfW,0.5458
yvbX,0.895
yvbV,0.7222
yvbT,1.07
araE,0.5609
gap,0.631
yvjA,1.35
ftsE,1.49
yvjB,1.62
yvjD,0.4913
yvkB,1.17
csbA,0.9342
yvfI,0.0
yvfL,0.955
lacA,0.9134
yvfR,0.6499
yvfT,0.525
yvfV,0.4908
uvrA,1.29
yvkN,0.8445
yvlB,0.6524
yvmA,1.12
yvmC,0.7
yvnA,1.05
yvbY,0.4648
yvbW,0.0
yvbU,0.851
araR,0.0
yvbQ,0.3898
pgk,0.6592
ywhR,0.7519
sbo,0.9855
argS,0.9605
fnr,0.2117
ywiD,0.873
narH,0.856
ywpD,1.29
ywpF,0.664
ywpH,0.4288
ywqB,1.94
ywqD,0.7876
ywqF,1.77
narI,1.22
ywjA,1.79
ywjC,2.95
ywjE,0.0
rpoE,2.63
ywjG,2.43
ywqH,1.55
ywqJ,1.87
ywqL,1.11
ywqN,0.83
ywrA,0.9898
ywrC,0.5992
ywiA,0.6384
ywiB,0.7306
narK,0.8882
ywiC,0.51
narG,0.0
narJ,0.8606
ywpE,3.31
ywpG,1.01
ywpJ,0.0
ywqC,1.53
ywqE,1.49
ywqG,1.33
ywiE,0.8352
ywjB,2.04
ywjD,1.66
acdA,0.8561
ctrA,1.52
spo0F,1.04
ywqI,1.28
ywqK,1.33
ywqM,0.9345
ywqO,1.04
ywrB,0.9189
ywrD,0.5905
hutI,0.718
hutP,0.3413
yxiB,0.6734
yxiD,1.26
yxxE,0.7544
bglH,0.6915
ywbA,1.31
ywbC,0.6803
ywbE,1.21
ywbG,0.825
ywbI,0.395
thiC,0.6234
yxxF,0.6486
yxiF,0.4332
yxiG,0.489
yxzG,0.5083
yxiJ,0.5453
yxiL,0.5788
ywbO,0.8107
ywcB,0.7354
ywcD,0.6602
ywzA,1.18
qoxB,0.7461
qoxD,0.6483
hutU,0.7203
yxiA,0.3613
yxiC,1.35
yxxD,0.7282
bglP,0.6608
yxiE,0.4829
ywbB,1.01
ywbD,0.5235
ywbF,1.94
ywbH,0.3663
thiK,0.6257
ywbM,0.2603
yxxG,0.0
yxzC,0.4024
yxiH,0.4985
yxiI,0.544
yxiK,0.5785
yxiM,0.5257
ywcA,0.9771
ywcC,0.6365
galT,0.0
qoxA,0.6332
qoxC,0.6503
ywcE,0.7952
ytrP,0.6118
yprA,1.0
yloN,1.06
yerG,1.48
wprA,0.6492
yycJ,2.75
rocR,1.22
rocE,1.44
phrG,1.44
yycN,0.799
yycP,0.8217
topB,0.8022
polA,0.8946
mmgA,1.15
ileS,0.7244
dinG,1.75
carB,0.1144
yycR,1.63
yydA,0.4257
yydC,0.5231
fbp,0.8885
yydG,0.9431
yydI,0.9086
ytsD,1.16
yrvE,1.82
yloP,1.17
ykuA,0.8506
ydhL,1.17
valS,0.4849
yyxA,2.88
rocD,1.1
rocF,1.08
rapG,0.7038
yycO,0.715
yycQ,1.16
smc,3.1
murD,1.05
lonA,1.34
hrcA,0.8859
cheA,1.26
alaS,0.7769
yycS,0.8539
yydB,0.3862
yydD,0.4984
yydF,0.7338
yydH,1.2
yydJ,0.9366
yveM,0.4816
yutK,2.17
yueB,1.7
yufK,1.1
ytpQ,1.01
ytmO,0.958
yndF,1.04
pksL,0.0
mcpC,0.2775
yisZ,0.9932
ydbH,0.8876
ybxG,0.7125
ysdB,1.47
yrhE,2.12
yqcC,1.05
ponA,2.11
yomI,0.8217
cgeC,0.5883
wapA,0.8616
ppsA,0.7531
pksM,1.22
yetO,1.08
rpoC,2.7
dra,0.374
yvfQ,0.598
yukA,2.91
yuxO,0.6503
glgC,1.64
yttP,0.8218
pykA,1.58
pksP,1.67
pksK,0.9176
oppD,0.441
srfAA,0.5389
yccK,1.61
secE,0.0
rpmA,0.9091
yrpC,1.66
yqgS,1.4
ypbR,0.923
yorL,0.8266
odhA,0.4721
dhbF,0.601
pksR,1.16
yfkN,1.05
gutR,0.7001
yxeF,0.0
galK,0.0
rbcL,0.7039
aceF,0.0
kdtA,0.0
tufA_E,0.7224
yazC,0.6424
yrhC,0.782
yerC,0.7721
yshA,0.9092
yoqX,0.0
yacF,1.3
yhcD,0.0
yetG,0.3188
ywnG,1.12
ywqA,1.82
degU,0.7222
yvnB,0.0
cysS,0.6869
yqjU,0.6771
ylaI,1.03
yuaE,0.7165
yqaD,0.7574
yozD,0.0
yazB,0.8878
yfnB,0.6726
ywmD,0.8348
glcR,0.595
ggaB,3.17
prfB,1.03
yvoD,0.8196
ybcD,1.42
ndhF,0.6302
adaA,0.0
ybbU,1.11
ybbT,1.0
ybbP,0.8602
folK,0.938
sul,1.04
pabA,0.652
cysK,0.6835
yacC,1.63
sigW,0.5408
ybbJ,0.0
ybbH,0.0
ybbE,0.9364
ybbC,1.01
feuA,0.2554
yabT,5.84
yabR,0.9672
yabQ,0.9585
yabO,0.8295
spoVT,2.28
ybcC,0.7925
adaB,2.42
alkA,1.64
glmS,5.05
ybbR,0.9887
ybbM,0.6158
folA,0.8436
pabC,1.01
pabB,0.68
yacD,1.64
yacB,2.19
ybbK,0.0
ybbI,0.0
ybbF,0.8947
ybbD,1.06
ybbB,0.5064
feuB,0.7332
yabS,0.0
divIC,1.31
yabP,0.8272
yabM,1.94
spoVC,0.0
ydaB,1.08
ycsN,0.9258
yczI,0.9563
ycsO,0.2864
ycsI,0.4115
ycsE,0.7261
ycgF,0.0
mdr,1.28
lctE,0.06569
ycgB,1.1
opuAC,3.4
yceK,1.09
yczH,0.8078
ycsA,0.6605
mtlA,0.8329
ycnK,0.2205
ycnI,0.2641
ycxE,0.5515
yceI,0.4359
yceF,0.8364
yceD,0.7617
yceB,1.48
ycdI,6.16
ycdG,4.98
ydaA,0.9725
yczJ,0.9779
ycsK,0.4446
ycsJ,0.4304
ycsF,0.3616
ycsD,0.0
ycgE,0.4643
lctP,0.02008
amyE,0.8742
ycgA,0.7735
opuAB,0.0
yceJ,0.8577
sipU,1.33
mtlD,0.5628
ycnL,0.7331
ycnJ,0.2682
gdh,0.9053
ycnH,0.0
yceG,1.16
yceE,0.7513
yceC,0.7198
yceA,4.95
ycdH,2.41
ycdF,5.52
ydjJ,1.39
ydjH,0.6829
ydjF,0.417
gutB,0.5407
ydjB,1.74
ydiR,0.5282
ydeI,1.32
ydeG,0.6526
ydeE,0.8803
ydeC,0.8719
ydeB,1.07
ydeA,2.98
ydiP,1.42
ydiN,0.7461
groEL,0.7291
ydiL,0.7079
ydiJ,0.9255
ydiH,0.8359
yddS,1.39
yddQ,1.06
lrpA,1.42
phrI,0.8995
yddJ,1.49
yddH,0.7715
ydjI,0.9448
ydjG,0.5594
ydjE,0.4863
ydjC,1.52
ydiS,0.6137
ydiQ,0.7221
ydeH,0.8234
ydeF,0.8005
ydeD,1.02
ydzE,0.7376
cspC,0.6858
yddT,2.4
ydiO,1.26
ydiM,0.8367
groES,0.6293
ydiK,0.5334
ydiI,0.774
ydiG,0.7702
yddR,1.68
lrpB,1.07
yddM,1.57
rapI,1.3
yddI,1.11
yddG,0.0
yfiR,0.633
lipB,1.25
yfiN,0.9959
yfiL,0.8842
yfiJ,1.08
yfiH,0.8047
yfnE,1.44
yfnG,1.87
yfnI,4.95
yetL,0.8391
yetJ,0.8478
yezB,1.16
yfiF,0.9133
yfiD,0.6266
glvC,0.6175
glvA,0.6278
yfjB,0.6543
yfjD,0.5209
yetH,0.9254
lplD,0.6756
lplB,0.7138
yetA,0.0
yesX,0.808
yesV,0.8898
yfiQ,0.8333
yfiO,0.7432
yfiM,0.9647
yfiK,0.8208
yfiI,0.6119
yfiG,3.48
yfnF,1.75
yfnH,1.24
yetN,1.86
yetK,1.15
yezD,0.586
yetI,1.05
yfiE,0.7796
yfiC,1.11
yfiA,0.6966
yfjA,0.6964
yfjC,0.5396
yfjE,0.5109
yetF,0.7682
lplC,0.5433
lplA,1.12
yesZ,1.18
yesW,0.7127
yesU,0.837
yhjC,0.6165
yhxD,2.05
yhzC,0.4448
yhfW,0.703
yhfU,1.19
yhfS,0.7353
ygxB,16.67
yhdD,0.7038
yhdB,0.8727
yhcZ,0.7454
yhxB,1.47
glpK,4.64
yhfO,0.9222
yhfN,0.0
yhfL,0.49
yhfJ,1.64
yhfH,0.6661
yhfF,0.9087
glpP,0.9182
yhcX,2.13
yhcV,0.9853
yhcT,0.8145
yhcR,1.67
yhcP,0.2924
yhjA,0.8461
comK,0.569
yhxC,1.41
yhfV,0.9119
yhfT,0.8606
yhfP,1.01
yhdE,0.4984
yhdC,0.9612
yhdA,0.7384
yhcY,0.7
glpD,1.32
glpF,1.22
aprE,0.7727
yhfM,1.56
yhfK,1.21
yhfI,1.67
gltT,0.8644
yhfE,1.0
yhxA,0.9824
yhcW,2.35
yhcU,2.31
yhcS,2.01
yhcQ,1.37
yhcO,0.0
yjqB,0.7254
xlyB,0.7842
phrA,0.462
yjoB,1.19
yjnA,0.6124
yjmI,1.13
yjbC,3.18
oppF,0.4536
oppB,0.4202
trpS,1.08
appC,0.8938
appA,1.04
yjmG,0.8066
yjmE,0.6983
yjmC,0.0
yjmA,0.616
yjlC,0.4518
yjlA,0.6017
appD,0.4377
yjaY,2.28
yjzA,1.39
yjaV,0.716
yjzD,0.6129
argF,0.03018
yjqA,0.6873
yjpA,0.7326
rapA,0.4751
yjoA,1.11
yjmJ,0.5272
yjmH,0.4597
yjbB,1.09
oppC,0.3925
oppA,0.6046
yjbA,1.7
appB,0.7113
appF,0.5165
yjmF,0.3191
yjmD,0.5036
yjmB,0.5942
yjlD,0.6075
yjlB,3.08
yjkB,0.8167
yjaZ,1.51
yjzB,1.3
med,1.32
yjaU,1.63
yjzC,0.6073
pdhA,0.4716
ykrB,0.7314
ykzG,0.658
adeC,1.7
ykqA,0.7186
abh,1.7
ykrL,1.09
sspD,2.5
ykoZ,1.2
ykoV,0.0
ykoT,1.62
ykoQ,2.4
ykpC,0.8153
ykpB,0.6584
ykoA,0.8683
fruA,0.673
yknZ,1.11
yknX,0.7971
ykoN,0.4599
ykoL,0.5857
tnrA,4.32
ykzD,0.625
ykoI,0.7867
ykoG,0.26
ykyA,1.16
ykrA,0.5786
ykqC,0.9508
ykqB,0.8285
kinC,0.8482
mreBH,1.31
ykrK,0.9623
ykrI,0.8763
ykoX,0.9549
ykoU,1.56
ykoS,1.72
ykoP,2.14
ampS,0.7388
ykpA,1.02
sipT,0.7367
fruR,0.6647
yknY,0.8369
yknW,0.6949
ykoM,0.6168
ykzB,1.27
ykoK,2.9
ykoJ,0.8429
ykoH,0.3082
ykoF,0.2341
rbfA,1.29
infB,0.0
ylxR,1.22
ylxS,1.49
yluC,1.82
cdsA,2.39
ylnB,0.3458
cysH,0.3285
pyrF,0.1108
pyrDII,0.09018
pyrC,0.1423
pyrP,0.1874
frr,1.55
tsf,1.21
ylxL,1.33
cheD,1.21
cheW,1.25
cheB,1.34
ylyB,2.96
ylyA,1.11
divIVA,1.14
ylmG,1.12
ylmE,1.16
ylmC,0.8237
ylxP,1.13
ylxQ,1.03
nusA,1.16
proS,1.78
yluB,2.01
yluA,1.93
ylnA,0.3267
pyrE,0.0906
pyrD,0.09591
pyrAA,0.09696
pyrB,0.1914
pyrR,0.5129
smbA,1.79
rpsB,0.9949
sigD,1.36
cheC,1.27
ylxH,1.33
lsp,1.76
ylmH,1.77
ylmF,1.31
ylmD,1.33
ylmB,0.8549
yoaT,1.22
yoaS,1.03
yozF,1.58
yoaP,1.45
yoaN,0.9439
pelB,1.41
yncM,1.61
ynzH,1.34
yncE,1.34
yncC,0.9059
xylB,1.18
xylR,0.7256
yoaJ,0.8615
yoaH,0.8896
yoaF,0.3202
yoaD,0.4368
yoaB,0.1605
yoxB,5.41
ynaJ,0.3771
ynaG,0.7172
ynaE,0.6773
ynaC,0.9664
ynzG,1.05
ynxB,1.15
yozG,0.8809
yoaR,1.46
yoaQ,1.43
yoaO,0.0
yoaM,0.0
yoaK,0.9144
thyA,1.28
yncF,1.08
yncD,1.19
yncB,1.21
xylA,0.0
xynB,1.21
yoaI,1.57
yoaG,0.707
yoaE,0.4212
yoaC,0.2579
yoaA,3.78
yoxC,2.36
ynaI,0.76
ynaF,0.8484
ynaD,0.8407
ynaB,0.9961
ynzF,0.7219
glnA,0.6079
yopS,0.6427
yopU,0.6249
yopW,0.0
yopY,0.0
yoqA,0.6612
yoqC,0.8607
cgeD,0.3999
yodT,0.2433
yodR,0.6373
yodP,0.0
yozE,1.12
yodM,1.41
yoqE,0.0
yoqG,0.0
yoqI,0.0
yoqK,0.0
yoqM,1.28
yoqO,1.26
deoD,1.88
yodI,1.05
ctpA,0.0
yodE,0.7783
yodC,1.4
yojA,0.5352
yopT,0.509
yopV,0.9948
yopX,0.8067
yopZ,0.6649
yoqB,0.8479
yoqD,0.7005
cgeE,0.4241
yodS,0.7693
argE,1.12
yodO,0.9849
yodN,2.8
yodL,1.64
yoqF,0.743
yoqH,0.7054
yoqJ,0.7692
yoqL,0.9401
yoqN,0.7542
yoqP,0.8171
yodJ,0.4663
yodH,0.9598
yodF,0.4579
yodD,0.7673
yodA,1.3
yojB,0.7954
hbs,0.7575
mtrB,1.32
gerCB,2.4
ndk,0.971
aroF,0.4778
aroH,0.3198
ypmP,0.3766
ypmR,1.55
ypmT,1.44
ypoP,0.6126
yppQ,0.8614
yokA,1.32
trpD,1.39
trpF,1.76
trpA,0.4502
tyrA,0.7746
ypiA,2.41
ypiF,1.04
yokC,1.22
yokE,1.23
yokG,0.5927
yokI,1.15
yokK,0.9056
yolA,0.8973
mtrA,1.51
gerCA,1.98
gerCC,2.84
cheR,0.5607
aroB,0.4448
trpE,1.17
ypmQ,1.11
ypmS,1.78
ypnP,3.04
yppP,0.8512
ypqP,1.28
yokB,0.8169
trpC,1.53
trpB,1.73
hisC,0.5151
aroE,0.5511
ypiB,0.937
qcrA,0.6185
yokD,0.9913
yokF,1.2
yokH,0.6302
yokJ,1.04
yokL,1.0
yolB,0.8226
yqgY,1.18
yqhA,0.0
yqxL,2.53
comGB,0.2412
comGD,0.2151
comGF,0.2088
yqjQ,1.24
yqjS,0.7138
yqjV,1.01
yqjW,1.1
yqjY,0.6622
yqkA,0.6807
yqzE,0.2862
yqxM,0.6448
cotN,0.5739
sinI,0.6742
yqhH,0.0
yqhJ,0.5728
yqkC,0.6709
yqkE,1.7
yqkG,0.7543
ansA,0.8131
yqkI,0.9588
yqkK,0.9677
yqgZ,1.18
yqhB,2.14
comGA,0.2701
comGC,0.2429
comGE,0.1781
comGG,0.282
yqjR,1.08
yqjT,0.698
yqzH,0.7223
yqjX,0.9514
yqjZ,0.6499
yqkB,0.5678
yqzG,0.6448
sipW,0.6483
sinR,0.8175
yqhG,0.7194
yqhI,0.5921
yqhK,0.0
yqkD,1.67
yqkF,1.26
ansR,0.8208
ansB,0.9642
yqkJ,0.9014
spoIIM,0.9698
yrpD,1.34
aadK,0.8658
yrdB,1.09
yrdD,1.52
yrdF,1.25
azlC,1.16
yqcJ,0.9604
yqcL,0.8021
spoIVCA,0.971
nucB,1.5
yqeC,1.18
yqeE,0.9492
brnQ,0.9329
gltR,0.0
czcD,0.0
yrdQ,0.7645
yrkA,0.7984
blt,1.19
yqeG,2.29
aroD,2.16
yqeJ,1.72
yqeL,1.61
comER,0.5763
comEB,0.6146
yrpB,1.04
yrdA,0.8011
yrdC,0.9136
cypA,1.3
azlB,0.829
azlD,0.8965
yqcK,0.6897
yqcM,0.7115
spoIVCB,1.37
yqeB,1.32
yqeD,1.45
yqeF,1.13
yrdK,0.9555
yrdN,1.52
trkA,0.9456
yrdR,1.15
bltD,1.16
bltR,1.61
yqeH,2.41
yqeI,1.77
yqeK,1.74
yqeM,1.14
comEA,0.4721
comEC,0.5503
ysdC,0.6274
araA,0.7201
araD,0.5839
araM,0.5135
araP,0.8406
abfA,0.9616
yrbB,0.2139
yrbD,1.57
yrzG,1.14
yrbE,0.5648
bofC,6.73
ruvB,1.93
ysfE,1.14
ysfC,0.6303
ysfA,0.5505
pheS,0.494
ysgB,0.974
yshC,1.27
tgt,1.69
yrzE,1.34
spoVB,2.17
yrvB,0.8348
yrvC,1.55
abnA,0.999
araB,0.8333
araL,0.7763
araN,1.08
araQ,0.8069
cstA,0.7971
yrbC,1.32
yrzH,0.8347
yrzF,0.9833
csbX,0.6166
ruvA,1.78
queA,0.0
ysfD,0.6315
ysfB,0.6753
ysgA,0.6287
pheT,0.971
yshB,1.02
yshD,0.0
yrbF,0.5713
yrbG,2.36
yrzD,0.6302
secF,1.18
yrvD,2.28
apt,2.42
ytxO,0.0
ytcB,0.0
ytdA,0.0
menF,2.14
ytxM,1.11
menE,1.17
ytmQ,0.0
malS,1.11
ytoP,1.08
ytpP,1.11
ytpS,1.7
murC,1.52
ytgA,0.8097
ytgC,0.701
ythB,1.19
ytiA,0.5358
ytjA,0.9031
ytkA,1.2
ytxH,3.66
aroA,0.5709
ytxD,3.42
acuC,0.608
acsA,0.48
rpsD,0.8693
ytcC,1.16
ytcA,1.41
yteA,0.816
menD,1.17
menB,1.07
ytfD,1.22
ytnP,0.8243
ytzB,1.07
ytoQ,1.64
ytpR,1.06
ytpT,2.13
ytxG,3.42
ytgB,0.6792
ytgD,0.5929
ythA,1.4
ytiB,1.03
ytjB,0.9529
dps,1.47
ytxJ,3.34
ccpA,1.69
ytxE,1.6
acuA,0.5216
tyrS,0.6421
yusU,0.8077
yusS,0.8532
yusQ,1.06
yusO,2.8
yusM,0.8591
yusK,0.7109
yuxI,1.73
yukE,1.12
yukC,4.43
yueC,1.8
yueE,0.8402
yuzE,0.8142
yusI,0.9808
yusG,0.9203
yusE,1.42
yusC,1.67
yusA,0.895
yurY,1.01
yueG,1.17
yueI,1.5
yueK,1.09
yuzC,0.7307
comQ,0.5546
comP,0.6658
yusT,0.8267
yusR,0.9334
yusP,2.67
yusN,0.9001
yusL,0.0
yusJ,0.3904
ald,0.5666
yukD,2.77
yukB,2.81
yueD,1.61
yuzF,0.8864
yueF,1.55
yusH,0.9275
yusF,1.4
yusD,1.57
yusB,1.17
yurZ,1.17
yurX,1.02
yueH,1.29
yueJ,0.763
yuxH,0.7487
degQ,1.33
comX,0.4738
comA,0.7074
yvoA,0.365
nagA,0.4015
lgt,0.7449
yvpA,0.5288
hisZ,0.2339
hisD,0.1659
tpi,0.5418
eno,0.5696
yvbJ,0.9645
yvbH,0.835
yvbF,0.6821
opuCB,1.16
hisH,0.1429
hisF,0.1035
yvcA,1.1
yvzA,1.0
yvcD,2.13
trxB,2.52
opuCD,0.6592
yvaZ,1.17
yvaX,1.52
yvaV,0.9093
opuBC,2.03
yvaQ,0.8036
nagB,0.3951
yvoB,0.6243
yvpB,0.3924
hisG,0.3106
hisB,0.1608
pgm,0.6404
yvbK,0.6519
yvbI,0.7472
yvbG,1.46
opuCA,1.28
opuCC,1.37
hisA,0.1245
hisI,0.1103
yvcB,1.23
yvcC,0.0
yvcE,2.98
yvcI,0.8232
yvbA,1.11
yvaY,1.2
yvaW,0.0
opuBB,2.33
opuBD,0.0
yvaP,1.15
fbaA,0.8715
murZ,0.8056
rpmE,1.71
ywkB,1.99
ywkD,0.6659
ywkE,3.38
ywrE,0.628
cotG,0.0
cotB,1.5
ywrK,0.9202
alsS,0.9483
ywrO,0.686
ywlA,1.14
ywlB,2.68
ywlE,0.8786
ywlG,0.6516
upp,1.79
atpB,0.6989
ywsB,5.38
rbsC,0.7545
rbsD,0.793
rbsR,0.6179
ywtA,0.8599
ywtC,1.24
ywjH,0.6116
ywjI,1.03
ywkA,3.39
ywkC,0.9484
prfA,1.87
ywkF,2.74
ywrF,0.9054
cotH,0.8464
ywrJ,0.9097
alsR,0.9726
alsD,0.9066
ywsA,0.8997
spoIIR,4.4
ywlD,1.29
ywlF,0.5974
glyA,0.6838
atpI,1.0
atpE,0.6093
rbsB,0.6813
rbsA,0.6813
rbsK,1.07
ywsC,1.62
ywtB,1.03
ywtD,3.99
deaD,0.6825
yxiP,0.5758
bglS,0.5331
katB,3.64
yxiT,3.13
yxjB,0.9878
ywcF,6.69
ywcH,1.52
ywcI,0.4907
ywcJ,0.0625
sacA,0.5161
thiD,0.5511
yxjD,0.955
yxjF,0.6789
yxjH,0.3528
yxjJ,0.4953
yxjL,2.39
yxjN,0.9767
ywdD,0.7123
ywdF,0.8471
ywdH,1.34
ywdJ,1.14
ywdL,0.732
spsB,0.6393
yxiO,0.7097
licT,0.5192
yxiQ,0.8304
yxiS,1.63
yxjA,1.66
yxjC,0.9537
ywcG,1.52
vpr,0.96
sacT,0.5287
sacP,0.6309
ywdA,1.05
ywdC,0.6039
yxjE,0.8558
yxjG,0.1803
yxjI,0.4611
pepT,0.6832
yxjM,1.83
yxjO,1.03
ywdE,0.8062
ung,1.56
ywdI,1.19
ywdK,0.7347
spsA,0.8487
spsC,0.0
rnpA,2.0
jag,1.87
gidB,2.25
yydK,0.5314
bglA,0.9114
ahpC,0.586
gntP,0.4469
gntR,0.5834
yxaB,1.32
yyaB,1.52
spo0J,0.5184
yyaD,1.07
yyaF,0.9219
ssb,1.03
exoA,1.51
yxaD,0.6112
yxaF,1.9
yxaH,2.0
yxaJ,0.7189
yxaM,0.5936
yxbB,0.4
rpmH,1.6
spoIIIJ,2.31
thdF,2.28
yyaA,2.68
yyzE,0.6234
ahpF,0.7053
gntZ,0.5974
gntK,0.4192
yxaA,0.7422
yxaC,1.14
soj,0.4433
yyaC,1.36
yyaE,1.88
rpsF,0.8511
rpsR,0.7872
yyaG,1.66
yxnA,1.8
yxaG,1.09
yxaI,1.24
yxaL,0.5226
yxbA,0.3244
yxbC,0.8305
gltA,0.0
ppsE,2.15
ebrA,1.16
ymfG,0.9704
bpr,0.0
cheV,0.3971
rho,1.63
tagD,0.7616
yvfE,0.7873
yvgP,0.0
yurC,0.0
aapA,1.08
spoIIS,0.8808
xtmB,0.5901
yhjN,1.03
yhaA,0.4141
yheJ,0.7964
yfmB,0.7589
yqhQ,0.6422
yosN,1.49
pnpA,0.0
flhA,1.49
fliP,1.19
fruB,0.6697
ppsC,1.21
yngB,0.4903
pyrAB,0.1128
polC,2.17
pycA,0.7018
ptsH,0.5577
tdk,5.36
yvfC,1.24
yvfK,0.9246
yusY,0.4521
ysnF,0.0
lepA,0.0
xkdO,0.4299
yirY,0.9162
yhfQ,0.5295
yhaQ,1.33
yfkL,1.85
yfnC,0.7403
spoIIIAG,0.0
yojG,1.18
flhF,1.41
flhB,1.52
cheY,1.08
moaD,0.997
hprT,1.35
yvoF,0.6721
yvdS,0.9211
sacB,0.953
ffh,0.5534
ssuC,0.8453
yvfP,0.711
ctc,1.39
ppsB,1.44
yvgR,0.4742
ydjK,0.7729
spoIIE,0.0
ywbL,0.3875
sigL,0.6959
yacA,1.81
yvdR,0.652
yveB,1.02
yqxK,0.8191
yhaR,0.6736
pnbA,0.5163
ytnM,0.7599
prs,1.86
ykoW,0.5767
cotA,1.33
ydjA,0.6543
hutH,0.8363
secA,0.851
ybaS,0.6475
ybaN,0.9139
gerD,1.23
cwlD,0.8696
ybaJ,1.38
rplM,1.32
gcaD,2.71
yabJ,0.7688
yabH,0.7508
veg,0.5656
ksgA,2.48
ybaF,1.22
ybxA,1.21
rpoA,0.7691
rpsM,0.6226
infA,0.5945
adk,0.7408
abrB,1.12
yazA,1.54
yabA,1.09
holB,1.39
yaaQ,1.21
ybaR,2.86
kbaA,0.8228
ybaL,0.7341
ybaK,0.9032
rpsI,1.28
truA,1.19
spoVG,1.39
purR,0.7726
sspF,0.8209
yabG,3.35
yabF,1.45
ybaE,1.16
rplQ,0.5649
rpsK,0.6457
rpmJ,0.6266
map,0.6837
secY,0.817
yabC,1.49
yabB,1.51
yaaT,1.18
yaaR,1.23
tmk,1.85
ycnG,0.9524
yczG,0.7025
ycnD,0.6849
yclQ,0.2322
yclO,0.2813
yclM,0.3183
rapJ,0.8805
ycdC,1.43
natB,1.17
yccH,0.8584
yccF,1.85
yczB,0.0
yclK,0.5989
yclI,1.01
gerKB,0.6991
gerKA,0.7728
yclE,0.3094
yclC,0.9378
cwlJ,0.3695
ycbO,0.7948
ycbL,0.6564
yczA,1.11
ycbH,1.15
ycbF,0.7377
ycnF,0.8956
ycnE,0.7727
ycnC,2.61
yclP,0.2973
yclN,0.4903
rapC,1.09
ycdD,1.34
ycdA,2.17
natA,1.14
yccG,0.7856
lipA,0.9592
phoD,0.7783
yclJ,0.5072
yclH,0.8635
gerKC,1.21
yczF,0.0
yclD,0.99
yclB,1.02
ycbP,2.26
ycbN,0.7514
ycbK,1.54
ycbJ,0.7481
ycbG,1.54
ycbE,1.03
ydiF,0.9789
ydiD,2.67
ydiB,3.46
ydhU,0.0
ydhS,0.4035
ydhQ,0.6836
yddF,0.0
yddC,0.9364
yddA,0.0
ydcS,0.0
ydcQ,0.7052
ydcO,1.62
ydhO,0.658
ydhM,1.73
ydhK,0.0
ydhI,1.24
ydhG,1.21
ydhF,1.34
ydcN,1.74
ydcL,1.6
ydcH,1.41
ydcF,1.39
sigB,1.77
rsbU,1.42
ydiE,2.29
ydiC,3.1
ydiA,3.17
ydhT,0.5436
ydhR,0.6461
ydhP,0.8925
yddD,1.16
yddB,1.04
ydcT,1.06
ydcR,1.17
ydcP,2.51
sacV,0.9574
ydhN,0.0
ydhJ,1.6
ydhH,1.42
phoB,1.17
ydhE,0.5578
ydcM,2.22
ydcK,0.0
ydcG,1.51
rsbX,2.26
rsbW,1.6
rsbT,1.31
yfjF,1.02
acoR,0.9297
acoC,1.08
acoA,0.6605
yfjM,0.8274
yfjO,2.08
yesT,0.8446
yesR,0.5898
yesP,0.5846
yesM,0.0
yesK,0.4816
cotJB,0.6693
yfjQ,1.55
yfjS,1.72
yfkA,1.89
yfkC,1.14
yfkE,2.4
yfkJ,2.14
yesF,0.6957
yeeK,0.8647
rapH,0.0
yezA,3.11
yeeC,5.51
yeeA,0.0
yfjU,0.7016
acoL,0.8727
acoB,1.13
yfjL,1.93
yfjN,2.72
yfjP,0.718
yesS,0.301
yesQ,0.9938
yesO,0.6866
yesL,0.7999
yesJ,0.5078
cotJA,1.29
yfjR,1.12
yfjT,1.34
yfkB,1.57
yfkD,3.3
yfkH,3.09
yfkK,0.9377
yesE,0.6773
yeeI,0.0
yeeG,4.32
yeeD,3.25
yeeB,8.73
yefC,1.19
yhfD,1.57
yhfB,0.9825
yhgD,2.91
hemH,0.9645
pbpF,2.06
yhgB,0.8639
yhcN,1.26
yhcL,1.07
yhcJ,0.6012
yhcI,1.1
yhcG,1.32
yhcE,1.63
ecsC,0.7054
ecsA,0.881
serC,0.3486
yhaH,0.7718
yhaI,0.6614
yhaK,2.59
yhcB,2.47
yhbJ,2.63
yhbH,0.7258
yhbF,0.5477
yhbD,0.9916
yhbA,4.06
yhfC,1.61
yhgE,2.1
hemY,0.9723
hemE,1.21
yhgC,1.18
yhfA,1.06
yhcM,0.4392
yhcK,1.23
cspB,0.694
yhcH,1.49
yhcF,1.27
yhcC,2.53
ecsB,0.8732
hit,0.6313
yhaG,0.5296
hpr,0.2673
yhaJ,1.37
prsA,1.21
yhcA,0.7371
yhbI,2.93
prkA,1.07
yhbE,0.8134
cspR,1.94
yhzB,2.89
yjkA,0.7258
yjiC,1.32
yjiA,0.7511
yjhA,0.9295
yjgB,2.47
yjfC,0.6489
carA,0.01901
argB,0.02861
argC,0.05864
yitY,1.04
yitW,0.0
yitU,0.8957
yjfA,0.0
cotT,1.06
yjdJ,2.18
yjdG,1.89
yjdE,0.4476
yjdC,1.36
yitT,0.0
nprB,0.7174
yitQ,0.7205
yitO,0.7134
yitM,0.6971
yitK,0.453
yjjA,0.7739
yjiB,1.28
yjhB,1.36
yjgD,4.02
yjgA,1.12
yjfB,0.979
argD,0.01749
argJ,0.03148
yitZ,1.15
yitX,1.12
yitV,0.9076
ipi,2.29
yjeA,1.29
yjdK,0.4376
yjdI,0.8817
yjdF,1.52
yjdD,1.18
yjdB,0.0
yitS,0.6912
yitR,0.8256
yitP,0.7863
yitN,0.7564
yitL,0.9835
yitJ,0.2571
yknV,1.05
moaE,0.6566
moeA,0.851
mobA,0.9515
ykuV,2.15
ykuT,5.59
ykoE,0.1835
ykoC,0.3332
ispA,0.8059
yknA,2.47
ykmA,1.24
proA,0.6487
ykuR,0.0
ykuP,0.3139
ykuN,0.4754
ykuL,1.51
ykuK,1.26
ykuI,1.06
ykkE,1.73
ykkC,1.5
ykkA,0.0
ykzH,0.8431
ykhA,1.04
ykgB,0.9216
yknU,0.0
mobB,0.7205
moeB,0.8496
ykuW,0.6294
ykuU,2.27
ykuS,0.5974
ykoD,0.2495
ispU,0.758
metC,0.0
ykzA,4.27
yklA,0.5443
proB,0.4697
ykuQ,0.7669
ykuO,0.0
ykuM,0.7582
ykzF,0.8641
ykuJ,0.0
ykuH,1.49
ykkD,2.66
ykkB,1.69
ykjA,2.13
hmp,1.27
ykgA,0.0
ykfD,0.0
fliR,1.19
fliZ,1.13
fliM,1.1
flgE,1.03
fliK,1.02
fliJ,0.7268
ylmA,0.4171
sigE,0.9672
ftsZ,0.0
sbp,1.24
ylxW,1.85
murB,3.22
fliH,0.8494
fliF,0.9152
flgC,0.9193
codY,3.03
clpQ,3.27
gid,3.19
spoVE,1.09
mraY,1.7
pbpB,1.56
ylxA,0.6879
yllA,1.36
ylbP,0.5175
fliQ,1.11
fliY,1.22
fliL,0.9341
ylxG,0.9466
ylxF,0.8964
fliI,0.8601
sigG,1.29
spoIIGA,1.01
ftsA,1.26
ylxX,1.55
divIB,2.46
murG,2.86
fliG,0.7254
fliE,0.6555
flgB,0.8566
clpY,0.0
codV,0.0
topA,0.0
murE,2.35
ftsL,0.5516
yllB,0.0
ylbQ,0.9796
ylbO,0.0
yoxD,2.28
proH,2.1
gltC,0.5065
yogA,0.7556
ggt,0.9389
yoeC,0.7587
glnR,0.4733
ynbA,1.5
cwlC,1.53
nrdF,1.98
ymaA,2.71
ymzC,1.03
yoeA,0.0
pbp,0.0
yngK,0.0
yngJ,1.25
yngH,0.0
yngF,0.9722
miaA,0.0
ymaG,0.0
ymaD,1.3
aprX,1.35
ymzB,0.0
pksN,0.0
rtp,1.3
proJ,3.21
gltB,0.2049
yofA,1.23
yoeD,0.6519
yoeB,0.2786
ynbB,1.49
spoVK,1.07
ymaB,3.35
nrdE,2.62
ymzA,1.92
ymaH,0.8903
yoxA,0.0
yngL,0.0
ynzE,0.0
yngI,0.0
yngG,0.0
yngE,0.0
ymaF,0.825
ebrB,0.0
ymaC,0.0
ymaE,0.7495
pksS,0.0
pksJ,0.0
yoqR,0.0
yoqT,1.49
yoqV,0.0
yoqY,1.11
yorA,1.46
yorC,1.01
yojC,0.0
yojF,0.0
yojI,2.26
yojK,0.7665
yojM,1.86
yojO,1.5
yorE,1.22
yorG,0.0
yorI,0.0
yorK,0.0
yorN,0.7182
yorP,0.0
yocS,0.5243
sodF,2.72
dhaS,1.39
yozO,0.3787
yozN,0.0
yocL,0.9224
yoqS,0.9521
yoqU,1.27
yoqW,0.0
yoqZ,0.9671
yorB,0.7066
yorD,0.6711
yojE,1.31
yojH,1.73
yojJ,1.44
yojL,3.3
yojN,1.37
odhB,0.4997
yorF,1.44
yorH,0.0
yorJ,0.0
yorM,0.0
yorO,0.0
yorQ,0.0
yocR,3.53
sqhC,0.0
yozC,0.7295
yocN,0.9783
yocM,0.463
yocK,0.0
qcrC,0.8179
ypjB,0.0
ypjD,2.55
ypjF,0.0
ypjH,1.53
birA,1.38
yolC,1.83
uvrX,0.0
sunA,0.651
yolI,0.0
yolK,0.4678
yomB,0.0
panC,0.0
ypmB,1.08
asnS,1.09
nth,0.0
yppB,0.0
yomD,0.0
yomF,0.0
yomH,0.0
yomK,1.08
yozP,0.0
yomN,0.0
ypjA,2.44
ypjC,2.11
dapB,2.1
ypjG,1.67
papS,1.59
panB,1.81
yolD,1.3
yolF,0.6025
sunT,0.0
yolJ,0.4084
yomA,0.9362
yomC,1.2
panD,1.34
ypmA,0.0
aspB,0.0
dnaD,0.0
ypoC,0.0
yppC,0.0
yomE,0.0
yomG,0.0
yomJ,0.7782
yomL,2.42
yomM,1.65
yomO,0.0
yqhL,1.61
yqhN,1.15
yqhP,0.6476
yqhS,0.915
efp,0.0
spoIIIAA,0.8141
yqkL,0.0
drm,1.13
dacF,0.8474
spoIIAB,1.54
spoVAA,0.0
spoVAC,1.08
spoIIIAC,0.0
spoIIIAE,0.0
spoIIIAH,0.8928
accC,0.0
yqhZ,0.85
yqiB,2.26
spoVAE,1.11
lysA,0.6345
ppiB,0.7985
ypuB,1.47
ypzC,1.13
ypuD,1.12
yqhM,0.8242
yqhO,0.9141
yqhR,4.39
yqhT,1.4
yqhV,0.0
spoIIIAB,0.9692
ripX,1.18
pnp,1.02
spoIIAA,1.4
sigF,1.63
spoVAB,1.01
spoVAD,1.66
spoIIIAD,0.0
spoIIIAF,0.8282
accB,0.8782
yqhY,0.0
folD,0.995
yqiC,1.87
spoVAF,1.36
ypuA,7.56
ypzD,1.37
ypuC,0.0
sipS,1.22
ypuE,0.8424
yrkB,1.35
yrkD,0.7312
yrkF,0.0
yrkH,1.32
yrkJ,1.2
yrkL,0.5866
yqeN,1.08
gpr,1.39
yqxA,1.29
dnaK,0.7776
yqeT,1.57
yrkN,0.9789
yrkP,1.1
yrkR,1.73
spoIIIC,1.18
yqaC,1.06
yqaF,0.9374
yqeV,0.0
rpsU,1.19
yqeZ,0.0
yqfB,0.7734
yqfD,0.0
yqfF,1.71
yrkC,1.49
yrkE,0.7339
yrkG,0.8454
yrkI,0.8928
yrkK,0.7462
yrkM,0.8941
rpsT,1.17
spoIIP,0.0
hemN,1.86
grpE,0.7796
dnaJ,1.3
yqeU,1.68
yrkO,0.865
yrkQ,1.83
yrkS,1.13
yqaB,1.02
yqaE,0.5393
yqdA,0.8591
yqeW,2.37
yqeY,1.28
yqfA,0.7307
yqfC,1.29
phoH,0.0
yqfG,1.39
yshE,0.9974
ysiA,0.7576
etfB,0.6077
xsa,0.0
uvrC,1.61
lysC,0.435
relA,1.48
yrvJ,1.39
hisS,0.6091
yrvM,2.86
yrzC,2.06
yrvP,1.76
sdhC,0.5529
sdhB,0.5256
gerE,0.5172
racE,1.2
rph,1.45
ysnB,1.18
yrrB,2.79
yrrD,2.28
glnM,1.21
glnQ,0.572
yrzB,1.25
lcfA,1.38
ysiB,0.7304
etfA,0.5791
trxA,1.24
ask,0.636
yslB,0.665
yrvI,0.8766
yrzK,0.7766
aspS,0.5961
yrvN,1.14
yrvO,2.43
yrrA,1.92
sdhA,0.6664
ysmA,0.4688
ysmB,0.0
gerM,1.18
ysnA,1.22
ysnE,1.2
yrrC,0.0
glnP,1.67
glnH,0.6818
yrrI,1.13
yrrK,1.09
yrrL,1.41
ytkC,0.0
ytlC,1.19
ytlA,0.6915
ytmB,0.8414
metK,1.5
ytnA,3.18
ytsP,0.7817
ytwP,0.7218
nifZ,1.94
sspA,1.83
ytcJ,0.9636
yteI,0.7178
ytpA,1.92
ytqA,1.62
ytrA,1.44
ytrC,1.46
ytrE,0.9031
ytsA,0.6176
ytfI,1.05
ytxK,1.56
moaB,1.48
argH,0.0412
ytkK,0.9444
ytlI,0.5903
ytlD,1.2
ytlB,1.09
ytmA,1.48
pckA,1.08
asnB,2.54
ytoA,1.55
ytvP,0.7506
braB,0.0
ytbJ,2.18
ytcI,1.21
ytdI,1.05
yteJ,0.8206
ytqB,1.5
ytzC,0.8538
ytrB,2.34
ytrD,1.19
ytrF,0.9115
ytsB,0.7954
ytgI,0.7619
ackA,3.15
argG,0.04753
ytzD,0.03686
ytkL,0.9989
ytmI,0.7537
yurW,0.8232
yurU,0.7568
yurS,1.0
yurQ,2.94
yurO,1.57
yurM,1.52
yufB,0.9226
yufD,1.11
yufU,0.9513
yufS,1.48
yufQ,0.7553
yufO,0.0
yurK,1.75
yurI,0.9118
yurF,0.7584
yurD,1.04
yunM,1.24
yunK,0.63
yufM,0.9229
yuxK,0.8011
yuxJ,0.9939
kapB,0.6253
patB,0.7172
yugF,1.38
yurV,0.6941
yurT,0.6895
yurR,1.01
yurP,1.78
yurN,1.7
yurL,1.82
yufC,0.8076
yufV,0.9419
yufT,1.04
yufR,1.03
yufP,0.64
yufN,0.682
yurJ,2.34
yurH,0.6091
yurE,0.9018
yurB,0.6326
yunL,1.03
yunJ,0.8083
yufL,1.19
pbpD,1.3
kapD,1.12
kinB,0.9303
yugE,1.17
yugG,0.9535
yvcJ,0.0
yvcL,1.01
yvcN,1.02
yvcQ,1.25
yvcS,0.7925
yvdA,1.1
yvaO,0.7002
yvzC,0.0
yvaL,0.5391
yvaJ,0.0
yvaG,1.88
yvaE,0.884
yvdC,1.01
yvdE,0.9765
yvdG,0.83
yvdI,0.731
yvdK,1.35
yvdM,0.0
yvaC,0.0
yvaA,0.0
yvgY,0.5295
yvgW,0.0
yvgU,0.8179
yvgS,0.0
yvcK,0.9683
crh,0.858
yvcP,1.01
yvcR,1.04
yvcT,1.1
yvdB,0.8547
yvaN,0.5518
yvaM,0.5515
yvaK,1.52
yvaI,0.9839
yvaF,0.7929
yvaD,1.09
yvdD,0.8097
yvdF,0.871
yvdH,1.0
yvdJ,2.02
yvdL,1.55
clpP,1.16
yvaB,0.0
yvgZ,0.5266
yvgX,0.0
yvgV,0.7709
yvgT,1.25
yvgQ,0.8437
atpF,0.5291
atpA,0.928
atpD,1.02
ywmA,1.08
ywmB,1.48
spoIID,5.5
ywtE,1.85
ywtG,0.0
gerBB,0.9007
pmi,1.16
tagC,0.9339
tagA,0.7992
ywmE,3.09
narA,1.35
ywmF,2.27
ureA,0.7969
ureC,0.9801
ywnB,0.6172
tagF,2.97
ggaA,2.02
lytR,0.9542
lytC,1.04
tuaB,0.73
tuaD,0.8096
atpH,0.9435
atpG,0.8126
atpC,1.04
ywzB,0.7347
murA,3.27
ywmC,1.2
ywtF,3.06
gerBC,0.0
gerBA,2.29
lytD,1.71
tagB,1.71
tagE,2.6
narQ,1.36
rapB,0.555
ywmG,4.03
ureB,0.8057
ywnA,0.7119
ywnC,2.11
tagG,3.46
yvyH,0.8981
lytB,0.0
tuaA,0.7941
tuaC,1.01
tuaE,0.8673
yxkA,1.02
yxkC,0.8146
aldY,4.34
msmX,0.7462
yxzE,0.7016
yxkJ,0.6156
spsD,0.8296
spsG,1.33
spsJ,1.49
yweA,0.5606
rocA,0.4566
rocC,1.24
cydB,0.0212
cydD,0.0
yxlA,2.86
yxlC,1.3
yxlE,1.84
yxlG,1.62
ywfB,0.8212
ywfD,0.6376
ywfF,0.6744
ywfH,0.6126
pta,0.8456
ywfL,0.4846
galE,0.6504
yxkD,1.25
yxkF,0.5362
yxkH,1.23
yxkI,1.25
cydA,0.07671
spsE,1.05
spsI,0.7635
spsK,1.0
yweB,0.7317
rocB,0.5818
ywfA,0.5877
cydC,0.0
yxkO,2.08
sigY,1.61
yxlD,1.61
yxlF,1.15
yxlH,1.7
ywfC,0.7436
ywfE,0.7032
ywfG,0.7926
ywfI,0.4038
ywfK,0.405
ywfM,0.2386
yyaH,1.38
yyaJ,1.45
yyaL,0.995
yyaN,0.861
tetL,0.9044
yyaP,1.01
yxbD,0.737
yxbF,1.02
yxcA,0.7378
yxcC,2.03
yxcE,0.8602
iolR,1.59
yyaR,0.0
yyaT,0.9164
yybB,0.855
yybD,1.67
yybF,0.383
yybI,1.33
iolB,0.6825
iolD,0.5626
iolF,0.7359
iolH,0.5385
iolJ,0.6591
yxdK,0.7614
yyaI,1.35
yyaK,1.31
yyaM,0.9335
yyaO,0.8882
tetB,0.7703
yyaQ,0.9682
aldX,0.6014
yxbG,1.65
htpG,0.898
yxcD,0.7347
iolS,1.32
iolA,0.527
yyaS,1.1
yybA,0.9307
yybC,1.16
yybE,0.687
yybG,1.57
yybJ,1.91
iolC,0.7826
iolE,0.8368
iolG,0.6637
iolI,0.8195
yxdJ,0.6694
yxdL,1.39
yeeF,0.8146
purQ,0.0418
ydgJ,1.34
pbpC,0.7744
srfAC,0.5382
ycgI,0.0
yknT,1.55
ptsI,0.0
ykvU,0.8971
ykzE,0.8376
yjdH,0.8136
yhdN,2.14
yczC,1.26
lmrA,0.0
ybgB,0.8513
ybdD,1.73
fus,1.38
yfiX,1.03
yfkF,0.0
treA,0.0
yflP,0.4288
yesY,0.6943
yddN,1.41
yerP,1.21
ydjD,0.7806
yddE,1.37
yclG,0.8273
nasB,0.936
ycdB,3.7
patA,0.0
ykvW,5.63
ykrP,1.47
ykoY,1.39
yhaP,1.16
yhbB,1.61
yccC,1.04
ybgE,0.2079
ybgA,0.5331
rpmD,0.5836
rpoB,4.42
clpC,0.0
yfiB,0.0
yfkI,2.76
yflH,1.2
yetM,0.8076
cotJC,0.0
yddK,0.0
yabD,1.76
yurG,1.39
ytqD,0.7595
acuB,0.6811
dnaE,0.7835
levR,1.21
yqzC,1.08
yaaO,1.22
ypbG,1.92
ypvA,20.3
cgeB,0.9999
yloB,1.19
glcT,0.8518
yjcD,0.8956
metS,1.04
ythC,1.19
ytpB,1.79
ytoI,0.5816
yrhJ,2.66
yqxH,0.682
bmrU,1.16
yaaN,0.4896
qcrB,0.7422
yosO,1.24
ylqF,2.57
spoVD,1.48
yjgC,3.49
yjaX,1.63
rplO,0.6078
rplR,0.6912
rpsH,0.6952
rplE,0.8422
rplN,0.8164
rpmC,0.8975
xpaC,0.3357
bofA,1.86
recR,1.77
dnaX,1.45
yaaI,3.56
rpsC,1.0
rpsS,0.9901
rplW,1.05
rplC,1.22
ybaC,1.21
rpsG,1.26
serS,0.4863
yaaD,0.6368
guaB,0.9045
gyrB,0.0
recF,2.36
rpsE,0.7142
rplF,0.7746
rpsN,0.7341
rplX,0.8223
rpsQ,0.832
rplP,1.02
csfB,1.96
yaaL,1.71
yaaK,1.14
yaaJ,1.37
yaaH,3.29
rplV,1.05
rplB,1.15
rplD,1.28
rpsJ,1.28
tufA,1.1
rpsL,1.21
yaaE,0.6215
dacA,1.29
yaaC,2.45
yaaB,1.59
yaaA,3.48
yclA,1.29
yckJ,3.17
yczE,2.14
ycxD,1.88
ycxB,1.26
srfAD,0.8261
ycbD,0.7325
ycbA,0.8253
ybgH,1.04
ybgF,0.3321
ybfP,1.06
ybfN,0.84
yckH,0.9127
yckF,0.8507
nucA,0.5191
yckE,0.5239
yckC,1.25
yckA,0.7541
ybfM,1.19
ybfK,0.5363
purT,0.659
ybfH,1.96
ybfF,1.33
ybfB,0.6017
yckK,2.4
yckI,2.49
sfp,1.72
ycxC,1.62
ycxA,0.9077
comS,0.4543
ycbB,1.23
ybgJ,0.0
ybgG,0.7953
ybfT,0.5463
ybfO,0.8938
psd,0.0
yckG,0.8968
tlpC,0.7434
nin,0.5489
yckD,0.7711
yckB,0.9405
yciC,1.64
pssA,0.9919
ybfJ,0.4657
ybfI,1.05
ybfG,0.867
ybfE,0.0
ybfA,0.5956
ydhD,0.9343
ydgK,1.62
ydgH,0.9232
dinB,0.6866
expZ,0.8542
ydgD,1.01
rsbS,1.16
ydcE,1.52
dal,1.38
ydcB,1.72
ydbS,0.9027
murF,2.89
ydgB,0.0
ydfT,0.7656
ydfR,0.0
ydfQ,0.7104
ydfO,0.8234
ydfM,1.87
ydbP,1.04
ydbM,1.05
ydbK,1.39
ydbI,0.9087
ydbF,0.9275
ydbD,6.21
ydhC,1.45
ydgI,1.4
ydgG,0.0
ydgF,0.5463
ydgE,1.61
ydgC,1.01
rsbR,1.42
ydcD,1.0
ydcC,1.61
ydbT,1.0
ydbR,1.78
ddlA,1.88
ydgA,0.0
ydfS,0.8723
ydzH,0.0
ydfP,0.6932
ydfN,0.7251
ydfL,1.21
ydbN,0.6934
ydbL,0.7817
ydbJ,1.8
ydbG,1.05
ydbE,0.6787
ydbC,0.6671
yfkM,5.39
treR,1.48
yfkQ,2.03
yfkS,1.41
yflA,2.95
yflC,0.7837
yefB,9.23
yerQ,3.97
yerN,0.7858
yerL,0.7742
sapB,1.44
yerH,1.37
yflE,4.57
yflG,0.6118
yflJ,1.64
yflL,0.7363
yflN,0.0
citT,0.4534
yerF,1.51
yerD,2.48
yerA,0.4622
yezC,0.2847
purH,0.05856
purM,0.05152
yfkO,1.07
treP,1.36
yfkR,1.56
yfkT,2.54
yflB,0.6577
yflD,0.7504
yefA,7.66
yerO,0.9955
yerM,0.8535
opuE,1.52
yerI,0.6908
yflF,0.5498
yflI,1.59
yflK,0.7527
yflM,0.8307
citM,0.5711
citSc,0.0
yerE,1.62
yerB,0.7279
yecA,0.6388
purD,0.06896
purN,0.07742
purF,0.05141
yhaL,0.5413
yhaN,0.8692
yhaS,0.8429
yhaU,1.3
yhaW,2.64
yhaY,0.2866
ygaO,0.7358
ygaN,0.7324
ygbA,0.8565
katA,0.9329
ygaK,1.24
ygaJ,0.8956
yheA,1.25
yheD,0.9886
sspB,1.79
yheG,1.09
yheK,1.98
yheN,1.09
ygaI,0.6045
ygaH,1.1
ygaF,0.4653
ygaE,3.88
ygaC,0.8436
sspE,1.93
yhaM,0.7771
yhaO,0.9115
yhaT,0.9694
yhaV,2.16
yhaX,0.9651
yhaZ,1.01
yhzA,1.26
ygcA,1.09
ygaL,0.8935
senS,0.4915
thiA,0.5944
ygzA,1.13
yheB,1.03
yheE,0.7516
yheF,0.8686
yheI,1.54
yheM,0.6148
yhdZ,0.7369
ygxA,2.18
ygaG,0.6908
gsaB,1.13
ygaD,2.73
ygaB,1.52
yfhR,2.55
yjdA,2.84
yjcR,0.8915
yjcP,0.9555
yjcN,0.7158
yjcL,1.05
yjcJ,0.3825
yitI,0.5249
yitG,1.28
yitE,1.05
yitC,0.8688
yitA,0.4467
yisX,1.28
yjcH,0.7899
yjcF,0.701
yjcC,0.0
yjcA,0.9317
cotW,0.0
cotY,0.8428
yisV,0.7867
yisT,0.821
degA,1.12
yisQ,1.47
yisO,1.21
yjcS,2.62
yjcQ,0.8924
yjcO,0.0
yjcM,2.75
yjcK,2.01
yjcI,0.5108
yitH,0.5584
yitF,2.16
yitD,0.9117
yitB,0.8984
yisY,0.935
yisW,0.3551
yjcG,0.7492
yjcE,1.16
yjcB,0.9373
cotV,1.2
cotX,1.59
cotZ,0.0
yisU,1.01
yisS,1.01
yisR,1.47
yisP,1.18
yisN,1.04
yisL,1.82
ykuG,0.0
ykuE,1.6
ykuC,1.65
kinA,2.21
ykwD,0.9714
ykwB,0.6372
ykfC,1.58
ykfA,1.62
dppD,1.02
dppB,0.9524
ykeA,0.6452
ykcC,0.4799
splA,0.6106
ykvZ,2.14
ykvV,0.7129
ykvS,2.66
ykvQ,1.0
ykvO,1.11
ykcA,1.09
ykaA,2.91
spoIISA,0.3486
xhlB,0.7735
xkdY,0.9452
xkdW,0.9401
ykuF,0.794
ykuD,2.02
ykyB,4.04
ykwC,0.6214
splB,0.657
ykfB,1.52
dppE,0.9098
dppC,0.0
dppA,0.6728
htrA,0.5229
ykcB,0.0
ptsG,0.4928
ykvY,0.9899
ykvT,1.08
ykvR,1.43
ykvP,1.39
ykvN,0.9517
ykbA,1.23
ykaB,2.6
xlyA,0.3333
xhlA,1.08
xkdX,0.979
xkdV,0.947
smf,0.9062
sucC,0.9472
ylqG,1.22
rplS,1.14
ylqE,0.0
ylqC,0.6134
rpmF,0.8298
ylbM,0.697
ylbK,1.53
ylbI,1.35
ylbG,1.19
ylbE,1.37
ylxM,0.4426
ftsY,2.85
rncS,1.61
fabG,1.03
plsX,1.14
ylpB,1.25
ylbC,2.02
ylbA,1.11
ctaF,0.5428
ctaD,0.6039
ctaB,0.3809
ylaO,0.7501
sucD,0.729
ylqH,1.36
rnh,1.22
trmD,1.41
ylqD,0.9958
rpsP,0.7179
ylbN,1.57
ylbL,1.73
ylbJ,3.1
ylbH,1.43
ylbF,1.18
ylbD,1.59
ylqB,0.817
acpA,0.8745
fabD,1.17
ylpC,0.8671
ylpA,1.11
ylbB,1.47
ctaG,1.11
ctaE,0.5592
ctaC,0.3831
ctaA,0.4509
ylaN,0.875
yngD,1.28
yngA,0.0
ynfF,0.7377
bglC,1.05
ynfC,0.6338
grlB,1.12
pksI,0.0
pksG,1.23
pksE,1.1
pksC,1.71
pksA,0.5027
mutL,0.0
yneS,0.4941
yneQ,1.12
tlp,2.78
citB,0.0
cotL,0.7212
yneK,0.3744
cotE,0.9081
ymcB,0.0
tdh,1.1
ymdB,2.03
pbpX,13.52
cinA,0.0
yngC,1.57
xynD,0.8454
ynfE,0.0
alsT,1.68
grlA,0.943
yneT,0.0
pksH,0.0
pksF,0.9681
pksD,1.32
pksB,0.7494
ymcC,0.6455
mutS,1.29
yneR,0.6781
yneP,1.16
yneN,0.9046
cotK,0.7782
cotM,0.915
yneJ,0.905
ymcA,1.66
kbl,1.22
spoVS,1.48
ymdA,1.02
recA,1.09
pgsA,0.0
yorR,0.0
yorT,0.7372
yorV,0.0
yorX,0.0
yorZ,0.8625
yosB,0.0
yocJ,0.8149
yocH,3.58
yocF,1.54
yocD,0.6918
yocB,4.86
yocA,1.29
yosD,0.8678
yosF,0.8112
yosH,0.8524
yosJ,0.6646
yosL,0.8226
yosP,1.49
yobW,0.8963
yobU,0.9478
yobS,0.6223
yobQ,0.6379
yobO,1.11
yobM,0.6067
yorS,0.0
mtbP,0.8701
yorW,0.7778
yorY,0.7604
yosA,0.7114
yosC,0.875
yocI,0.0
yocG,1.27
yocE,0.7225
yocC,1.22
yozB,0.4229
yozA,1.36
yosE,0.7282
yosG,0.0
yosI,0.7932
yosK,0.7076
yosM,0.7278
yosQ,0.0
yobV,1.81
yobT,0.5601
yobR,0.6603
csaA,0.573
yobN,0.9153
yobL,1.03
yppD,1.91
yppF,0.8494
ypqE,0.931
yprB,1.23
ypsA,1.97
ypsC,4.58
yomP,0.0
yomR,0.0
yomT,0.0
yomV,1.39
yomX,1.02
yomZ,0.9447
kduD,0.7445
kdgR,1.06
kdgA,0.7984
ypwA,0.9099
pbuX,0.06711
ypbQ,1.26
yonB,0.8597
yonD,0.0
yonF,0.0
yonH,0.0
yonK,0.0
yonO,0.9002
yppE,1.02
yppG,1.05
cotD,1.08
ypsB,1.38
yptA,3.59
yomQ,0.8198
yomS,0.997
yomU,0.0
yomW,1.1
yomY,0.0
yonA,1.01
kduI,0.6377
kdgK,1.12
kdgT,0.6174
xpt,0.1252
bcsA,1.01
ypbS,0.6399
yonC,0.9682
yonE,0.0
yonG,0.0
yonI,0.9831
yonN,0.8724
yonP,0.8454
yqiD,2.24
yqxC,0.0
recN,2.41
spo0A,0.6776
yqiH,1.28
yqiK,0.9611
ribG,0.5843
ribA,0.7006
ribT,0.5262
ypuG,2.09
ypuI,2.06
spmA,0.8199
mmgB,0.9235
mmgD,0.7216
yqiQ,0.9187
yqiR,0.0
yqiT,0.0
yqiV,2.77
ypuL,0.8529
resB,0.629
resD,0.7671
sigX,1.86
aroC,1.91
ypzE,0.4868
yqiE,1.72
ahrC,2.16
spoIVB,1.59
yqiG,1.14
yqiI,1.18
ribB,0.56
ribH,0.6289
ypuF,1.49
ypuH,1.89
dacB,1.36
spmB,1.6
mmgC,0.0
mmgE,1.01
yqzF,0.4188
yqiS,3.05
yqiU,2.83
bfmBAA,1.99
resA,0.4929
resC,0.6816
resE,1.09
ypuN,1.76
serA,0.8201
ypaA,0.8191
yqaG,0.8525
yqaI,0.0
yqaK,0.0
yqaM,0.0
yqaO,1.01
yqaQ,0.0
dgkA,1.29
bex,1.16
glyQ,0.8891
yqzB,1.8
yqxD,2.5
sigA,4.5
yqaS,1.05
yqbA,2.27
yqbC,1.31
yqbE,1.52
yqbG,1.33
yqbI,1.14
yqfN,1.59
yqfP,1.88
yqfR,1.4
yqfT,2.26
yqfV,3.45
yqfX,2.4
yqaH,0.8882
yqaJ,1.32
yqaL,1.01
yqaN,0.8436
yqaP,0.7585
yqaR,0.3588
cdd,1.01
yqxN,0.998
glyS,0.0
yqfL,1.96
dnaG,3.49
cccA,0.9886
yqaT,0.9972
yqbB,2.04
yqbD,2.28
yqbF,1.12
yqbH,1.05
yqbJ,1.04
yqfO,1.3
yqfQ,1.08
yqfS,2.09
yqfU,2.34
yqfW,1.17
yqfZ,0.9745
ysnD,0.7716
ilvN,0.2899
leuA,0.3019
leuC,0.2466
ysoA,0.5386
clpX,2.74
yrrM,2.94
yrrO,2.43
greA,1.66
yrrS,1.18
yrrT,1.28
yrhA,0.8527
ysxD,1.72
hemX,0.6579
hemD,0.8283
hemL,0.9775
ysxE,2.55
yrhD,1.43
yrhG,2.56
yrhH,2.39
yrhK,0.8555
yrhM,2.21
yrhO,1.43
ilvB,0.3516
ilvC,0.0
leuB,0.2585
leuD,0.2068
tig,2.12
lonB,1.25
yrrN,2.73
udk,0.0
yrrR,0.0
yrzA,0.9815
yrrU,1.09
yrhB,0.814
ysxC,1.19
hemA,0.5875
hemC,0.835
hemB,0.9581
spoVID,2.26
yrhF,1.27
yrzI,3.66
yrhI,2.47
yrhL,0.0
sigV,1.9
levD,0.7671
ytsC,1.39
yttA,0.4862
ytvA,0.6697
leuS,0.0
melA,0.8776
amyD,1.02
ytmJ,0.7702
ytmL,0.6947
hisP,0.8062
ytnJ,0.8107
hipO,0.6869
ytqI,0.6761
msmR,0.5953
bioW,0.32
bioF,0.4806
bioB,0.5497
ytbQ,0.9055
ytcQ,1.07
ytsJ,0.8348
pfk,2.02
ytwI,0.737
citC,0.5629
phoP,0.8777
yttB,1.81
ytvB,0.8882
ytwF,0.9083
amyC,1.05
msmE,1.4
ytmK,0.8526
ytmM,1.24
ytnI,0.7219
ribR,0.9753
ytpI,0.871
ytrI,0.306
ytaP,0.8218
bioA,0.5138
bioD,0.4922
bioI,0.9871
ytcP,0.8837
ytdP,0.0
yttI,1.68
ytvI,1.26
citZ,0.5404
citH,0.5764
phoR,0.6997
mutM,0.874
yunI,0.8244
yunG,0.6577
yunE,0.7179
yunC,0.6525
yunA,0.7562
yutC,0.6037
yugH,0.931
yuzA,5.15
yugK,9.73
yugM,0.8293
yugO,1.08
yugS,1.31
yutE,1.38
yutG,0.7108
hom,0.2005
thrB,0.2366
yutI,1.15
yutJ,0.0
yugU,1.59
mcpB,0.4977
mcpA,0.4887
yuxG,0.7936
yulC,0.7096
yulE,0.6971
yunH,0.708
yunF,0.8654
yunD,0.6694
yunB,1.04
yutB,1.17
yutD,1.39
yugI,1.56
yugJ,4.04
pgi,0.9685
yugN,0.8632
yugP,0.895
yugT,1.67
yutF,1.18
yutH,0.789
thrC,0.2339
yuxL,0.0
yuzD,1.21
yuzB,0.7658
tgl,1.22
tlpA,0.4591
tlpB,0.0
yulB,0.0
yulD,0.7623
yulF,0.8358
yvdO,1.69
yvdQ,1.2
yveA,1.09
racX,0.8388
yveG,1.11
slr,0.4671
yvgO,0.0
yvgM,0.0
yvgK,0.5843
yvsG,1.32
fhuD,0.0
fhuG,0.659
yveN,0.6662
yveP,0.9075
yveR,0.8403
yveT,0.7112
yvfB,0.8126
yvfF,1.0
yvrP,0.8486
yvrN,0.5751
yvrL,1.48
yvrI,1.81
yvrG,0.9952
yvrD,0.8075
yvdP,0.0
yvdT,1.22
pbpE,0.8332
yveF,0.0
padC,1.03
yveL,0.576
yvgN,1.2
yvgL,0.0
yvgJ,1.03
yvsH,2.11
fhuB,0.4373
fhuC,0.3397
yveO,0.9191
yveQ,0.8417
yveS,0.8044
yvfA,0.7032
yvfD,0.729
yvfG,1.12
yvrO,0.5483
yvrM,0.5752
yvrK,1.29
yvrH,1.4
yvrE,1.8
yvrC,0.0
mta,0.0
ywnF,1.2
spoIIQ,1.75
ywoA,4.29
nrgA,0.9302
ywoC,0.9861
tuaF,0.9896
tuaH,1.09
yvhJ,1.38
degS,0.6016
comFA,0.3508
comFC,0.3946
ywoE,1.22
ywoG,0.6612
usd,0.0
mbl,1.24
flhP,0.4423
ywpB,2.3
flgM,0.4084
flgK,0.6227
yviE,1.43
csrA,1.19
yvyC,0.664
fliS,0.9886
ywnE,1.08
ywnH,1.09
ywnJ,2.64
nrgB,1.37
ywoB,1.04
ywoD,1.44
tuaG,1.13
tagO,0.7967
yvyE,1.08
yviA,0.788
comFB,0.3533
yvyF,0.4179
ywoF,0.7079
ywoH,1.45
spoIIID,0.5442
flhO,0.4276
rapD,0.8078
ywpC,1.7
yvyG,0.5566
flgL,0.839
yviF,1.45
hag,0.8644
fliD,1.18
fliT,0.9632
katX,4.92
yxzF,1.34
licB,0.8193
licA,0.6941
ywaA,0.6134
dltD,2.86
ywfN,1.59
ywfO,1.92
ywgB,1.13
thrZ,0.2729
ywhB,0.4529
ywhD,0.4517
dltB,3.76
ywaB,0.8713
ywaD,1.02
ywaE,0.6355
gspA,5.57
sacX,2.11
ywhF,0.0
ywhH,0.9107
rapF,0.5533
ywhL,1.19
ywhN,1.25
ywhP,0.8408
yxlJ,1.38
licR,1.42
licC,0.7584
licH,0.3659
dltE,2.94
dltC,2.93
ywzC,0.0
ywgA,2.09
mmr,0.0
ywhA,0.2585
ywhC,0.4209
ywhE,0.0
dltA,3.42
ywaC,3.29
tyrZ,1.24
ywaF,1.61
sacY,1.72
epr,0.5622
ywhG,3.53
phrF,0.4203
ywhK,1.32
ywhM,2.2
ywhO,1.33
ywhQ,0.7197
yybK,1.64
yybM,1.46
yybO,2.69
yybQ,0.6472
cotF,1.66
yybT,2.31
yxdM,0.0
yxeB,0.5042
yxeD,1.88
yxeG,2.67
yxeI,1.12
yxeK,0.723
yycA,0.0
yycC,0.651
yycD,3.51
yycE,1.01
yycF,2.31
yycH,3.06
yxeM,0.6449
yxeO,0.9732
yxeQ,0.9644
yxxB,0.9147
nupC,0.3365
hutM,0.9751
yybL,0.0
yybN,0.6038
yybP,1.11
yybR,1.47
yybS,3.59
rplI,1.17
yxeA,0.9358
yxeC,0.8972
yxeE,1.6
yxeH,1.43
yxeJ,0.0
yxeL,0.9391
yycB,0.6915
yyzB,1.21
dnaC,2.26
purA,0.3592
yycG,2.8
yycI,0.0
yxeN,0.9719
yxeP,0.8888
yxeR,0.8255
deoR,0.5012
pdp,0.3698
hutG,1.24
lysS,1.31
mfd,2.59
gyrA,2.12
lytA,0.8475
yvlD,0.8802
yukF,0.958
rsbV,0.0
ydbO,0.0
ycsG,0.0
phrC,0.9245
lmrB,2.8
pcp,0.7709
ytfJ,1.37
ytzA,1.66
yraA,1.01
yqfY,1.16
yonJ,1.21
yodB,0.5257
ycbM,0.0
ybfS,0.6773
ybfQ,0.6714
ybeC,0.4356
ybdG,2.51
ybbA,0.0
ftsH,1.43
yabK,1.83
ywjF,0.9573
ywlC,1.36
yveK,0.549
glgP,2.38
ydcA,0.6704
ycnB,1.71
yceH,0.952
ycbU,0.5488
ycbR,0.4306
accA,1.22
yrhP,1.06
yqbO,0.0
ypqA,0.9365
yosW,0.0
ppsD,1.86
ycbC,0.7098
gltP,0.0
mpr,0.3977
ybdN,0.8194
ybdB,1.69
yabE,2.1
yaaG,1.34
yisD,1.15
yhjP,1.1
yhfR,0.7165
yheH,1.47
yfhQ,3.06
ydcI,0.9481
dnaN,3.49
srfAB,0.4732
opuAA,5.09
ybdO,0.3002
yabN,1.0
asnH,0.4249
ywbN,0.3605
yaaF,1.29
addB,0.81
yhjB,1.23
yheC,1.35
yheL,1.32
yesN,0.9398
yclF,0.2105
dnaA,2.23
amhX,0.3386
ycbT,0.8224
feuC,0.5341
gidA,2.02
yxnB,0.3539
spsF,1.01
