ybeF,0.8736
glpQ,0.903
ybdT,1.29
ybxH,0.9369
ybdM,0.9316
ybdK,1.07
ybxF,1.04
rplJ,0.9715
rplK,0.937
rpmG,1.04
yacP,1.13
rplL,0.9526
ybdE,1.04
ybcT,1.03
ybcQ,1.03
ybcO,0.9485
ybcL,0.8425
ybcH,0.7078
cysE,1.35
yacN,1.13
yacL,0.9232
sms,0.8343
yacH,0.8366
glpT,0.9235
ybyB,2.06
ybxI,0.9954
csgA,0.9068
ybdL,0.9461
ybdJ,0.9126
ybxB,1.08
rplA,1.07
nusG,0.889
sigH,0.9629
yacO,1.13
ybdA,0.9764
ybcS,0.9549
ybcP,1.01
ybcM,1.45
ybcI,0.7213
ybcF,0.6428
gltX,1.04
yacM,0.9586
yacK,0.7413
yacI,0.8344
ctsR,0.7045
ydbB,1.21
ydbA,1.28
ydaS,3.95
ydaQ,1.29
mutT,1.39
ydaN,1.15
yciB,1.3
nasA,1.0
nasD,0.7179
nasF,0.8658
ycgS,0.9171
ycgQ,0.966
ydaL,1.03
ydaJ,1.05
lrpC,1.0
ydaH,1.12
ydaF,1.13
ydaD,1.69
ycgO,0.9909
ycgM,0.8751
cah,1.02
ycgJ,0.9466
tmrB,0.9497
ycgH,0.825
gsiB,5.95
ydaT,1.54
ydaR,1.23
ydaP,2.83
ydaO,1.1
ydaM,0.9804
yciA,1.25
nasC,0.9209
nasE,0.6039
ycgT,0.86
ycgR,0.9716
ycgP,0.8567
ydaK,0.996
ydzA,0.7643
ydaG,1.65
ydaE,1.76
ydaC,1.09
ycgN,0.9207
ycgL,0.8144
ycgK,0.8817
aroI,1.06
nadE,1.21
ycgG,0.9726
purL,2.9
purC,2.93
purK,3.06
yebG,1.19
yebE,1.22
yebC,1.19
ydfK,0.926
ydfJ,0.9407
ydfH,0.9269
ydfF,1.11
ydfD,0.9915
ydfB,1.02
guaA,1.21
yeaD,1.1
yeaB,1.07
yeaA,0.6858
ydjO,0.7024
ydjM,1.14
ydeT,1.03
ydeR,1.0
ydeP,0.9766
ydzF,1.05
ydeM,1.12
ydeK,0.984
yexA,2.86
purB,3.2
purE,3.04
yebF,1.0
yebD,1.27
yebB,1.87
nap,1.13
ydfI,1.01
ydfG,1.27
ydfE,0.9539
ydfC,1.03
ydfA,1.22
yebA,0.0
yeaC,0.9707
gabP,0.8709
ydjP,0.5833
ydjN,0.8824
ydjL,1.03
ydeS,1.05
ydeQ,0.947
ydeO,0.9286
ydeN,1.15
ydeL,0.9406
ydeJ,1.1
yfhS,1.14
yfhO,1.35
yfhM,1.14
yfhK,1.43
yfhI,1.15
yfhG,1.0
yflS,1.12
yflT,2.25
yfmC,0.7336
yfmE,0.9265
yfmG,1.07
yfmI,1.07
yfhE,0.9604
yfhC,0.7357
yfhA,0.7472
yfiY,0.454
yfiV,0.9916
yfiT,1.03
yfmK,0.9758
yfmM,1.15
yfmO,0.8498
yfmQ,0.3941
yfmS,0.9585
yfnA,1.0
yfhP,1.02
csbB,1.14
yfhL,0.9922
yfhJ,1.15
yfhH,0.9444
yfhF,0.9381
pel,1.31
yfmA,0.9484
yfmD,0.8738
yfmF,0.9165
yfmH,1.08
yfmJ,1.42
yfhD,0.8835
yfhB,0.8827
yfiZ,0.7901
yfiW,1.03
yfiU,1.01
yfiS,0.9702
yfmL,1.03
yfmN,0.8646
yfmP,0.6957
yfmR,0.965
yfmT,0.0
yfnD,0.9376
yisK,1.18
yisI,1.15
yisG,1.2
yisE,1.09
yisB,1.12
addA,0.0
yhdY,0.905
yhdW,0.9171
yhdU,0.9961
yhdS,1.14
yhdQ,1.17
yhdO,0.9202
yhjQ,1.02
yhjM,1.05
yhjK,0.9769
yhjI,0.9722
yhjG,0.9975
yhjE,1.01
yhdL,1.01
yhdJ,0.9483
yhdH,0.9129
yhdF,1.17
citR,0.9664
phoA,0.9529
yisJ,1.05
yisH,1.1
yisF,1.02
yisC,1.01
sbcD,1.06
yhjR,1.03
yhdX,1.66
yhdV,0.9191
yhdT,1.1
yhdR,0.9542
yhdP,1.23
yhdM,0.9176
yhjO,1.03
yhjL,1.84
yhjJ,0.9499
yhjH,0.967
sipV,0.964
yhjD,0.8927
yhdK,1.2
yhdI,0.9541
yhdG,0.0
citA,0.901
lytE,0.9661
spoVR,1.04
xkdU,1.05
xkdS,1.14
xkdQ,1.09
xkdN,1.05
xkdK,1.13
xkdI,1.16
yjbX,0.9395
yjbV,1.13
yjbT,1.27
yjbR,1.31
tenA,1.28
yjbP,0.9688
xkdG,1.05
xkdE,1.04
xpf,1.04
xkdD,0.9619
xkdB,1.05
xkdA,1.06
yjbN,1.3
yjbL,1.35
yjbJ,1.05
yjbH,1.05
yjbF,0.9872
yjbE,0.819
xkdT,1.06
xkdR,1.13
xkdP,1.05
xkdM,1.1
xkdJ,1.18
xkdH,1.07
yjbW,0.8778
yjbU,1.18
yjbS,1.17
tenI,1.24
yjbQ,1.05
yjbO,1.41
xkdF,1.03
xtmA,0.936
xtrA,0.882
xkdC,0.9568
xre,0.9964
yjqC,1.05
yjbM,1.15
yjbK,0.9417
yjbI,1.01
yjbG,1.29
mecA,0.9695
yjbD,0.7125
ylaM,0.8711
ylaK,0.9134
ylaH,0.8938
ylaF,1.02
ylaD,0.0
ylaB,1.05
ykvM,1.03
ykvK,1.13
ykvI,0.8936
motA,0.8642
ykvE,1.16
eag,0.9393
nprE,1.04
ykzC,1.15
ykzI,1.08
yktA,0.9772
slp,0.8913
pdhC,1.08
ykvA,0.8785
ykrY,0.939
ykrW,0.9466
ykrU,1.01
ykrS,1.12
ykrQ,0.9472
ylaL,1.09
ylaJ,0.8753
ylaG,1.02
ylaE,1.03
ylaC,0.8794
ylaA,0.8916
ykvL,0.9769
ykvJ,0.9374
clpE,0.745
motB,0.7564
ykvD,0.8725
spo0E,0.9029
yktD,0.8442
yktC,1.06
yktB,1.11
cad,0.8534
pdhD,0.9751
pdhB,1.18
ykrZ,0.8052
ykrX,0.8553
ykrV,0.9525
ykrT,1.07
dat,0.9925
ykrM,0.9511
ymfM,1.29
ymfK,1.33
ymfI,1.21
ymfF,1.59
ymfD,1.04
spoIIIE,0.0
yloW,0.9823
yloU,0.9581
spoVM,1.02
yloR,1.0
ymfA,1.04
dapG,1.11
spoVFB,0.9605
ymxH,1.07
ylxY,0.9436
ribC,1.14
fmt,1.13
priA,0.0
yloH,0.9976
yloC,1.02
ylnF,0.6499
ylnD,0.6629
ymfL,1.21
ymfJ,1.22
ymfH,1.4
ymfE,1.01
ymfC,0.9381
ymfB,0.8817
yloV,0.9772
rpmB,1.0
yloS,0.9774
yloQ,1.02
yloO,1.05
yloM,1.02
dapA,0.975
asd,0.9374
spoVFA,0.8805
ymxG,0.9663
rpsO,0.9065
truB,0.9191
def,0.9791
yloI,0.9883
yloD,0.9533
yloA,0.7887
ylnE,0.5903
ylnC,0.6633
yobK,1.05
yobI,1.01
yozL,0.988
yobH,0.8827
rapK,1.1
yobF,1.06
yneI,1.18
ynzD,1.22
yneE,1.13
ynzC,1.15
yneA,0.979
yndN,1.09
yozI,1.04
yobD,0.9622
pps,1.02
yobA,1.02
yoaZ,1.0
yoaV,1.01
yndL,0.9642
yndJ,1.07
yndG,1.07
yndD,1.08
yndB,1.01
ynzA,1.11
yobJ,0.778
yozM,1.07
yozK,1.31
phrK,1.26
yozJ,1.01
yobE,1.06
ccdA,1.04
yneF,1.1
tkt,1.15
yneB,0.9621
lexA,0.8347
yndM,1.05
yozH,0.9785
xynA,0.9616
yobB,1.04
penP,1.46
yoaW,1.13
yoaU,0.9754
yndK,0.9657
yndH,0.9912
yndE,0.9952
ynzB,0.9143
yndA,0.9911
cotC,0.9981
yonR,1.04
yonT,1.01
yonV,0.7602
yopA,1.09
yopC,1.04
yopE,0.9778
yosR,1.1
yosT,1.09
yosV,0.9849
yosZ,1.13
yotB,0.9872
yotD,1.12
yopG,1.11
yopI,1.12
yopK,0.7915
yopM,0.9562
yopO,0.8917
yopQ,0.8947
yotF,1.02
yotH,1.1
yotJ,1.04
yotL,1.05
yotN,1.05
yodV,0.9507
yonS,1.07
yonU,0.7581
yonX,0.9577
yopB,1.02
yopD,0.9789
yopF,1.0
yosS,1.18
yosU,1.14
yosX,1.04
sspC,1.14
yotC,0.9879
yotE,0.97
yopH,0.8538
yopJ,1.01
yopL,0.7718
yopN,0.8725
yopP,0.7648
yopR,0.9498
yotG,1.02
yotI,0.9517
yotK,1.04
yotM,0.9961
yodU,1.03
cgeA,0.0
fer,1.22
recQ,1.13
ypbE,1.06
ypbH,1.07
ypdA,1.24
sleB,0.9292
ypcP,1.01
ypdP,1.01
ypeQ,1.15
degR,1.22
ypfP,1.08
bsaA,1.19
ypfA,1.1
cmk,1.11
ypgA,1.53
yphB,0.9912
gpsA,0.9253
yphF,0.9341
ypgR,1.09
yphP,1.16
ypjP,1.03
thyB,1.0
ypkP,1.01
yplP,0.535
ypbB,1.02
ypbD,1.01
ypbF,1.13
ypcA,1.28
ypdC,0.8982
ypeB,0.8721
ypdQ,1.02
ypeP,0.9741
ypzA,0.9872
cspD,1.24
metB,1.01
ypgQ,1.25
ypfB,1.17
ypfD,1.73
yphA,0.9545
yphC,0.943
yphE,0.9215
spoIVA,0.7953
ilvD,0.5937
ypiP,0.8722
ypjQ,0.9499
dfrA,0.8916
yplQ,0.6682
ilvA,0.7917
yqgA,1.4
yqgC,1.23
yqgE,1.0
yqgG,1.04
yqgI,1.06
yqgK,1.03
bfmBAB,1.23
bmrR,1.06
yqiW,1.31
yqiY,1.87
yqjA,1.25
yqjC,1.13
yqgL,1.07
yqgN,1.1
yqgP,1.09
glcK,1.08
yqgU,1.04
yqgW,1.17
yqjE,1.06
yqjG,0.9541
yqjI,1.37
yqjK,1.1
yqjM,1.16
yqjO,1.07
yqgB,1.13
sodA,1.33
pbpA,1.17
yqgH,1.14
yqgJ,0.9998
yqzD,1.1
bfmBB,1.11
bmr,1.12
yqiX,1.97
yqiZ,1.74
yqjB,1.08
yqjD,1.01
yqgM,0.9449
yqgO,1.23
yqgQ,1.07
yqgT,0.9667
yqgV,1.08
yqgX,1.23
yqjF,0.9726
yqjH,0.8979
yqjJ,1.25
yqjL,1.02
yqjN,1.03
yqjP,1.05
levE,1.22
levG,1.13
adhA,1.15
yraC,1.31
yraE,1.11
yraF,1.06
yqbK,1.16
yqbM,1.11
yqbN,0.9914
yqbQ,1.02
yqbS,1.09
yqcA,1.12
yraH,1.13
yraJ,1.19
yraL,1.19
yraM,1.01
yraO,1.03
sigZ,1.1
yqcD,1.02
yqxG,0.9913
yqxI,1.02
yqcF,1.13
yqzI,1.08
rapE,0.9439
levF,1.1
sacC,0.9348
yraB,1.2
yraD,1.05
adhB,1.14
yraG,1.09
yqbL,1.05
yqdB,1.17
yqbP,1.0
yqbR,0.945
yqbT,1.04
yqcB,1.03
yraI,1.01
yraK,1.0
csn,1.09
yraN,1.01
yrpG,1.16
yrpE,2.08
yqcE,1.01
cwlA,0.902
yqxJ,1.05
yqcG,1.04
phrE,1.15
yqcI,0.8787
ytaF,1.08
ytbE,1.17
ytcD,1.15
ytcF,1.38
dnaB,1.08
ytxB,1.08
folC,0.9901
spoIIB,1.15
ysxA,0.9506
mreC,1.15
minC,1.05
spoIVFA,0.8927
thrS,0.935
lytS,0.9382
ysbA,0.942
yscB,0.9536
infC,0.8823
rplT,0.9245
rplU,0.9741
spo0B,0.9165
p`eB,0.9423
pheB,0.0
yrxA,0.9646
nadB,1.06
nadA,1.03
ytaG,1.09
ytbD,0.9812
gapB,0.9245
ytcG,1.25
dnaI,1.04
ytxC,0.944
comC,0.9588
maf,0.9884
mreB,1.18
mreD,1.07
minD,0.9976
spoIVFB,0.8969
ysaA,1.03
lytT,0.9634
ysbB,0.8613
yscA,0.9232
rpmI,0.7954
ysdA,0.9041
ysxB,0.867
obg,0.9859
pheA,0.887
nifS,0.9931
nadC,0.9715
yrbA,0.9044
yubA,1.17
yubC,1.04
yubE,1.13
yubG,1.03
yuaB,1.1
gbsA,0.9119
yteP,0.9901
yteR,1.11
yteT,0.9949
yteV,1.12
ytfP,1.12
ytzG,1.19
yuaD,1.06
yuaG,0.4891
yuaJ,1.34
glgD,1.1
ytaB,1.2
ytxN,1.04
ytzE,1.34
ythQ,1.05
ytjP,1.66
ytlP,1.22
ytlR,1.12
ytmP,1.03
yubB,1.11
yubD,0.9187
yubF,0.9624
yuaA,0.9233
yuaC,1.01
gbsB,0.8743
yteQ,1.01
yteS,1.01
yteU,1.07
opuD,1.12
ytgP,1.12
ytzF,1.0
yuaF,0.5261
yuaI,0.3492
glgB,0.6663
glgA,1.01
ytaA,0.998
cotS,1.04
ythP,0.0
ytiP,1.91
ytkP,1.07
ytlQ,1.18
amyX,1.05
ytzH,1.06
yvrB,1.01
yvqK,1.13
yvqI,1.17
yvqG,0.9442
yvqE,0.9658
gerAC,0.9196
yutL,1.1
paiA,1.03
yumD,4.35
yumC,0.9553
yuiA,0.6287
yuiC,0.6364
gerAA,0.9126
yuxN,1.05
yvqA,0.9319
yvtB,0.9204
yusZ,0.9101
yusW,0.9049
yuiE,1.02
yuiG,1.08
yuiI,0.534
dhbC,0.5764
dhbB,0.3987
yukL,0.5231
yvrA,1.09
yvqJ,0.9268
yvqH,1.09
yvqF,0.9256
yvqC,0.9372
gerAB,0.919
yutM,1.13
paiB,0.9893
yuzG,1.16
yumB,1.53
yuiB,0.7467
yuiD,0.9819
citG,1.22
yvqB,0.9009
yvtA,0.8395
mrgA,0.671
yusX,0.817
yusV,0.625
yuiF,1.07
yuiH,0.8372
dhbA,0.5027
dhbE,0.574
yukM,0.7285
yukJ,0.9508
yvyD,0.774
cccB,0.9293
ftsX,1.2
yvzD,1.14
yvkA,1.01
yvkC,0.0
yvfH,0.958
lacR,0.0
yvfM,1.0
yvfO,1.03
yvfS,1.01
yvfU,0.8454
uvrB,1.09
yvzB,1.04
yvlA,0.7399
yvlC,0.9639
yvmB,0.9704
cypX,1.06
yvfW,1.11
yvbX,1.05
yvbV,1.09
yvbT,1.13
araE,0.8497
gap,1.13
yvjA,0.8159
ftsE,0.9994
yvjB,0.7609
yvjD,1.0
yvkB,1.02
csbA,1.22
yvfI,0.9925
yvfL,0.894
lacA,0.966
yvfR,0.9394
yvfT,0.9732
yvfV,1.07
uvrA,1.07
yvkN,0.9085
yvlB,0.6784
yvmA,0.8825
yvmC,0.9535
yvnA,0.9878
yvbY,0.9475
yvbW,0.9838
yvbU,0.8876
araR,0.0
yvbQ,1.25
pgk,0.9189
ywhR,1.85
sbo,1.52
argS,1.22
fnr,0.9323
ywiD,1.14
narH,1.02
ywpD,1.07
ywpF,1.11
ywpH,1.3
ywqB,1.08
ywqD,1.14
ywqF,1.07
narI,1.08
ywjA,1.09
ywjC,1.51
ywjE,0.0
rpoE,1.3
ywjG,1.02
ywqH,1.07
ywqJ,1.21
ywqL,1.32
ywqN,1.09
ywrA,1.02
ywrC,0.8055
ywiA,1.67
ywiB,1.03
narK,1.01
ywiC,1.0
narG,0.0
narJ,1.03
ywpE,0.889
ywpG,0.9231
ywpJ,0.0
ywqC,1.21
ywqE,0.9698
ywqG,1.01
ywiE,1.09
ywjB,0.8934
ywjD,0.9188
acdA,0.9783
ctrA,0.0
spo0F,1.11
ywqI,1.05
ywqK,1.13
ywqM,0.9375
ywqO,0.9518
ywrB,0.8894
ywrD,0.8787
hutI,0.9667
hutP,1.23
yxiB,1.11
yxiD,0.9682
yxxE,1.05
bglH,0.8829
ywbA,0.9862
ywbC,1.11
ywbE,1.45
ywbG,1.03
ywbI,0.9413
thiC,1.0
yxxF,0.9609
yxiF,0.749
yxiG,0.775
yxzG,0.788
yxiJ,0.8514
yxiL,0.8903
ywbO,0.7612
ywcB,1.02
ywcD,1.09
ywzA,2.54
qoxB,0.9751
qoxD,0.8534
hutU,0.9304
yxiA,0.9551
yxiC,0.9793
yxxD,0.9634
bglP,1.0
yxiE,0.9808
ywbB,0.8605
ywbD,0.9367
ywbF,1.08
ywbH,1.18
thiK,0.9349
ywbM,0.69
yxxG,0.0
yxzC,0.7192
yxiH,0.7696
yxiI,0.7231
yxiK,0.7553
yxiM,0.8052
ywcA,0.8278
ywcC,0.8803
galT,0.0
qoxA,0.7668
qoxC,0.7631
ywcE,0.8749
ytrP,0.8181
yprA,0.0
yloN,0.0
yerG,0.0
wprA,0.0
yycJ,1.05
rocR,1.06
rocE,1.22
phrG,1.2
yycN,1.03
yycP,0.9778
topB,0.0
polA,0.0
mmgA,0.0
ileS,0.0
dinG,0.0
carB,0.0
yycR,1.15
yydA,0.9556
yydC,0.8763
fbp,0.884
yydG,0.9047
yydI,0.6884
ytsD,1.0
yrvE,0.0
yloP,0.0
ykuA,0.0
ydhL,0.0
valS,0.0
yyxA,1.01
rocD,1.14
rocF,1.43
rapG,1.01
yycO,0.979
yycQ,0.9677
smc,0.0
murD,0.0
lonA,0.0
hrcA,0.0
cheA,0.0
alaS,0.0
yycS,0.8289
yydB,0.7684
yydD,0.8103
yydF,0.882
yydH,0.7258
yydJ,0.6957
yveM,1.11
yutK,0.9957
yueB,1.14
yufK,1.1
ytpQ,1.24
ytmO,1.06
yndF,1.05
pksL,1.17
mcpC,0.8457
yisZ,0.9094
ydbH,1.2
ybxG,1.02
ysdB,1.07
yrhE,1.08
yqcC,1.08
ponA,1.11
yomI,0.9927
cgeC,1.03
wapA,0.9769
ppsA,1.51
pksM,0.9758
yetO,0.9663
rpoC,1.1
dra,1.08
yvfQ,0.9571
yukA,1.49
yuxO,1.11
glgC,1.03
yttP,0.9659
pykA,1.13
pksP,0.9852
pksK,1.1
oppD,0.8379
srfAA,1.15
yccK,1.0
secE,1.05
rpmA,0.9677
yrpC,1.1
yqgS,0.9928
ypbR,1.09
yorL,1.09
odhA,1.35
dhbF,0.7365
pksR,0.9542
yfkN,1.02
gutR,0.845
yxeF,0.0
galK,0.0
rbcL,0.9725
aceF,1.09
kdtA,1.11
tufA_E,1.12
yazC,1.13
yrhC,1.12
yerC,1.19
yshA,1.12
yoqX,1.11
yacF,1.04
yhcD,1.07
yetG,0.6999
ywnG,1.05
ywqA,0.9985
degU,1.22
yvnB,1.05
cysS,1.25
yqjU,1.09
ylaI,1.02
yuaE,1.05
yqaD,1.16
yozD,0.97
yazB,0.9766
yfnB,0.9967
ywmD,0.9596
glcR,1.03
ggaB,0.8555
prfB,0.9118
yvoD,1.03
ybcD,0.7
ndhF,0.6866
adaA,0.8649
ybbU,1.11
ybbT,1.21
ybbP,1.03
folK,0.9987
sul,1.08
pabA,0.9848
cysK,0.8388
yacC,1.13
sigW,0.7447
ybbJ,0.9398
ybbH,0.9116
ybbE,0.7602
ybbC,0.8812
feuA,0.8055
yabT,0.9066
yabR,1.03
yabQ,0.9806
yabO,1.09
spoVT,0.961
ybcC,0.6103
adaB,0.8026
alkA,0.8769
glmS,1.56
ybbR,1.05
ybbM,0.7826
folA,0.9707
pabC,0.8864
pabB,0.8765
yacD,1.01
yacB,0.9549
ybbK,0.912
ybbI,0.9483
ybbF,0.8939
ybbD,0.8773
ybbB,0.8791
feuB,0.8442
yabS,0.867
divIC,0.8126
yabP,1.12
yabM,1.1
spoVC,0.9418
ydaB,1.12
ycsN,1.12
yczI,1.14
ycsO,0.6757
ycsI,0.7508
ycsE,1.22
ycgF,1.01
mdr,0.9379
lctE,1.68
ycgB,0.9321
opuAC,1.15
yceK,0.9251
yczH,0.948
ycsA,0.9765
mtlA,0.8062
ycnK,0.5225
ycnI,0.5623
ycxE,0.8691
yceI,1.09
yceF,0.763
yceD,0.7734
yceB,0.7916
ycdI,1.3
ycdG,1.28
ydaA,0.9432
yczJ,0.9054
ycsK,0.6778
ycsJ,0.5385
ycsF,0.7322
ycsD,0.8748
ycgE,0.8983
lctP,1.09
amyE,0.8898
ycgA,0.9032
opuAB,1.17
yceJ,0.9355
sipU,0.9133
mtlD,0.8408
ycnL,0.8663
ycnJ,0.5485
gdh,0.9157
ycnH,1.09
yceG,0.7413
yceE,0.7105
yceC,0.6696
yceA,1.12
ycdH,1.44
ycdF,1.87
ydjJ,0.6323
ydjH,0.5288
ydjF,0.6028
gutB,0.9293
ydjB,0.925
ydiR,0.7959
ydeI,0.935
ydeG,0.9843
ydeE,0.9923
ydeC,0.9801
ydeB,0.9034
ydeA,0.9968
ydiP,1.04
ydiN,0.988
groEL,1.25
ydiL,0.8848
ydiJ,1.1
ydiH,0.9965
yddS,0.9398
yddQ,1.03
lrpA,1.03
phrI,1.08
yddJ,1.03
yddH,0.9063
ydjI,0.4971
ydjG,0.5656
ydjE,1.2
ydjC,0.8651
ydiS,0.8222
ydiQ,0.8787
ydeH,1.04
ydeF,0.9998
ydeD,0.9945
ydzE,0.9564
cspC,0.8428
yddT,2.09
ydiO,0.8726
ydiM,0.8515
groES,1.26
ydiK,0.8556
ydiI,0.9593
ydiG,0.9716
yddR,0.9319
lrpB,0.9265
yddM,1.05
rapI,0.8857
yddI,0.9081
yddG,0.7668
yfiR,1.24
lipB,1.23
yfiN,1.07
yfiL,1.01
yfiJ,1.08
yfiH,0.9541
yfnE,0.9364
yfnG,1.06
yfnI,1.24
yetL,1.04
yetJ,1.13
yezB,1.18
yfiF,0.9652
yfiD,0.8021
glvC,1.04
glvA,1.06
yfjB,1.15
yfjD,0.989
yetH,0.9955
lplD,0.9028
lplB,0.9898
yetA,0.0
yesX,1.04
yesV,1.06
yfiQ,0.911
yfiO,0.9307
yfiM,0.9857
yfiK,0.9809
yfiI,1.01
yfiG,0.9795
yfnF,0.9248
yfnH,0.0
yetN,0.9617
yetK,1.05
yezD,0.0
yetI,0.8895
yfiE,0.6912
yfiC,1.47
yfiA,0.9918
yfjA,0.969
yfjC,1.02
yfjE,0.924
yetF,0.8319
lplC,0.9747
lplA,0.9563
yesZ,0.9711
yesW,0.9871
yesU,0.9674
yhjC,1.05
yhxD,1.27
yhzC,0.7846
yhfW,0.9199
yhfU,1.04
yhfS,1.04
ygxB,3.06
yhdD,0.9653
yhdB,1.07
yhcZ,0.9478
yhxB,1.3
glpK,1.73
yhfO,1.02
yhfN,0.0
yhfL,1.03
yhfJ,1.71
yhfH,0.6532
yhfF,1.19
glpP,1.21
yhcX,2.47
yhcV,1.23
yhcT,1.15
yhcR,0.0
yhcP,0.9228
yhjA,1.24
comK,0.9972
yhxC,1.02
yhfV,0.8711
yhfT,1.02
yhfP,1.29
yhdE,0.9453
yhdC,0.9301
yhdA,0.9963
yhcY,0.9238
glpD,1.11
glpF,1.11
aprE,0.9859
yhfM,1.01
yhfK,1.53
yhfI,1.43
gltT,1.07
yhfE,1.1
yhxA,1.14
yhcW,2.94
yhcU,1.28
yhcS,1.15
yhcQ,1.0
yhcO,0.9443
yjqB,1.03
xlyB,0.9158
phrA,0.7276
yjoB,0.9816
yjnA,0.8766
yjmI,0.8644
yjbC,0.7084
oppF,0.7215
oppB,0.7576
trpS,0.8476
appC,0.7504
appA,0.8812
yjmG,0.9992
yjmE,0.9434
yjmC,0.9631
yjmA,0.917
yjlC,1.01
yjlA,0.961
appD,0.8384
yjaY,1.11
yjzA,0.9594
yjaV,0.8513
yjzD,0.9033
argF,0.952
yjqA,1.01
yjpA,0.972
rapA,0.7628
yjoA,1.31
yjmJ,0.8888
yjmH,0.9254
yjbB,0.7506
oppC,0.7372
oppA,0.8192
yjbA,0.7216
appB,0.8015
appF,0.7849
yjmF,0.987
yjmD,0.9517
yjmB,0.8921
yjlD,1.07
yjlB,0.9445
yjkB,0.9213
yjaZ,0.7632
yjzB,0.807
med,0.8307
yjaU,0.8767
yjzC,0.8971
pdhA,1.2
ykrB,1.03
ykzG,0.9799
adeC,1.04
ykqA,0.8597
abh,0.9499
ykrL,0.9141
sspD,1.08
ykoZ,0.9954
ykoV,0.9704
ykoT,0.9578
ykoQ,0.921
ykpC,1.09
ykpB,0.8154
ykoA,0.8884
fruA,0.7942
yknZ,0.7905
yknX,0.8202
ykoN,0.9405
ykoL,0.9947
tnrA,0.9883
ykzD,1.08
ykoI,0.9714
ykoG,0.9321
ykyA,1.13
ykrA,0.9912
ykqC,1.0
ykqB,0.8463
kinC,0.8649
mreBH,0.9451
ykrK,0.9399
ykrI,0.957
ykoX,0.974
ykoU,0.993
ykoS,0.9318
ykoP,0.9446
ampS,1.13
ykpA,0.9399
sipT,1.2
fruR,0.781
yknY,0.8001
yknW,0.6826
ykoM,1.18
ykzB,1.08
ykoK,1.08
ykoJ,0.9129
ykoH,0.9435
ykoF,0.9589
rbfA,1.08
infB,1.11
ylxR,1.11
ylxS,1.1
yluC,0.9962
cdsA,1.11
ylnB,0.6491
cysH,0.6878
pyrF,1.07
pyrDII,1.27
pyrC,1.28
pyrP,1.21
frr,1.06
tsf,1.08
ylxL,1.03
cheD,0.8146
cheW,0.7855
cheB,0.6892
ylyB,0.0
ylyA,0.9565
divIVA,1.15
ylmG,1.34
ylmE,1.06
ylmC,0.9456
ylxP,0.9891
ylxQ,0.9559
nusA,1.05
proS,0.9805
yluB,0.9924
yluA,0.965
ylnA,0.669
pyrE,0.9944
pyrD,1.09
pyrAA,1.24
pyrB,1.19
pyrR,0.968
smbA,1.01
rpsB,0.8621
sigD,0.9034
cheC,0.8136
ylxH,0.7126
lsp,0.9456
ylmH,1.13
ylmF,1.15
ylmD,1.01
ylmB,0.8595
yoaT,1.09
yoaS,1.11
yozF,1.09
yoaP,1.08
yoaN,1.09
pelB,1.04
yncM,1.46
ynzH,1.32
yncE,1.21
yncC,0.9791
xylB,1.09
xylR,0.9904
yoaJ,0.87
yoaH,0.8916
yoaF,0.654
yoaD,0.8315
yoaB,0.7912
yoxB,0.9078
ynaJ,0.0
ynaG,1.02
ynaE,1.01
ynaC,1.17
ynzG,0.9729
ynxB,0.9129
yozG,0.9914
yoaR,0.8955
yoaQ,0.9597
yoaO,0.9792
yoaM,0.9798
yoaK,1.08
thyA,1.15
yncF,1.15
yncD,0.8702
yncB,1.1
xylA,0.9524
xynB,0.9357
yoaI,0.8508
yoaG,0.9032
yoaE,0.8633
yoaC,0.7455
yoaA,0.9074
yoxC,1.44
ynaI,0.9143
ynaF,0.9459
ynaD,0.9795
ynaB,1.13
ynzF,0.9253
glnA,1.01
yopS,1.15
yopU,0.8053
yopW,1.02
yopY,0.8996
yoqA,1.0
yoqC,0.9421
cgeD,0.9418
yodT,1.07
yodR,1.05
yodP,1.02
yozE,1.23
yodM,1.07
yoqE,1.01
yoqG,0.9085
yoqI,1.04
yoqK,1.07
yoqM,1.17
yoqO,1.16
deoD,1.78
yodI,0.9794
ctpA,1.06
yodE,0.9556
yodC,1.13
yojA,1.12
yopT,0.7257
yopV,0.91
yopX,0.8129
yopZ,0.8389
yoqB,1.02
yoqD,0.7926
cgeE,0.9293
yodS,0.8873
argE,0.915
yodO,1.04
yodN,0.967
yodL,1.07
yoqF,0.9463
yoqH,0.8615
yoqJ,0.8843
yoqL,0.8995
yoqN,0.9482
yoqP,0.9059
yodJ,1.22
yodH,0.8202
yodF,0.635
yodD,0.9748
yodA,0.9766
yojB,0.9747
hbs,1.1
mtrB,0.9331
gerCB,1.4
ndk,1.26
aroF,1.21
aroH,1.03
ypmP,0.7854
ypmR,0.8131
ypmT,0.9333
ypoP,0.7372
yppQ,1.03
yokA,0.9777
trpD,0.8577
trpF,0.7447
trpA,0.8988
tyrA,1.04
ypiA,0.9785
ypiF,0.8686
yokC,0.8499
yokE,1.08
yokG,0.9649
yokI,1.09
yokK,1.09
yolA,0.8421
mtrA,0.9633
gerCA,1.17
gerCC,1.33
cheR,0.9828
aroB,0.9021
trpE,0.8493
ypmQ,0.6882
ypmS,0.8186
ypnP,0.9057
yppP,0.8711
ypqP,0.904
yokB,0.9138
trpC,0.7817
trpB,0.6703
hisC,0.8267
aroE,0.9184
ypiB,0.9699
qcrA,0.7798
yokD,1.01
yokF,0.983
yokH,0.8043
yokJ,0.9425
yokL,1.15
yolB,0.8785
yqgY,1.22
yqhA,1.5
yqxL,1.12
comGB,1.27
comGD,1.28
comGF,1.24
yqjQ,1.16
yqjS,1.04
yqjV,1.06
yqjW,0.9978
yqjY,0.9531
yqkA,0.924
yqzE,1.1
yqxM,1.03
cotN,0.8837
sinI,1.01
yqhH,0.912
yqhJ,1.1
yqkC,0.9989
yqkE,1.15
yqkG,1.06
ansA,1.08
yqkI,1.03
yqkK,0.9972
yqgZ,2.71
yqhB,1.07
comGA,1.19
comGC,1.13
comGE,1.22
comGG,1.1
yqjR,1.07
yqjT,1.05
yqzH,1.04
yqjX,0.8896
yqjZ,0.9235
yqkB,0.8988
yqzG,0.9915
sipW,1.05
sinR,0.9468
yqhG,0.9697
yqhI,1.1
yqhK,0.9654
yqkD,1.05
yqkF,1.73
ansR,1.08
ansB,1.04
yqkJ,1.11
spoIIM,0.9412
yrpD,2.17
aadK,1.06
yrdB,1.06
yrdD,1.12
yrdF,1.12
azlC,1.09
yqcJ,1.01
yqcL,0.9356
spoIVCA,0.9966
nucB,1.06
yqeC,0.8901
yqeE,0.9392
brnQ,1.02
gltR,1.04
czcD,0.9067
yrdQ,1.07
yrkA,0.8351
blt,0.9084
yqeG,1.05
aroD,1.06
yqeJ,0.9965
yqeL,0.8756
comER,0.9427
comEB,1.0
yrpB,1.11
yrdA,1.06
yrdC,0.9883
cypA,0.9159
azlB,1.03
azlD,1.1
yqcK,0.9606
yqcM,0.9413
spoIVCB,0.9829
yqeB,1.04
yqeD,0.9456
yqeF,1.05
yrdK,1.1
yrdN,0.9604
trkA,0.0
yrdR,0.8308
bltD,0.8392
bltR,0.9289
yqeH,1.06
yqeI,0.8982
yqeK,0.8344
yqeM,0.869
comEA,0.9525
comEC,0.9485
ysdC,1.23
araA,1.0
araD,1.02
araM,1.05
araP,1.05
abfA,1.12
yrbB,0.85
yrbD,0.9049
yrzG,1.07
yrbE,1.2
bofC,1.12
ruvB,1.07
ysfE,1.45
ysfC,1.06
ysfA,0.9443
pheS,0.9022
ysgB,0.9272
yshC,0.9861
tgt,0.984
yrzE,0.9452
spoVB,0.9864
yrvB,1.04
yrvC,0.9424
abnA,0.9942
araB,1.08
araL,1.03
araN,0.9631
araQ,0.9874
cstA,0.0
yrbC,1.01
yrzH,0.9995
yrzF,1.05
csbX,1.02
ruvA,0.9658
queA,0.9808
ysfD,1.0
ysfB,0.9135
ysgA,0.9476
pheT,0.8768
yshB,0.8927
yshD,1.02
yrbF,1.11
yrbG,0.8237
yrzD,0.8454
secF,0.9741
yrvD,1.14
apt,0.9711
ytxO,1.17
ytcB,1.12
ytdA,1.08
menF,1.31
ytxM,1.35
menE,1.16
ytmQ,0.0
malS,0.9803
ytoP,1.04
ytpP,1.24
ytpS,0.9632
murC,1.11
ytgA,0.9039
ytgC,0.9984
ythB,1.04
ytiA,1.21
ytjA,1.16
ytkA,0.9478
ytxH,1.44
aroA,1.09
ytxD,1.04
acuC,1.06
acsA,1.02
rpsD,0.8798
ytcC,0.9847
ytcA,0.9989
yteA,1.04
menD,1.21
menB,1.18
ytfD,1.06
ytnP,1.01
ytzB,1.82
ytoQ,1.26
ytpR,1.16
ytpT,1.24
ytxG,1.26
ytgB,0.9114
ytgD,0.9256
ythA,0.9807
ytiB,1.11
ytjB,1.09
dps,4.24
ytxJ,1.38
ccpA,0.9801
ytxE,0.9912
acuA,0.9295
tyrS,1.07
yusU,0.9354
yusS,0.9802
yusQ,0.9636
yusO,1.02
yusM,0.9485
yusK,1.1
yuxI,1.24
yukE,1.34
yukC,1.39
yueC,1.13
yueE,0.9972
yuzE,0.9993
yusI,1.55
yusG,1.19
yusE,0.9873
yusC,1.19
yusA,1.25
yurY,1.19
yueG,1.18
yueI,1.12
yueK,1.13
yuzC,1.02
comQ,1.01
comP,0.9944
yusT,0.8791
yusR,0.9474
yusP,0.9923
yusN,0.8835
yusL,0.0
yusJ,0.8008
ald,1.26
yukD,1.32
yukB,1.32
yueD,1.16
yuzF,0.9802
yueF,1.02
yusH,1.09
yusF,1.13
yusD,0.9956
yusB,1.08
yurZ,0.8408
yurX,1.01
yueH,1.07
yueJ,1.07
yuxH,0.8067
degQ,1.3
comX,1.13
comA,1.11
yvoA,1.13
nagA,1.09
lgt,1.12
yvpA,0.9953
hisZ,1.71
hisD,1.66
tpi,1.03
eno,0.9559
yvbJ,1.07
yvbH,1.05
yvbF,1.09
opuCB,1.39
hisH,1.36
hisF,1.25
yvcA,1.05
yvzA,1.09
yvcD,1.12
trxB,1.03
opuCD,0.9923
yvaZ,1.22
yvaX,1.46
yvaV,1.04
opuBC,0.933
yvaQ,1.11
nagB,1.03
yvoB,1.0
yvpB,0.9759
hisG,1.54
hisB,1.44
pgm,1.04
yvbK,0.9117
yvbI,0.9807
yvbG,1.01
opuCA,1.18
opuCC,1.25
hisA,1.3
hisI,1.09
yvcB,0.9942
yvcC,0.0
yvcE,1.47
yvcI,0.866
yvbA,1.01
yvaY,1.15
yvaW,1.31
opuBB,1.06
opuBD,0.0
yvaP,0.9487
fbaA,1.21
murZ,1.21
rpmE,0.8496
ywkB,0.9523
ywkD,1.35
ywkE,1.17
ywrE,1.11
cotG,0.8484
cotB,0.8585
ywrK,0.8519
alsS,1.15
ywrO,1.31
ywlA,0.9883
ywlB,1.05
ywlE,0.9883
ywlG,1.13
upp,0.9205
atpB,0.8031
ywsB,1.88
rbsC,1.09
rbsD,1.14
rbsR,1.05
ywtA,1.07
ywtC,1.21
ywjH,1.18
ywjI,1.05
ywkA,0.9305
ywkC,1.11
prfA,1.12
ywkF,1.04
ywrF,1.06
cotH,0.8977
ywrJ,0.9349
alsR,1.02
alsD,1.0
ywsA,1.02
spoIIR,0.9222
ywlD,0.9628
ywlF,1.06
glyA,1.73
atpI,0.7496
atpE,0.682
rbsB,0.985
rbsA,0.9709
rbsK,1.08
ywsC,1.06
ywtB,0.984
ywtD,1.38
deaD,0.9101
yxiP,1.07
bglS,0.9416
katB,1.49
yxiT,1.21
yxjB,1.1
ywcF,1.04
ywcH,0.9795
ywcI,1.15
ywcJ,1.02
sacA,0.9718
thiD,1.3
yxjD,0.9551
yxjF,0.8716
yxjH,0.8283
yxjJ,0.8011
yxjL,1.01
yxjN,1.04
ywdD,1.05
ywdF,1.14
ywdH,1.07
ywdJ,1.52
ywdL,1.02
spsB,1.05
yxiO,1.07
licT,1.01
yxiQ,0.9506
yxiS,1.08
yxjA,0.9761
yxjC,0.965
ywcG,1.19
vpr,0.9941
sacT,1.07
sacP,0.9566
ywdA,1.06
ywdC,0.9565
yxjE,0.8812
yxjG,0.7987
yxjI,0.7505
pepT,1.18
yxjM,0.8773
yxjO,0.8697
ywdE,0.9874
ung,1.21
ywdI,1.81
ywdK,1.38
spsA,0.9798
spsC,0.9798
rnpA,1.21
jag,1.15
gidB,1.18
yydK,0.886
bglA,0.8895
ahpC,0.8789
gntP,1.0
gntR,1.18
yxaB,1.14
yyaB,0.888
spo0J,1.01
yyaD,0.9132
yyaF,1.15
ssb,1.05
exoA,0.9027
yxaD,1.02
yxaF,1.03
yxaH,0.943
yxaJ,1.03
yxaM,0.7042
yxbB,0.6217
rpmH,1.04
spoIIIJ,1.05
thdF,1.1
yyaA,1.08
yyzE,0.9873
ahpF,1.03
gntZ,1.07
gntK,1.04
yxaA,1.04
yxaC,0.9873
soj,0.9624
yyaC,0.9155
yyaE,0.9298
rpsF,1.0
rpsR,0.9891
yyaG,0.9105
yxnA,0.9585
yxaG,0.8982
yxaI,0.864
yxaL,0.9344
yxbA,0.6232
yxbC,0.8984
gltA,0.8704
ppsE,1.23
ebrA,1.2
ymfG,1.62
bpr,1.02
cheV,0.9929
rho,0.9434
tagD,0.8313
yvfE,0.9761
yvgP,0.7499
yurC,0.0
aapA,1.06
spoIIS,1.13
xtmB,1.03
yhjN,1.01
yhaA,1.05
yheJ,1.08
yfmB,0.9872
yqhQ,0.9633
yosN,1.1
pnpA,1.17
flhA,0.7585
fliP,0.7437
fruB,0.8368
ppsC,1.18
yngB,0.8888
pyrAB,1.27
polC,0.9548
pycA,0.9179
ptsH,0.8563
tdk,0.8883
yvfC,0.9959
yvfK,0.8773
yusY,0.8896
ysnF,1.63
lepA,1.09
xkdO,1.05
yirY,1.1
yhfQ,0.7931
yhaQ,1.08
yfkL,1.08
yfnC,1.05
spoIIIAG,0.8927
yojG,0.9064
flhF,0.7363
flhB,0.7603
cheY,0.7302
moaD,1.07
hprT,1.16
yvoF,1.11
yvdS,0.9408
sacB,0.9624
ffh,1.01
ssuC,1.02
yvfP,0.917
ctc,1.32
ppsB,1.18
yvgR,0.8361
ydjK,0.8438
spoIIE,0.0
ywbL,0.7955
sigL,0.9654
yacA,0.9468
yvdR,1.01
yveB,0.8791
yqxK,1.07
yhaR,0.9929
pnbA,1.06
ytnM,0.9321
prs,1.14
ykoW,0.9535
cotA,0.9143
ydjA,0.9091
hutH,0.8888
secA,0.9195
ybaS,0.9959
ybaN,0.9797
gerD,0.9279
cwlD,0.9528
ybaJ,1.16
rplM,1.05
gcaD,1.3
yabJ,1.25
yabH,1.13
veg,0.6789
ksgA,0.9143
ybaF,0.9812
ybxA,0.9798
rpoA,0.0
rpsM,0.0
infA,0.9937
adk,1.05
abrB,0.9079
yazA,0.9475
yabA,1.11
holB,1.1
yaaQ,1.05
ybaR,1.05
kbaA,0.8605
ybaL,0.9639
ybaK,0.8841
rpsI,1.03
truA,0.8302
spoVG,1.21
purR,1.18
sspF,0.6147
yabG,0.7988
yabF,0.866
ybaE,0.9271
rplQ,0.0
rpsK,1.0
rpmJ,0.8252
map,0.0
secY,1.02
yabC,0.9422
yabB,0.8955
yaaT,1.03
yaaR,1.09
tmk,0.9082
ycnG,0.9534
yczG,1.17
ycnD,1.14
yclQ,0.6676
yclO,0.7334
yclM,0.7398
rapJ,1.15
ycdC,0.9619
natB,0.8819
yccH,1.01
yccF,1.1
yczB,1.0
yclK,0.8184
yclI,0.9026
gerKB,0.8305
gerKA,0.9997
yclE,0.9998
yclC,1.01
cwlJ,1.08
ycbO,1.06
ycbL,1.06
yczA,1.09
ycbH,0.9638
ycbF,0.9055
ycnF,0.8569
ycnE,1.15
ycnC,0.868
yclP,0.6636
yclN,0.7429
rapC,0.9863
ycdD,0.898
ycdA,0.9833
natA,0.9554
yccG,0.8993
lipA,1.07
phoD,0.9051
yclJ,0.8984
yclH,0.9366
gerKC,0.9231
yczF,0.9042
yclD,0.9508
yclB,1.09
ycbP,2.36
ycbN,1.01
ycbK,0.9574
ycbJ,0.8879
ycbG,0.8511
ycbE,0.8553
ydiF,1.0
ydiD,0.9064
ydiB,0.9081
ydhU,0.9451
ydhS,0.9394
ydhQ,1.09
yddF,0.0
yddC,0.9869
yddA,0.9505
ydcS,0.9
ydcQ,0.984
ydcO,0.9523
ydhO,1.01
ydhM,0.9792
ydhK,1.51
ydhI,1.01
ydhG,1.09
ydhF,1.03
ydcN,0.9359
ydcL,1.05
ydcH,1.06
ydcF,1.02
sigB,1.46
rsbU,1.04
ydiE,0.8938
ydiC,0.861
ydiA,0.8304
ydhT,0.8322
ydhR,0.8768
ydhP,0.8864
yddD,0.8674
yddB,0.8582
ydcT,0.8573
ydcR,0.8559
ydcP,0.858
sacV,0.9256
ydhN,0.9481
ydhJ,1.06
ydhH,0.9574
phoB,0.9178
ydhE,0.9172
ydcM,1.01
ydcK,0.0
ydcG,1.04
rsbX,1.31
rsbW,1.38
rsbT,1.18
yfjF,1.09
acoR,1.07
acoC,1.03
acoA,1.01
yfjM,1.12
yfjO,1.22
yesT,1.03
yesR,0.9841
yesP,1.04
yesM,1.02
yesK,0.9949
cotJB,0.9837
yfjQ,1.47
yfjS,1.02
yfkA,1.16
yfkC,1.05
yfkE,1.24
yfkJ,1.26
yesF,1.01
yeeK,0.9536
rapH,1.02
yezA,0.9769
yeeC,1.01
yeeA,0.9601
yfjU,0.9797
acoL,0.9993
acoB,0.982
yfjL,0.9895
yfjN,1.08
yfjP,1.11
yesS,0.873
yesQ,0.9585
yesO,0.9168
yesL,0.8993
yesJ,1.01
cotJA,0.9457
yfjR,1.13
yfjT,1.0
yfkB,1.14
yfkD,1.19
yfkH,1.26
yfkK,1.03
yesE,0.8487
yeeI,0.0
yeeG,0.9202
yeeD,0.8674
yeeB,1.05
yefC,0.9626
yhfD,1.22
yhfB,1.04
yhgD,1.51
hemH,0.9547
pbpF,1.09
yhgB,1.02
yhcN,0.9681
yhcL,0.8579
yhcJ,1.08
yhcI,0.9956
yhcG,0.942
yhcE,0.8894
ecsC,0.9634
ecsA,1.09
serC,1.12
yhaH,0.9269
yhaI,0.9761
yhaK,0.9561
yhcB,1.01
yhbJ,0.9834
yhbH,0.9602
yhbF,0.941
yhbD,0.8737
yhbA,0.9599
yhfC,1.08
yhgE,1.21
hemY,0.9535
hemE,0.8885
yhgC,1.93
yhfA,0.9179
yhcM,0.6295
yhcK,0.8988
cspB,0.7755
yhcH,0.9671
yhcF,0.8721
yhcC,1.06
ecsB,1.05
hit,1.03
yhaG,0.9961
hpr,0.6907
yhaJ,0.9172
prsA,0.9855
yhcA,1.0
yhbI,0.9173
prkA,0.9338
yhbE,0.9059
cspR,1.07
yhzB,0.9576
yjkA,1.04
yjiC,1.3
yjiA,1.11
yjhA,0.9407
yjgB,1.23
yjfC,1.11
carA,2.12
argB,2.74
argC,3.11
yitY,1.21
yitW,1.38
yitU,1.19
yjfA,0.8977
cotT,1.04
yjdJ,0.8156
yjdG,0.7501
yjdE,0.7815
yjdC,0.9016
yitT,1.11
nprB,1.06
yitQ,0.9777
yitO,0.9897
yitM,0.9602
yitK,0.9934
yjjA,1.08
yjiB,1.24
yjhB,1.04
yjgD,1.77
yjgA,1.12
yjfB,1.19
argD,2.53
argJ,2.93
yitZ,1.07
yitX,1.33
yitV,0.97
ipi,0.9991
yjeA,1.03
yjdK,0.7468
yjdI,0.9131
yjdF,0.8601
yjdD,0.9383
yjdB,1.01
yitS,1.34
yitR,0.9397
yitP,0.9107
yitN,0.8965
yitL,0.8669
yitJ,0.8612
yknV,1.0
moaE,1.16
moeA,1.22
mobA,1.3
ykuV,1.42
ykuT,1.02
ykoE,1.03
ykoC,1.06
ispA,0.8993
yknA,0.9849
ykmA,0.9603
proA,0.9316
ykuR,0.9836
ykuP,0.6087
ykuN,0.7705
ykuL,0.965
ykuK,1.04
ykuI,0.9784
ykkE,1.17
ykkC,1.04
ykkA,0.9562
ykzH,1.0
ykhA,1.26
ykgB,1.15
yknU,0.0
mobB,1.19
moeB,1.18
ykuW,1.02
ykuU,1.45
ykuS,0.93
ykoD,0.9623
ispU,0.9548
metC,0.9915
ykzA,4.04
yklA,0.7807
proB,0.9183
ykuQ,1.11
ykuO,0.6952
ykuM,0.8967
ykzF,0.8869
ykuJ,0.911
ykuH,1.03
ykkD,1.07
ykkB,0.9459
ykjA,0.8707
hmp,0.7996
ykgA,0.9727
ykfD,0.8112
fliR,0.7598
fliZ,0.7519
fliM,0.7011
flgE,0.7107
fliK,0.7022
fliJ,0.8272
ylmA,0.9619
sigE,1.07
ftsZ,0.9986
sbp,0.8898
ylxW,0.8897
murB,0.938
fliH,0.8792
fliF,0.8904
flgC,0.7981
codY,0.8396
clpQ,0.8721
gid,0.9731
spoVE,0.9299
mraY,0.9969
pbpB,1.19
ylxA,1.17
yllA,1.04
ylbP,0.9826
fliQ,0.7618
fliY,0.6763
fliL,0.6976
ylxG,0.628
ylxF,0.7412
fliI,0.9042
sigG,0.8418
spoIIGA,0.9151
ftsA,0.985
ylxX,0.822
divIB,0.8648
murG,0.8717
fliG,0.8546
fliE,0.796
flgB,0.7646
clpY,0.78
codV,0.8255
topA,0.9828
murE,0.9851
ftsL,0.9449
yllB,1.06
ylbQ,0.9889
ylbO,0.9466
yoxD,1.41
proH,1.05
gltC,0.8578
yogA,0.7868
ggt,0.8841
yoeC,1.01
glnR,1.09
ynbA,1.14
cwlC,0.8867
nrdF,0.8655
ymaA,0.8372
ymzC,0.9137
yoeA,1.11
pbp,1.01
yngK,0.949
yngJ,1.02
yngH,1.01
yngF,0.9787
miaA,1.03
ymaG,0.9444
ymaD,1.27
aprX,0.9754
ymzB,1.53
pksN,0.852
rtp,0.9519
proJ,0.9329
gltB,0.6561
yofA,0.739
yoeD,0.8885
yoeB,0.7301
ynbB,1.08
spoVK,0.8721
ymaB,0.8271
nrdE,0.8305
ymzA,0.9171
ymaH,0.8673
yoxA,0.9915
yngL,0.9324
ynzE,1.0
yngI,0.892
yngG,0.9785
yngE,1.05
ymaF,0.9094
ebrB,0.9239
ymaC,0.9229
ymaE,1.05
pksS,1.12
pksJ,0.9234
yoqR,0.9273
yoqT,0.9707
yoqV,0.9742
yoqY,1.02
yorA,1.01
yorC,1.07
yojC,1.12
yojF,0.9762
yojI,1.03
yojK,1.13
yojM,1.05
yojO,1.16
yorE,0.9079
yorG,0.8137
yorI,0.8788
yorK,0.8955
yorN,1.02
yorP,0.9428
yocS,0.6046
sodF,0.8364
dhaS,1.06
yozO,0.6379
yozN,0.6839
yocL,0.6395
yoqS,0.9384
yoqU,0.978
yoqW,0.0
yoqZ,0.9137
yorB,0.9367
yorD,0.888
yojE,0.9401
yojH,0.9903
yojJ,0.936
yojL,1.13
yojN,1.09
odhB,1.04
yorF,0.8413
yorH,0.8769
yorJ,0.8755
yorM,0.8696
yorO,0.8942
yorQ,0.9201
yocR,0.8388
sqhC,0.8863
yozC,1.13
yocN,0.6845
yocM,0.5292
yocK,0.6699
qcrC,0.9142
ypjB,0.9892
ypjD,1.28
ypjF,1.42
ypjH,1.38
birA,1.13
yolC,0.9745
uvrX,0.8772
sunA,0.9702
yolI,0.9666
yolK,0.7926
yomB,0.8925
panC,0.7752
ypmB,0.956
asnS,0.9786
nth,1.01
yppB,0.9885
yomD,0.9167
yomF,0.8885
yomH,0.9388
yomK,1.06
yozP,1.19
yomN,0.9456
ypjA,0.9004
ypjC,1.1
dapB,1.33
ypjG,1.26
papS,1.19
panB,0.7619
yolD,0.953
yolF,1.74
sunT,0.0
yolJ,0.7903
yomA,0.8848
yomC,0.8447
panD,0.8382
ypmA,0.0
aspB,0.9756
dnaD,0.8863
ypoC,0.9438
yppC,0.9306
yomE,0.8463
yomG,1.02
yomJ,1.01
yomL,2.08
yomM,0.971
yomO,0.8859
yqhL,1.18
yqhN,0.9841
yqhP,1.01
yqhS,1.32
efp,1.12
spoIIIAA,0.9711
yqkL,1.11
drm,1.42
dacF,1.04
spoIIAB,1.27
spoVAA,0.993
spoVAC,0.9638
spoIIIAC,1.01
spoIIIAE,0.984
spoIIIAH,0.9917
accC,1.16
yqhZ,1.4
yqiB,1.19
spoVAE,0.963
lysA,1.05
ppiB,1.18
ypuB,1.04
ypzC,1.08
ypuD,0.8491
yqhM,1.03
yqhO,0.9983
yqhR,0.9706
yqhT,1.23
yqhV,0.9974
spoIIIAB,1.01
ripX,1.2
pnp,1.26
spoIIAA,1.16
sigF,1.21
spoVAB,0.9303
spoVAD,0.9727
spoIIIAD,0.9979
spoIIIAF,0.9672
accB,1.01
yqhY,1.01
folD,1.45
yqiC,1.31
spoVAF,1.01
ypuA,1.14
ypzD,0.894
ypuC,0.9023
sipS,0.9021
ypuE,1.04
yrkB,1.09
yrkD,1.06
yrkF,0.9831
yrkH,0.9692
yrkJ,0.9717
yrkL,1.22
yqeN,1.05
gpr,0.956
yqxA,0.9557
dnaK,1.04
yqeT,1.01
yrkN,1.01
yrkP,0.9794
yrkR,0.9721
spoIIIC,1.02
yqaC,0.9879
yqaF,0.9594
yqeV,0.8628
rpsU,1.02
yqeZ,0.6547
yqfB,0.5921
yqfD,0.8196
yqfF,1.03
yrkC,1.02
yrkE,0.9574
yrkG,1.02
yrkI,0.9578
yrkK,0.9726
yrkM,1.01
rpsT,1.01
spoIIP,0.0
hemN,0.9532
grpE,0.8748
dnaJ,0.9711
yqeU,0.9983
yrkO,0.9312
yrkQ,0.9666
yrkS,0.961
yqaB,0.8993
yqaE,1.04
yqdA,1.02
yqeW,0.8546
yqeY,0.9492
yqfA,0.5935
yqfC,0.766
phoH,1.02
yqfG,0.968
yshE,1.05
ysiA,1.04
etfB,1.04
xsa,0.9449
uvrC,0.8336
lysC,0.8704
relA,1.03
yrvJ,0.9797
hisS,0.9733
yrvM,1.11
yrzC,1.02
yrvP,1.11
sdhC,1.19
sdhB,1.09
gerE,1.01
racE,0.9799
rph,1.08
ysnB,0.9809
yrrB,0.9857
yrrD,0.9448
glnM,0.9449
glnQ,1.33
yrzB,1.02
lcfA,0.9224
ysiB,0.9908
etfA,0.9168
trxA,1.33
ask,0.8353
yslB,1.03
yrvI,1.02
yrzK,0.9532
aspS,0.943
yrvN,0.9192
yrvO,1.02
yrrA,0.9393
sdhA,1.12
ysmA,0.9573
ysmB,0.0
gerM,0.8052
ysnA,0.9465
ysnE,0.8586
yrrC,0.0
glnP,1.0
glnH,0.9212
yrrI,0.877
yrrK,0.9254
yrrL,0.0
ytkC,0.9876
ytlC,0.9923
ytlA,0.9135
ytmB,1.13
metK,1.03
ytnA,1.05
ytsP,0.9764
ytwP,0.9812
nifZ,1.02
sspA,1.14
ytcJ,1.08
yteI,1.08
ytpA,1.06
ytqA,0.9562
ytrA,0.8947
ytrC,1.04
ytrE,0.8681
ytsA,0.963
ytfI,0.975
ytxK,1.15
moaB,1.66
argH,2.56
ytkK,1.59
ytlI,0.9533
ytlD,0.902
ytlB,0.9319
ytmA,0.9238
pckA,0.9537
asnB,1.08
ytoA,1.05
ytvP,0.9772
braB,1.07
ytbJ,1.02
ytcI,0.0
ytdI,1.11
yteJ,0.9534
ytqB,0.9256
ytzC,0.9555
ytrB,0.99
ytrD,0.8917
ytrF,0.8058
ytsB,0.9146
ytgI,1.29
ackA,1.57
argG,2.71
ytzD,2.13
ytkL,1.46
ytmI,1.03
yurW,1.01
yurU,0.9501
yurS,0.881
yurQ,0.9038
yurO,0.6061
yurM,0.646
yufB,1.33
yufD,1.19
yufU,1.36
yufS,0.9586
yufQ,0.7918
yufO,0.0
yurK,0.7538
yurI,0.8889
yurF,1.01
yurD,0.9793
yunM,1.04
yunK,1.04
yufM,1.12
yuxK,1.15
yuxJ,1.02
kapB,0.9329
patB,1.04
yugF,0.8615
yurV,0.992
yurT,0.9908
yurR,0.9657
yurP,0.8799
yurN,0.5825
yurL,0.5926
yufC,1.26
yufV,1.3
yufT,0.0
yufR,0.8355
yufP,0.7587
yufN,0.6541
yurJ,0.631
yurH,0.7021
yurE,0.8981
yurB,0.9646
yunL,0.9812
yunJ,1.05
yufL,0.9864
pbpD,1.2
kapD,0.9083
kinB,0.9311
yugE,1.0
yugG,0.8347
yvcJ,0.948
yvcL,0.9478
yvcN,1.02
yvcQ,1.02
yvcS,0.9378
yvdA,0.9744
yvaO,1.03
yvzC,1.05
yvaL,0.9349
yvaJ,0.0
yvaG,1.01
yvaE,0.9237
yvdC,1.05
yvdE,0.9785
yvdG,0.9383
yvdI,1.0
yvdK,0.9486
yvdM,0.8353
yvaC,0.0
yvaA,2.89
yvgY,1.25
yvgW,0.0
yvgU,1.18
yvgS,0.8872
yvcK,0.9547
crh,0.9408
yvcP,0.9299
yvcR,0.9404
yvcT,1.95
yvdB,0.8759
yvaN,0.9073
yvaM,0.9023
yvaK,0.8719
yvaI,0.8983
yvaF,1.0
yvaD,0.9231
yvdD,1.03
yvdF,0.9414
yvdH,0.9142
yvdJ,1.01
yvdL,0.9913
clpP,1.17
yvaB,0.0
yvgZ,1.03
yvgX,0.0
yvgV,1.07
yvgT,0.8625
yvgQ,0.625
atpF,0.6961
atpA,0.7665
atpD,0.7617
ywmA,0.7363
ywmB,0.8915
spoIID,0.8292
ywtE,1.27
ywtG,1.03
gerBB,0.7873
pmi,0.9744
tagC,0.8784
tagA,0.7166
ywmE,1.03
narA,1.26
ywmF,0.9123
ureA,1.05
ureC,1.02
ywnB,0.9583
tagF,0.0
ggaA,0.9121
lytR,1.01
lytC,1.02
tuaB,0.8913
tuaD,0.8645
atpH,0.7381
atpG,0.6537
atpC,0.6188
ywzB,0.7739
murA,1.12
ywmC,0.8775
ywtF,1.05
gerBC,0.8927
gerBA,0.9125
lytD,0.9119
tagB,0.8349
tagE,0.9481
narQ,1.08
rapB,0.9068
ywmG,4.13
ureB,0.9771
ywnA,0.9453
ywnC,1.05
tagG,0.9731
yvyH,0.8759
lytB,0.9191
tuaA,0.8799
tuaC,0.9372
tuaE,0.8819
yxkA,0.9502
yxkC,0.9576
aldY,0.9757
msmX,1.0
yxzE,0.9201
yxkJ,0.9582
spsD,0.9324
spsG,0.9695
spsJ,1.06
yweA,1.22
rocA,0.7692
rocC,0.8651
cydB,0.9104
cydD,1.04
yxlA,0.0
yxlC,1.09
yxlE,1.21
yxlG,1.08
ywfB,1.0
ywfD,1.02
ywfF,1.01
ywfH,1.12
pta,1.82
ywfL,0.9898
galE,0.9387
yxkD,0.8964
yxkF,0.9143
yxkH,1.03
yxkI,1.11
cydA,0.9644
spsE,0.9555
spsI,1.03
spsK,0.8901
yweB,1.02
rocB,0.7673
ywfA,0.8701
cydC,1.01
yxkO,1.09
sigY,1.01
yxlD,1.05
yxlF,0.9045
yxlH,1.06
ywfC,1.01
ywfE,0.9037
ywfG,0.8375
ywfI,0.9326
ywfK,0.9539
ywfM,1.02
yyaH,1.13
yyaJ,0.9542
yyaL,1.04
yyaN,0.92
tetL,1.0
yyaP,0.9652
yxbD,0.9979
yxbF,1.02
yxcA,1.08
yxcC,1.33
yxcE,1.02
iolR,1.1
yyaR,0.9115
yyaT,0.918
yybB,0.9834
yybD,0.9561
yybF,0.9156
yybI,0.8309
iolB,0.9735
iolD,1.0
iolF,1.05
iolH,1.15
iolJ,1.14
yxdK,1.04
yyaI,1.06
yyaK,0.9476
yyaM,0.9563
yyaO,0.9816
tetB,0.8852
yyaQ,0.9422
aldX,0.8998
yxbG,1.11
htpG,1.11
yxcD,1.14
iolS,1.21
iolA,0.9449
yyaS,0.8716
yybA,0.9253
yybC,0.8798
yybE,0.8332
yybG,0.8608
yybJ,0.7406
iolC,0.9597
iolE,0.9837
iolG,0.9402
iolI,0.9259
yxdJ,0.9057
yxdL,0.9233
yeeF,1.2
purQ,2.58
ydgJ,1.11
pbpC,1.03
srfAC,1.04
ycgI,0.9685
yknT,0.9822
ptsI,0.0
ykvU,1.04
ykzE,0.8697
yjdH,0.7879
yhdN,1.27
yczC,1.07
lmrA,1.02
ybgB,0.9484
ybdD,1.04
fus,1.03
yfiX,0.9571
yfkF,1.17
treA,0.0
yflP,0.8937
yesY,1.11
yddN,0.9441
yerP,1.11
ydjD,0.757
yddE,0.9475
yclG,0.8767
nasB,0.975
ycdB,0.9433
patA,0.9186
ykvW,0.9604
ykrP,1.0
ykoY,0.9699
yhaP,1.09
yhbB,0.9435
yccC,0.898
ybgE,0.6761
ybgA,0.8263
rpmD,0.9295
rpoB,1.08
clpC,0.8925
yfiB,1.08
yfkI,1.74
yflH,1.03
yetM,0.9208
cotJC,0.4874
yddK,0.0
yabD,1.05
yurG,1.05
ytqD,1.12
acuB,1.07
dnaE,1.01
levR,1.03
yqzC,1.14
yaaO,0.8698
ypbG,0.9139
ypvA,1.23
cgeB,1.12
yloB,0.9142
glcT,1.1
yjcD,1.02
metS,1.12
ythC,0.978
ytpB,0.9778
ytoI,1.01
yrhJ,1.23
yqxH,0.9615
bmrU,1.05
yaaN,0.7185
qcrB,0.8648
yosO,0.9033
ylqF,0.9601
spoVD,0.935
yjgC,1.48
yjaX,0.9496
rplO,0.972
rplR,0.8175
rpsH,0.8815
rplE,0.0
rplN,0.8949
rpmC,0.7453
xpaC,0.7908
bofA,1.09
recR,0.9614
dnaX,0.9014
yaaI,0.9025
rpsC,0.0
rpsS,0.0
rplW,0.0
rplC,0.0
ybaC,0.7032
rpsG,0.9948
serS,0.9326
yaaD,1.19
guaB,1.3
gyrB,0.9461
recF,0.9148
rpsE,0.0
rplF,0.0
rpsN,0.8821
rplX,0.0
rpsQ,0.0
rplP,0.0
csfB,0.9834
yaaL,1.02
yaaK,1.01
yaaJ,0.9079
yaaH,0.8537
rplV,0.0
rplB,0.0
rplD,0.0
rpsJ,0.8854
tufA,0.9371
rpsL,0.0
yaaE,1.01
dacA,0.9456
yaaC,0.8513
yaaB,0.8358
yaaA,0.9942
yclA,0.9289
yckJ,1.21
yczE,0.9503
ycxD,0.9293
ycxB,0.8783
srfAD,0.9813
ycbD,0.9818
ycbA,0.8705
ybgH,0.8034
ybgF,0.8185
ybfP,0.842
ybfN,0.8602
yckH,0.9302
yckF,0.9369
nucA,1.08
yckE,0.9271
yckC,0.9811
yckA,0.9566
ybfM,0.8675
ybfK,0.8578
purT,1.1
ybfH,0.9292
ybfF,0.9934
ybfB,0.8659
yckK,1.15
yckI,1.17
sfp,1.0
ycxC,0.9526
ycxA,0.9068
comS,0.9809
ycbB,0.9292
ybgJ,0.9053
ybgG,0.984
ybfT,1.08
ybfO,0.7539
psd,0.8692
yckG,0.8888
tlpC,0.9195
nin,1.07
yckD,0.8581
yckB,0.9486
yciC,1.12
pssA,0.7967
ybfJ,0.8138
ybfI,0.8751
ybfG,0.8787
ybfE,0.8197
ybfA,0.812
ydhD,0.0
ydgK,1.03
ydgH,0.0
dinB,0.0
expZ,0.9564
ydgD,1.1
rsbS,1.05
ydcE,1.02
dal,1.17
ydcB,0.9673
ydbS,1.06
murF,0.948
ydgB,0.8986
ydfT,0.8692
ydfR,0.0
ydfQ,0.9038
ydfO,1.01
ydfM,1.12
ydbP,1.43
ydbM,0.9689
ydbK,0.9931
ydbI,1.02
ydbF,1.11
ydbD,2.12
ydhC,1.16
ydgI,1.04
ydgG,1.01
ydgF,0.9553
ydgE,1.11
ydgC,0.9946
rsbR,0.9778
ydcD,1.02
ydcC,0.9448
ydbT,0.9339
ydbR,0.9551
ddlA,0.8841
ydgA,0.8893
ydfS,0.8925
ydzH,0.9471
ydfP,0.991
ydfN,0.9166
ydfL,0.9252
ydbN,0.7445
ydbL,0.9811
ydbJ,0.9304
ydbG,1.02
ydbE,0.9998
ydbC,1.41
yfkM,4.17
treR,1.21
yfkQ,0.9537
yfkS,1.1
yflA,1.33
yflC,1.04
yefB,0.9695
yerQ,1.05
yerN,0.9734
yerL,1.03
sapB,0.0
yerH,0.9648
yflE,1.3
yflG,0.9189
yflJ,1.03
yflL,1.1
yflN,0.0
citT,0.8508
yerF,1.12
yerD,1.13
yerA,1.12
yezC,1.02
purH,1.19
purM,1.53
yfkO,1.01
treP,0.9923
yfkR,1.08
yfkT,1.3
yflB,1.08
yflD,0.0
yefA,1.08
yerO,0.9319
yerM,1.1
opuE,0.9675
yerI,0.9528
yflF,0.9452
yflI,1.0
yflK,0.8537
yflM,0.9399
citM,0.928
citSc,0.0
yerE,0.9804
yerB,0.839
yecA,0.803
purD,0.9172
purN,1.25
purF,1.57
yhaL,1.03
yhaN,0.9672
yhaS,0.924
yhaU,1.01
yhaW,1.08
yhaY,1.17
ygaO,1.49
ygaN,1.0
ygbA,0.9786
katA,0.9639
ygaK,0.9247
ygaJ,0.9556
yheA,1.13
yheD,1.07
sspB,1.13
yheG,1.15
yheK,0.9683
yheN,0.8762
ygaI,0.816
ygaH,0.9082
ygaF,0.969
ygaE,0.9766
ygaC,1.01
sspE,1.13
yhaM,0.9702
yhaO,1.02
yhaT,1.05
yhaV,1.03
yhaX,0.9241
yhaZ,0.982
yhzA,1.31
ygcA,1.0
ygaL,0.8846
senS,0.8782
thiA,0.8722
ygzA,0.8212
yheB,1.02
yheE,0.9518
yheF,0.9
yheI,0.9535
yheM,0.839
yhdZ,0.9371
ygxA,1.3
ygaG,0.7777
gsaB,0.8909
ygaD,1.01
ygaB,1.01
yfhR,0.9622
yjdA,1.25
yjcR,0.9331
yjcP,0.8723
yjcN,0.9844
yjcL,0.9356
yjcJ,0.9205
yitI,0.9645
yitG,0.9224
yitE,0.9456
yitC,0.8715
yitA,0.7847
yisX,0.9946
yjcH,1.49
yjcF,1.34
yjcC,1.0
yjcA,0.9658
cotW,0.9598
cotY,0.8702
yisV,0.9972
yisT,0.9743
degA,1.09
yisQ,1.08
yisO,0.9421
yjcS,1.25
yjcQ,0.928
yjcO,0.0
yjcM,1.17
yjcK,0.8689
yjcI,0.9507
yitH,1.0
yitF,0.9699
yitD,0.8623
yitB,0.878
yisY,0.8572
yisW,0.9589
yjcG,1.34
yjcE,1.21
yjcB,1.04
cotV,0.8655
cotX,0.8462
cotZ,0.8057
yisU,1.03
yisS,0.9578
yisR,1.07
yisP,1.08
yisN,0.9262
yisL,1.22
ykuG,0.926
ykuE,1.11
ykuC,1.15
kinA,0.9928
ykwD,0.8738
ykwB,0.7444
ykfC,0.7217
ykfA,0.7073
dppD,0.7591
dppB,0.8071
ykeA,1.17
ykcC,0.927
splA,0.861
ykvZ,1.02
ykvV,0.9545
ykvS,1.2
ykvQ,0.9452
ykvO,0.8838
ykcA,1.13
ykaA,1.21
spoIISA,1.05
xhlB,1.22
xkdY,1.06
xkdW,1.05
ykuF,0.0
ykuD,0.0
ykyB,1.47
ykwC,1.13
splB,0.8301
ykfB,0.7034
dppE,0.5665
dppC,0.0
dppA,0.6864
htrA,1.01
ykcB,1.07
ptsG,0.8755
ykvY,1.14
ykvT,1.05
ykvR,0.8494
ykvP,0.9401
ykvN,0.9374
ykbA,1.46
ykaB,1.12
xlyA,0.9368
xhlA,0.9442
xkdX,0.0
xkdV,1.77
smf,1.03
sucC,1.31
ylqG,0.9026
rplS,0.9118
ylqE,0.882
ylqC,0.9
rpmF,0.8571
ylbM,0.9561
ylbK,1.02
ylbI,1.17
ylbG,1.14
ylbE,0.9604
ylxM,0.8572
ftsY,0.9306
rncS,0.7733
fabG,0.9255
plsX,0.8179
ylpB,1.02
ylbC,1.34
ylbA,1.13
ctaF,0.8424
ctaD,0.8623
ctaB,0.8743
ylaO,0.9741
sucD,1.2
ylqH,0.6524
rnh,0.9558
trmD,0.9274
ylqD,0.9351
rpsP,0.9386
ylbN,0.8648
ylbL,1.03
ylbJ,1.03
ylbH,1.11
ylbF,1.11
ylbD,0.9318
ylqB,0.8042
acpA,0.8907
fabD,0.8827
ylpC,0.7185
ylpA,0.9211
ylbB,0.7886
ctaG,0.7252
ctaE,0.7103
ctaC,0.6815
ctaA,0.749
ylaN,0.7148
yngD,0.9599
yngA,1.01
ynfF,1.0
bglC,0.9792
ynfC,0.8087
grlB,1.19
pksI,0.9041
pksG,0.9622
pksE,1.17
pksC,1.16
pksA,0.9662
mutL,0.9966
yneS,0.8388
yneQ,1.36
tlp,1.14
citB,0.0
cotL,0.9507
yneK,0.9457
cotE,0.9947
ymcB,1.27
tdh,1.05
ymdB,1.08
pbpX,1.03
cinA,1.13
yngC,1.02
xynD,1.09
ynfE,1.07
alsT,0.9482
grlA,1.13
yneT,1.58
pksH,0.9808
pksF,0.9555
pksD,1.13
pksB,0.9582
ymcC,0.9289
mutS,1.03
yneR,1.07
yneP,1.21
yneN,1.04
cotK,0.9471
cotM,0.9646
yneJ,0.993
ymcA,1.08
kbl,0.9427
spoVS,0.9301
ymdA,0.83
recA,0.9058
pgsA,1.11
yorR,1.0
yorT,1.01
yorV,0.9933
yorX,1.03
yorZ,1.07
yosB,1.0
yocJ,0.9531
yocH,1.14
yocF,0.5364
yocD,1.0
yocB,2.46
yocA,1.1
yosD,0.9268
yosF,1.09
yosH,0.9797
yosJ,0.9455
yosL,0.9598
yosP,0.8434
yobW,0.9509
yobU,0.9344
yobS,0.9369
yobQ,0.9413
yobO,0.9199
yobM,0.8419
yorS,1.09
mtbP,0.9869
yorW,1.14
yorY,0.988
yosA,0.9928
yosC,0.0
yocI,0.8108
yocG,0.5872
yocE,0.3503
yocC,0.6896
yozB,0.5729
yozA,1.0
yosE,0.9223
yosG,0.9189
yosI,0.95
yosK,0.9411
yosM,1.05
yosQ,0.9145
yobV,0.9132
yobT,0.8781
yobR,0.834
csaA,0.8551
yobN,0.9187
yobL,0.0
yppD,1.1
yppF,1.64
ypqE,1.45
yprB,1.01
ypsA,0.9826
ypsC,1.12
yomP,1.02
yomR,0.9771
yomT,1.01
yomV,0.9888
yomX,0.9359
yomZ,0.984
kduD,1.07
kdgR,1.12
kdgA,1.2
ypwA,1.33
pbuX,1.86
ypbQ,1.05
yonB,0.9768
yonD,0.0
yonF,0.95
yonH,0.9824
yonK,0.9121
yonO,0.8637
yppE,1.09
yppG,0.9652
cotD,1.05
ypsB,1.4
yptA,0.0
yomQ,0.9664
yomS,0.9291
yomU,1.01
yomW,0.9309
yomY,0.9524
yonA,1.03
kduI,1.08
kdgK,1.09
kdgT,1.21
xpt,1.67
bcsA,0.9076
ypbS,1.06
yonC,0.9267
yonE,0.8167
yonG,0.8678
yonI,1.2
yonN,0.8645
yonP,1.14
yqiD,1.27
yqxC,1.31
recN,1.12
spo0A,1.08
yqiH,0.9611
yqiK,1.24
ribG,1.01
ribA,1.09
ribT,1.06
ypuG,0.9886
ypuI,1.09
spmA,1.01
mmgB,1.08
mmgD,1.07
yqiQ,1.05
yqiR,1.03
yqiT,1.16
yqiV,1.17
ypuL,0.9881
resB,1.02
resD,0.7368
sigX,1.24
aroC,1.06
ypzE,0.8776
yqiE,1.55
ahrC,1.31
spoIVB,0.9953
yqiG,1.33
yqiI,1.03
ribB,1.0
ribH,0.968
ypuF,0.9057
ypuH,0.9372
dacB,0.8262
spmB,0.8979
mmgC,0.8542
mmgE,1.07
yqzF,1.14
yqiS,1.08
yqiU,1.09
bfmBAA,1.04
resA,0.889
resC,0.8522
resE,0.6478
ypuN,0.9477
serA,0.9414
ypaA,0.9235
yqaG,0.9938
yqaI,1.08
yqaK,0.9521
yqaM,0.9648
yqaO,0.9674
yqaQ,0.9193
dgkA,0.9819
bex,0.8966
glyQ,1.02
yqzB,1.11
yqxD,1.06
sigA,1.08
yqaS,0.9089
yqbA,0.9976
yqbC,1.33
yqbE,0.9742
yqbG,1.03
yqbI,1.02
yqfN,1.08
yqfP,1.15
yqfR,0.9572
yqfT,1.04
yqfV,1.02
yqfX,0.8907
yqaH,0.8619
yqaJ,1.13
yqaL,0.9296
yqaN,0.9902
yqaP,1.17
yqaR,1.08
cdd,0.9059
yqxN,0.8934
glyS,1.02
yqfL,1.1
dnaG,1.05
cccA,0.9906
yqaT,0.9447
yqbB,0.9885
yqbD,0.9579
yqbF,1.06
yqbH,0.9702
yqbJ,0.9861
yqfO,0.9864
yqfQ,1.03
yqfS,0.8837
yqfU,0.7264
yqfW,0.9534
yqfZ,0.9884
ysnD,0.8151
ilvN,0.5202
leuA,0.5724
leuC,0.5861
ysoA,0.8098
clpX,1.28
yrrM,0.977
yrrO,0.9982
greA,1.14
yrrS,0.9822
yrrT,0.9402
yrhA,0.9691
ysxD,1.02
hemX,0.7527
hemD,0.7583
hemL,0.8712
ysxE,0.9102
yrhD,1.06
yrhG,1.2
yrhH,0.8677
yrhK,1.08
yrhM,1.0
yrhO,1.08
ilvB,0.6201
ilvC,0.7139
leuB,0.5922
leuD,0.6694
tig,1.13
lonB,0.9634
yrrN,1.05
udk,0.9197
yrrR,0.9021
yrzA,1.08
yrrU,1.04
yrhB,0.996
ysxC,1.08
hemA,0.7948
hemC,0.7616
hemB,0.724
spoVID,0.8017
yrhF,1.14
yrzI,0.9993
yrhI,1.02
yrhL,0.9066
sigV,0.9399
levD,1.1
ytsC,1.03
yttA,1.23
ytvA,0.9717
leuS,1.06
melA,0.8535
amyD,0.8616
ytmJ,0.9728
ytmL,1.02
hisP,1.17
ytnJ,1.09
hipO,1.12
ytqI,1.16
msmR,0.9202
bioW,0.8701
bioF,0.9403
bioB,0.8969
ytbQ,0.883
ytcQ,1.01
ytsJ,0.9669
pfk,1.21
ytwI,0.9604
citC,1.07
phoP,1.14
yttB,1.02
ytvB,0.0
ytwF,1.35
amyC,0.9165
msmE,1.11
ytmK,1.07
ytmM,1.07
ytnI,1.0
ribR,1.14
ytpI,1.01
ytrI,0.918
ytaP,0.8549
bioA,0.9157
bioD,0.8748
bioI,0.879
ytcP,0.8757
ytdP,0.0
yttI,0.9733
ytvI,0.8942
citZ,0.8824
citH,0.9027
phoR,1.05
mutM,1.05
yunI,1.03
yunG,1.2
yunE,1.07
yunC,1.19
yunA,0.8923
yutC,0.9295
yugH,0.8927
yuzA,1.18
yugK,1.22
yugM,1.04
yugO,1.07
yugS,1.04
yutE,1.18
yutG,0.7251
hom,0.4988
thrB,0.4803
yutI,1.16
yutJ,1.29
yugU,1.34
mcpB,0.9664
mcpA,0.9757
yuxG,0.9936
yulC,0.0
yulE,0.9702
yunH,1.06
yunF,1.21
yunD,1.15
yunB,0.9952
yutB,1.31
yutD,1.07
yugI,0.9223
yugJ,1.87
pgi,1.2
yugN,1.06
yugP,1.13
yugT,1.05
yutF,0.942
yutH,0.7175
thrC,0.4917
yuxL,0.7376
yuzD,1.03
yuzB,0.9364
tgl,0.9097
tlpA,0.0
tlpB,0.9228
yulB,1.04
yulD,1.07
yulF,1.22
yvdO,0.9342
yvdQ,1.09
yveA,0.8895
racX,0.9397
yveG,0.9862
slr,0.9236
yvgO,0.8098
yvgM,1.06
yvgK,1.05
yvsG,1.13
fhuD,0.7563
fhuG,0.986
yveN,1.0
yveP,1.08
yveR,1.03
yveT,0.9944
yvfB,1.01
yvfF,1.06
yvrP,1.24
yvrN,1.11
yvrL,1.01
yvrI,0.9318
yvrG,1.08
yvrD,1.22
yvdP,0.987
yvdT,1.01
pbpE,0.9922
yveF,1.07
padC,0.9509
yveL,1.0
yvgN,1.47
yvgL,1.01
yvgJ,1.17
yvsH,1.04
fhuB,0.8238
fhuC,0.7474
yveO,0.9531
yveQ,0.9736
yveS,0.933
yvfA,0.9173
yvfD,0.9653
yvfG,0.9446
yvrO,0.9875
yvrM,0.9588
yvrK,0.9482
yvrH,1.05
yvrE,1.29
yvrC,1.08
mta,0.0
ywnF,1.05
spoIIQ,0.9773
ywoA,0.8899
nrgA,1.09
ywoC,1.08
tuaF,0.9373
tuaH,0.9316
yvhJ,1.09
degS,0.9839
comFA,1.14
comFC,1.03
ywoE,0.8783
ywoG,0.9231
usd,1.01
mbl,0.8924
flhP,0.8015
ywpB,1.16
flgM,0.9435
flgK,1.12
yviE,0.876
csrA,0.9976
yvyC,0.8732
fliS,0.8815
ywnE,1.03
ywnH,1.06
ywnJ,0.8762
nrgB,1.93
ywoB,0.9886
ywoD,1.0
tuaG,0.896
tagO,0.8369
yvyE,0.8541
yviA,0.9527
comFB,1.0
yvyF,0.8138
ywoF,1.09
ywoH,0.9168
spoIIID,0.8454
flhO,0.6872
rapD,0.8936
ywpC,0.9528
yvyG,0.8665
flgL,0.9658
yviF,0.901
hag,0.8047
fliD,0.7855
fliT,0.8127
katX,0.8572
yxzF,0.9948
licB,1.01
licA,0.8909
ywaA,0.7574
dltD,0.9953
ywfN,1.0
ywfO,1.21
ywgB,0.9726
thrZ,0.7382
ywhB,1.31
ywhD,0.7678
dltB,0.0
ywaB,1.03
ywaD,0.8925
ywaE,0.8648
gspA,2.71
sacX,0.0
ywhF,1.47
ywhH,0.9651
rapF,0.9899
ywhL,1.03
ywhN,0.0
ywhP,1.27
yxlJ,1.42
licR,1.06
licC,1.02
licH,0.9144
dltE,1.06
dltC,1.02
ywzC,1.13
ywgA,1.27
mmr,0.8718
ywhA,0.7155
ywhC,0.772
ywhE,0.8788
dltA,1.01
ywaC,0.8656
tyrZ,0.8926
ywaF,0.9796
sacY,1.14
epr,0.7708
ywhG,1.19
phrF,1.03
ywhK,0.827
ywhM,1.08
ywhO,1.06
ywhQ,1.56
yybK,0.9129
yybM,0.9338
yybO,0.9482
yybQ,1.25
cotF,0.9155
yybT,1.0
yxdM,0.9776
yxeB,0.8211
yxeD,0.9919
yxeG,1.94
yxeI,0.9179
yxeK,0.7352
yycA,0.0
yycC,1.28
yycD,1.83
yycE,1.05
yycF,1.06
yycH,0.9626
yxeM,0.5784
yxeO,0.5108
yxeQ,0.7823
yxxB,1.06
nupC,0.9316
hutM,0.8746
yybL,0.0
yybN,0.889
yybP,0.9688
yybR,0.9791
yybS,1.01
rplI,0.9302
yxeA,0.9916
yxeC,1.02
yxeE,1.17
yxeH,1.28
yxeJ,0.8361
yxeL,0.5398
yycB,1.07
yyzB,0.9255
dnaC,1.02
purA,2.57
yycG,0.9329
yycI,0.8833
yxeN,0.4678
yxeP,0.5376
yxeR,0.8972
deoR,0.9883
pdp,0.9646
hutG,0.845
lysS,1.12
mfd,0.0
gyrA,0.9371
lytA,1.02
yvlD,0.9192
yukF,1.02
rsbV,0.0
ydbO,0.0
ycsG,0.0
phrC,1.16
lmrB,1.15
pcp,1.01
ytfJ,1.07
ytzA,1.07
yraA,1.45
yqfY,1.26
yonJ,0.8772
yodB,1.05
ycbM,1.2
ybfS,1.16
ybfQ,0.9851
ybeC,0.0
ybdG,0.9139
ybbA,1.0
ftsH,1.18
yabK,1.22
ywjF,1.11
ywlC,1.05
yveK,1.06
glgP,1.12
ydcA,0.8012
ycnB,0.913
yceH,0.838
ycbU,0.9958
ycbR,1.03
accA,1.03
yrhP,1.05
yqbO,0.989
ypqA,0.9486
yosW,0.9493
ppsD,1.33
ycbC,0.0
gltP,0.8563
mpr,0.7733
ybdN,0.9027
ybdB,0.8723
yabE,1.05
yaaG,0.9448
yisD,1.04
yhjP,1.05
yhfR,1.12
yheH,1.07
yfhQ,1.31
ydcI,1.29
dnaN,0.963
srfAB,1.03
opuAA,1.27
ybdO,0.9522
yabN,1.27
asnH,0.0
ywbN,0.8886
yaaF,0.9412
addB,1.2
yhjB,1.01
yheC,0.9691
yheL,1.02
yesN,1.03
yclF,0.7742
dnaA,1.06
amhX,0.9248
ycbT,1.01
feuC,0.9228
gidA,1.1
yxnB,0.6513
spsF,0.0
