ybeF,0.9535
glpQ,0.8705
ybdT,0.7791
ybxH,0.7861
ybdM,0.8131
ybdK,0.9745
ybxF,0.8199
rplJ,0.8967
rplK,0.9236
rpmG,0.8612
yacP,0.6669
rplL,1.03
ybdE,0.9396
ybcT,0.979
ybcQ,1.06
ybcO,1.12
ybcL,0.8807
ybcH,0.9425
cysE,0.7128
yacN,0.8461
yacL,0.8146
sms,0.781
yacH,0.849
glpT,0.8876
ybyB,0.8668
ybxI,0.8332
csgA,0.8504
ybdL,0.8769
ybdJ,0.9834
ybxB,0.9539
rplA,1.01
nusG,0.9213
sigH,0.8378
yacO,0.7376
ybdA,1.05
ybcS,1.1
ybcP,1.13
ybcM,1.18
ybcI,1.17
ybcF,1.04
gltX,0.9895
yacM,0.8355
yacK,0.8392
yacI,0.0
ctsR,0.0
ydbB,1.0
ydbA,0.8667
ydaS,0.8393
ydaQ,0.7222
mutT,0.0
ydaN,0.7204
yciB,1.02
nasA,0.8953
nasD,0.8286
nasF,0.8981
ycgS,0.8903
ycgQ,0.8547
ydaL,0.8303
ydaJ,0.8474
lrpC,0.8667
ydaH,0.8804
ydaF,0.8727
ydaD,0.8882
ycgO,0.8132
ycgM,0.8621
cah,0.8686
ycgJ,0.8543
tmrB,0.9087
ycgH,0.9294
gsiB,0.9927
ydaT,0.8789
ydaR,0.9246
ydaP,0.8992
ydaO,0.8877
ydaM,0.9097
yciA,1.1
nasC,0.9006
nasE,0.7279
ycgT,0.9199
ycgR,0.9103
ycgP,0.8722
ydaK,1.18
ydzA,0.9083
ydaG,0.9927
ydaE,1.03
ydaC,1.09
ycgN,0.9656
ycgL,0.9108
ycgK,0.9939
aroI,1.01
nadE,1.02
ycgG,1.04
purL,0.7977
purC,0.9141
purK,0.7619
yebG,0.7534
yebE,0.6402
yebC,0.7677
ydfK,0.0
ydfJ,0.8706
ydfH,0.9152
ydfF,1.0
ydfD,0.8966
ydfB,0.8863
guaA,0.8677
yeaD,0.8207
yeaB,0.7949
yeaA,0.7044
ydjO,0.758
ydjM,1.08
ydeT,0.979
ydeR,0.917
ydeP,0.9151
ydzF,0.9064
ydeM,0.9298
ydeK,0.0
yexA,0.8531
purB,0.9412
purE,0.9054
yebF,0.7591
yebD,0.9302
yebB,0.8015
nap,0.9536
ydfI,0.9102
ydfG,1.08
ydfE,1.04
ydfC,1.04
ydfA,1.12
yebA,0.9548
yeaC,1.05
gabP,1.04
ydjP,0.7811
ydjN,1.03
ydjL,1.17
ydeS,0.9987
ydeQ,0.9591
ydeO,0.9272
ydeN,1.11
ydeL,1.14
ydeJ,1.17
yfhS,0.7831
yfhO,0.0
yfhM,0.7384
yfhK,0.7716
yfhI,0.0
yfhG,0.6746
yflS,1.01
yflT,1.02
yfmC,1.14
yfmE,0.968
yfmG,1.43
yfmI,0.952
yfhE,0.8858
yfhC,0.9564
yfhA,0.8863
yfiY,0.8988
yfiV,0.0
yfiT,0.9359
yfmK,0.9713
yfmM,0.8872
yfmO,0.9061
yfmQ,0.866
yfmS,0.8026
yfnA,0.9071
yfhP,1.06
csbB,1.01
yfhL,0.8782
yfhJ,1.08
yfhH,0.9433
yfhF,0.0
pel,1.82
yfmA,1.09
yfmD,1.08
yfmF,0.9668
yfmH,1.24
yfmJ,0.9205
yfhD,0.9877
yfhB,1.04
yfiZ,1.03
yfiW,0.9673
yfiU,0.9556
yfiS,1.15
yfmL,1.09
yfmN,1.14
yfmP,0.8711
yfmR,0.9688
yfmT,1.05
yfnD,1.1
yisK,0.9103
yisI,0.9008
yisG,0.867
yisE,0.814
yisB,0.6832
addA,0.7767
yhdY,0.789
yhdW,0.8255
yhdU,0.8983
yhdS,0.8801
yhdQ,0.9576
yhdO,0.7795
yhjQ,0.865
yhjM,0.0
yhjK,0.0
yhjI,0.8412
yhjG,0.8145
yhjE,0.8344
yhdL,0.894
yhdJ,0.8767
yhdH,0.8601
yhdF,0.8648
citR,0.8963
phoA,0.8959
yisJ,0.9577
yisH,0.993
yisF,0.9124
yisC,0.8827
sbcD,0.8257
yhjR,0.0
yhdX,1.03
yhdV,0.9629
yhdT,0.9185
yhdR,0.9415
yhdP,0.9477
yhdM,0.8897
yhjO,0.0
yhjL,1.05
yhjJ,1.01
yhjH,1.19
sipV,0.8563
yhjD,0.9334
yhdK,0.9444
yhdI,1.18
yhdG,1.19
citA,1.01
lytE,1.02
spoVR,1.24
xkdU,0.0
xkdS,0.0
xkdQ,0.0
xkdN,0.0
xkdK,0.0
xkdI,0.5932
yjbX,0.835
yjbV,0.8819
yjbT,0.7121
yjbR,0.9824
tenA,0.9548
yjbP,0.8669
xkdG,0.8167
xkdE,0.7964
xpf,0.8875
xkdD,0.8849
xkdB,0.8729
xkdA,0.8808
yjbN,0.8687
yjbL,0.8916
yjbJ,0.817
yjbH,0.971
yjbF,1.02
yjbE,0.9144
xkdT,1.1
xkdR,0.8509
xkdP,0.9001
xkdM,0.7414
xkdJ,0.947
xkdH,0.812
yjbW,0.7791
yjbU,0.9523
yjbS,0.9556
tenI,0.9488
yjbQ,1.02
yjbO,0.8964
xkdF,0.0
xtmA,0.0
xtrA,0.0
xkdC,0.0
xre,1.07
yjqC,0.9467
yjbM,1.04
yjbK,1.0
yjbI,0.98
yjbG,0.0
mecA,1.35
yjbD,0.9084
ylaM,0.8617
ylaK,0.8965
ylaH,0.8136
ylaF,0.8599
ylaD,0.758
ylaB,0.7829
ykvM,0.7531
ykvK,0.8113
ykvI,0.0
motA,0.7375
ykvE,1.0
eag,0.0
nprE,0.8737
ykzC,0.9188
ykzI,1.04
yktA,0.8482
slp,0.9124
pdhC,1.02
ykvA,0.8976
ykrY,0.948
ykrW,0.9558
ykrU,0.9574
ykrS,1.18
ykrQ,1.05
ylaL,0.9121
ylaJ,1.19
ylaG,0.946
ylaE,1.13
ylaC,0.9177
ylaA,0.9413
ykvL,0.9757
ykvJ,0.0
clpE,0.8461
motB,0.7635
ykvD,0.9782
spo0E,0.0
yktD,0.9629
yktC,1.06
yktB,0.9989
cad,1.04
pdhD,0.9823
pdhB,1.17
ykrZ,0.9337
ykrX,1.12
ykrV,0.7839
ykrT,1.47
dat,0.0
ykrM,0.0
ymfM,0.987
ymfK,0.9059
ymfI,0.0
ymfF,0.82
ymfD,0.9965
spoIIIE,0.7846
yloW,0.7865
yloU,0.7424
spoVM,0.9329
yloR,0.0
ymfA,0.8416
dapG,0.9818
spoVFB,0.9087
ymxH,0.8542
ylxY,0.9649
ribC,0.8772
fmt,0.8565
priA,0.8255
yloH,0.8613
yloC,0.8399
ylnF,0.9064
ylnD,0.8784
ymfL,0.0
ymfJ,0.9331
ymfH,1.38
ymfE,1.11
ymfC,0.8912
ymfB,0.7912
yloV,0.9115
rpmB,1.02
yloS,0.8729
yloQ,0.8997
yloO,0.874
yloM,0.9547
dapA,1.07
asd,1.0
spoVFA,0.9118
ymxG,0.978
rpsO,0.0
truB,0.9369
def,0.9417
yloI,0.9167
yloD,0.0
yloA,1.06
ylnE,0.9565
ylnC,0.877
yobK,0.8967
yobI,0.8272
yozL,0.912
yobH,0.0
rapK,0.9416
yobF,0.8395
yneI,0.0
ynzD,0.9668
yneE,0.9172
ynzC,0.9106
yneA,0.0
yndN,0.7495
yozI,0.9238
yobD,0.909
pps,0.8977
yobA,1.01
yoaZ,0.9992
yoaV,0.9624
yndL,0.9015
yndJ,0.9494
yndG,0.9757
yndD,0.9254
yndB,0.9525
ynzA,0.0
yobJ,0.8715
yozM,1.02
yozK,0.9981
phrK,1.1
yozJ,1.11
yobE,1.08
ccdA,0.9933
yneF,0.9341
tkt,0.9782
yneB,0.9258
lexA,0.0
yndM,0.0
yozH,1.01
xynA,1.01
yobB,0.0
penP,1.24
yoaW,1.21
yoaU,0.0
yndK,0.993
yndH,0.8949
yndE,1.09
ynzB,0.0
yndA,0.0
cotC,0.0
yonR,0.8857
yonT,0.8114
yonV,0.6969
yopA,0.776
yopC,0.7533
yopE,0.7316
yosR,0.7889
yosT,0.0
yosV,0.8726
yosZ,0.8323
yotB,0.0
yotD,0.8662
yopG,0.9162
yopI,0.9652
yopK,0.7008
yopM,0.8416
yopO,0.0
yopQ,0.9423
yotF,0.9827
yotH,1.01
yotJ,1.01
yotL,0.953
yotN,0.9063
yodV,0.9529
yonS,1.04
yonU,0.8826
yonX,0.9626
yopB,1.05
yopD,0.9272
yopF,0.8996
yosS,0.9762
yosU,1.02
yosX,1.08
sspC,0.9799
yotC,0.0
yotE,0.9971
yopH,1.0
yopJ,0.9077
yopL,0.9095
yopN,0.9333
yopP,0.9657
yopR,1.09
yotG,1.11
yotI,1.2
yotK,1.12
yotM,0.0
yodU,1.1
cgeA,0.9558
fer,0.8754
recQ,0.9489
ypbE,0.8802
ypbH,0.9242
ypdA,0.8604
sleB,0.7478
ypcP,0.85
ypdP,0.8898
ypeQ,0.9729
degR,0.8102
ypfP,0.9702
bsaA,0.9778
ypfA,0.8965
cmk,0.9908
ypgA,0.9392
yphB,0.8736
gpsA,0.8584
yphF,0.8923
ypgR,0.9739
yphP,0.9489
ypjP,0.8833
thyB,0.9794
ypkP,0.863
yplP,0.7136
ypbB,0.9948
ypbD,0.8975
ypbF,0.9391
ypcA,0.9702
ypdC,0.8899
ypeB,0.936
ypdQ,1.07
ypeP,1.04
ypzA,0.8564
cspD,0.8735
metB,1.12
ypgQ,1.11
ypfB,1.0
ypfD,1.11
yphA,0.9599
yphC,0.9258
yphE,0.9546
spoIVA,0.9497
ilvD,1.01
ypiP,0.9661
ypjQ,0.9584
dfrA,1.12
yplQ,0.7876
ilvA,1.0
yqgA,1.08
yqgC,0.9308
yqgE,0.8712
yqgG,0.8204
yqgI,0.8558
yqgK,1.05
bfmBAB,0.7901
bmrR,0.8088
yqiW,0.8652
yqiY,0.8956
yqjA,0.855
yqjC,0.9074
yqgL,0.903
yqgN,0.9348
yqgP,0.0
glcK,0.5408
yqgU,0.0
yqgW,0.9678
yqjE,0.9151
yqjG,0.8834
yqjI,1.1
yqjK,1.02
yqjM,1.03
yqjO,0.9952
yqgB,1.01
sodA,1.14
pbpA,1.02
yqgH,0.9586
yqgJ,0.9304
yqzD,0.9866
bfmBB,0.8893
bmr,0.8995
yqiX,0.9404
yqiZ,0.911
yqjB,0.8443
yqjD,0.9211
yqgM,0.9039
yqgO,1.01
yqgQ,0.0
yqgT,0.0
yqgV,1.05
yqgX,1.13
yqjF,1.07
yqjH,1.14
yqjJ,1.36
yqjL,1.06
yqjN,0.0
yqjP,0.0
levE,0.9757
levG,0.9585
adhA,0.9317
yraC,1.13
yraE,0.8536
yraF,0.0
yqbK,0.9099
yqbM,0.8173
yqbN,0.8844
yqbQ,0.0
yqbS,0.9049
yqcA,1.07
yraH,0.9548
yraJ,0.9358
yraL,0.9906
yraM,1.06
yraO,0.9738
sigZ,1.08
yqcD,0.982
yqxG,1.18
yqxI,1.48
yqcF,1.09
yqzI,1.03
rapE,1.05
levF,1.04
sacC,0.8139
yraB,1.31
yraD,0.9962
adhB,1.04
yraG,0.0
yqbL,1.11
yqdB,1.3
yqbP,1.46
yqbR,1.05
yqbT,0.9729
yqcB,1.06
yraI,1.09
yraK,1.11
csn,1.22
yraN,1.16
yrpG,1.06
yrpE,1.49
yqcE,1.41
cwlA,1.18
yqxJ,0.0
yqcG,0.0
phrE,1.14
yqcI,0.0
ytaF,0.8871
ytbE,0.9575
ytcD,0.8998
ytcF,0.8786
dnaB,0.8573
ytxB,0.8187
folC,0.6333
spoIIB,0.8973
ysxA,1.01
mreC,1.03
minC,0.9154
spoIVFA,0.9191
thrS,1.22
lytS,0.9417
ysbA,0.9256
yscB,0.8474
infC,0.9535
rplT,0.968
rplU,0.97
spo0B,0.95
p`eB,0.8586
pheB,0.8777
yrxA,1.09
nadB,1.08
nadA,1.08
ytaG,0.9434
ytbD,0.919
gapB,0.946
ytcG,1.01
dnaI,0.9966
ytxC,0.9978
comC,0.0
maf,1.4
mreB,1.08
mreD,1.03
minD,0.9413
spoIVFB,1.07
ysaA,1.17
lytT,0.956
ysbB,0.0
yscA,0.8688
rpmI,1.03
ysdA,1.21
ysxB,1.05
obg,1.0
pheA,1.11
nifS,0.0
nadC,0.0
yrbA,0.0
yubA,0.9379
yubC,0.9927
yubE,0.9313
yubG,0.8864
yuaB,1.08
gbsA,0.8263
yteP,0.8374
yteR,0.8537
yteT,0.867
yteV,0.9016
ytfP,0.8667
ytzG,0.8781
yuaD,0.8875
yuaG,0.6435
yuaJ,0.9371
glgD,0.8614
ytaB,0.9678
ytxN,0.9868
ytzE,0.937
ythQ,0.9
ytjP,0.9916
ytlP,0.9171
ytlR,0.8936
ytmP,1.01
yubB,1.01
yubD,0.9513
yubF,0.9688
yuaA,1.06
yuaC,0.8668
gbsB,0.9679
yteQ,0.8914
yteS,1.02
yteU,1.03
opuD,1.01
ytgP,0.9708
ytzF,0.9655
yuaF,0.6047
yuaI,0.5562
glgB,0.812
glgA,0.9769
ytaA,1.09
cotS,1.05
ythP,0.9845
ytiP,1.06
ytkP,1.03
ytlQ,1.04
amyX,1.07
ytzH,1.12
yvrB,0.8747
yvqK,0.8627
yvqI,0.9116
yvqG,0.8407
yvqE,0.767
gerAC,0.8222
yutL,0.8299
paiA,0.8461
yumD,0.834
yumC,0.9536
yuiA,0.7174
yuiC,0.7768
gerAA,0.9334
yuxN,0.9702
yvqA,0.9542
yvtB,0.9107
yusZ,0.8787
yusW,0.9436
yuiE,0.8946
yuiG,0.9717
yuiI,0.9838
dhbC,0.9727
dhbB,0.9054
yukL,0.8969
yvrA,1.06
yvqJ,0.9618
yvqH,0.9882
yvqF,0.8397
yvqC,0.8417
gerAB,0.9574
yutM,0.9761
paiB,1.02
yuzG,0.9042
yumB,0.9581
yuiB,0.8059
yuiD,0.9661
citG,1.1
yvqB,1.02
yvtA,1.03
mrgA,0.0
yusX,0.9413
yusV,1.09
yuiF,1.09
yuiH,1.03
dhbA,1.12
dhbE,1.02
yukM,0.9497
yukJ,0.9731
yvyD,0.8698
cccB,0.8771
ftsX,1.07
yvzD,0.8338
yvkA,0.8435
yvkC,0.768
yvfH,0.8758
lacR,0.8336
yvfM,0.8711
yvfO,0.9428
yvfS,0.894
yvfU,0.9239
uvrB,0.8907
yvzB,0.8476
yvlA,0.7261
yvlC,0.878
yvmB,0.9265
cypX,1.03
yvfW,0.8864
yvbX,0.9042
yvbV,0.989
yvbT,0.9173
araE,0.9809
gap,0.9701
yvjA,0.9731
ftsE,0.9869
yvjB,0.8345
yvjD,0.9127
yvkB,0.9218
csbA,0.9632
yvfI,0.9472
yvfL,0.9533
lacA,0.964
yvfR,0.9916
yvfT,0.9974
yvfV,0.9773
uvrA,0.9672
yvkN,0.9075
yvlB,0.7544
yvmA,1.02
yvmC,1.23
yvnA,1.11
yvbY,1.46
yvbW,0.9356
yvbU,0.9419
araR,0.8364
yvbQ,1.19
pgk,1.02
ywhR,0.0
sbo,1.02
argS,0.8875
fnr,0.9083
ywiD,0.881
narH,0.864
ywpD,0.9245
ywpF,0.977
ywpH,1.53
ywqB,0.9568
ywqD,1.03
ywqF,0.9228
narI,0.9477
ywjA,0.9891
ywjC,1.03
ywjE,0.8803
rpoE,1.06
ywjG,0.0
ywqH,1.08
ywqJ,1.21
ywqL,1.05
ywqN,1.2
ywrA,0.8998
ywrC,0.8381
ywiA,1.03
ywiB,0.912
narK,0.9633
ywiC,0.9847
narG,0.8513
narJ,0.963
ywpE,1.02
ywpG,1.12
ywpJ,0.9671
ywqC,1.08
ywqE,1.14
ywqG,1.14
ywiE,0.0
ywjB,0.0
ywjD,1.06
acdA,1.04
ctrA,0.8661
spo0F,1.05
ywqI,1.32
ywqK,1.44
ywqM,1.14
ywqO,1.13
ywrB,1.08
ywrD,1.11
hutI,0.8796
hutP,0.9929
yxiB,1.05
yxiD,1.03
yxxE,1.01
bglH,0.8262
ywbA,0.8892
ywbC,0.8557
ywbE,0.9146
ywbG,0.934
ywbI,0.9241
thiC,0.8777
yxxF,0.8872
yxiF,0.7466
yxiG,0.8061
yxzG,0.7602
yxiJ,0.7599
yxiL,0.8357
ywbO,0.9441
ywcB,1.0
ywcD,0.8573
ywzA,0.8908
qoxB,0.9274
qoxD,0.9391
hutU,0.9499
yxiA,0.9053
yxiC,1.24
yxxD,1.15
bglP,0.99
yxiE,1.07
ywbB,0.9104
ywbD,0.8949
ywbF,1.1
ywbH,0.9867
thiK,0.9948
ywbM,1.14
yxxG,0.8461
yxzC,0.8339
yxiH,0.8672
yxiI,0.0
yxiK,0.8735
yxiM,0.9091
ywcA,1.08
ywcC,1.05
galT,0.8973
qoxA,1.26
qoxC,1.05
ywcE,1.16
ytrP,1.03
yprA,0.8758
yloN,0.8022
yerG,0.867
wprA,0.79
yycJ,0.8065
rocR,0.8908
rocE,0.9168
phrG,0.9478
yycN,1.0
yycP,0.8871
topB,0.8566
polA,0.8766
mmgA,0.0
ileS,0.8761
dinG,0.8614
carB,0.8019
yycR,0.9473
yydA,0.9208
yydC,0.8665
fbp,0.9838
yydG,1.27
yydI,1.12
ytsD,0.887
yrvE,0.8511
yloP,0.8579
ykuA,0.8716
ydhL,0.8593
valS,0.8528
yyxA,0.8324
rocD,0.9411
rocF,0.988
rapG,1.1
yycO,1.07
yycQ,1.03
smc,0.7805
murD,0.8603
lonA,1.01
hrcA,0.8794
cheA,0.9149
alaS,0.9557
yycS,1.14
yydB,1.08
yydD,1.08
yydF,1.61
yydH,1.3
yydJ,1.3
yveM,1.03
yutK,0.9177
yueB,0.9846
yufK,0.8962
ytpQ,0.8368
ytmO,0.875
yndF,0.9955
pksL,0.9875
mcpC,0.8078
yisZ,0.871
ydbH,0.989
ybxG,1.09
ysdB,0.9797
yrhE,0.9779
yqcC,0.9283
ponA,0.889
yomI,0.8864
cgeC,0.843
wapA,0.8377
ppsA,1.49
pksM,1.04
yetO,0.9198
rpoC,0.0
dra,0.9621
yvfQ,1.03
yukA,1.19
yuxO,0.9377
glgC,1.0
yttP,0.9787
pykA,1.02
pksP,1.1
pksK,1.09
oppD,1.15
srfAA,1.26
yccK,0.9976
secE,1.1
rpmA,0.9998
yrpC,1.21
yqgS,0.9825
ypbR,0.9559
yorL,1.16
odhA,1.29
dhbF,1.08
pksR,1.1
yfkN,1.19
gutR,1.07
yxeF,0.9653
galK,0.0
rbcL,0.9464
aceF,0.9691
kdtA,0.979
tufA_E,0.8935
yazC,0.6947
yrhC,0.9173
yerC,0.9256
yshA,0.8759
yoqX,1.04
yacF,0.9451
yhcD,0.9515
yetG,1.02
ywnG,0.9657
ywqA,0.8984
degU,1.01
yvnB,1.02
cysS,0.653
yqjU,0.989
ylaI,1.03
yuaE,0.9899
yqaD,1.03
yozD,1.13
yazB,1.07
yfnB,1.02
ywmD,1.11
glcR,1.16
ggaB,1.15
prfB,0.9928
yvoD,0.9872
ybcD,0.8638
ndhF,0.7356
adaA,0.8806
ybbU,0.9054
ybbT,0.907
ybbP,0.7906
folK,0.7021
sul,0.9159
pabA,0.8346
cysK,0.7185
yacC,0.9504
sigW,0.8374
ybbJ,0.9186
ybbH,0.8297
ybbE,0.8479
ybbC,0.9365
feuA,0.98
yabT,0.8643
yabR,0.9106
yabQ,0.8241
yabO,0.8449
spoVT,0.8212
ybcC,0.845
adaB,0.9246
alkA,0.8872
glmS,1.14
ybbR,1.01
ybbM,0.867
folA,0.8681
pabC,0.8937
pabB,0.9325
yacD,0.9582
yacB,0.9516
ybbK,0.979
ybbI,0.0
ybbF,0.9355
ybbD,1.01
ybbB,1.03
feuB,1.04
yabS,0.8855
divIC,0.9143
yabP,0.9678
yabM,0.9596
spoVC,0.9987
ydaB,0.8715
ycsN,0.7715
yczI,0.9071
ycsO,0.7357
ycsI,0.8507
ycsE,0.8779
ycgF,0.0
mdr,0.8737
lctE,0.9134
ycgB,0.8447
opuAC,0.827
yceK,0.9141
yczH,0.9318
ycsA,0.9857
mtlA,0.9299
ycnK,0.9137
ycnI,0.8485
ycxE,0.8847
yceI,0.8544
yceF,0.7223
yceD,0.6933
yceB,0.9587
ycdI,1.04
ycdG,0.89
ydaA,0.8487
yczJ,0.9454
ycsK,0.8344
ycsJ,0.9382
ycsF,0.7707
ycsD,0.8824
ycgE,0.899
lctP,0.9043
amyE,0.9089
ycgA,0.9811
opuAB,0.986
yceJ,0.9085
sipU,0.9334
mtlD,0.9417
ycnL,1.0
ycnJ,0.9115
gdh,0.9361
ycnH,1.01
yceG,0.848
yceE,0.7168
yceC,0.7691
yceA,1.05
ycdH,1.31
ycdF,1.04
ydjJ,0.7992
ydjH,0.5663
ydjF,0.6726
gutB,0.7788
ydjB,0.9115
ydiR,0.9102
ydeI,0.0
ydeG,0.8527
ydeE,1.03
ydeC,0.9772
ydeB,0.7425
ydeA,0.8298
ydiP,0.9653
ydiN,0.9816
groEL,1.29
ydiL,0.9854
ydiJ,0.9378
ydiH,0.9306
yddS,0.9907
yddQ,1.02
lrpA,1.01
phrI,0.9247
yddJ,0.8803
yddH,0.9175
ydjI,0.6454
ydjG,0.6162
ydjE,0.9128
ydjC,0.9082
ydiS,0.9195
ydiQ,0.9981
ydeH,1.13
ydeF,1.07
ydeD,1.09
ydzE,0.9213
cspC,0.8155
yddT,1.1
ydiO,1.06
ydiM,1.04
groES,1.38
ydiK,1.02
ydiI,1.02
ydiG,1.05
yddR,1.02
lrpB,1.15
yddM,1.11
rapI,1.01
yddI,1.06
yddG,1.01
yfiR,0.8952
lipB,1.29
yfiN,0.8994
yfiL,0.8954
yfiJ,0.8765
yfiH,1.02
yfnE,0.0
yfnG,0.8422
yfnI,0.9874
yetL,0.916
yetJ,0.9353
yezB,0.8096
yfiF,1.11
yfiD,0.0
glvC,0.0
glvA,1.01
yfjB,1.08
yfjD,1.05
yetH,0.9121
lplD,1.03
lplB,0.9009
yetA,1.0
yesX,0.8528
yesV,0.9865
yfiQ,0.975
yfiO,0.8486
yfiM,0.881
yfiK,0.9273
yfiI,0.9819
yfiG,0.9705
yfnF,1.05
yfnH,1.01
yetN,0.9256
yetK,0.903
yezD,0.8846
yetI,0.7973
yfiE,1.04
yfiC,1.18
yfiA,1.0
yfjA,1.06
yfjC,1.15
yfjE,1.1
yetF,0.985
lplC,1.04
lplA,1.01
yesZ,0.8934
yesW,0.9973
yesU,1.16
yhjC,0.9107
yhxD,0.0
yhzC,0.8037
yhfW,0.7854
yhfU,0.9974
yhfS,0.8985
ygxB,0.0
yhdD,0.8139
yhdB,0.9401
yhcZ,0.9216
yhxB,0.9231
glpK,1.04
yhfO,0.9493
yhfN,0.8863
yhfL,0.9631
yhfJ,0.9195
yhfH,0.8751
yhfF,0.9783
glpP,1.01
yhcX,0.9905
yhcV,0.9356
yhcT,0.9426
yhcR,0.9295
yhcP,0.9704
yhjA,1.05
comK,1.11
yhxC,0.95
yhfV,0.8655
yhfT,0.9513
yhfP,0.9334
yhdE,0.9063
yhdC,1.02
yhdA,1.02
yhcY,0.9652
glpD,1.45
glpF,1.12
aprE,1.07
yhfM,0.9517
yhfK,1.04
yhfI,0.9548
gltT,0.9258
yhfE,1.03
yhxA,1.03
yhcW,1.09
yhcU,1.12
yhcS,1.03
yhcQ,1.17
yhcO,1.18
yjqB,1.12
xlyB,0.931
phrA,0.8455
yjoB,0.0
yjnA,0.6602
yjmI,0.6207
yjbC,0.6652
oppF,0.9233
oppB,0.8517
trpS,0.6737
appC,0.9178
appA,0.9749
yjmG,0.9334
yjmE,0.9298
yjmC,1.01
yjmA,0.944
yjlC,0.7952
yjlA,0.0
appD,1.05
yjaY,1.03
yjzA,0.9078
yjaV,0.8304
yjzD,0.8611
argF,0.4565
yjqA,0.8081
yjpA,0.9384
rapA,0.9167
yjoA,1.09
yjmJ,0.985
yjmH,0.9985
yjbB,0.9442
oppC,0.9263
oppA,0.9531
yjbA,0.8766
appB,1.03
appF,1.08
yjmF,0.996
yjmD,1.03
yjmB,1.03
yjlD,0.9659
yjlB,1.03
yjkB,1.05
yjaZ,0.0
yjzB,0.9714
med,1.02
yjaU,0.8277
yjzC,0.9934
pdhA,1.05
ykrB,0.9881
ykzG,0.9297
adeC,0.9225
ykqA,0.8292
abh,0.8102
ykrL,0.9992
sspD,0.8096
ykoZ,0.9287
ykoV,0.8832
ykoT,1.05
ykoQ,1.21
ykpC,0.0
ykpB,0.8568
ykoA,0.9009
fruA,0.9782
yknZ,0.9088
yknX,0.9384
ykoN,1.04
ykoL,1.01
tnrA,0.9805
ykzD,1.16
ykoI,0.9382
ykoG,1.02
ykyA,1.03
ykrA,0.9388
ykqC,1.01
ykqB,0.9981
kinC,0.935
mreBH,0.9949
ykrK,1.08
ykrI,1.05
ykoX,1.0
ykoU,1.02
ykoS,0.9906
ykoP,0.0
ampS,1.0
ykpA,0.9236
sipT,1.04
fruR,1.02
yknY,1.05
yknW,1.0
ykoM,0.9633
ykzB,1.12
ykoK,1.11
ykoJ,0.996
ykoH,1.18
ykoF,1.13
rbfA,0.0
infB,0.9094
ylxR,0.9002
ylxS,0.0
yluC,0.0
cdsA,0.0
ylnB,0.0
cysH,0.0
pyrF,0.0
pyrDII,0.0
pyrC,0.0
pyrP,0.9136
frr,1.01
tsf,0.9952
ylxL,0.7991
cheD,0.0
cheW,0.7277
cheB,0.7312
ylyB,1.09
ylyA,0.9527
divIVA,0.9624
ylmG,0.9913
ylmE,0.9865
ylmC,0.8965
ylxP,0.8911
ylxQ,0.9657
nusA,0.8603
proS,0.9376
yluB,0.9007
yluA,0.9324
ylnA,0.8387
pyrE,0.9892
pyrD,0.9839
pyrAA,1.03
pyrB,0.9773
pyrR,1.02
smbA,1.05
rpsB,1.02
sigD,0.896
cheC,0.8092
ylxH,0.8055
lsp,1.1
ylmH,1.07
ylmF,1.01
ylmD,1.0
ylmB,1.1
yoaT,0.8964
yoaS,1.01
yozF,0.9542
yoaP,0.8988
yoaN,0.8543
pelB,0.9103
yncM,1.13
ynzH,0.8506
yncE,0.8181
yncC,0.8772
xylB,0.9098
xylR,0.8983
yoaJ,0.9553
yoaH,0.905
yoaF,0.9003
yoaD,1.13
yoaB,1.04
yoxB,1.09
ynaJ,0.8872
ynaG,0.9804
ynaE,0.9616
ynaC,0.997
ynzG,0.9442
ynxB,0.0
yozG,1.04
yoaR,0.9822
yoaQ,1.12
yoaO,1.04
yoaM,1.07
yoaK,0.7961
thyA,1.11
yncF,1.03
yncD,1.02
yncB,1.06
xylA,0.0
xynB,1.02
yoaI,0.9577
yoaG,0.9916
yoaE,1.05
yoaC,1.14
yoaA,1.02
yoxC,1.1
ynaI,1.1
ynaF,1.1
ynaD,0.9562
ynaB,1.03
ynzF,1.13
glnA,0.9676
yopS,0.878
yopU,0.8285
yopW,0.8079
yopY,0.7748
yoqA,0.8484
yoqC,0.9086
cgeD,0.8567
yodT,0.9133
yodR,0.8861
yodP,1.03
yozE,1.01
yodM,0.9823
yoqE,0.9759
yoqG,1.02
yoqI,0.9881
yoqK,1.03
yoqM,1.03
yoqO,1.04
deoD,1.01
yodI,1.0
ctpA,0.9696
yodE,0.9363
yodC,1.01
yojA,0.8077
yopT,0.8735
yopV,0.8988
yopX,0.8931
yopZ,1.01
yoqB,0.9963
yoqD,0.9422
cgeE,0.8786
yodS,0.8742
argE,0.975
yodO,0.9839
yodN,1.19
yodL,1.09
yoqF,1.04
yoqH,1.03
yoqJ,1.1
yoqL,1.18
yoqN,1.06
yoqP,1.03
yodJ,1.09
yodH,1.07
yodF,0.9951
yodD,1.01
yodA,1.06
yojB,1.16
hbs,0.9326
mtrB,0.9599
gerCB,1.01
ndk,1.02
aroF,1.01
aroH,0.9088
ypmP,0.8838
ypmR,0.9095
ypmT,0.8834
ypoP,0.8716
yppQ,0.9667
yokA,1.17
trpD,0.7996
trpF,0.8523
trpA,0.8381
tyrA,0.9196
ypiA,0.9682
ypiF,0.821
yokC,1.12
yokE,1.1
yokG,1.07
yokI,0.9667
yokK,1.07
yolA,0.9108
mtrA,1.02
gerCA,1.14
gerCC,1.07
cheR,1.05
aroB,0.9954
trpE,1.0
ypmQ,0.9597
ypmS,1.04
ypnP,0.9117
yppP,1.04
ypqP,1.17
yokB,0.9633
trpC,0.8811
trpB,0.8699
hisC,0.9222
aroE,1.03
ypiB,0.9096
qcrA,1.28
yokD,1.23
yokF,1.31
yokH,1.08
yokJ,1.07
yokL,1.1
yolB,1.09
yqgY,0.9828
yqhA,1.13
yqxL,1.42
comGB,1.96
comGD,1.88
comGF,1.67
yqjQ,0.941
yqjS,0.8913
yqjV,0.93
yqjW,0.0
yqjY,0.0
yqkA,0.0
yqzE,1.77
yqxM,1.24
cotN,0.0
sinI,0.0
yqhH,0.0
yqhJ,0.0
yqkC,0.0
yqkE,0.0
yqkG,0.0
ansA,0.0
yqkI,0.0
yqkK,0.9497
yqgZ,1.15
yqhB,1.45
comGA,2.14
comGC,1.72
comGE,1.94
comGG,1.88
yqjR,1.01
yqjT,0.9803
yqzH,1.06
yqjX,1.09
yqjZ,1.06
yqkB,1.03
yqzG,1.31
sipW,1.42
sinR,1.2
yqhG,1.17
yqhI,1.22
yqhK,1.23
yqkD,1.14
yqkF,1.09
ansR,1.03
ansB,1.08
yqkJ,1.16
spoIIM,1.1
yrpD,0.0
aadK,1.04
yrdB,0.9394
yrdD,0.0
yrdF,0.992
azlC,0.9592
yqcJ,1.06
yqcL,0.9064
spoIVCA,1.03
nucB,1.05
yqeC,1.04
yqeE,0.0
brnQ,1.06
gltR,1.06
czcD,0.0
yrdQ,1.02
yrkA,0.8481
blt,0.8402
yqeG,1.0
aroD,0.9292
yqeJ,0.8953
yqeL,0.8166
comER,1.38
comEB,1.4
yrpB,1.11
yrdA,1.45
yrdC,1.09
cypA,1.14
azlB,1.09
azlD,1.38
yqcK,0.8997
yqcM,0.0
spoIVCB,1.18
yqeB,1.08
yqeD,0.0
yqeF,0.9558
yrdK,1.14
yrdN,1.21
trkA,1.06
yrdR,1.19
bltD,1.09
bltR,0.0
yqeH,1.09
yqeI,0.9307
yqeK,0.9052
yqeM,1.05
comEA,1.64
comEC,1.48
ysdC,0.9823
araA,0.9047
araD,1.0
araM,0.8939
araP,0.8785
abfA,0.8946
yrbB,0.9054
yrbD,0.9168
yrzG,0.9162
yrbE,0.9374
bofC,1.06
ruvB,1.03
ysfE,0.973
ysfC,1.01
ysfA,0.95
pheS,0.9281
ysgB,1.02
yshC,0.9686
tgt,0.8534
yrzE,0.9953
spoVB,1.01
yrvB,0.9875
yrvC,0.903
abnA,1.01
araB,1.05
araL,0.989
araN,1.0
araQ,0.9716
cstA,0.9545
yrbC,1.07
yrzH,1.13
yrzF,1.07
csbX,1.11
ruvA,1.09
queA,1.15
ysfD,1.02
ysfB,0.8992
ysgA,0.9331
pheT,0.9777
yshB,1.07
yshD,1.06
yrbF,1.14
yrbG,0.9816
yrzD,0.9257
secF,0.9911
yrvD,1.07
apt,1.07
ytxO,0.8649
ytcB,0.8913
ytdA,0.9483
menF,0.9831
ytxM,0.9352
menE,0.8538
ytmQ,0.8926
malS,0.9325
ytoP,0.9008
ytpP,0.99
ytpS,0.974
murC,0.9348
ytgA,1.05
ytgC,0.9889
ythB,1.04
ytiA,1.36
ytjA,0.9815
ytkA,0.9859
ytxH,0.9742
aroA,1.05
ytxD,0.9949
acuC,1.02
acsA,1.04
rpsD,1.01
ytcC,1.03
ytcA,0.9961
yteA,1.0
menD,0.9667
menB,0.9454
ytfD,0.9485
ytnP,0.9391
ytzB,1.05
ytoQ,0.989
ytpR,1.01
ytpT,1.11
ytxG,1.05
ytgB,0.9773
ytgD,1.09
ythA,1.09
ytiB,1.11
ytjB,1.04
dps,1.07
ytxJ,1.06
ccpA,1.09
ytxE,1.06
acuA,1.04
tyrS,0.9982
yusU,0.8891
yusS,0.974
yusQ,0.8959
yusO,0.8886
yusM,0.9865
yusK,0.8597
yuxI,1.0
yukE,1.17
yukC,1.15
yueC,1.08
yueE,1.03
yuzE,1.03
yusI,1.07
yusG,1.08
yusE,1.1
yusC,1.08
yusA,1.16
yurY,1.42
yueG,0.9577
yueI,0.954
yueK,1.0
yuzC,1.01
comQ,1.06
comP,0.998
yusT,0.9658
yusR,1.01
yusP,0.9956
yusN,1.06
yusL,0.9676
yusJ,1.11
ald,1.04
yukD,1.26
yukB,1.23
yueD,1.09
yuzF,1.13
yueF,1.04
yusH,1.04
yusF,1.15
yusD,1.17
yusB,1.12
yurZ,1.23
yurX,1.54
yueH,1.05
yueJ,1.0
yuxH,0.9978
degQ,1.22
comX,1.21
comA,1.18
yvoA,0.915
nagA,0.8769
lgt,0.9081
yvpA,0.8343
hisZ,1.03
hisD,1.01
tpi,0.7711
eno,0.8748
yvbJ,0.9999
yvbH,0.9657
yvbF,1.02
opuCB,1.01
hisH,1.15
hisF,1.05
yvcA,1.22
yvzA,1.31
yvcD,1.15
trxB,0.0
opuCD,1.06
yvaZ,1.25
yvaX,1.52
yvaV,1.0
opuBC,0.9836
yvaQ,1.02
nagB,1.01
yvoB,0.9885
yvpB,1.1
hisG,1.08
hisB,1.08
pgm,0.7642
yvbK,1.04
yvbI,1.11
yvbG,2.09
opuCA,1.1
opuCC,1.03
hisA,1.06
hisI,1.12
yvcB,1.26
yvcC,1.19
yvcE,1.71
yvcI,1.17
yvbA,1.38
yvaY,1.54
yvaW,1.64
opuBB,1.01
opuBD,0.9535
yvaP,1.16
fbaA,1.02
murZ,0.9714
rpmE,0.7944
ywkB,0.9058
ywkD,0.9279
ywkE,0.8822
ywrE,0.9409
cotG,0.9237
cotB,0.9876
ywrK,0.8168
alsS,1.01
ywrO,0.9814
ywlA,1.01
ywlB,0.9108
ywlE,0.9597
ywlG,0.985
upp,1.09
atpB,1.15
ywsB,1.02
rbsC,1.07
rbsD,1.07
rbsR,1.03
ywtA,1.04
ywtC,1.1
ywjH,1.05
ywjI,0.9064
ywkA,0.9625
ywkC,1.38
prfA,1.02
ywkF,0.0
ywrF,1.06
cotH,0.0
ywrJ,1.17
alsR,1.06
alsD,1.15
ywsA,1.11
spoIIR,0.9737
ywlD,1.03
ywlF,1.0
glyA,1.02
atpI,1.24
atpE,1.11
rbsB,1.06
rbsA,0.9771
rbsK,1.09
ywsC,1.14
ywtB,1.08
ywtD,1.1
deaD,0.7678
yxiP,1.08
bglS,0.8598
katB,0.9329
yxiT,0.9847
yxjB,0.8645
ywcF,0.9386
ywcH,0.8872
ywcI,0.8814
ywcJ,0.9689
sacA,0.9917
thiD,1.04
yxjD,0.9744
yxjF,1.01
yxjH,1.1
yxjJ,0.936
yxjL,0.9818
yxjN,0.9596
ywdD,1.07
ywdF,0.983
ywdH,1.08
ywdJ,1.31
ywdL,1.06
spsB,1.04
yxiO,1.02
licT,1.03
yxiQ,0.9818
yxiS,1.01
yxjA,1.07
yxjC,0.963
ywcG,1.08
vpr,1.22
sacT,0.9298
sacP,0.9563
ywdA,1.14
ywdC,1.1
yxjE,1.05
yxjG,1.1
yxjI,0.9636
pepT,1.27
yxjM,1.06
yxjO,1.04
ywdE,1.03
ung,0.9387
ywdI,1.03
ywdK,1.13
spsA,1.18
spsC,1.07
rnpA,0.9572
jag,1.01
gidB,0.9061
yydK,0.9403
bglA,1.21
ahpC,1.93
gntP,1.04
gntR,1.16
yxaB,1.09
yyaB,0.9621
spo0J,1.05
yyaD,1.01
yyaF,1.15
ssb,0.9647
exoA,0.9543
yxaD,1.05
yxaF,1.01
yxaH,1.09
yxaJ,1.21
yxaM,1.33
yxbB,1.43
rpmH,1.05
spoIIIJ,0.981
thdF,1.07
yyaA,1.01
yyzE,1.11
ahpF,1.76
gntZ,1.15
gntK,1.17
yxaA,1.15
yxaC,1.07
soj,1.03
yyaC,1.07
yyaE,0.9884
rpsF,1.13
rpsR,1.07
yyaG,1.16
yxnA,1.11
yxaG,0.9946
yxaI,1.02
yxaL,1.31
yxbA,1.81
yxbC,1.57
gltA,0.9252
ppsE,1.07
ebrA,0.9825
ymfG,0.9967
bpr,1.02
cheV,0.8277
rho,0.8641
tagD,0.9604
yvfE,1.02
yvgP,0.9274
yurC,0.9967
aapA,0.9739
spoIIS,0.9979
xtmB,0.9348
yhjN,1.06
yhaA,1.11
yheJ,1.08
yfmB,1.2
yqhQ,1.01
yosN,0.9072
pnpA,0.9651
flhA,0.871
fliP,0.8283
fruB,0.0
ppsC,1.16
yngB,0.9493
pyrAB,1.02
polC,0.9735
pycA,1.03
ptsH,1.05
tdk,0.9693
yvfC,1.01
yvfK,1.04
yusY,1.01
ysnF,1.04
lepA,1.12
xkdO,0.981
yirY,0.9564
yhfQ,1.23
yhaQ,1.09
yfkL,1.17
yfnC,1.11
spoIIIAG,1.0
yojG,1.06
flhF,0.824
flhB,0.8522
cheY,0.8711
moaD,1.2
hprT,0.9256
yvoF,0.9079
yvdS,0.9727
sacB,0.9409
ffh,0.8245
ssuC,1.01
yvfP,0.955
ctc,0.9919
ppsB,1.15
yvgR,0.9942
ydjK,1.01
spoIIE,1.15
ywbL,1.15
sigL,0.9853
yacA,1.0
yvdR,1.03
yveB,1.12
yqxK,1.03
yhaR,1.02
pnbA,1.11
ytnM,1.05
prs,1.1
ykoW,0.9778
cotA,0.9671
ydjA,1.0
hutH,1.06
secA,1.08
ybaS,0.8908
ybaN,0.7954
gerD,0.8636
cwlD,0.888
ybaJ,0.968
rplM,1.05
gcaD,0.976
yabJ,0.9151
yabH,0.9266
veg,0.783
ksgA,0.9525
ybaF,0.7583
ybxA,0.7674
rpoA,0.9155
rpsM,0.9574
infA,0.8959
adk,0.9655
abrB,0.8696
yazA,0.9553
yabA,0.9872
holB,0.9939
yaaQ,1.0
ybaR,0.8896
kbaA,0.821
ybaL,0.9043
ybaK,0.894
rpsI,1.02
truA,0.734
spoVG,1.14
purR,0.9921
sspF,0.8366
yabG,0.9987
yabF,0.911
ybaE,0.8079
rplQ,1.03
rpsK,0.956
rpmJ,0.9686
map,0.922
secY,0.9611
yabC,0.9615
yabB,1.01
yaaT,1.0
yaaR,1.09
tmk,1.08
ycnG,0.9192
yczG,0.9628
ycnD,0.9777
yclQ,1.11
yclO,0.9859
yclM,1.03
rapJ,0.9698
ycdC,0.997
natB,0.9462
yccH,0.9642
yccF,1.07
yczB,0.9398
yclK,0.7348
yclI,0.9642
gerKB,0.9133
gerKA,1.03
yclE,0.9748
yclC,0.9794
cwlJ,1.03
ycbO,0.9292
ycbL,0.9878
yczA,0.9626
ycbH,0.9454
ycbF,0.8943
ycnF,0.925
ycnE,1.07
ycnC,1.06
yclP,1.07
yclN,1.12
rapC,1.19
ycdD,1.06
ycdA,1.2
natA,1.08
yccG,1.25
lipA,1.45
phoD,0.9747
yclJ,1.08
yclH,1.04
gerKC,1.07
yczF,1.01
yclD,0.957
yclB,1.03
ycbP,1.28
ycbN,0.9984
ycbK,0.9266
ycbJ,1.04
ycbG,0.9715
ycbE,1.01
ydiF,0.9184
ydiD,0.7945
ydiB,0.7932
ydhU,0.9006
ydhS,0.9205
ydhQ,0.9365
yddF,0.8254
yddC,1.03
yddA,0.8806
ydcS,0.9639
ydcQ,1.05
ydcO,0.9656
ydhO,1.0
ydhM,1.03
ydhK,1.02
ydhI,0.9949
ydhG,0.9693
ydhF,1.0
ydcN,1.03
ydcL,1.11
ydcH,0.9485
ydcF,0.9218
sigB,1.02
rsbU,1.0
ydiE,0.9175
ydiC,0.8963
ydiA,0.8552
ydhT,0.9146
ydhR,0.9708
ydhP,1.01
yddD,0.0
yddB,1.06
ydcT,0.9618
ydcR,1.1
ydcP,1.09
sacV,1.18
ydhN,0.9172
ydhJ,1.05
ydhH,1.02
phoB,1.09
ydhE,1.02
ydcM,1.16
ydcK,0.9899
ydcG,0.998
rsbX,1.02
rsbW,0.9967
rsbT,1.09
yfjF,1.05
acoR,0.8917
acoC,0.816
acoA,0.9706
yfjM,0.9854
yfjO,0.9359
yesT,0.8374
yesR,0.8528
yesP,0.9794
yesM,1.07
yesK,0.9171
cotJB,0.9179
yfjQ,0.95
yfjS,1.01
yfkA,1.1
yfkC,0.9306
yfkE,0.9399
yfkJ,0.7911
yesF,1.04
yeeK,1.01
rapH,1.28
yezA,1.03
yeeC,0.9833
yeeA,0.0
yfjU,1.09
acoL,0.9926
acoB,0.9141
yfjL,0.9533
yfjN,0.9928
yfjP,0.9882
yesS,0.0
yesQ,1.05
yesO,1.01
yesL,1.02
yesJ,0.9169
cotJA,1.06
yfjR,1.09
yfjT,1.02
yfkB,1.07
yfkD,1.1
yfkH,1.07
yfkK,0.9982
yesE,0.9135
yeeI,0.8125
yeeG,0.9777
yeeD,1.16
yeeB,1.01
yefC,1.11
yhfD,0.8916
yhfB,0.927
yhgD,0.9986
hemH,1.04
pbpF,0.8987
yhgB,0.0
yhcN,0.9229
yhcL,0.9061
yhcJ,1.02
yhcI,0.9425
yhcG,0.9582
yhcE,1.01
ecsC,0.0
ecsA,1.01
serC,1.22
yhaH,0.9874
yhaI,1.04
yhaK,1.38
yhcB,0.0
yhbJ,1.31
yhbH,0.0
yhbF,0.8388
yhbD,0.6885
yhbA,0.0
yhfC,1.06
yhgE,1.09
hemY,0.9746
hemE,1.12
yhgC,1.05
yhfA,0.9623
yhcM,0.9924
yhcK,0.9691
cspB,0.905
yhcH,1.02
yhcF,0.9903
yhcC,0.9916
ecsB,1.03
hit,1.02
yhaG,1.1
hpr,0.971
yhaJ,1.06
prsA,1.07
yhcA,0.9737
yhbI,1.05
prkA,1.0
yhbE,0.9767
cspR,1.12
yhzB,1.24
yjkA,0.0
yjiC,0.0
yjiA,0.9628
yjhA,1.21
yjgB,0.8457
yjfC,0.9482
carA,0.5487
argB,0.6911
argC,0.7638
yitY,0.9072
yitW,0.9349
yitU,0.9352
yjfA,0.0
cotT,0.0
yjdJ,0.0
yjdG,0.0
yjdE,0.0
yjdC,1.08
yitT,0.989
nprB,0.9517
yitQ,0.9618
yitO,1.08
yitM,1.16
yitK,0.9867
yjjA,0.9402
yjiB,1.11
yjhB,1.08
yjgD,1.2
yjgA,1.11
yjfB,0.9154
argD,0.6516
argJ,0.7247
yitZ,0.9181
yitX,0.9469
yitV,0.939
ipi,0.983
yjeA,1.18
yjdK,1.17
yjdI,0.9499
yjdF,0.9079
yjdD,0.9184
yjdB,1.02
yitS,0.8722
yitR,0.8726
yitP,1.02
yitN,1.11
yitL,1.08
yitJ,1.25
yknV,0.0
moaE,0.9152
moeA,1.01
mobA,0.8535
ykuV,0.0
ykuT,0.8955
ykoE,1.1
ykoC,1.02
ispA,1.07
yknA,1.17
ykmA,1.01
proA,1.04
ykuR,0.8655
ykuP,0.0
ykuN,0.9866
ykuL,0.0
ykuK,0.94
ykuI,1.06
ykkE,0.0
ykkC,0.0
ykkA,0.0
ykzH,0.981
ykhA,0.0
ykgB,0.8648
yknU,1.04
mobB,1.02
moeB,1.02
ykuW,1.07
ykuU,1.08
ykuS,1.1
ykoD,1.16
ispU,1.05
metC,1.37
ykzA,1.05
yklA,1.02
proB,0.9668
ykuQ,1.03
ykuO,1.03
ykuM,1.03
ykzF,1.04
ykuJ,1.0
ykuH,0.9926
ykkD,0.9851
ykkB,0.9566
ykjA,1.01
hmp,0.9431
ykgA,1.19
ykfD,1.02
fliR,0.6071
fliZ,0.7305
fliM,0.0
flgE,0.6498
fliK,0.6241
fliJ,0.5205
ylmA,1.01
sigE,0.0
ftsZ,0.803
sbp,0.8658
ylxW,0.8876
murB,0.8852
fliH,0.7198
fliF,0.8342
flgC,0.7653
codY,0.9897
clpQ,0.9974
gid,0.0
spoVE,0.6936
mraY,1.04
pbpB,0.9824
ylxA,0.8937
yllA,1.22
ylbP,0.0
fliQ,0.8212
fliY,0.7911
fliL,0.8638
ylxG,0.7697
ylxF,0.7959
fliI,1.07
sigG,1.02
spoIIGA,1.03
ftsA,0.9869
ylxX,0.9202
divIB,0.9802
murG,0.9834
fliG,0.9379
fliE,1.01
flgB,0.9234
clpY,0.9859
codV,1.07
topA,1.06
murE,1.03
ftsL,0.8791
yllB,0.9085
ylbQ,1.26
ylbO,1.06
yoxD,0.0
proH,1.02
gltC,0.8113
yogA,0.8299
ggt,0.0
yoeC,0.9346
glnR,0.0
ynbA,0.0
cwlC,0.0
nrdF,0.892
ymaA,0.0
ymzC,1.05
yoeA,1.09
pbp,0.9948
yngK,1.06
yngJ,1.03
yngH,1.04
yngF,1.05
miaA,0.9224
ymaG,0.0
ymaD,0.9582
aprX,1.2
ymzB,1.18
pksN,1.02
rtp,0.9631
proJ,0.0
gltB,0.9337
yofA,0.9433
yoeD,0.8777
yoeB,0.8243
ynbB,1.03
spoVK,0.9301
ymaB,0.898
nrdE,1.13
ymzA,1.1
ymaH,0.9299
yoxA,1.1
yngL,1.09
ynzE,1.04
yngI,1.27
yngG,0.9556
yngE,0.9413
ymaF,0.9813
ebrB,1.05
ymaC,0.0
ymaE,1.15
pksS,1.25
pksJ,1.21
yoqR,0.4325
yoqT,0.991
yoqV,0.0
yoqY,0.9237
yorA,0.8999
yorC,1.02
yojC,0.0
yojF,1.43
yojI,1.1
yojK,1.05
yojM,1.03
yojO,0.0
yorE,0.7707
yorG,0.7923
yorI,0.0
yorK,1.1
yorN,0.0
yorP,0.9946
yocS,0.9561
sodF,1.11
dhaS,0.9335
yozO,0.7131
yozN,0.7207
yocL,0.8617
yoqS,0.98
yoqU,0.9796
yoqW,0.9649
yoqZ,1.09
yorB,1.35
yorD,1.22
yojE,1.07
yojH,1.05
yojJ,1.0
yojL,1.18
yojN,1.03
odhB,1.12
yorF,0.8854
yorH,1.03
yorJ,1.03
yorM,1.05
yorO,1.02
yorQ,0.9381
yocR,0.9583
sqhC,1.07
yozC,0.9491
yocN,0.8067
yocM,0.6874
yocK,0.8756
qcrC,0.9687
ypjB,0.9793
ypjD,0.9662
ypjF,0.9716
ypjH,0.9381
birA,0.8461
yolC,0.0
uvrX,1.13
sunA,1.31
yolI,1.49
yolK,1.27
yomB,1.19
panC,0.8776
ypmB,0.9784
asnS,0.9997
nth,0.9149
yppB,1.03
yomD,0.9819
yomF,1.1
yomH,1.05
yomK,1.01
yozP,0.9071
yomN,1.02
ypjA,1.1
ypjC,1.06
dapB,1.17
ypjG,1.09
papS,1.02
panB,0.8885
yolD,1.16
yolF,1.27
sunT,1.11
yolJ,1.55
yomA,1.23
yomC,1.15
panD,0.9225
ypmA,0.9513
aspB,1.04
dnaD,1.01
ypoC,1.0
yppC,0.9908
yomE,1.05
yomG,0.9618
yomJ,0.9374
yomL,1.2
yomM,0.9977
yomO,1.07
yqhL,1.1
yqhN,0.9495
yqhP,0.9167
yqhS,1.01
efp,1.02
spoIIIAA,1.04
yqkL,1.22
drm,1.1
dacF,1.04
spoIIAB,1.05
spoVAA,1.14
spoVAC,1.16
spoIIIAC,0.9805
spoIIIAE,0.9411
spoIIIAH,1.01
accC,1.04
yqhZ,0.9959
yqiB,1.02
spoVAE,1.07
lysA,1.05
ppiB,1.11
ypuB,1.07
ypzC,1.14
ypuD,1.1
yqhM,1.03
yqhO,1.05
yqhR,1.06
yqhT,1.05
yqhV,1.08
spoIIIAB,1.01
ripX,1.04
pnp,1.06
spoIIAA,1.07
sigF,1.09
spoVAB,1.13
spoVAD,1.08
spoIIIAD,1.06
spoIIIAF,1.06
accB,1.14
yqhY,1.11
folD,0.9944
yqiC,0.8986
spoVAF,1.12
ypuA,1.12
ypzD,1.17
ypuC,1.19
sipS,1.13
ypuE,1.73
yrkB,0.9135
yrkD,0.9434
yrkF,1.08
yrkH,1.25
yrkJ,0.0
yrkL,0.9563
yqeN,0.7964
gpr,0.0
yqxA,0.985
dnaK,1.04
yqeT,0.0
yrkN,1.08
yrkP,0.9962
yrkR,1.08
spoIIIC,0.0
yqaC,1.11
yqaF,1.06
yqeV,0.9385
rpsU,0.9235
yqeZ,0.6858
yqfB,0.7733
yqfD,0.6793
yqfF,0.8045
yrkC,1.06
yrkE,1.09
yrkG,1.16
yrkI,1.08
yrkK,1.08
yrkM,1.17
rpsT,1.25
spoIIP,1.03
hemN,1.09
grpE,1.1
dnaJ,1.13
yqeU,1.03
yrkO,1.01
yrkQ,1.08
yrkS,1.2
yqaB,0.0
yqaE,1.29
yqdA,1.03
yqeW,1.01
yqeY,0.9374
yqfA,0.7561
yqfC,1.02
phoH,1.11
yqfG,1.13
yshE,0.8489
ysiA,0.733
etfB,0.8576
xsa,0.9122
uvrC,0.9054
lysC,1.3
relA,0.9976
yrvJ,1.02
hisS,1.0
yrvM,0.751
yrzC,1.03
yrvP,0.9817
sdhC,0.0
sdhB,0.9006
gerE,1.06
racE,1.03
rph,0.9095
ysnB,0.821
yrrB,1.16
yrrD,0.9957
glnM,0.9898
glnQ,0.9797
yrzB,1.02
lcfA,0.9697
ysiB,0.9751
etfA,1.0
trxA,1.18
ask,0.9847
yslB,1.02
yrvI,0.9631
yrzK,1.08
aspS,1.05
yrvN,1.13
yrvO,1.0
yrrA,1.03
sdhA,1.18
ysmA,1.09
ysmB,0.9991
gerM,1.0
ysnA,0.9607
ysnE,1.11
yrrC,0.9244
glnP,1.03
glnH,1.07
yrrI,1.13
yrrK,1.11
yrrL,0.9541
ytkC,0.8798
ytlC,0.9739
ytlA,0.9349
ytmB,0.886
metK,1.09
ytnA,0.9542
ytsP,0.0
ytwP,1.0
nifZ,0.9245
sspA,0.9364
ytcJ,0.9887
yteI,0.949
ytpA,0.9443
ytqA,0.9758
ytrA,1.03
ytrC,1.01
ytrE,0.961
ytsA,0.9929
ytfI,0.9629
ytxK,1.02
moaB,0.9582
argH,0.8644
ytkK,0.9314
ytlI,0.9196
ytlD,0.997
ytlB,1.01
ytmA,0.8974
pckA,1.03
asnB,1.01
ytoA,1.14
ytvP,1.08
braB,1.04
ytbJ,1.03
ytcI,0.8842
ytdI,0.9532
yteJ,0.9589
ytqB,1.05
ytzC,1.07
ytrB,1.18
ytrD,1.01
ytrF,1.01
ytsB,1.03
ytgI,1.18
ackA,1.08
argG,0.893
ytzD,0.7495
ytkL,1.05
ytmI,1.09
yurW,0.0
yurU,1.09
yurS,0.8989
yurQ,0.9181
yurO,0.7772
yurM,0.8844
yufB,0.954
yufD,1.02
yufU,0.9528
yufS,0.9989
yufQ,1.03
yufO,0.9333
yurK,0.8999
yurI,1.0
yurF,1.02
yurD,1.01
yunM,1.0
yunK,1.02
yufM,1.04
yuxK,0.9826
yuxJ,1.05
kapB,0.9182
patB,1.06
yugF,1.06
yurV,1.32
yurT,1.06
yurR,1.01
yurP,1.03
yurN,0.9604
yurL,0.9223
yufC,0.9162
yufV,1.07
yufT,0.9375
yufR,1.09
yufP,1.13
yufN,1.25
yurJ,0.9124
yurH,1.18
yurE,1.02
yurB,1.09
yunL,1.01
yunJ,1.01
yufL,1.16
pbpD,1.23
kapD,1.13
kinB,1.04
yugE,1.19
yugG,1.19
yvcJ,0.9106
yvcL,0.9181
yvcN,0.8988
yvcQ,1.02
yvcS,0.9756
yvdA,0.9685
yvaO,0.0
yvzC,1.06
yvaL,0.9637
yvaJ,0.9705
yvaG,0.9805
yvaE,1.01
yvdC,0.931
yvdE,0.9359
yvdG,1.02
yvdI,1.09
yvdK,1.07
yvdM,0.9504
yvaC,0.9548
yvaA,1.13
yvgY,1.01
yvgW,0.9826
yvgU,1.07
yvgS,0.9701
yvcK,0.9118
crh,0.9406
yvcP,0.9771
yvcR,0.9908
yvcT,0.9609
yvdB,1.11
yvaN,1.18
yvaM,1.13
yvaK,1.01
yvaI,1.08
yvaF,1.03
yvaD,1.08
yvdD,1.0
yvdF,1.04
yvdH,1.02
yvdJ,1.04
yvdL,1.01
clpP,1.13
yvaB,0.8956
yvgZ,1.08
yvgX,0.9823
yvgV,1.17
yvgT,1.18
yvgQ,0.9354
atpF,0.8921
atpA,1.03
atpD,0.9608
ywmA,0.9625
ywmB,1.04
spoIID,0.9122
ywtE,1.09
ywtG,1.11
gerBB,0.9016
pmi,0.9154
tagC,0.9235
tagA,0.9182
ywmE,1.06
narA,0.9818
ywmF,0.9775
ureA,1.03
ureC,0.0
ywnB,0.9639
tagF,0.9707
ggaA,1.15
lytR,1.22
lytC,1.05
tuaB,0.9909
tuaD,1.01
atpH,1.08
atpG,0.9212
atpC,0.995
ywzB,0.9468
murA,1.15
ywmC,0.9629
ywtF,1.12
gerBC,1.09
gerBA,1.14
lytD,1.07
tagB,1.08
tagE,1.21
narQ,1.01
rapB,1.05
ywmG,1.1
ureB,1.07
ywnA,0.9784
ywnC,0.9588
tagG,1.04
yvyH,1.12
lytB,1.1
tuaA,1.19
tuaC,1.2
tuaE,1.13
yxkA,0.8593
yxkC,0.9811
aldY,0.8859
msmX,0.8493
yxzE,0.9583
yxkJ,0.9834
spsD,1.04
spsG,1.05
spsJ,0.9979
yweA,1.41
rocA,0.9887
rocC,1.01
cydB,0.9242
cydD,0.9597
yxlA,0.8588
yxlC,1.02
yxlE,0.9702
yxlG,0.9851
ywfB,1.41
ywfD,1.47
ywfF,1.33
ywfH,1.23
pta,1.16
ywfL,1.26
galE,0.9278
yxkD,1.02
yxkF,0.9986
yxkH,0.9155
yxkI,0.9614
cydA,0.993
spsE,0.9593
spsI,1.0
spsK,0.9477
yweB,1.13
rocB,1.08
ywfA,1.08
cydC,1.22
yxkO,0.9757
sigY,0.9779
yxlD,0.964
yxlF,0.9782
yxlH,1.07
ywfC,1.52
ywfE,1.39
ywfG,1.26
ywfI,1.33
ywfK,1.4
ywfM,1.62
yyaH,0.884
yyaJ,0.9664
yyaL,0.9645
yyaN,0.9409
tetL,0.9635
yyaP,0.9874
yxbD,1.43
yxbF,1.0
yxcA,1.16
yxcC,1.05
yxcE,1.14
iolR,1.1
yyaR,1.01
yyaT,0.998
yybB,0.9943
yybD,0.9938
yybF,0.9312
yybI,0.9689
iolB,1.01
iolD,1.02
iolF,0.9783
iolH,0.9782
iolJ,1.0
yxdK,0.9543
yyaI,1.02
yyaK,0.9704
yyaM,1.05
yyaO,1.05
tetB,1.03
yyaQ,1.07
aldX,1.16
yxbG,1.15
htpG,1.31
yxcD,1.15
iolS,1.1
iolA,1.06
yyaS,0.973
yybA,1.05
yybC,1.08
yybE,0.9231
yybG,1.06
yybJ,1.06
iolC,1.24
iolE,1.06
iolG,1.15
iolI,1.19
yxdJ,1.1
yxdL,1.09
yeeF,0.9072
purQ,0.932
ydgJ,0.9893
pbpC,0.9932
srfAC,1.37
ycgI,0.9768
yknT,0.0
ptsI,0.8917
ykvU,0.979
ykzE,1.02
yjdH,0.8928
yhdN,1.04
yczC,1.27
lmrA,0.9359
ybgB,1.04
ybdD,1.09
fus,1.0
yfiX,1.02
yfkF,1.04
treA,1.03
yflP,1.02
yesY,1.07
yddN,1.2
yerP,1.18
ydjD,0.8986
yddE,0.9746
yclG,1.14
nasB,1.08
ycdB,1.02
patA,1.17
ykvW,0.966
ykrP,1.08
ykoY,1.02
yhaP,1.16
yhbB,1.12
yccC,1.15
ybgE,0.9452
ybgA,0.9758
rpmD,0.9503
rpoB,1.13
clpC,0.986
yfiB,1.1
yfkI,1.14
yflH,1.09
yetM,1.14
cotJC,0.928
yddK,1.37
yabD,0.9907
yurG,0.9711
ytqD,0.9443
acuB,0.9686
dnaE,0.9619
levR,1.08
yqzC,1.01
yaaO,0.9309
ypbG,0.9816
ypvA,0.9698
cgeB,0.9646
yloB,0.9407
glcT,1.1
yjcD,0.9942
metS,1.11
ythC,1.08
ytpB,1.02
ytoI,1.01
yrhJ,1.07
yqxH,1.28
bmrU,1.03
yaaN,0.9122
qcrB,1.29
yosO,1.04
ylqF,1.15
spoVD,1.15
yjgC,1.15
yjaX,1.29
rplO,0.8892
rplR,0.9987
rpsH,0.9552
rplE,0.9042
rplN,1.02
rpmC,1.02
xpaC,0.8672
bofA,1.02
recR,0.9765
dnaX,0.9743
yaaI,0.9935
rpsC,0.9596
rpsS,0.9937
rplW,1.02
rplC,1.06
ybaC,0.8962
rpsG,1.03
serS,0.9028
yaaD,1.01
guaB,1.07
gyrB,0.855
recF,0.8842
rpsE,0.8828
rplF,1.0
rpsN,0.9893
rplX,0.9746
rpsQ,1.05
rplP,0.8806
csfB,0.0
yaaL,0.9858
yaaK,1.1
yaaJ,0.9566
yaaH,0.958
rplV,1.03
rplB,1.01
rplD,1.05
rpsJ,1.21
tufA,0.9974
rpsL,0.9656
yaaE,1.08
dacA,1.12
yaaC,0.9951
yaaB,0.9006
yaaA,1.09
yclA,0.9929
yckJ,0.9862
yczE,1.04
ycxD,1.02
ycxB,1.11
srfAD,1.29
ycbD,0.9824
ycbA,0.8828
ybgH,0.9095
ybgF,0.957
ybfP,0.8929
ybfN,0.8583
yckH,1.28
yckF,1.25
nucA,1.55
yckE,1.27
yckC,1.09
yckA,1.04
ybfM,0.83
ybfK,0.822
purT,1.01
ybfH,0.9304
ybfF,0.8669
ybfB,0.8538
yckK,1.0
yckI,0.9911
sfp,1.11
ycxC,0.957
ycxA,1.27
comS,1.35
ycbB,0.9471
ybgJ,0.9586
ybgG,0.9366
ybfT,0.8798
ybfO,0.9421
psd,0.9352
yckG,1.28
tlpC,0.0
nin,1.55
yckD,1.33
yckB,1.21
yciC,1.36
pssA,0.8855
ybfJ,0.8953
ybfI,0.9379
ybfG,1.05
ybfE,1.2
ybfA,1.27
ydhD,0.9074
ydgK,0.9615
ydgH,0.9385
dinB,0.946
expZ,1.07
ydgD,1.08
rsbS,1.1
ydcE,0.8553
dal,1.02
ydcB,0.9024
ydbS,0.8629
murF,0.9518
ydgB,1.05
ydfT,0.9681
ydfR,0.9662
ydfQ,1.0
ydfO,0.9609
ydfM,0.9711
ydbP,0.9778
ydbM,0.9174
ydbK,1.06
ydbI,0.8869
ydbF,0.9278
ydbD,1.05
ydhC,1.13
ydgI,1.03
ydgG,1.05
ydgF,1.02
ydgE,1.03
ydgC,1.1
rsbR,1.12
ydcD,0.9998
ydcC,0.9744
ydbT,0.9516
ydbR,0.9797
ddlA,1.18
ydgA,1.08
ydfS,1.03
ydzH,1.0
ydfP,1.01
ydfN,0.9397
ydfL,1.08
ydbN,1.1
ydbL,1.11
ydbJ,0.9951
ydbG,0.9193
ydbE,1.34
ydbC,1.33
yfkM,0.9676
treR,0.935
yfkQ,0.9197
yfkS,0.9779
yflA,1.03
yflC,1.04
yefB,1.03
yerQ,1.06
yerN,0.9844
yerL,1.03
sapB,0.9543
yerH,0.8855
yflE,1.06
yflG,0.8534
yflJ,0.9629
yflL,0.9751
yflN,0.8779
citT,0.8838
yerF,0.978
yerD,0.8787
yerA,1.07
yezC,0.8648
purH,0.8663
purM,0.8413
yfkO,0.961
treP,1.1
yfkR,1.05
yfkT,0.9754
yflB,1.07
yflD,1.2
yefA,1.04
yerO,1.06
yerM,1.17
opuE,1.01
yerI,1.09
yflF,1.1
yflI,0.9793
yflK,1.04
yflM,0.9339
citM,1.01
citSc,0.9612
yerE,0.9293
yerB,0.8086
yecA,0.9768
purD,0.8867
purN,0.9848
purF,1.13
yhaL,0.8526
yhaN,1.02
yhaS,0.9374
yhaU,0.939
yhaW,1.06
yhaY,1.25
ygaO,1.0
ygaN,1.07
ygbA,1.08
katA,1.94
ygaK,1.09
ygaJ,0.9864
yheA,0.9659
yheD,0.8787
sspB,0.9611
yheG,0.9648
yheK,0.995
yheN,0.9835
ygaI,0.9319
ygaH,0.9271
ygaF,0.9491
ygaE,0.9752
ygaC,0.9422
sspE,0.947
yhaM,0.9315
yhaO,1.0
yhaT,0.9939
yhaV,0.9765
yhaX,0.9784
yhaZ,1.05
yhzA,1.24
ygcA,0.0
ygaL,1.07
senS,1.4
thiA,1.62
ygzA,0.0
yheB,1.3
yheE,1.07
yheF,1.06
yheI,1.03
yheM,0.9914
yhdZ,0.9848
ygxA,0.9796
ygaG,1.17
gsaB,1.06
ygaD,1.18
ygaB,1.43
yfhR,1.33
yjdA,0.8842
yjcR,1.01
yjcP,1.06
yjcN,1.09
yjcL,1.07
yjcJ,1.12
yitI,1.02
yitG,1.02
yitE,0.8816
yitC,0.9064
yitA,0.9222
yisX,0.9444
yjcH,0.9359
yjcF,0.8896
yjcC,0.9588
yjcA,0.9513
cotW,0.9436
cotY,0.8821
yisV,0.9257
yisT,0.8822
degA,0.9376
yisQ,0.9924
yisO,0.916
yjcS,1.11
yjcQ,1.03
yjcO,0.7669
yjcM,1.27
yjcK,1.02
yjcI,1.14
yitH,1.06
yitF,0.967
yitD,0.9499
yitB,1.02
yisY,1.0
yisW,1.04
yjcG,1.07
yjcE,1.1
yjcB,1.09
cotV,1.01
cotX,1.02
cotZ,1.01
yisU,1.01
yisS,1.02
yisR,1.02
yisP,1.08
yisN,1.25
yisL,1.37
ykuG,0.9639
ykuE,0.9533
ykuC,1.01
kinA,1.07
ykwD,1.04
ykwB,0.9828
ykfC,0.869
ykfA,0.8562
dppD,0.6822
dppB,0.9716
ykeA,0.9848
ykcC,0.8786
splA,0.9008
ykvZ,1.03
ykvV,0.9555
ykvS,1.13
ykvQ,0.998
ykvO,0.992
ykcA,0.9552
ykaA,1.14
spoIISA,0.9498
xhlB,0.9776
xkdY,0.0
xkdW,0.9459
ykuF,0.9454
ykuD,1.09
ykyB,1.31
ykwC,0.6772
splB,0.9024
ykfB,1.09
dppE,0.9941
dppC,1.44
dppA,1.07
htrA,0.0
ykcB,0.0
ptsG,1.02
ykvY,1.07
ykvT,1.07
ykvR,1.01
ykvP,0.0
ykvN,1.13
ykbA,0.9645
ykaB,1.14
xlyA,1.11
xhlA,1.1
xkdX,1.28
xkdV,1.17
smf,1.18
sucC,1.23
ylqG,0.9239
rplS,0.9921
ylqE,0.9302
ylqC,0.9893
rpmF,1.05
ylbM,1.04
ylbK,0.9881
ylbI,1.01
ylbG,1.05
ylbE,1.07
ylxM,0.9029
ftsY,0.0
rncS,0.845
fabG,0.9717
plsX,0.919
ylpB,0.9477
ylbC,1.09
ylbA,1.08
ctaF,1.12
ctaD,1.12
ctaB,1.07
ylaO,1.08
sucD,1.28
ylqH,0.9149
rnh,0.8995
trmD,0.0
ylqD,0.8505
rpsP,1.01
ylbN,1.12
ylbL,0.99
ylbJ,1.43
ylbH,1.06
ylbF,0.0
ylbD,1.08
ylqB,1.16
acpA,0.7121
fabD,0.9856
ylpC,1.0
ylpA,1.12
ylbB,1.09
ctaG,1.13
ctaE,1.17
ctaC,1.26
ctaA,1.36
ylaN,1.45
yngD,0.8998
yngA,1.04
ynfF,1.13
bglC,0.0
ynfC,0.0
grlB,1.03
pksI,1.15
pksG,1.15
pksE,1.24
pksC,1.3
pksA,1.0
mutL,0.9549
yneS,0.962
yneQ,0.0
tlp,0.0
citB,0.9472
cotL,1.01
yneK,1.06
cotE,0.9526
ymcB,0.953
tdh,0.0
ymdB,0.9523
pbpX,1.11
cinA,0.8255
yngC,1.04
xynD,1.09
ynfE,1.09
alsT,0.9052
grlA,0.9913
yneT,0.9808
pksH,0.0
pksF,0.0
pksD,0.0
pksB,0.0
ymcC,1.13
mutS,1.16
yneR,1.06
yneP,1.14
yneN,1.15
cotK,1.01
cotM,1.08
yneJ,1.02
ymcA,0.9705
kbl,0.83
spoVS,0.9745
ymdA,1.13
recA,1.48
pgsA,1.62
yorR,0.7818
yorT,0.9262
yorV,0.9824
yorX,1.0
yorZ,1.07
yosB,1.22
yocJ,0.9677
yocH,1.21
yocF,0.7901
yocD,1.15
yocB,0.986
yocA,0.9407
yosD,0.0
yosF,0.0
yosH,0.0
yosJ,0.9177
yosL,0.9204
yosP,0.9485
yobW,1.04
yobU,1.02
yobS,1.04
yobQ,1.02
yobO,1.08
yobM,0.9851
yorS,0.9293
mtbP,0.9322
yorW,0.9894
yorY,1.04
yosA,0.9703
yosC,0.8289
yocI,1.02
yocG,1.2
yocE,0.5244
yocC,1.27
yozB,1.49
yozA,1.19
yosE,1.08
yosG,0.9158
yosI,0.956
yosK,0.8345
yosM,0.9797
yosQ,1.01
yobV,1.0
yobT,1.06
yobR,1.09
csaA,1.24
yobN,1.45
yobL,1.39
yppD,0.8805
yppF,1.15
ypqE,1.15
yprB,0.9981
ypsA,1.05
ypsC,1.22
yomP,1.05
yomR,0.9462
yomT,0.9808
yomV,0.9397
yomX,0.8796
yomZ,0.8712
kduD,0.0
kdgR,0.0
kdgA,0.0
ypwA,1.15
pbuX,1.08
ypbQ,1.05
yonB,0.7891
yonD,0.8012
yonF,0.9073
yonH,0.9052
yonK,0.9596
yonO,0.8821
yppE,1.01
yppG,1.04
cotD,1.12
ypsB,1.25
yptA,1.12
yomQ,0.0
yomS,0.0
yomU,0.9547
yomW,1.03
yomY,1.08
yonA,0.9744
kduI,1.1
kdgK,1.15
kdgT,1.15
xpt,1.1
bcsA,0.9581
ypbS,1.11
yonC,0.9482
yonE,0.9884
yonG,1.1
yonI,0.0
yonN,0.9103
yonP,1.44
yqiD,0.9015
yqxC,0.9717
recN,0.9551
spo0A,1.03
yqiH,0.9801
yqiK,1.05
ribG,1.91
ribA,2.04
ribT,1.44
ypuG,1.06
ypuI,1.07
spmA,1.06
mmgB,0.0
mmgD,0.0
yqiQ,0.0
yqiR,1.2
yqiT,0.902
yqiV,0.9316
ypuL,1.05
resB,1.1
resD,0.9995
sigX,1.06
aroC,1.14
ypzE,1.09
yqiE,0.9952
ahrC,0.9961
spoIVB,1.01
yqiG,1.2
yqiI,1.08
ribB,2.26
ribH,1.96
ypuF,1.38
ypuH,1.15
dacB,1.15
spmB,1.12
mmgC,0.9227
mmgE,0.9892
yqzF,1.01
yqiS,0.9273
yqiU,0.9223
bfmBAA,0.9768
resA,1.11
resC,1.1
resE,1.01
ypuN,1.37
serA,1.45
ypaA,1.73
yqaG,0.8863
yqaI,1.07
yqaK,1.11
yqaM,1.11
yqaO,1.15
yqaQ,1.37
dgkA,0.9857
bex,1.08
glyQ,1.04
yqzB,1.04
yqxD,1.06
sigA,0.9729
yqaS,0.0
yqbA,0.0
yqbC,0.0
yqbE,0.0
yqbG,1.04
yqbI,1.04
yqfN,0.9793
yqfP,1.04
yqfR,1.06
yqfT,1.1
yqfV,1.07
yqfX,1.03
yqaH,0.0
yqaJ,1.08
yqaL,1.23
yqaN,1.31
yqaP,1.32
yqaR,0.0
cdd,0.0
yqxN,0.0
glyS,1.12
yqfL,0.0
dnaG,0.9817
cccA,1.25
yqaT,1.14
yqbB,1.09
yqbD,1.14
yqbF,1.13
yqbH,1.13
yqbJ,0.9201
yqfO,1.11
yqfQ,1.25
yqfS,1.08
yqfU,0.0
yqfW,1.6
yqfZ,1.73
ysnD,0.9382
ilvN,1.03
leuA,1.06
leuC,0.933
ysoA,1.05
clpX,1.02
yrrM,1.14
yrrO,1.12
greA,1.03
yrrS,1.07
yrrT,0.9667
yrhA,0.927
ysxD,0.0
hemX,0.0
hemD,1.14
hemL,0.0
ysxE,0.9048
yrhD,0.9718
yrhG,0.9784
yrhH,0.9533
yrhK,1.07
yrhM,1.05
yrhO,1.07
ilvB,1.09
ilvC,1.1
leuB,0.9925
leuD,1.05
tig,1.15
lonB,1.18
yrrN,1.24
udk,1.1
yrrR,1.06
yrzA,1.11
yrrU,1.05
yrhB,0.8632
ysxC,1.13
hemA,1.31
hemC,1.15
hemB,1.05
spoVID,0.9857
yrhF,1.17
yrzI,1.19
yrhI,1.24
yrhL,1.38
sigV,1.38
levD,1.55
ytsC,0.9429
yttA,1.11
ytvA,0.9747
leuS,1.02
melA,0.9911
amyD,0.9856
ytmJ,0.9457
ytmL,0.9512
hisP,0.9271
ytnJ,0.9384
hipO,0.9692
ytqI,0.975
msmR,0.0
bioW,1.15
bioF,0.0
bioB,1.02
ytbQ,0.9004
ytcQ,0.9355
ytsJ,0.9584
pfk,1.02
ytwI,1.03
citC,1.15
phoP,1.03
yttB,1.3
ytvB,1.03
ytwF,0.9987
amyC,0.9261
msmE,1.1
ytmK,1.01
ytmM,1.02
ytnI,1.06
ribR,1.07
ytpI,1.01
ytrI,1.07
ytaP,0.9861
bioA,1.02
bioD,1.0
bioI,1.03
ytcP,0.9498
ytdP,0.9363
yttI,1.01
ytvI,1.07
citZ,1.2
citH,1.24
phoR,1.39
mutM,1.27
yunI,0.8815
yunG,1.05
yunE,1.06
yunC,1.01
yunA,1.02
yutC,1.24
yugH,1.15
yuzA,0.9955
yugK,1.02
yugM,1.03
yugO,0.9989
yugS,0.9568
yutE,0.0
yutG,0.0
hom,0.8894
thrB,0.9096
yutI,0.9968
yutJ,1.11
yugU,1.04
mcpB,0.9173
mcpA,0.9618
yuxG,0.9959
yulC,0.9136
yulE,0.0
yunH,0.0
yunF,0.0
yunD,1.07
yunB,1.01
yutB,1.28
yutD,1.04
yugI,1.08
yugJ,1.09
pgi,1.24
yugN,1.11
yugP,1.11
yugT,1.02
yutF,1.0
yutH,0.9556
thrC,0.9358
yuxL,0.9705
yuzD,0.9661
yuzB,0.9889
tgl,1.03
tlpA,1.03
tlpB,1.14
yulB,1.23
yulD,1.33
yulF,1.41
yvdO,0.8446
yvdQ,1.09
yveA,1.03
racX,1.04
yveG,1.19
slr,1.09
yvgO,0.9942
yvgM,1.35
yvgK,1.05
yvsG,0.9939
fhuD,1.3
fhuG,1.05
yveN,0.0
yveP,0.0
yveR,0.0
yveT,0.9992
yvfB,1.03
yvfF,1.18
yvrP,1.33
yvrN,1.11
yvrL,1.18
yvrI,0.9842
yvrG,1.02
yvrD,1.28
yvdP,0.0
yvdT,0.0
pbpE,1.02
yveF,1.14
padC,1.11
yveL,1.2
yvgN,1.07
yvgL,1.35
yvgJ,0.0
yvsH,0.0
fhuB,1.19
fhuC,0.0
yveO,1.08
yveQ,1.14
yveS,0.9886
yvfA,1.03
yvfD,1.08
yvfG,1.27
yvrO,1.27
yvrM,0.0
yvrK,1.18
yvrH,1.34
yvrE,0.0
yvrC,1.36
mta,0.8235
ywnF,1.01
spoIIQ,0.8544
ywoA,0.9241
nrgA,0.9913
ywoC,1.08
tuaF,1.01
tuaH,1.15
yvhJ,1.2
degS,1.03
comFA,1.74
comFC,1.49
ywoE,0.0
ywoG,0.0
usd,1.12
mbl,0.9214
flhP,0.9332
ywpB,0.9792
flgM,1.23
flgK,0.9736
yviE,0.8434
csrA,0.9637
yvyC,0.8396
fliS,0.9054
ywnE,0.0
ywnH,0.0
ywnJ,0.9723
nrgB,1.05
ywoB,1.07
ywoD,0.9669
tuaG,1.0
tagO,0.9664
yvyE,1.19
yviA,1.2
comFB,1.56
yvyF,1.29
ywoF,1.13
ywoH,1.1
spoIIID,1.02
flhO,0.8657
rapD,0.9995
ywpC,0.9538
yvyG,1.22
flgL,1.05
yviF,0.886
hag,1.03
fliD,1.15
fliT,1.07
katX,1.04
yxzF,1.11
licB,1.03
licA,1.1
ywaA,1.06
dltD,0.9352
ywfN,1.17
ywfO,1.08
ywgB,1.11
thrZ,2.06
ywhB,1.24
ywhD,1.46
dltB,0.7882
ywaB,1.0
ywaD,0.9131
ywaE,0.928
gspA,1.06
sacX,1.02
ywhF,1.15
ywhH,1.13
rapF,1.2
ywhL,1.04
ywhN,0.8269
ywhP,0.0
yxlJ,0.0
licR,0.0
licC,1.03
licH,0.9693
dltE,0.9687
dltC,0.942
ywzC,1.17
ywgA,1.16
mmr,1.29
ywhA,1.32
ywhC,1.58
ywhE,1.29
dltA,1.02
ywaC,0.9032
tyrZ,1.02
ywaF,1.1
sacY,1.07
epr,0.9837
ywhG,1.05
phrF,1.17
ywhK,1.18
ywhM,1.32
ywhO,1.24
ywhQ,0.0
yybK,0.8959
yybM,1.09
yybO,1.11
yybQ,1.28
cotF,1.05
yybT,0.9641
yxdM,1.09
yxeB,1.22
yxeD,1.02
yxeG,1.02
yxeI,0.9392
yxeK,0.8897
yycA,0.8376
yycC,1.08
yycD,1.06
yycE,0.9612
yycF,1.0
yycH,0.9342
yxeM,0.8534
yxeO,0.7855
yxeQ,0.9158
yxxB,0.9457
nupC,1.01
hutM,1.09
yybL,0.0
yybN,1.13
yybP,0.9834
yybR,0.9732
yybS,0.9707
rplI,0.9969
yxeA,1.02
yxeC,1.03
yxeE,1.02
yxeH,0.9598
yxeJ,1.01
yxeL,0.8343
yycB,1.13
yyzB,1.02
dnaC,1.01
purA,1.12
yycG,0.9935
yycI,0.8966
yxeN,0.8258
yxeP,0.8418
yxeR,1.04
deoR,1.1
pdp,1.17
hutG,1.46
lysS,0.9905
mfd,1.17
gyrA,1.0
lytA,1.06
yvlD,1.0
yukF,1.16
rsbV,0.9958
ydbO,0.9848
ycsG,0.8812
phrC,1.29
lmrB,1.04
pcp,0.9383
ytfJ,0.9275
ytzA,0.9301
yraA,1.06
yqfY,1.09
yonJ,0.8285
yodB,1.02
ycbM,1.06
ybfS,0.9473
ybfQ,0.9894
ybeC,0.8929
ybdG,1.12
ybbA,1.26
ftsH,0.9327
yabK,1.27
ywjF,1.1
ywlC,1.21
yveK,1.04
glgP,0.9402
ydcA,0.9074
ycnB,1.17
yceH,1.06
ycbU,1.15
ycbR,1.18
accA,1.03
yrhP,1.02
yqbO,1.15
ypqA,1.15
yosW,1.04
ppsD,1.2
ycbC,0.9605
gltP,1.02
mpr,1.06
ybdN,1.51
ybdB,1.38
yabE,1.58
yaaG,0.9941
yisD,0.9874
yhjP,0.9988
yhfR,0.9779
yheH,1.04
yfhQ,1.03
ydcI,1.08
dnaN,1.1
srfAB,1.44
opuAA,0.9551
ybdO,1.1
yabN,0.8815
asnH,1.33
ywbN,1.09
yaaF,0.9978
addB,1.02
yhjB,1.06
yheC,1.02
yheL,1.01
yesN,1.05
yclF,0.9732
dnaA,0.0
amhX,0.9605
ycbT,1.04
feuC,1.05
gidA,1.22
yxnB,1.89
spsF,1.36
