ybeF,0.6989
glpQ,0.6995
ybdT,0.704
ybxH,0.7257
ybdM,0.8493
ybdK,0.9366
ybxF,0.9491
rplJ,1.04
rplK,0.7889
rpmG,0.9168
yacP,0.6813
rplL,1.13
ybdE,0.6979
ybcT,0.7997
ybcQ,0.8028
ybcO,0.7484
ybcL,0.7554
ybcH,0.8248
cysE,0.8663
yacN,0.7196
yacL,0.8083
sms,0.674
yacH,0.7705
glpT,0.8148
ybyB,0.9411
ybxI,0.7695
csgA,0.8197
ybdL,0.8502
ybdJ,1.06
ybxB,1.27
rplA,0.9773
nusG,1.0
sigH,0.868
yacO,0.9156
ybdA,1.06
ybcS,0.9192
ybcP,1.04
ybcM,1.67
ybcI,1.17
ybcF,1.13
gltX,1.01
yacM,1.02
yacK,0.9218
yacI,0.9486
ctsR,1.0
ydbB,0.6495
ydbA,0.8884
ydaS,1.1
ydaQ,0.7605
mutT,0.8932
ydaN,0.8728
yciB,0.9566
nasA,0.7584
nasD,0.5172
nasF,0.7311
ycgS,0.7342
ycgQ,0.8348
ydaL,0.8108
ydaJ,0.7453
lrpC,0.787
ydaH,0.8641
ydaF,0.8161
ydaD,0.9109
ycgO,0.6973
ycgM,0.0
cah,0.7517
ycgJ,0.7865
tmrB,0.8597
ycgH,0.0
gsiB,2.06
ydaT,0.91
ydaR,0.9902
ydaP,1.45
ydaO,0.9112
ydaM,0.9717
yciA,0.9661
nasC,0.8579
nasE,0.6047
ycgT,0.8422
ycgR,0.9576
ycgP,0.8742
ydaK,1.03
ydzA,1.0
ydaG,1.27
ydaE,1.3
ydaC,1.11
ycgN,1.11
ycgL,1.09
ycgK,0.9886
aroI,1.29
nadE,1.21
ycgG,1.07
purL,0.86
purC,0.9624
purK,1.42
yebG,0.8546
yebE,0.9549
yebC,0.9181
ydfK,0.9544
ydfJ,0.7386
ydfH,0.7671
ydfF,0.7839
ydfD,0.7833
ydfB,0.7767
guaA,0.9019
yeaD,0.8611
yeaB,0.793
yeaA,0.5623
ydjO,0.9369
ydjM,0.9273
ydeT,0.9284
ydeR,0.8405
ydeP,0.8407
ydzF,0.964
ydeM,0.9563
ydeK,1.02
yexA,0.9973
purB,1.36
purE,1.81
yebF,0.9762
yebD,1.09
yebB,1.29
nap,1.11
ydfI,1.03
ydfG,0.9371
ydfE,1.1
ydfC,1.27
ydfA,1.32
yebA,0.0
yeaC,1.09
gabP,0.9682
ydjP,0.983
ydjN,1.48
ydjL,1.29
ydeS,0.0
ydeQ,1.35
ydeO,1.54
ydeN,1.31
ydeL,1.38
ydeJ,1.27
yfhS,0.8502
yfhO,0.6969
yfhM,0.6643
yfhK,0.7849
yfhI,0.8111
yfhG,0.8289
yflS,0.8676
yflT,0.9875
yfmC,0.8305
yfmE,0.7071
yfmG,0.4778
yfmI,0.7294
yfhE,0.845
yfhC,0.6651
yfhA,0.6283
yfiY,0.3707
yfiV,0.7686
yfiT,0.6745
yfmK,0.9326
yfmM,0.8567
yfmO,0.6402
yfmQ,0.801
yfmS,0.9219
yfnA,0.8407
yfhP,0.9356
csbB,1.08
yfhL,0.8339
yfhJ,1.06
yfhH,1.06
yfhF,1.13
pel,1.36
yfmA,1.01
yfmD,1.02
yfmF,0.8689
yfmH,1.2
yfmJ,1.06
yfhD,0.9802
yfhB,0.9181
yfiZ,0.9688
yfiW,1.1
yfiU,1.16
yfiS,1.23
yfmL,1.68
yfmN,1.09
yfmP,1.2
yfmR,1.39
yfmT,0.0
yfnD,0.0
yisK,0.6221
yisI,0.7035
yisG,0.6707
yisE,0.7294
yisB,0.7435
addA,0.9176
yhdY,0.7583
yhdW,0.9261
yhdU,0.8367
yhdS,0.7102
yhdQ,0.9267
yhdO,0.8037
yhjQ,0.8144
yhjM,0.0
yhjK,0.8931
yhjI,0.8048
yhjG,0.7812
yhjE,0.0
yhdL,0.9635
yhdJ,0.858
yhdH,0.8738
yhdF,0.866
citR,0.9315
phoA,0.9891
yisJ,0.9086
yisH,0.9076
yisF,0.9278
yisC,0.9417
sbcD,0.8193
yhjR,0.8835
yhdX,1.23
yhdV,1.22
yhdT,0.8406
yhdR,0.7355
yhdP,1.18
yhdM,1.46
yhjO,1.27
yhjL,1.28
yhjJ,1.19
yhjH,1.2
sipV,1.13
yhjD,1.17
yhdK,1.25
yhdI,1.18
yhdG,0.0
citA,1.26
lytE,0.0
spoVR,1.26
xkdU,0.7015
xkdS,0.7229
xkdQ,0.6842
xkdN,0.929
xkdK,0.7103
xkdI,0.7555
yjbX,0.8056
yjbV,0.9246
yjbT,0.8551
yjbR,0.8666
tenA,0.8843
yjbP,0.7954
xkdG,0.7741
xkdE,0.8111
xpf,0.7334
xkdD,0.6941
xkdB,0.7989
xkdA,0.6936
yjbN,0.8437
yjbL,0.9012
yjbJ,0.8521
yjbH,0.8768
yjbF,0.8739
yjbE,0.9483
xkdT,0.8868
xkdR,0.9746
xkdP,0.8664
xkdM,0.8699
xkdJ,0.9089
xkdH,0.8431
yjbW,0.7343
yjbU,1.1
yjbS,1.14
tenI,1.02
yjbQ,1.22
yjbO,1.05
xkdF,0.0
xtmA,1.11
xtrA,0.0
xkdC,1.21
xre,1.26
yjqC,0.0
yjbM,1.35
yjbK,1.21
yjbI,0.0
yjbG,0.0
mecA,1.48
yjbD,1.35
ylaM,0.6885
ylaK,0.7712
ylaH,0.8878
ylaF,1.01
ylaD,0.9509
ylaB,0.9231
ykvM,1.1
ykvK,0.9727
ykvI,0.9365
motA,1.15
ykvE,1.31
eag,0.9111
nprE,0.887
ykzC,0.686
ykzI,0.8733
yktA,0.888
slp,0.9652
pdhC,1.06
ykvA,0.8377
ykrY,1.0
ykrW,1.16
ykrU,1.04
ykrS,0.8372
ykrQ,0.9262
ylaL,0.8634
ylaJ,1.04
ylaG,1.01
ylaE,1.16
ylaC,1.09
ylaA,1.11
ykvL,1.26
ykvJ,1.34
clpE,1.09
motB,1.61
ykvD,1.16
spo0E,1.34
yktD,0.9166
yktC,1.04
yktB,1.38
cad,1.45
pdhD,1.36
pdhB,1.99
ykrZ,1.28
ykrX,1.61
ykrV,1.43
ykrT,1.24
dat,1.33
ykrM,1.68
ymfM,0.8851
ymfK,0.7958
ymfI,0.7956
ymfF,0.6872
ymfD,0.722
spoIIIE,0.9554
yloW,0.9486
yloU,0.6827
spoVM,0.8381
yloR,0.9304
ymfA,0.9459
dapG,0.9415
spoVFB,0.8321
ymxH,0.8232
ylxY,0.7119
ribC,0.9077
fmt,1.1
priA,1.06
yloH,1.15
yloC,1.06
ylnF,0.99
ylnD,1.07
ymfL,1.06
ymfJ,1.04
ymfH,0.9844
ymfE,0.9766
ymfC,0.9138
ymfB,1.01
yloV,1.08
rpmB,1.36
yloS,1.21
yloQ,0.9814
yloO,0.9766
yloM,1.36
dapA,1.28
asd,1.01
spoVFA,1.12
ymxG,1.2
rpsO,1.92
truB,0.0
def,1.54
yloI,1.52
yloD,1.92
yloA,1.7
ylnE,1.49
ylnC,1.79
yobK,0.6917
yobI,0.6525
yozL,0.8067
yobH,0.7596
rapK,0.8254
yobF,1.03
yneI,0.7827
ynzD,0.9994
yneE,0.8802
ynzC,1.02
yneA,0.9005
yndN,0.8265
yozI,0.0
yobD,0.9102
pps,0.8104
yobA,0.8528
yoaZ,0.9418
yoaV,0.8718
yndL,0.8683
yndJ,1.03
yndG,0.9034
yndD,0.8654
yndB,0.9966
ynzA,0.8573
yobJ,0.6691
yozM,0.921
yozK,0.9794
phrK,0.8604
yozJ,1.11
yobE,1.07
ccdA,1.09
yneF,1.93
tkt,0.9847
yneB,1.12
lexA,0.9804
yndM,0.9903
yozH,1.29
xynA,0.9851
yobB,1.19
penP,1.46
yoaW,1.69
yoaU,1.39
yndK,1.39
yndH,1.33
yndE,1.11
ynzB,0.0
yndA,1.28
cotC,0.0
yonR,0.9044
yonT,0.7891
yonV,0.7288
yopA,0.7207
yopC,0.8608
yopE,1.03
yosR,0.7448
yosT,0.8287
yosV,0.9923
yosZ,0.8614
yotB,0.8397
yotD,0.9911
yopG,1.12
yopI,1.14
yopK,0.73
yopM,0.7803
yopO,0.7616
yopQ,0.9688
yotF,0.8734
yotH,0.8865
yotJ,0.9022
yotL,0.9445
yotN,0.9881
yodV,1.04
yonS,1.75
yonU,1.12
yonX,0.9804
yopB,0.9851
yopD,1.08
yopF,1.27
yosS,0.9923
yosU,1.01
yosX,0.9996
sspC,1.29
yotC,1.24
yotE,1.22
yopH,1.48
yopJ,1.24
yopL,0.9854
yopN,1.17
yopP,1.25
yopR,1.42
yotG,1.06
yotI,0.0
yotK,0.0
yotM,0.0
yodU,0.0
cgeA,0.0
fer,1.29
recQ,0.7475
ypbE,0.8523
ypbH,0.7733
ypdA,0.9093
sleB,0.8555
ypcP,0.9164
ypdP,0.8286
ypeQ,0.8699
degR,1.08
ypfP,0.8473
bsaA,0.6777
ypfA,0.8864
cmk,1.24
ypgA,0.8213
yphB,0.8481
gpsA,1.09
yphF,1.12
ypgR,0.7872
yphP,0.9577
ypjP,0.9493
thyB,0.9789
ypkP,0.343
yplP,0.7015
ypbB,1.03
ypbD,1.11
ypbF,1.01
ypcA,0.9236
ypdC,0.9352
ypeB,0.9335
ypdQ,1.11
ypeP,1.1
ypzA,0.9072
cspD,0.989
metB,1.0
ypgQ,1.1
ypfB,1.32
ypfD,1.16
yphA,1.24
yphC,1.44
yphE,1.28
spoIVA,1.3
ilvD,0.9537
ypiP,1.25
ypjQ,1.3
dfrA,1.49
yplQ,1.06
ilvA,0.907
yqgA,0.852
yqgC,0.8099
yqgE,0.743
yqgG,0.7599
yqgI,0.9254
yqgK,0.8892
bfmBAB,1.15
bmrR,0.9812
yqiW,0.8665
yqiY,1.59
yqjA,1.38
yqjC,1.15
yqgL,0.8626
yqgN,0.7837
yqgP,0.8051
glcK,0.8791
yqgU,0.895
yqgW,0.9426
yqjE,0.9257
yqjG,0.7995
yqjI,0.8437
yqjK,0.9372
yqjM,0.0
yqjO,1.41
yqgB,0.9405
sodA,0.9556
pbpA,1.24
yqgH,1.01
yqgJ,1.04
yqzD,1.81
bfmBB,1.39
bmr,1.31
yqiX,1.76
yqiZ,1.73
yqjB,1.38
yqjD,1.17
yqgM,1.3
yqgO,1.1
yqgQ,1.36
yqgT,1.46
yqgV,1.4
yqgX,1.08
yqjF,1.29
yqjH,1.32
yqjJ,1.27
yqjL,1.42
yqjN,1.71
yqjP,1.64
levE,0.6841
levG,0.7553
adhA,0.7629
yraC,0.9499
yraE,0.8684
yraF,0.8761
yqbK,0.856
yqbM,0.8699
yqbN,0.7743
yqbQ,0.8412
yqbS,0.8513
yqcA,0.8377
yraH,0.843
yraJ,0.8843
yraL,0.8826
yraM,0.9328
yraO,0.8533
sigZ,0.9385
yqcD,0.9127
yqxG,0.9636
yqxI,1.04
yqcF,1.05
yqzI,1.03
rapE,0.9746
levF,1.01
sacC,0.8802
yraB,1.04
yraD,0.9913
adhB,1.04
yraG,0.9632
yqbL,1.14
yqdB,1.05
yqbP,0.986
yqbR,1.09
yqbT,1.22
yqcB,1.05
yraI,1.18
yraK,1.22
csn,1.58
yraN,1.09
yrpG,1.24
yrpE,1.54
yqcE,1.38
cwlA,1.31
yqxJ,1.5
yqcG,1.79
phrE,1.66
yqcI,0.0
ytaF,0.0
ytbE,0.751
ytcD,0.785
ytcF,1.13
dnaB,0.9214
ytxB,0.8291
folC,0.7782
spoIIB,0.808
ysxA,1.03
mreC,1.12
minC,1.18
spoIVFA,0.91
thrS,0.7344
lytS,0.904
ysbA,0.8434
yscB,0.9789
infC,0.9249
rplT,1.04
rplU,1.11
spo0B,1.19
p`eB,1.04
pheB,1.06
yrxA,0.7429
nadB,0.6254
nadA,0.7293
ytaG,0.9899
ytbD,1.0
gapB,0.9821
ytcG,1.09
dnaI,1.1
ytxC,1.08
comC,1.16
maf,1.44
mreB,1.4
mreD,1.65
minD,1.54
spoIVFB,1.27
ysaA,1.07
lytT,1.43
ysbB,1.26
yscA,1.48
rpmI,1.58
ysdA,1.26
ysxB,1.64
obg,1.76
pheA,1.46
nifS,1.34
nadC,1.18
yrbA,1.23
yubA,0.8247
yubC,0.7402
yubE,0.8351
yubG,0.7723
yuaB,0.8242
gbsA,0.7674
yteP,0.7842
yteR,0.8199
yteT,0.8775
yteV,0.8361
ytfP,0.9317
ytzG,0.8017
yuaD,0.8923
yuaG,0.4874
yuaJ,1.41
glgD,0.6949
ytaB,0.8337
ytxN,0.8065
ytzE,0.8205
ythQ,0.8124
ytjP,0.9779
ytlP,0.9863
ytlR,1.08
ytmP,1.11
yubB,1.19
yubD,0.9769
yubF,1.31
yuaA,1.01
yuaC,0.9852
gbsB,0.8769
yteQ,0.905
yteS,0.9948
yteU,1.09
opuD,1.43
ytgP,1.26
ytzF,1.01
yuaF,0.5448
yuaI,0.6862
glgB,0.9234
glgA,0.9495
ytaA,1.24
cotS,1.13
ythP,1.28
ytiP,2.02
ytkP,1.47
ytlQ,1.57
amyX,1.74
ytzH,2.09
yvrB,0.7962
yvqK,0.8605
yvqI,0.7615
yvqG,0.8503
yvqE,0.8526
gerAC,0.8099
yutL,0.8116
paiA,0.7649
yumD,0.8624
yumC,0.5705
yuiA,0.2727
yuiC,0.5036
gerAA,0.7946
yuxN,0.7683
yvqA,0.786
yvtB,0.7867
yusZ,0.7675
yusW,0.7472
yuiE,0.7872
yuiG,0.9412
yuiI,0.6178
dhbC,0.5732
dhbB,0.5149
yukL,0.6731
yvrA,1.05
yvqJ,0.9843
yvqH,1.01
yvqF,0.9935
yvqC,1.0
gerAB,1.05
yutM,1.12
paiB,0.9905
yuzG,1.09
yumB,1.05
yuiB,0.4451
yuiD,0.9657
citG,1.03
yvqB,1.1
yvtA,1.14
mrgA,1.01
yusX,0.0
yusV,0.4419
yuiF,1.25
yuiH,1.27
dhbA,0.8941
dhbE,0.8482
yukM,1.19
yukJ,1.47
yvyD,0.432
cccB,0.7151
ftsX,0.8887
yvzD,1.01
yvkA,0.8928
yvkC,0.7917
yvfH,0.8523
lacR,0.8945
yvfM,0.7967
yvfO,0.8043
yvfS,0.807
yvfU,0.7179
uvrB,0.7421
yvzB,0.9295
yvlA,0.7344
yvlC,0.8263
yvmB,0.8347
cypX,0.8073
yvfW,0.7571
yvbX,1.15
yvbV,0.8396
yvbT,0.8288
araE,0.8715
gap,0.8409
yvjA,0.9782
ftsE,1.29
yvjB,1.07
yvjD,1.23
yvkB,1.03
csbA,1.08
yvfI,1.08
yvfL,0.9707
lacA,1.03
yvfR,1.12
yvfT,1.07
yvfV,0.909
uvrA,0.9378
yvkN,1.15
yvlB,1.13
yvmA,1.28
yvmC,1.19
yvnA,1.33
yvbY,1.21
yvbW,1.24
yvbU,1.03
araR,0.0
yvbQ,1.51
pgk,1.37
ywhR,0.8299
sbo,0.9525
argS,0.8416
fnr,0.6592
ywiD,0.8773
narH,0.8349
ywpD,0.8314
ywpF,0.8438
ywpH,1.09
ywqB,0.9895
ywqD,0.9971
ywqF,0.9158
narI,0.813
ywjA,0.8671
ywjC,0.8916
ywjE,0.8889
rpoE,1.17
ywjG,0.8663
ywqH,1.2
ywqJ,1.24
ywqL,0.4521
ywqN,0.8676
ywrA,0.9541
ywrC,0.9142
ywiA,1.21
ywiB,0.9712
narK,0.916
ywiC,0.9164
narG,1.04
narJ,1.01
ywpE,1.12
ywpG,0.9759
ywpJ,1.34
ywqC,1.53
ywqE,1.25
ywqG,1.16
ywiE,1.12
ywjB,1.19
ywjD,1.14
acdA,1.18
ctrA,0.9459
spo0F,1.03
ywqI,1.9
ywqK,1.74
ywqM,1.47
ywqO,1.44
ywrB,1.54
ywrD,1.42
hutI,0.6535
hutP,0.6643
yxiB,0.8964
yxiD,0.8969
yxxE,0.9607
bglH,0.8495
ywbA,0.8278
ywbC,0.6903
ywbE,0.742
ywbG,0.7727
ywbI,0.848
thiC,0.8199
yxxF,0.7187
yxiF,0.6688
yxiG,0.6943
yxzG,0.7005
yxiJ,0.7096
yxiL,0.7424
ywbO,0.7584
ywcB,0.8931
ywcD,0.8831
ywzA,1.0
qoxB,0.7956
qoxD,0.9975
hutU,0.9163
yxiA,0.9948
yxiC,1.19
yxxD,1.19
bglP,0.9441
yxiE,0.8626
ywbB,1.0
ywbD,0.9449
ywbF,1.1
ywbH,1.12
thiK,1.07
ywbM,1.01
yxxG,0.9518
yxzC,1.08
yxiH,1.08
yxiI,1.06
yxiK,1.13
yxiM,1.2
ywcA,1.23
ywcC,1.31
galT,1.05
qoxA,1.3
qoxC,1.28
ywcE,1.48
ytrP,1.18
yprA,0.8158
yloN,0.8996
yerG,1.02
wprA,0.8081
yycJ,0.8833
rocR,0.7899
rocE,0.8959
phrG,0.6883
yycN,0.8568
yycP,0.7898
topB,0.8043
polA,0.9026
mmgA,0.9263
ileS,0.7859
dinG,0.777
carB,0.7843
yycR,0.8047
yydA,0.8504
yydC,0.838
fbp,0.8482
yydG,0.7181
yydI,0.8915
ytsD,0.9827
yrvE,0.8982
yloP,1.07
ykuA,0.9516
ydhL,0.9442
valS,0.856
yyxA,1.1
rocD,1.06
rocF,1.25
rapG,0.992
yycO,1.09
yycQ,1.1
smc,0.9542
murD,0.8742
lonA,0.7235
hrcA,0.9059
cheA,1.03
alaS,1.04
yycS,1.28
yydB,1.63
yydD,1.65
yydF,1.53
yydH,1.11
yydJ,1.4
yveM,0.6823
yutK,0.8155
yueB,0.9447
yufK,0.8697
ytpQ,0.9111
ytmO,0.7674
yndF,0.8737
pksL,0.7417
mcpC,0.8828
yisZ,0.9776
ydbH,1.08
ybxG,0.8152
ysdB,0.9686
yrhE,0.8724
yqcC,0.8144
ponA,0.0
yomI,0.8077
cgeC,0.6969
wapA,0.6233
ppsA,0.861
pksM,0.7826
yetO,0.8347
rpoC,0.7989
dra,0.9593
yvfQ,1.03
yukA,1.21
yuxO,0.9785
glgC,0.8853
yttP,1.07
pykA,1.1
pksP,0.7248
pksK,0.7328
oppD,0.7157
srfAA,0.9523
yccK,1.17
secE,1.21
rpmA,1.52
yrpC,1.42
yqgS,1.69
ypbR,1.37
yorL,1.05
odhA,1.3
dhbF,0.9792
pksR,0.9867
yfkN,1.27
gutR,1.21
yxeF,0.0
galK,0.0
rbcL,0.7329
aceF,0.9076
kdtA,0.8731
tufA_E,0.8414
yazC,0.7735
yrhC,0.9225
yerC,0.8116
yshA,1.0
yoqX,0.8079
yacF,0.92
yhcD,0.8035
yetG,0.5065
ywnG,0.9049
ywqA,0.9044
degU,0.8622
yvnB,0.9638
cysS,1.01
yqjU,1.02
ylaI,1.17
yuaE,0.8916
yqaD,1.11
yozD,1.31
yazB,1.32
yfnB,1.39
ywmD,1.45
glcR,1.39
ggaB,1.76
prfB,1.3
yvoD,1.25
ybcD,0.691
ndhF,0.4684
adaA,0.7272
ybbU,0.8156
ybbT,0.9165
ybbP,0.9245
folK,0.8124
sul,0.789
pabA,0.7949
cysK,0.9322
yacC,0.8223
sigW,0.6328
ybbJ,0.7365
ybbH,0.7057
ybbE,0.0
ybbC,0.0
feuA,0.0
yabT,0.7265
yabR,1.09
yabQ,0.9951
yabO,1.15
spoVT,0.785
ybcC,0.6812
adaB,0.9168
alkA,1.03
glmS,1.4
ybbR,1.13
ybbM,0.7943
folA,0.8426
pabC,0.9926
pabB,0.9311
yacD,0.9706
yacB,1.06
ybbK,1.02
ybbI,1.03
ybbF,1.07
ybbD,1.09
ybbB,1.05
feuB,1.0
yabS,1.09
divIC,1.41
yabP,1.48
yabM,1.56
spoVC,1.64
ydaB,0.7639
ycsN,0.8209
yczI,0.7738
ycsO,0.618
ycsI,0.7133
ycsE,0.7889
ycgF,0.8012
mdr,0.9092
lctE,1.16
ycgB,0.6679
opuAC,0.6178
yceK,0.7816
yczH,0.7947
ycsA,0.8171
mtlA,0.7158
ycnK,0.6732
ycnI,0.6915
ycxE,0.8099
yceI,0.7578
yceF,0.8476
yceD,0.0
yceB,0.8887
ycdI,0.4101
ycdG,0.9727
ydaA,1.03
yczJ,0.9576
ycsK,0.8235
ycsJ,0.7589
ycsF,0.7357
ycsD,0.8941
ycgE,0.8247
lctP,1.33
amyE,0.9303
ycgA,0.8022
opuAB,1.09
yceJ,0.9201
sipU,0.9955
mtlD,0.9247
ycnL,1.07
ycnJ,0.8689
gdh,1.12
ycnH,1.13
yceG,1.31
yceE,0.766
yceC,1.01
yceA,1.99
ycdH,1.82
ycdF,1.55
ydjJ,0.6382
ydjH,0.5297
ydjF,0.4495
gutB,0.6873
ydjB,0.8726
ydiR,0.7299
ydeI,0.8664
ydeG,0.7737
ydeE,0.8553
ydeC,0.9588
ydeB,1.08
ydeA,0.8576
ydiP,0.753
ydiN,0.6265
groEL,0.4479
ydiL,1.02
ydiJ,0.8307
ydiH,0.8184
yddS,0.9699
yddQ,0.9869
lrpA,1.13
phrI,0.9261
yddJ,1.52
yddH,0.9411
ydjI,0.8359
ydjG,0.5325
ydjE,0.9877
ydjC,1.04
ydiS,1.01
ydiQ,0.8283
ydeH,1.31
ydeF,1.13
ydeD,1.15
ydzE,1.15
cspC,0.8976
yddT,1.9
ydiO,1.04
ydiM,0.8175
groES,0.6102
ydiK,1.67
ydiI,1.2
ydiG,1.29
yddR,1.64
lrpB,1.54
yddM,1.51
rapI,1.52
yddI,1.7
yddG,1.74
yfiR,0.7435
lipB,0.7692
yfiN,0.749
yfiL,0.7709
yfiJ,0.9301
yfiH,0.759
yfnE,0.8303
yfnG,0.9039
yfnI,1.05
yetL,0.8771
yetJ,1.0
yezB,0.9491
yfiF,0.9143
yfiD,0.755
glvC,0.7965
glvA,0.8714
yfjB,0.8847
yfjD,0.0
yetH,0.7015
lplD,0.8032
lplB,0.0
yetA,0.0
yesX,0.852
yesV,0.8565
yfiQ,1.02
yfiO,0.9582
yfiM,0.9957
yfiK,1.17
yfiI,1.01
yfiG,0.9347
yfnF,1.04
yfnH,1.17
yetN,1.17
yetK,1.11
yezD,1.25
yetI,1.11
yfiE,1.11
yfiC,1.13
yfiA,1.22
yfjA,1.45
yfjC,1.45
yfjE,1.29
yetF,1.32
lplC,1.27
lplA,1.31
yesZ,1.34
yesW,1.4
yesU,1.43
yhjC,0.6417
yhxD,0.7443
yhzC,0.5214
yhfW,0.7799
yhfU,0.959
yhfS,0.8122
ygxB,0.9871
yhdD,0.7084
yhdB,0.7356
yhcZ,0.8224
yhxB,0.8173
glpK,1.14
yhfO,0.7984
yhfN,0.854
yhfL,0.7911
yhfJ,0.0
yhfH,0.6148
yhfF,0.8134
glpP,0.0
yhcX,0.0
yhcV,0.9222
yhcT,0.0
yhcR,1.03
yhcP,0.8617
yhjA,1.09
comK,1.1
yhxC,1.07
yhfV,1.05
yhfT,1.29
yhfP,1.01
yhdE,1.02
yhdC,1.19
yhdA,1.13
yhcY,1.06
glpD,1.1
glpF,1.35
aprE,1.02
yhfM,1.05
yhfK,1.23
yhfI,1.11
gltT,1.24
yhfE,1.14
yhxA,1.46
yhcW,1.62
yhcU,1.38
yhcS,1.3
yhcQ,1.49
yhcO,1.63
yjqB,0.7537
xlyB,0.7253
phrA,0.6122
yjoB,0.6516
yjnA,0.7077
yjmI,0.8425
yjbC,0.8993
oppF,0.531
oppB,0.5599
trpS,0.795
appC,0.454
appA,0.5092
yjmG,0.8499
yjmE,0.7329
yjmC,0.0
yjmA,0.0
yjlC,0.9987
yjlA,0.7575
appD,0.5871
yjaY,0.0
yjzA,1.04
yjaV,0.8842
yjzD,1.11
argF,0.0
yjqA,1.05
yjpA,0.9971
rapA,0.8344
yjoA,1.07
yjmJ,1.04
yjmH,1.02
yjbB,0.9052
oppC,0.7435
oppA,0.8025
yjbA,0.7937
appB,0.7014
appF,0.7443
yjmF,0.9241
yjmD,1.12
yjmB,1.23
yjlD,1.14
yjlB,1.25
yjkB,1.3
yjaZ,1.13
yjzB,1.35
med,1.34
yjaU,1.26
yjzC,1.69
pdhA,0.9794
ykrB,0.8472
ykzG,0.928
adeC,0.9284
ykqA,0.8457
abh,0.9452
ykrL,0.776
sspD,0.9246
ykoZ,1.06
ykoV,0.8297
ykoT,0.8323
ykoQ,0.8549
ykpC,0.8556
ykpB,0.7764
ykoA,0.7454
fruA,0.0
yknZ,0.7304
yknX,0.5275
ykoN,0.9209
ykoL,0.8447
tnrA,0.9001
ykzD,0.9786
ykoI,0.9293
ykoG,0.9277
ykyA,1.36
ykrA,1.34
ykqC,1.1
ykqB,1.26
kinC,1.21
mreBH,1.08
ykrK,1.16
ykrI,1.27
ykoX,1.25
ykoU,1.2
ykoS,1.04
ykoP,1.14
ampS,1.11
ykpA,1.26
sipT,1.49
fruR,1.26
yknY,0.9941
yknW,1.04
ykoM,1.06
ykzB,1.25
ykoK,1.84
ykoJ,1.56
ykoH,1.66
ykoF,1.78
rbfA,0.0
infB,0.0
ylxR,0.0
ylxS,0.9841
yluC,1.01
cdsA,0.9087
ylnB,1.12
cysH,1.12
pyrF,1.96
pyrDII,0.0
pyrC,1.76
pyrP,1.26
frr,0.9149
tsf,1.19
ylxL,1.22
cheD,0.9832
cheW,0.9874
cheB,1.02
ylyB,1.38
ylyA,0.0
divIVA,1.0
ylmG,0.0
ylmE,1.02
ylmC,0.779
ylxP,1.26
ylxQ,1.27
nusA,1.34
proS,1.35
yluB,1.28
yluA,1.18
ylnA,1.34
pyrE,2.66
pyrD,2.54
pyrAA,2.64
pyrB,2.08
pyrR,1.79
smbA,1.35
rpsB,1.88
sigD,1.59
cheC,1.49
ylxH,1.44
lsp,2.16
ylmH,1.52
ylmF,1.58
ylmD,1.67
ylmB,1.18
yoaT,0.8393
yoaS,0.8913
yozF,0.8385
yoaP,0.7904
yoaN,0.8143
pelB,0.8825
yncM,0.7774
ynzH,0.9124
yncE,0.8852
yncC,0.82
xylB,0.8129
xylR,0.9431
yoaJ,0.8861
yoaH,0.9518
yoaF,0.944
yoaD,1.11
yoaB,0.7424
yoxB,0.8025
ynaJ,0.6645
ynaG,0.8859
ynaE,1.03
ynaC,1.29
ynzG,0.9695
ynxB,0.9676
yozG,1.38
yoaR,1.15
yoaQ,1.15
yoaO,1.07
yoaM,1.08
yoaK,1.26
thyA,1.12
yncF,1.09
yncD,1.11
yncB,1.24
xylA,1.24
xynB,1.35
yoaI,1.24
yoaG,1.12
yoaE,1.26
yoaC,1.23
yoaA,1.23
yoxC,1.56
ynaI,1.51
ynaF,1.47
ynaD,1.27
ynaB,1.83
ynzF,1.89
glnA,1.49
yopS,0.7776
yopU,0.7274
yopW,0.683
yopY,0.7135
yoqA,0.6808
yoqC,0.8576
cgeD,0.8406
yodT,0.8901
yodR,0.8474
yodP,0.8439
yozE,0.7388
yodM,0.9984
yoqE,0.9247
yoqG,0.8481
yoqI,0.9311
yoqK,0.8597
yoqM,1.08
yoqO,0.0
deoD,0.0
yodI,0.8655
ctpA,1.2
yodE,0.0
yodC,0.7989
yojA,0.8005
yopT,0.9176
yopV,1.32
yopX,1.0
yopZ,0.9952
yoqB,0.9524
yoqD,1.17
cgeE,1.11
yodS,0.9224
argE,1.03
yodO,1.16
yodN,1.2
yodL,1.37
yoqF,1.25
yoqH,1.57
yoqJ,1.46
yoqL,1.49
yoqN,1.82
yoqP,1.57
yodJ,1.96
yodH,1.54
yodF,1.05
yodD,1.2
yodA,1.6
yojB,1.65
hbs,0.7923
mtrB,0.7542
gerCB,0.8222
ndk,0.6754
aroF,0.7538
aroH,0.847
ypmP,0.5917
ypmR,0.891
ypmT,0.8828
ypoP,0.7835
yppQ,0.7821
yokA,0.849
trpD,0.7509
trpF,0.6557
trpA,0.8365
tyrA,0.7702
ypiA,0.7383
ypiF,0.5883
yokC,0.8832
yokE,0.0
yokG,1.05
yokI,0.8487
yokK,0.8953
yolA,0.0
mtrA,1.07
gerCA,1.24
gerCC,1.08
cheR,1.1
aroB,1.03
trpE,1.16
ypmQ,0.8821
ypmS,1.14
ypnP,1.25
yppP,1.06
ypqP,1.28
yokB,1.1
trpC,1.01
trpB,1.11
hisC,1.04
aroE,0.9445
ypiB,0.7342
qcrA,1.11
yokD,1.44
yokF,1.68
yokH,1.61
yokJ,1.49
yokL,1.73
yolB,1.78
yqgY,0.8322
yqhA,0.8262
yqxL,0.8005
comGB,0.9157
comGD,0.9314
comGF,0.9159
yqjQ,0.7571
yqjS,0.8048
yqjV,0.8875
yqjW,0.7735
yqjY,0.877
yqkA,0.8813
yqzE,0.8505
yqxM,0.9666
cotN,0.8779
sinI,0.8835
yqhH,0.7837
yqhJ,0.7823
yqkC,0.8596
yqkE,0.9684
yqkG,1.01
ansA,1.02
yqkI,0.9544
yqkK,0.9346
yqgZ,1.6
yqhB,1.08
comGA,1.28
comGC,1.2
comGE,1.19
comGG,1.05
yqjR,1.13
yqjT,1.08
yqzH,1.13
yqjX,1.14
yqjZ,1.15
yqkB,1.21
yqzG,1.31
sipW,1.74
sinR,1.21
yqhG,1.44
yqhI,1.23
yqhK,1.27
yqkD,1.33
yqkF,1.4
ansR,1.6
ansB,1.58
yqkJ,1.58
spoIIM,1.86
yrpD,0.8315
aadK,0.7707
yrdB,0.8425
yrdD,0.8407
yrdF,0.8232
azlC,0.8882
yqcJ,0.8152
yqcL,0.8477
spoIVCA,0.848
nucB,0.9189
yqeC,0.8795
yqeE,0.9118
brnQ,0.937
gltR,0.9257
czcD,0.8874
yrdQ,0.9466
yrkA,0.6996
blt,0.7963
yqeG,1.04
aroD,1.03
yqeJ,1.06
yqeL,1.09
comER,1.16
comEB,1.54
yrpB,1.18
yrdA,1.17
yrdC,0.9846
cypA,1.05
azlB,1.27
azlD,1.11
yqcK,1.07
yqcM,1.16
spoIVCB,1.18
yqeB,1.66
yqeD,1.29
yqeF,1.21
yrdK,1.32
yrdN,1.38
trkA,1.14
yrdR,1.26
bltD,1.43
bltR,1.25
yqeH,1.5
yqeI,1.51
yqeK,1.6
yqeM,1.79
comEA,2.0
comEC,2.13
ysdC,0.6717
araA,0.6296
araD,0.7621
araM,0.7911
araP,0.7714
abfA,0.7893
yrbB,0.7014
yrbD,0.8063
yrzG,0.7404
yrbE,0.8989
bofC,0.8611
ruvB,0.8643
ysfE,0.8113
ysfC,0.7621
ysfA,0.7529
pheS,0.7871
ysgB,0.9907
yshC,0.8035
tgt,0.9205
yrzE,0.9136
spoVB,0.7811
yrvB,0.9327
yrvC,0.9635
abnA,0.9964
araB,1.04
araL,1.07
araN,1.03
araQ,1.01
cstA,1.01
yrbC,1.04
yrzH,1.14
yrzF,0.9347
csbX,1.13
ruvA,1.24
queA,1.18
ysfD,1.18
ysfB,1.23
ysgA,1.36
pheT,1.14
yshB,1.38
yshD,1.26
yrbF,1.36
yrbG,1.44
yrzD,1.4
secF,1.45
yrvD,1.58
apt,2.07
ytxO,0.6633
ytcB,0.77
ytdA,0.7886
menF,0.8686
ytxM,0.8934
menE,0.8954
ytmQ,0.7652
malS,0.7146
ytoP,0.7734
ytpP,0.899
ytpS,0.921
murC,0.9535
ytgA,0.9767
ytgC,0.8624
ythB,0.8336
ytiA,0.9028
ytjA,0.9007
ytkA,0.8541
ytxH,0.9071
aroA,0.4658
ytxD,1.0
acuC,0.9732
acsA,0.9729
rpsD,1.35
ytcC,0.9406
ytcA,1.03
yteA,1.06
menD,1.12
menB,1.19
ytfD,1.1
ytnP,0.9444
ytzB,0.9927
ytoQ,1.2
ytpR,1.3
ytpT,1.29
ytxG,1.34
ytgB,1.31
ytgD,1.32
ythA,1.67
ytiB,1.35
ytjB,1.36
dps,3.06
ytxJ,1.55
ccpA,1.91
ytxE,1.64
acuA,1.64
tyrS,1.64
yusU,0.7739
yusS,0.6908
yusQ,0.6577
yusO,0.8094
yusM,0.7477
yusK,0.7524
yuxI,0.8451
yukE,0.9431
yukC,1.17
yueC,1.04
yueE,0.9366
yuzE,0.8486
yusI,0.667
yusG,0.8048
yusE,0.8728
yusC,1.13
yusA,0.9897
yurY,0.808
yueG,0.9601
yueI,0.7431
yueK,0.8565
yuzC,1.07
comQ,1.05
comP,1.14
yusT,0.9947
yusR,0.9719
yusP,1.1
yusN,1.02
yusL,0.9845
yusJ,0.9679
ald,1.14
yukD,1.44
yukB,1.37
yueD,1.42
yuzF,1.23
yueF,1.27
yusH,1.21
yusF,1.29
yusD,1.5
yusB,1.75
yurZ,1.43
yurX,1.23
yueH,1.36
yueJ,1.32
yuxH,1.49
degQ,1.98
comX,2.4
comA,1.65
yvoA,0.6848
nagA,0.6854
lgt,0.7281
yvpA,0.7214
hisZ,0.6125
hisD,0.6633
tpi,0.777
eno,0.7799
yvbJ,0.758
yvbH,0.8985
yvbF,0.8145
opuCB,0.9086
hisH,0.5556
hisF,0.5238
yvcA,1.19
yvzA,1.31
yvcD,0.877
trxB,0.9565
opuCD,0.8922
yvaZ,0.8739
yvaX,0.9599
yvaV,0.8731
opuBC,0.7319
yvaQ,0.8337
nagB,0.977
yvoB,0.9886
yvpB,0.9
hisG,0.7638
hisB,0.7857
pgm,0.9155
yvbK,0.8524
yvbI,1.11
yvbG,1.19
opuCA,1.24
opuCC,1.34
hisA,0.8321
hisI,0.7137
yvcB,1.51
yvcC,1.67
yvcE,2.7
yvcI,1.4
yvbA,1.36
yvaY,1.23
yvaW,1.72
opuBB,1.32
opuBD,1.36
yvaP,1.59
fbaA,0.7724
murZ,0.7513
rpmE,0.6222
ywkB,0.7594
ywkD,0.8391
ywkE,0.8051
ywrE,0.7464
cotG,0.8128
cotB,0.7772
ywrK,0.7633
alsS,0.8217
ywrO,0.6599
ywlA,0.8289
ywlB,0.7975
ywlE,0.7903
ywlG,0.9082
upp,0.8255
atpB,0.8722
ywsB,1.15
rbsC,0.901
rbsD,0.9828
rbsR,1.16
ywtA,0.998
ywtC,0.9384
ywjH,0.9146
ywjI,0.9519
ywkA,1.18
ywkC,1.12
prfA,0.9528
ywkF,1.08
ywrF,1.08
cotH,1.22
ywrJ,1.22
alsR,1.25
alsD,1.25
ywsA,1.15
spoIIR,1.18
ywlD,1.16
ywlF,1.21
glyA,0.9937
atpI,1.53
atpE,1.21
rbsB,1.43
rbsA,1.51
rbsK,1.74
ywsC,1.76
ywtB,1.93
ywtD,2.49
deaD,0.7338
yxiP,0.8738
bglS,0.729
katB,0.8852
yxiT,0.9282
yxjB,0.9147
ywcF,0.8884
ywcH,0.6865
ywcI,0.5758
ywcJ,0.8243
sacA,0.8039
thiD,0.8208
yxjD,0.8148
yxjF,0.8535
yxjH,0.8758
yxjJ,0.8075
yxjL,0.8354
yxjN,0.9792
ywdD,0.8547
ywdF,0.8883
ywdH,0.9434
ywdJ,1.19
ywdL,0.8894
spsB,0.9499
yxiO,1.08
licT,1.22
yxiQ,1.07
yxiS,1.05
yxjA,1.66
yxjC,1.07
ywcG,1.01
vpr,0.7968
sacT,0.7319
sacP,0.9948
ywdA,1.24
ywdC,1.24
yxjE,1.11
yxjG,1.19
yxjI,0.9755
pepT,1.1
yxjM,1.4
yxjO,1.36
ywdE,1.37
ung,1.41
ywdI,1.77
ywdK,1.6
spsA,1.66
spsC,1.45
rnpA,0.9242
jag,0.8826
gidB,1.26
yydK,0.7417
bglA,0.7292
ahpC,0.6095
gntP,1.11
gntR,0.8718
yxaB,0.9239
yyaB,0.9721
spo0J,1.38
yyaD,0.971
yyaF,1.13
ssb,1.77
exoA,1.11
yxaD,0.909
yxaF,0.9077
yxaH,0.9135
yxaJ,0.8248
yxaM,0.7146
yxbB,0.6179
rpmH,1.49
spoIIIJ,1.1
thdF,1.48
yyaA,1.47
yyzE,1.08
ahpF,0.7692
gntZ,1.9
gntK,1.57
yxaA,1.18
yxaC,1.43
soj,1.27
yyaC,1.52
yyaE,1.53
rpsF,2.93
rpsR,2.58
yyaG,1.69
yxnA,1.5
yxaG,1.49
yxaI,1.63
yxaL,1.31
yxbA,1.25
yxbC,1.49
gltA,0.622
ppsE,0.6368
ebrA,0.6788
ymfG,0.7111
bpr,0.8791
cheV,0.8519
rho,0.8759
tagD,0.9116
yvfE,0.7421
yvgP,0.6784
yurC,0.8454
aapA,0.971
spoIIS,0.9946
xtmB,0.859
yhjN,0.8358
yhaA,0.6575
yheJ,1.09
yfmB,0.8555
yqhQ,0.9008
yosN,0.8036
pnpA,0.8224
flhA,1.14
fliP,1.1
fruB,1.0
ppsC,0.8804
yngB,1.16
pyrAB,2.36
polC,1.21
pycA,0.8387
ptsH,1.53
tdk,1.19
yvfC,0.8607
yvfK,1.06
yusY,0.857
ysnF,1.14
lepA,1.11
xkdO,1.18
yirY,1.16
yhfQ,1.2
yhaQ,1.55
yfkL,1.57
yfnC,1.36
spoIIIAG,1.49
yojG,1.56
flhF,1.83
flhB,1.76
cheY,1.89
moaD,1.66
hprT,0.8356
yvoF,0.8326
yvdS,0.7459
sacB,0.7714
ffh,0.7438
ssuC,0.7326
yvfP,0.7203
ctc,1.08
ppsB,0.5869
yvgR,0.7314
ydjK,0.8433
spoIIE,0.9595
ywbL,0.9004
sigL,0.8955
yacA,1.08
yvdR,1.1
yveB,0.915
yqxK,1.06
yhaR,1.12
pnbA,1.03
ytnM,1.16
prs,1.74
ykoW,1.51
cotA,1.42
ydjA,1.51
hutH,1.41
secA,1.35
ybaS,0.7313
ybaN,0.6818
gerD,0.6738
cwlD,0.6622
ybaJ,0.775
rplM,1.01
gcaD,1.07
yabJ,0.8981
yabH,0.8839
veg,0.7289
ksgA,0.8499
ybaF,0.8175
ybxA,0.8213
rpoA,1.04
rpsM,0.0
infA,1.04
adk,0.0
abrB,0.8286
yazA,0.836
yabA,0.8735
holB,0.9663
yaaQ,0.8126
ybaR,1.04
kbaA,0.8723
ybaL,0.8736
ybaK,0.9566
rpsI,1.21
truA,1.29
spoVG,0.6957
purR,0.9999
sspF,0.9812
yabG,0.9986
yabF,1.06
ybaE,1.08
rplQ,1.35
rpsK,1.44
rpmJ,1.76
map,1.64
secY,1.63
yabC,1.12
yabB,1.29
yaaT,1.46
yaaR,1.4
tmk,1.46
ycnG,0.6894
yczG,0.7663
ycnD,0.7974
yclQ,0.663
yclO,0.7544
yclM,0.6795
rapJ,0.9054
ycdC,0.8684
natB,0.7713
yccH,0.7768
yccF,0.8487
yczB,0.7734
yclK,0.7306
yclI,0.7816
gerKB,0.6791
gerKA,0.8256
yclE,0.946
yclC,0.7778
cwlJ,0.8782
ycbO,0.8442
ycbL,0.7884
yczA,0.8292
ycbH,0.8745
ycbF,0.9562
ycnF,0.8522
ycnE,1.05
ycnC,1.11
yclP,0.8776
yclN,0.9831
rapC,1.07
ycdD,1.14
ycdA,1.22
natA,0.8411
yccG,0.9331
lipA,0.9203
phoD,0.9918
yclJ,1.08
yclH,1.12
gerKC,1.1
yczF,1.16
yclD,1.22
yclB,1.19
ycbP,1.68
ycbN,1.2
ycbK,1.27
ycbJ,1.5
ycbG,1.55
ycbE,1.73
ydiF,0.7065
ydiD,0.7701
ydiB,0.8127
ydhU,0.6499
ydhS,0.7412
ydhQ,0.7547
yddF,0.8601
yddC,0.7703
yddA,0.7733
ydcS,0.8697
ydcQ,0.7174
ydcO,0.8536
ydhO,0.9073
ydhM,0.867
ydhK,0.9981
ydhI,0.8583
ydhG,0.9873
ydhF,0.854
ydcN,0.8932
ydcL,0.831
ydcH,0.9371
ydcF,0.9847
sigB,0.9872
rsbU,0.9341
ydiE,0.9061
ydiC,1.05
ydiA,1.18
ydhT,0.8746
ydhR,0.948
ydhP,0.9726
yddD,1.11
yddB,1.02
ydcT,1.02
ydcR,1.27
ydcP,1.12
sacV,1.18
ydhN,1.1
ydhJ,1.32
ydhH,1.29
phoB,1.28
ydhE,1.25
ydcM,1.67
ydcK,1.41
ydcG,1.53
rsbX,1.71
rsbW,1.55
rsbT,1.63
yfjF,0.7347
acoR,0.7372
acoC,0.7904
acoA,0.7251
yfjM,0.8512
yfjO,0.8857
yesT,0.815
yesR,0.7973
yesP,0.7563
yesM,0.7365
yesK,0.7956
cotJB,0.7592
yfjQ,1.03
yfjS,0.8346
yfkA,1.05
yfkC,1.0
yfkE,0.9897
yfkJ,0.9613
yesF,0.8301
yeeK,0.8358
rapH,0.9039
yezA,0.9958
yeeC,1.13
yeeA,1.11
yfjU,1.05
acoL,1.14
acoB,1.03
yfjL,1.03
yfjN,1.12
yfjP,0.8961
yesS,0.7984
yesQ,1.04
yesO,1.1
yesL,1.02
yesJ,1.0
cotJA,1.11
yfjR,1.07
yfjT,1.19
yfkB,1.49
yfkD,1.62
yfkH,1.44
yfkK,1.34
yesE,1.32
yeeI,0.0
yeeG,1.59
yeeD,1.79
yeeB,1.96
yefC,1.96
yhfD,0.6772
yhfB,0.7101
yhgD,0.8914
hemH,0.6636
pbpF,0.8953
yhgB,0.683
yhcN,0.8525
yhcL,1.01
yhcJ,0.8619
yhcI,0.8925
yhcG,0.9029
yhcE,0.8262
ecsC,0.849
ecsA,0.7639
serC,0.6841
yhaH,0.975
yhaI,0.8192
yhaK,1.36
yhcB,0.8896
yhbJ,1.08
yhbH,1.05
yhbF,0.7944
yhbD,0.9559
yhbA,1.06
yhfC,0.9157
yhgE,1.44
hemY,1.01
hemE,0.9933
yhgC,1.04
yhfA,0.9636
yhcM,0.9145
yhcK,1.29
cspB,1.18
yhcH,1.25
yhcF,1.25
yhcC,1.26
ecsB,1.07
hit,1.04
yhaG,1.14
hpr,0.6216
yhaJ,1.72
prsA,1.51
yhcA,1.45
yhbI,1.47
prkA,1.32
yhbE,1.44
cspR,1.8
yhzB,1.72
yjkA,0.8028
yjiC,0.726
yjiA,0.8592
yjhA,1.03
yjgB,0.7921
yjfC,1.02
carA,1.5
argB,1.74
argC,2.05
yitY,0.8723
yitW,0.8672
yitU,0.8049
yjfA,0.8301
cotT,0.9377
yjdJ,0.8798
yjdG,0.9615
yjdE,0.811
yjdC,0.8355
yitT,1.04
nprB,0.934
yitQ,0.9283
yitO,1.17
yitM,0.8976
yitK,0.8514
yjjA,0.8938
yjiB,1.11
yjhB,1.21
yjgD,1.03
yjgA,1.16
yjfB,1.39
argD,1.71
argJ,1.9
yitZ,1.3
yitX,1.27
yitV,1.12
ipi,1.18
yjeA,1.09
yjdK,0.9803
yjdI,1.11
yjdF,1.39
yjdD,1.2
yjdB,1.08
yitS,1.28
yitR,1.4
yitP,1.86
yitN,1.71
yitL,1.68
yitJ,1.27
yknV,0.7099
moaE,0.808
moeA,0.8965
mobA,0.877
ykuV,0.8395
ykuT,0.9276
ykoE,1.03
ykoC,0.9529
ispA,0.7537
yknA,0.8727
ykmA,0.8329
proA,0.8124
ykuR,0.8536
ykuP,0.6334
ykuN,0.7351
ykuL,0.9725
ykuK,1.06
ykuI,0.9026
ykkE,1.07
ykkC,0.9119
ykkA,0.81
ykzH,0.8504
ykhA,0.9622
ykgB,0.9947
yknU,0.9729
mobB,1.11
moeB,1.19
ykuW,1.04
ykuU,1.19
ykuS,1.03
ykoD,1.08
ispU,0.7219
metC,0.6253
ykzA,2.15
yklA,0.9843
proB,1.18
ykuQ,1.23
ykuO,1.04
ykuM,1.33
ykzF,1.51
ykuJ,1.64
ykuH,1.52
ykkD,1.5
ykkB,1.45
ykjA,1.3
hmp,1.37
ykgA,1.59
ykfD,1.43
fliR,0.8162
fliZ,0.846
fliM,0.9464
flgE,0.9688
fliK,0.9883
fliJ,1.15
ylmA,0.6218
sigE,0.8272
ftsZ,0.7775
sbp,0.8741
ylxW,0.9448
murB,1.15
fliH,1.08
fliF,1.25
flgC,1.21
codY,1.09
clpQ,1.12
gid,1.21
spoVE,1.15
mraY,1.31
pbpB,1.06
ylxA,1.0
yllA,0.8419
ylbP,1.05
fliQ,1.03
fliY,1.25
fliL,1.34
ylxG,1.38
ylxF,1.28
fliI,1.05
sigG,0.9413
spoIIGA,0.8116
ftsA,0.9566
ylxX,1.38
divIB,1.62
murG,1.74
fliG,1.42
fliE,1.79
flgB,1.55
clpY,1.64
codV,1.83
topA,1.45
murE,1.8
ftsL,1.65
yllB,1.66
ylbQ,1.52
ylbO,1.74
yoxD,0.7145
proH,0.6982
gltC,0.6799
yogA,0.674
ggt,0.6845
yoeC,0.7652
glnR,1.14
ynbA,0.9318
cwlC,0.7553
nrdF,0.6633
ymaA,0.8017
ymzC,0.8245
yoeA,0.7616
pbp,0.7353
yngK,0.7903
yngJ,0.7551
yngH,0.8579
yngF,0.8263
miaA,0.9265
ymaG,0.8023
ymaD,0.874
aprX,0.8251
ymzB,0.9307
pksN,0.6986
rtp,0.8478
proJ,0.8696
gltB,0.8022
yofA,1.06
yoeD,1.0
yoeB,0.6273
ynbB,1.05
spoVK,0.9624
ymaB,1.05
nrdE,1.08
ymzA,1.13
ymaH,0.8849
yoxA,0.9211
yngL,1.17
ynzE,1.25
yngI,1.14
yngG,1.26
yngE,1.48
ymaF,1.56
ebrB,1.56
ymaC,1.55
ymaE,1.41
pksS,1.54
pksJ,1.24
yoqR,0.6956
yoqT,0.8645
yoqV,0.8732
yoqY,0.8235
yorA,0.7846
yorC,0.8536
yojC,0.7782
yojF,0.8566
yojI,0.8882
yojK,0.7363
yojM,0.7386
yojO,0.9164
yorE,0.7883
yorG,0.7519
yorI,0.8584
yorK,0.8055
yorN,0.8889
yorP,0.7587
yocS,0.6525
sodF,0.8766
dhaS,0.956
yozO,0.7193
yozN,0.6797
yocL,0.7905
yoqS,0.8895
yoqU,1.11
yoqW,0.0
yoqZ,1.22
yorB,1.11
yorD,1.16
yojE,1.1
yojH,1.09
yojJ,1.15
yojL,0.9581
yojN,1.12
odhB,1.3
yorF,1.34
yorH,1.4
yorJ,1.33
yorM,1.33
yorO,1.41
yorQ,1.21
yocR,1.31
sqhC,1.53
yozC,1.75
yocN,1.37
yocM,1.32
yocK,1.51
qcrC,0.6739
ypjB,0.9358
ypjD,0.8837
ypjF,0.7444
ypjH,0.7268
birA,0.7255
yolC,0.7829
uvrX,0.755
sunA,0.8309
yolI,0.9845
yolK,0.7694
yomB,1.0
panC,0.7449
ypmB,0.7678
asnS,0.9104
nth,1.04
yppB,0.9897
yomD,0.9224
yomF,1.0
yomH,1.04
yomK,1.23
yozP,1.19
yomN,1.01
ypjA,0.9349
ypjC,1.2
dapB,1.17
ypjG,0.9893
papS,0.9734
panB,0.9698
yolD,1.11
yolF,1.33
sunT,1.13
yolJ,1.37
yomA,1.24
yomC,1.27
panD,1.04
ypmA,1.19
aspB,1.04
dnaD,1.49
ypoC,1.5
yppC,1.51
yomE,1.78
yomG,1.92
yomJ,2.05
yomL,2.3
yomM,1.94
yomO,2.06
yqhL,0.9779
yqhN,0.8846
yqhP,0.7363
yqhS,0.7948
efp,1.01
spoIIIAA,0.8592
yqkL,1.08
drm,1.02
dacF,0.7228
spoIIAB,0.6333
spoVAA,0.7742
spoVAC,0.7517
spoIIIAC,0.8676
spoIIIAE,0.8143
spoIIIAH,0.7774
accC,0.9371
yqhZ,1.1
yqiB,1.05
spoVAE,0.8655
lysA,1.04
ppiB,1.1
ypuB,0.9992
ypzC,1.02
ypuD,0.8178
yqhM,0.9949
yqhO,0.9894
yqhR,1.06
yqhT,1.22
yqhV,1.02
spoIIIAB,0.9693
ripX,0.9734
pnp,1.26
spoIIAA,0.8888
sigF,0.7157
spoVAB,0.947
spoVAD,1.21
spoIIIAD,1.18
spoIIIAF,1.24
accB,1.31
yqhY,1.47
folD,1.33
yqiC,1.63
spoVAF,1.69
ypuA,2.04
ypzD,1.39
ypuC,1.59
sipS,1.54
ypuE,1.84
yrkB,1.04
yrkD,0.8465
yrkF,0.8255
yrkH,0.8959
yrkJ,0.8823
yrkL,0.937
yqeN,0.9329
gpr,0.7937
yqxA,0.796
dnaK,0.7284
yqeT,0.9843
yrkN,1.06
yrkP,1.0
yrkR,0.8825
spoIIIC,0.9874
yqaC,0.8502
yqaF,0.9215
yqeV,0.9707
rpsU,1.06
yqeZ,0.6444
yqfB,0.9016
yqfD,1.0
yqfF,0.9655
yrkC,1.09
yrkE,1.18
yrkG,1.37
yrkI,1.14
yrkK,1.38
yrkM,1.37
rpsT,1.7
spoIIP,1.18
hemN,1.18
grpE,0.9999
dnaJ,1.24
yqeU,1.37
yrkO,1.34
yrkQ,1.33
yrkS,1.44
yqaB,1.42
yqaE,1.37
yqdA,1.7
yqeW,1.49
yqeY,1.33
yqfA,1.14
yqfC,1.58
phoH,1.58
yqfG,1.78
yshE,0.7439
ysiA,0.696
etfB,0.8334
xsa,0.6883
uvrC,0.7739
lysC,0.8184
relA,0.7859
yrvJ,0.8246
hisS,0.7039
yrvM,1.14
yrzC,1.06
yrvP,0.9327
sdhC,0.9801
sdhB,0.8934
gerE,0.8358
racE,1.06
rph,0.8026
ysnB,0.7961
yrrB,1.02
yrrD,0.8607
glnM,0.911
glnQ,1.27
yrzB,1.46
lcfA,0.9424
ysiB,0.9542
etfA,1.03
trxA,1.02
ask,0.9434
yslB,1.01
yrvI,0.8798
yrzK,1.06
aspS,1.03
yrvN,0.9513
yrvO,1.07
yrrA,1.14
sdhA,1.22
ysmA,1.11
ysmB,1.04
gerM,1.16
ysnA,1.12
ysnE,1.15
yrrC,1.12
glnP,1.6
glnH,1.59
yrrI,1.65
yrrK,2.08
yrrL,1.22
ytkC,0.779
ytlC,0.7836
ytlA,0.8217
ytmB,0.8263
metK,1.19
ytnA,0.841
ytsP,0.8534
ytwP,0.8123
nifZ,0.9455
sspA,1.2
ytcJ,0.7951
yteI,0.6993
ytpA,0.9165
ytqA,0.8771
ytrA,1.02
ytrC,0.8711
ytrE,0.8011
ytsA,0.779
ytfI,0.8897
ytxK,0.9656
moaB,1.47
argH,1.6
ytkK,1.22
ytlI,1.0
ytlD,1.05
ytlB,0.9785
ytmA,1.12
pckA,1.16
asnB,1.24
ytoA,1.09
ytvP,1.13
braB,1.14
ytbJ,1.56
ytcI,0.8189
ytdI,0.9618
yteJ,0.8723
ytqB,1.16
ytzC,1.02
ytrB,1.34
ytrD,1.3
ytrF,1.36
ytsB,1.26
ytgI,1.1
ackA,1.97
argG,2.77
ytzD,2.55
ytkL,1.9
ytmI,1.85
yurW,0.6571
yurU,0.6722
yurS,0.6963
yurQ,0.8405
yurO,0.472
yurM,0.5698
yufB,1.14
yufD,0.9567
yufU,1.17
yufS,0.7852
yufQ,0.5404
yufO,0.8782
yurK,0.541
yurI,0.7857
yurF,0.7617
yurD,0.8427
yunM,0.8369
yunK,0.7665
yufM,0.9642
yuxK,1.15
yuxJ,0.8478
kapB,0.7707
patB,0.9117
yugF,0.9431
yurV,0.8936
yurT,1.15
yurR,1.11
yurP,0.5973
yurN,0.6699
yurL,0.6478
yufC,1.44
yufV,1.38
yufT,0.8833
yufR,0.726
yufP,0.6463
yufN,0.6551
yurJ,0.647
yurH,1.03
yurE,1.17
yurB,1.24
yunL,1.38
yunJ,1.41
yufL,1.53
pbpD,1.94
kapD,1.63
kinB,1.38
yugE,1.81
yugG,1.75
yvcJ,0.7313
yvcL,0.7383
yvcN,0.7448
yvcQ,0.8509
yvcS,0.8343
yvdA,0.8364
yvaO,0.8615
yvzC,0.7901
yvaL,0.8129
yvaJ,0.5277
yvaG,0.7791
yvaE,0.8241
yvdC,0.6295
yvdE,0.8408
yvdG,0.7609
yvdI,0.8496
yvdK,0.8162
yvdM,0.7976
yvaC,0.807
yvaA,1.04
yvgY,0.8142
yvgW,1.01
yvgU,0.8556
yvgS,0.9163
yvcK,0.9676
crh,0.9406
yvcP,1.07
yvcR,1.17
yvcT,1.11
yvdB,0.9187
yvaN,1.05
yvaM,0.977
yvaK,1.12
yvaI,0.8601
yvaF,0.0
yvaD,0.984
yvdD,0.7226
yvdF,0.964
yvdH,1.21
yvdJ,1.2
yvdL,1.32
clpP,1.08
yvaB,1.08
yvgZ,1.3
yvgX,1.18
yvgV,1.29
yvgT,1.46
yvgQ,1.01
atpF,0.6462
atpA,0.6172
atpD,0.6785
ywmA,0.7306
ywmB,0.9672
spoIID,0.8457
ywtE,0.8945
ywtG,0.8985
gerBB,0.7499
pmi,0.8497
tagC,1.08
tagA,1.01
ywmE,0.87
narA,0.9181
ywmF,0.782
ureA,0.6219
ureC,0.7061
ywnB,0.8433
tagF,0.8633
ggaA,1.12
lytR,0.8865
lytC,1.24
tuaB,1.02
tuaD,1.07
atpH,0.8741
atpG,0.9091
atpC,0.7576
ywzB,1.06
murA,0.9906
ywmC,1.15
ywtF,1.29
gerBC,1.01
gerBA,1.16
lytD,1.31
tagB,1.43
tagE,1.4
narQ,1.14
rapB,1.05
ywmG,1.99
ureB,0.9664
ywnA,1.37
ywnC,1.5
tagG,1.69
yvyH,1.35
lytB,1.77
tuaA,1.87
tuaC,1.75
tuaE,1.59
yxkA,0.7917
yxkC,0.7838
aldY,0.7326
msmX,0.687
yxzE,0.7768
yxkJ,0.788
spsD,0.9022
spsG,0.8723
spsJ,0.8085
yweA,0.9083
rocA,0.7851
rocC,0.7636
cydB,1.48
cydD,1.17
yxlA,0.8599
yxlC,0.8067
yxlE,0.7719
yxlG,0.8151
ywfB,0.6608
ywfD,0.5685
ywfF,0.6254
ywfH,0.8531
pta,0.9755
ywfL,0.9539
galE,0.9533
yxkD,0.9323
yxkF,1.1
yxkH,1.36
yxkI,1.24
cydA,1.17
spsE,1.05
spsI,0.8849
spsK,1.08
yweB,1.1
rocB,1.05
ywfA,0.968
cydC,1.48
yxkO,1.32
sigY,1.3
yxlD,1.22
yxlF,1.25
yxlH,1.17
ywfC,0.922
ywfE,1.06
ywfG,1.11
ywfI,1.22
ywfK,1.6
ywfM,1.74
yyaH,0.7376
yyaJ,0.795
yyaL,0.7156
yyaN,0.7746
tetL,0.8569
yyaP,0.8441
yxbD,0.6386
yxbF,0.761
yxcA,0.8193
yxcC,0.8827
yxcE,0.964
iolR,0.8887
yyaR,0.8259
yyaT,0.8771
yybB,0.9181
yybD,0.8016
yybF,0.8477
yybI,0.7789
iolB,0.8432
iolD,0.916
iolF,0.9076
iolH,0.8766
iolJ,0.9536
yxdK,1.03
yyaI,1.09
yyaK,1.06
yyaM,0.9851
yyaO,1.06
tetB,1.21
yyaQ,1.18
aldX,0.8817
yxbG,1.0
htpG,1.01
yxcD,1.17
iolS,1.07
iolA,1.16
yyaS,1.22
yybA,1.18
yybC,1.26
yybE,1.33
yybG,1.23
yybJ,0.9457
iolC,1.41
iolE,1.47
iolG,1.62
iolI,1.57
yxdJ,1.7
yxdL,1.81
yeeF,0.8076
purQ,0.7647
ydgJ,0.7875
pbpC,0.9628
srfAC,0.7881
ycgI,0.8256
yknT,0.8623
ptsI,0.9303
ykvU,0.8547
ykzE,0.814
yjdH,0.7949
yhdN,0.9836
yczC,0.8644
lmrA,1.02
ybgB,0.7718
ybdD,0.7952
fus,0.8386
yfiX,0.8787
yfkF,0.9117
treA,0.8657
yflP,0.9433
yesY,0.9241
yddN,1.03
yerP,0.8985
ydjD,0.7938
yddE,1.08
yclG,1.02
nasB,1.04
ycdB,1.01
patA,1.12
ykvW,1.1
ykrP,0.8158
ykoY,1.08
yhaP,1.3
yhbB,1.07
yccC,1.1
ybgE,0.7474
ybgA,1.37
rpmD,1.45
rpoB,1.02
clpC,1.03
yfiB,1.31
yfkI,1.63
yflH,1.38
yetM,1.37
cotJC,1.5
yddK,1.58
yabD,0.9216
yurG,0.7097
ytqD,0.7541
acuB,0.8251
dnaE,0.8317
levR,1.01
yqzC,1.13
yaaO,0.874
ypbG,0.96
ypvA,1.03
cgeB,0.914
yloB,1.07
glcT,1.2
yjcD,1.02
metS,1.35
ythC,1.13
ytpB,1.03
ytoI,0.8516
yrhJ,1.01
yqxH,1.26
bmrU,1.29
yaaN,1.03
qcrB,1.13
yosO,1.47
ylqF,1.72
spoVD,1.72
yjgC,1.78
yjaX,1.46
rplO,0.9337
rplR,0.9164
rpsH,0.9669
rplE,0.9089
rplN,1.0
rpmC,1.07
xpaC,0.7077
bofA,0.8381
recR,0.8398
dnaX,0.9515
yaaI,0.7757
rpsC,0.868
rpsS,0.8971
rplW,1.03
rplC,0.7865
ybaC,0.9112
rpsG,0.8677
serS,0.8245
yaaD,0.6499
guaB,1.02
gyrB,0.8974
recF,0.8769
rpsE,0.9456
rplF,1.05
rpsN,1.27
rplX,0.0
rpsQ,1.42
rplP,0.0
csfB,0.8135
yaaL,1.11
yaaK,1.12
yaaJ,0.9943
yaaH,0.9518
rplV,1.2
rplB,1.24
rplD,1.16
rpsJ,1.15
tufA,1.03
rpsL,1.24
yaaE,1.0
dacA,1.3
yaaC,1.21
yaaB,1.32
yaaA,1.56
yclA,0.7121
yckJ,0.7214
yczE,0.7351
ycxD,0.6732
ycxB,0.6859
srfAD,0.7788
ycbD,0.836
ycbA,0.8572
ybgH,0.7963
ybgF,0.7722
ybfP,0.8781
ybfN,1.03
yckH,0.8377
yckF,0.8245
nucA,0.9236
yckE,0.8202
yckC,1.01
yckA,0.9489
ybfM,0.9099
ybfK,0.8623
purT,0.7151
ybfH,0.9205
ybfF,0.9191
ybfB,0.8788
yckK,0.9574
yckI,0.9837
sfp,1.08
ycxC,0.9566
ycxA,1.01
comS,0.9927
ycbB,0.9947
ybgJ,0.8833
ybgG,0.8259
ybfT,0.8501
ybfO,1.05
psd,1.24
yckG,0.9683
tlpC,1.13
nin,1.17
yckD,1.18
yckB,1.4
yciC,1.31
pssA,1.33
ybfJ,1.07
ybfI,1.23
ybfG,1.24
ybfE,1.28
ybfA,1.61
ydhD,0.771
ydgK,0.8817
ydgH,0.7996
dinB,0.7006
expZ,0.8874
ydgD,0.8145
rsbS,0.8762
ydcE,0.8141
dal,0.7235
ydcB,0.7163
ydbS,0.6492
murF,0.7838
ydgB,0.827
ydfT,0.8808
ydfR,0.936
ydfQ,0.8741
ydfO,0.8659
ydfM,0.9923
ydbP,1.05
ydbM,0.7443
ydbK,0.9593
ydbI,1.06
ydbF,0.9846
ydbD,1.14
ydhC,1.06
ydgI,0.9257
ydgG,0.998
ydgF,0.9877
ydgE,0.9967
ydgC,0.9679
rsbR,0.9945
ydcD,0.9592
ydcC,1.11
ydbT,0.8948
ydbR,1.38
ddlA,1.38
ydgA,1.22
ydfS,1.16
ydzH,1.42
ydfP,1.49
ydfN,1.25
ydfL,1.55
ydbN,1.09
ydbL,1.22
ydbJ,1.4
ydbG,1.35
ydbE,1.93
ydbC,1.41
yfkM,1.09
treR,0.8676
yfkQ,0.8385
yfkS,0.8641
yflA,1.02
yflC,0.8282
yefB,0.8531
yerQ,0.8971
yerN,0.7031
yerL,0.6814
sapB,0.8149
yerH,0.9455
yflE,0.8491
yflG,0.8131
yflJ,0.9076
yflL,0.9008
yflN,0.8734
citT,0.8061
yerF,1.14
yerD,0.9552
yerA,0.8094
yezC,0.8879
purH,0.8941
purM,0.8386
yfkO,1.15
treP,0.9109
yfkR,0.983
yfkT,1.11
yflB,0.9701
yflD,0.917
yefA,1.2
yerO,0.9819
yerM,1.01
opuE,0.9512
yerI,1.09
yflF,1.03
yflI,1.34
yflK,1.21
yflM,1.26
citM,1.21
citSc,1.31
yerE,1.31
yerB,1.26
yecA,1.28
purD,1.0
purN,1.39
purF,1.27
yhaL,0.7619
yhaN,0.7203
yhaS,0.917
yhaU,0.8922
yhaW,0.861
yhaY,1.07
ygaO,0.9737
ygaN,0.8094
ygbA,0.7372
katA,0.7653
ygaK,0.807
ygaJ,0.7153
yheA,1.1
yheD,0.8911
sspB,1.2
yheG,0.904
yheK,0.9457
yheN,0.9649
ygaI,0.6778
ygaH,0.8842
ygaF,0.9264
ygaE,1.12
ygaC,0.9376
sspE,1.03
yhaM,0.8727
yhaO,0.8779
yhaT,0.9843
yhaV,1.07
yhaX,1.1
yhaZ,1.01
yhzA,0.9595
ygcA,0.9456
ygaL,0.8817
senS,0.9208
thiA,0.8454
ygzA,1.13
yheB,1.06
yheE,1.12
yheF,1.24
yheI,1.9
yheM,0.7884
yhdZ,1.13
ygxA,1.15
ygaG,1.26
gsaB,1.37
ygaD,1.49
ygaB,1.32
yfhR,1.79
yjdA,0.711
yjcR,0.8577
yjcP,0.8072
yjcN,0.7674
yjcL,0.7076
yjcJ,0.6028
yitI,0.7491
yitG,0.8393
yitE,0.8668
yitC,0.9278
yitA,0.884
yisX,0.8578
yjcH,0.8351
yjcF,0.7938
yjcC,0.7784
yjcA,0.7675
cotW,0.7866
cotY,0.7423
yisV,0.7949
yisT,0.7253
degA,0.8423
yisQ,0.9334
yisO,0.8331
yjcS,0.9636
yjcQ,1.03
yjcO,0.9715
yjcM,1.22
yjcK,0.9002
yjcI,0.793
yitH,1.03
yitF,0.7187
yitD,1.02
yitB,1.16
yisY,0.9021
yisW,1.06
yjcG,1.0
yjcE,1.26
yjcB,1.18
cotV,1.07
cotX,1.03
cotZ,0.9963
yisU,1.32
yisS,1.21
yisR,1.21
yisP,1.17
yisN,1.32
yisL,1.43
ykuG,0.5741
ykuE,0.8475
ykuC,0.8383
kinA,0.665
ykwD,0.7308
ykwB,0.7545
ykfC,0.7287
ykfA,0.5364
dppD,0.5748
dppB,0.6655
ykeA,0.811
ykcC,0.7787
splA,1.07
ykvZ,0.9999
ykvV,0.8009
ykvS,0.9338
ykvQ,0.913
ykvO,0.9712
ykcA,0.8742
ykaA,0.9525
spoIISA,1.12
xhlB,0.8933
xkdY,0.9731
xkdW,0.8784
ykuF,0.8468
ykuD,1.01
ykyB,1.32
ykwC,1.13
splB,1.08
ykfB,0.5931
dppE,0.5311
dppC,0.5623
dppA,0.628
htrA,1.05
ykcB,1.12
ptsG,1.59
ykvY,0.0
ykvT,1.39
ykvR,1.31
ykvP,1.34
ykvN,1.47
ykbA,1.43
ykaB,1.57
xlyA,1.38
xhlA,1.41
xkdX,1.34
xkdV,2.29
smf,0.6061
sucC,0.5843
ylqG,0.7473
rplS,0.8048
ylqE,0.8759
ylqC,0.9864
rpmF,1.05
ylbM,0.8352
ylbK,0.8591
ylbI,0.9475
ylbG,0.9096
ylbE,0.8629
ylxM,0.9131
ftsY,0.8926
rncS,0.905
fabG,0.8274
plsX,0.7339
ylpB,0.9635
ylbC,1.29
ylbA,0.8372
ctaF,0.7249
ctaD,0.7736
ctaB,0.8053
ylaO,0.8656
sucD,0.8447
ylqH,1.13
rnh,1.07
trmD,1.19
ylqD,1.07
rpsP,1.22
ylbN,1.68
ylbL,0.8063
ylbJ,0.9839
ylbH,1.25
ylbF,1.29
ylbD,1.12
ylqB,1.31
acpA,1.04
fabD,0.9554
ylpC,1.19
ylpA,1.3
ylbB,1.4
ctaG,1.02
ctaE,0.9745
ctaC,1.11
ctaA,1.12
ylaN,1.31
yngD,0.7764
yngA,0.8173
ynfF,0.7821
bglC,0.7883
ynfC,0.8242
grlB,0.718
pksI,0.7175
pksG,0.7202
pksE,0.7822
pksC,0.869
pksA,0.7619
mutL,0.8804
yneS,0.8349
yneQ,0.8853
tlp,0.8721
citB,0.0
cotL,0.9049
yneK,1.18
cotE,0.9872
ymcB,1.3
tdh,0.9567
ymdB,0.9846
pbpX,1.06
cinA,1.16
yngC,1.1
xynD,1.05
ynfE,1.02
alsT,1.26
grlA,1.11
yneT,1.13
pksH,0.6476
pksF,0.64
pksD,0.8639
pksB,0.8761
ymcC,1.05
mutS,1.09
yneR,1.16
yneP,1.15
yneN,1.14
cotK,1.29
cotM,1.24
yneJ,1.72
ymcA,1.66
kbl,1.26
spoVS,1.16
ymdA,1.35
recA,1.68
pgsA,1.88
yorR,0.0
yorT,0.8803
yorV,0.9017
yorX,0.8809
yorZ,0.8613
yosB,0.9241
yocJ,0.786
yocH,1.15
yocF,0.7628
yocD,0.8572
yocB,0.9183
yocA,0.7782
yosD,0.8644
yosF,0.8924
yosH,0.8898
yosJ,0.8891
yosL,0.7984
yosP,0.723
yobW,0.9058
yobU,0.9029
yobS,0.9494
yobQ,0.7464
yobO,0.8717
yobM,1.05
yorS,0.9745
mtbP,1.0
yorW,1.02
yorY,1.25
yosA,1.15
yosC,1.02
yocI,1.4
yocG,0.9576
yocE,0.6389
yocC,1.05
yozB,0.8664
yozA,1.2
yosE,0.9878
yosG,1.16
yosI,0.0
yosK,0.0
yosM,1.23
yosQ,0.0
yobV,0.0
yobT,1.35
yobR,1.07
csaA,1.17
yobN,1.72
yobL,0.0
yppD,0.8338
yppF,0.8469
ypqE,0.7405
yprB,0.8427
ypsA,0.9533
ypsC,0.8988
yomP,0.962
yomR,0.8507
yomT,0.8323
yomV,0.9872
yomX,0.8989
yomZ,0.8515
kduD,0.8177
kdgR,0.8505
kdgA,0.8396
ypwA,0.8
pbuX,1.1
ypbQ,0.8658
yonB,0.9407
yonD,0.0
yonF,1.1
yonH,1.21
yonK,1.18
yonO,0.9105
yppE,1.03
yppG,0.8861
cotD,1.68
ypsB,1.13
yptA,1.08
yomQ,1.04
yomS,1.08
yomU,1.11
yomW,0.9983
yomY,0.9948
yonA,1.09
kduI,1.11
kdgK,1.11
kdgT,1.26
xpt,1.4
bcsA,1.32
ypbS,1.37
yonC,1.53
yonE,1.64
yonG,1.97
yonI,2.17
yonN,1.43
yonP,1.99
yqiD,0.8294
yqxC,0.763
recN,0.7538
spo0A,0.6447
yqiH,0.6924
yqiK,0.8244
ribG,0.7146
ribA,0.6663
ribT,0.8409
ypuG,0.9539
ypuI,0.8772
spmA,0.81
mmgB,0.8444
mmgD,0.7605
yqiQ,0.8836
yqiR,0.9283
yqiT,1.26
yqiV,1.17
ypuL,0.8004
resB,0.6179
resD,0.7804
sigX,1.19
aroC,1.05
ypzE,0.8383
yqiE,1.22
ahrC,1.2
spoIVB,0.9431
yqiG,0.9428
yqiI,1.12
ribB,1.08
ribH,1.11
ypuF,1.18
ypuH,1.2
dacB,1.06
spmB,1.03
mmgC,1.15
mmgE,1.2
yqzF,1.25
yqiS,1.74
yqiU,1.57
bfmBAA,1.54
resA,1.03
resC,1.28
resE,1.3
ypuN,1.83
serA,0.9968
ypaA,1.5
yqaG,0.8216
yqaI,0.8562
yqaK,0.9191
yqaM,0.8838
yqaO,0.9534
yqaQ,0.8446
dgkA,0.8206
bex,0.8487
glyQ,0.7966
yqzB,0.8174
yqxD,0.7981
sigA,0.8398
yqaS,0.8488
yqbA,0.8929
yqbC,1.07
yqbE,0.9553
yqbG,0.9472
yqbI,0.9379
yqfN,1.07
yqfP,1.02
yqfR,1.09
yqfT,1.03
yqfV,1.25
yqfX,0.9374
yqaH,1.04
yqaJ,1.07
yqaL,0.9171
yqaN,1.3
yqaP,1.41
yqaR,1.21
cdd,1.1
yqxN,1.12
glyS,0.9427
yqfL,1.07
dnaG,1.04
cccA,1.16
yqaT,0.0
yqbB,1.43
yqbD,1.27
yqbF,1.38
yqbH,1.36
yqbJ,1.59
yqfO,1.57
yqfQ,1.47
yqfS,1.93
yqfU,1.5
yqfW,1.68
yqfZ,1.54
ysnD,0.4054
ilvN,0.3479
leuA,0.3255
leuC,0.3194
ysoA,0.5472
clpX,0.8269
yrrM,1.03
yrrO,1.0
greA,0.8915
yrrS,1.04
yrrT,0.9713
yrhA,0.9745
ysxD,0.7372
hemX,0.787
hemD,0.7737
hemL,0.8167
ysxE,0.8638
yrhD,0.8159
yrhG,1.08
yrhH,0.9814
yrhK,1.05
yrhM,1.1
yrhO,0.957
ilvB,0.4902
ilvC,0.4444
leuB,0.3697
leuD,0.4669
tig,1.08
lonB,1.04
yrrN,1.25
udk,1.32
yrrR,1.05
yrzA,1.4
yrrU,1.25
yrhB,1.21
ysxC,1.1
hemA,0.9329
hemC,1.11
hemB,1.08
spoVID,1.16
yrhF,1.52
yrzI,2.41
yrhI,0.0
yrhL,0.0
sigV,0.0
levD,0.0
ytsC,0.6956
yttA,0.7329
ytvA,0.7197
leuS,0.6791
melA,0.8163
amyD,0.8437
ytmJ,0.7565
ytmL,0.9099
hisP,0.8518
ytnJ,0.7556
hipO,0.7025
ytqI,0.6375
msmR,0.7191
bioW,0.6621
bioF,0.6479
bioB,0.6399
ytbQ,0.6348
ytcQ,0.8224
ytsJ,0.8896
pfk,1.15
ytwI,1.07
citC,0.7689
phoP,0.9541
yttB,1.08
ytvB,0.9575
ytwF,1.0
amyC,0.9893
msmE,1.08
ytmK,0.9783
ytmM,1.02
ytnI,0.0
ribR,0.9774
ytpI,1.06
ytrI,0.91
ytaP,0.9857
bioA,0.8884
bioD,0.8683
bioI,0.9551
ytcP,1.13
ytdP,1.18
yttI,1.29
ytvI,1.52
citZ,1.12
citH,1.03
phoR,1.3
mutM,1.31
yunI,0.684
yunG,0.7119
yunE,0.7338
yunC,0.7129
yunA,0.7426
yutC,0.707
yugH,0.79
yuzA,0.8074
yugK,0.7784
yugM,0.7855
yugO,0.7413
yugS,0.784
yutE,0.8875
yutG,0.6726
hom,0.6251
thrB,0.7491
yutI,0.8899
yutJ,0.9495
yugU,0.8789
mcpB,1.07
mcpA,1.05
yuxG,0.872
yulC,0.8736
yulE,0.8619
yunH,0.9234
yunF,0.8559
yunD,0.8613
yunB,0.9322
yutB,0.9569
yutD,1.23
yugI,1.2
yugJ,0.7663
pgi,0.8025
yugN,1.02
yugP,1.08
yugT,0.9143
yutF,1.14
yutH,1.08
thrC,0.7648
yuxL,0.9667
yuzD,1.2
yuzB,1.24
tgl,1.24
tlpA,0.9343
tlpB,1.49
yulB,1.39
yulD,1.41
yulF,1.45
yvdO,0.7229
yvdQ,0.7737
yveA,0.7802
racX,0.6658
yveG,0.8041
slr,0.7657
yvgO,0.6782
yvgM,0.7993
yvgK,0.724
yvsG,0.7955
fhuD,0.678
fhuG,0.8124
yveN,0.6806
yveP,0.6932
yveR,0.7534
yveT,0.7187
yvfB,0.7846
yvfF,0.859
yvrP,0.8167
yvrN,0.8617
yvrL,0.8382
yvrI,0.8176
yvrG,0.853
yvrD,0.8392
yvdP,0.9832
yvdT,1.14
pbpE,0.735
yveF,1.0
padC,0.9517
yveL,0.9852
yvgN,0.7574
yvgL,0.8362
yvgJ,1.1
yvsH,1.25
fhuB,0.8769
fhuC,0.8915
yveO,0.8996
yveQ,1.01
yveS,0.9788
yvfA,0.9881
yvfD,1.09
yvfG,1.47
yvrO,0.9988
yvrM,0.9983
yvrK,1.3
yvrH,1.24
yvrE,1.28
yvrC,1.54
mta,0.7541
ywnF,0.7258
spoIIQ,0.6634
ywoA,0.6754
nrgA,0.8186
ywoC,0.85
tuaF,0.8283
tuaH,0.8655
yvhJ,0.8915
degS,0.7837
comFA,0.9021
comFC,0.8452
ywoE,0.7744
ywoG,0.6656
usd,0.827
mbl,0.9636
flhP,0.999
ywpB,0.8511
flgM,1.08
flgK,1.07
yviE,1.13
csrA,0.968
yvyC,0.9471
fliS,1.01
ywnE,1.11
ywnH,1.04
ywnJ,0.9451
nrgB,1.14
ywoB,1.05
ywoD,0.9778
tuaG,1.04
tagO,0.8798
yvyE,1.15
yviA,1.11
comFB,1.28
yvyF,1.4
ywoF,1.35
ywoH,1.24
spoIIID,1.19
flhO,1.23
rapD,1.19
ywpC,1.15
yvyG,1.65
flgL,1.69
yviF,1.47
hag,1.2
fliD,1.71
fliT,1.54
katX,0.6279
yxzF,0.6308
licB,0.5888
licA,0.5577
ywaA,0.5611
dltD,1.05
ywfN,0.6914
ywfO,0.6659
ywgB,0.5515
thrZ,0.5339
ywhB,0.5927
ywhD,0.595
dltB,0.8749
ywaB,0.9633
ywaD,0.8243
ywaE,0.7284
gspA,1.11
sacX,0.979
ywhF,1.05
ywhH,0.9153
rapF,0.8641
ywhL,0.8255
ywhN,0.0
ywhP,0.9607
yxlJ,0.9639
licR,0.8351
licC,1.02
licH,1.12
dltE,1.32
dltC,1.58
ywzC,1.37
ywgA,0.8665
mmr,0.8381
ywhA,0.5947
ywhC,0.7444
ywhE,0.9632
dltA,1.2
ywaC,1.25
tyrZ,0.9385
ywaF,1.13
sacY,1.31
epr,1.27
ywhG,1.3
phrF,1.26
ywhK,1.23
ywhM,1.31
ywhO,1.32
ywhQ,1.54
yybK,0.6421
yybM,0.6532
yybO,0.661
yybQ,0.707
cotF,0.7858
yybT,0.7755
yxdM,0.7107
yxeB,0.7271
yxeD,0.8469
yxeG,0.8847
yxeI,0.8318
yxeK,0.9558
yycA,0.9474
yycC,1.01
yycD,1.05
yycE,0.8668
yycF,0.9696
yycH,0.9406
yxeM,1.15
yxeO,1.04
yxeQ,0.9453
yxxB,0.9328
nupC,1.11
hutM,0.8931
yybL,0.9363
yybN,0.7988
yybP,0.8863
yybR,1.0
yybS,1.11
rplI,1.02
yxeA,1.0
yxeC,0.8092
yxeE,1.1
yxeH,1.17
yxeJ,1.27
yxeL,1.26
yycB,1.22
yyzB,1.16
dnaC,1.33
purA,1.6
yycG,1.31
yycI,1.0
yxeN,1.43
yxeP,1.37
yxeR,1.22
deoR,1.25
pdp,1.46
hutG,1.54
lysS,0.6798
mfd,0.6956
gyrA,0.6758
lytA,0.8536
yvlD,0.9061
yukF,0.9044
rsbV,0.7733
ydbO,0.6999
ycsG,0.7745
phrC,0.8408
lmrB,0.8521
pcp,0.8696
ytfJ,0.8626
ytzA,0.9127
yraA,0.8908
yqfY,0.7495
yonJ,0.8273
yodB,0.7763
ycbM,0.8461
ybfS,1.14
ybfQ,1.15
ybeC,0.8698
ybdG,1.01
ybbA,0.9243
ftsH,0.9422
yabK,1.02
ywjF,0.9384
ywlC,0.9799
yveK,0.9
glgP,0.8477
ydcA,1.01
ycnB,0.0
yceH,1.05
ycbU,1.03
ycbR,1.02
accA,1.22
yrhP,1.05
yqbO,1.13
ypqA,1.14
yosW,1.28
ppsD,1.01
ycbC,1.03
gltP,1.33
mpr,1.23
ybdN,1.51
ybdB,1.35
yabE,1.86
yaaG,0.7639
yisD,0.7694
yhjP,0.8575
yhfR,0.9908
yheH,1.57
yfhQ,0.7747
ydcI,0.8132
dnaN,0.8038
srfAB,0.9198
opuAA,0.7287
ybdO,1.17
yabN,1.15
asnH,0.6388
ywbN,0.8441
yaaF,1.11
addB,0.9435
yhjB,0.9407
yheC,1.18
yheL,1.35
yesN,0.8154
yclF,0.6701
dnaA,1.2
amhX,0.8527
ycbT,1.25
feuC,1.31
gidA,1.85
yxnB,0.973
spsF,1.46
