ybeF	1.0
glpQ	0.6381
ybdT	1.35
ybxH	1.12
ybdM	0.9918
ybdK	0.7985
ybxF	0.8465
rplJ	1.05
rplK	1.01
rpmG	0.9464
yacP	0.7892
rplL	1.04
ybdE	0.6699
ybcT	0.7531
ybcQ	0.6693
ybcO	0.7879
ybcL	0.9393
ybcH	0.9159
cysE	0.9537
yacN	1.19
yacL	1.41
sms	1.37
yacH	0.7973
glpT	0.818
ybyB	1.27
ybxI	0.8768
csgA	0.8266
ybdL	0.9485
ybdJ	0.8728
ybxB	0.8075
rplA	1.02
nusG	0.7839
sigH	0.8252
yacO	0.7565
ybdA	0.6866
ybcS	0.7113
ybcP	0.6855
ybcM	0.8647
ybcI	0.9904
ybcF	0.912
gltX	1.02
yacM	1.23
yacK	1.41
yacI	0.7276
ctsR	0.6427
ydbB	1.12
ydbA	1.05
ydaS	3.16
ydaQ	2.97
mutT	1.09
ydaN	1.02
yciB	1.16
nasA	0.9574
nasD	0.8102
nasF	0.8421
ycgS	0.989
ycgQ	1.27
ydaL	0.851
ydaJ	1.04
lrpC	1.04
ydaH	2.32
ydaF	1.02
ydaD	1.59
ycgO	0.8062
ycgM	0.9043
cah	0.9899
ycgJ	0.9315
tmrB	0.9559
ycgH	0.8872
gsiB	6.15
ydaT	1.12
ydaR	0.931
ydaP	0.9038
ydaO	0.8314
ydaM	0.8992
yciA	1.16
nasC	0.8978
nasE	0.729
ycgT	0.9443
ycgR	0.9532
ycgP	0.7174
ydaK	0.9817
ydzA	0.9871
ydaG	1.46
ydaE	1.73
ydaC	1.01
ycgN	0.8856
ycgL	0.8399
ycgK	0.9456
aroI	1.13
nadE	1.04
ycgG	0.8712
purL	0.5376
purC	0.596
purK	0.7348
yebG	0.8802
yebE	0.0
yebC	1.69
ydfK	1.16
ydfJ	0.9462
ydfH	1.01
ydfF	0.9739
ydfD	1.13
ydfB	0.9664
guaA	1.19
yeaD	1.03
yeaB	1.16
yeaA	0.8884
ydjO	0.8331
ydjM	0.9135
ydeT	0.9718
ydeR	1.01
ydeP	1.01
ydzF	1.03
ydeM	0.0
ydeK	0.0
yexA	0.5193
purB	0.5964
purE	0.6578
yebF	0.8183
yebD	0.8832
yebB	0.947
nap	0.98
ydfI	0.9595
ydfG	1.28
ydfE	1.01
ydfC	1.02
ydfA	1.25
yebA	0.0
yeaC	0.9387
gabP	0.835
ydjP	0.8529
ydjN	0.9154
ydjL	0.8023
ydeS	1.04
ydeQ	0.9795
ydeO	0.913
ydeN	1.01
ydeL	0.9902
ydeJ	0.9827
yfhS	1.27
yfhO	1.13
yfhM	1.06
yfhK	0.0
yfhI	0.0
yfhG	0.911
yflS	1.28
yflT	2.58
yfmC	1.13
yfmE	0.952
yfmG	0.742
yfmI	0.9057
yfhE	0.7766
yfhC	0.8085
yfhA	0.7379
yfiY	0.5214
yfiV	0.9944
yfiT	0.939
yfmK	1.0
yfmM	0.9307
yfmO	0.8076
yfmQ	0.8107
yfmS	0.7425
yfnA	0.9415
yfhP	1.09
csbB	1.08
yfhL	0.8954
yfhJ	1.08
yfhH	0.916
yfhF	0.9665
pel	1.69
yfmA	0.9499
yfmD	0.8738
yfmF	0.892
yfmH	0.8086
yfmJ	1.11
yfhD	0.9314
yfhB	0.698
yfiZ	0.8876
yfiW	1.26
yfiU	0.9303
yfiS	0.0
yfmL	1.18
yfmN	0.7291
yfmP	0.7295
yfmR	0.8868
yfmT	0.0
yfnD	0.0
yisK	1.01
yisI	1.22
yisG	1.01
yisE	0.0
yisB	0.8368
addA	0.0
yhdY	0.8486
yhdW	0.8831
yhdU	1.01
yhdS	1.17
yhdQ	1.33
yhdO	0.4231
yhjQ	0.9319
yhjM	1.2
yhjK	1.01
yhjI	0.9518
yhjG	0.9356
yhjE	0.9277
yhdL	1.63
yhdJ	0.9809
yhdH	1.03
yhdF	1.08
citR	0.0
phoA	1.25
yisJ	1.16
yisH	1.0
yisF	0.9519
yisC	0.8732
sbcD	0.9633
yhjR	1.03
yhdX	1.4
yhdV	0.9059
yhdT	1.38
yhdR	0.9087
yhdP	1.3
yhdM	1.1
yhjO	0.9817
yhjL	3.82
yhjJ	0.9429
yhjH	1.04
sipV	0.9345
yhjD	0.9926
yhdK	1.6
yhdI	1.05
yhdG	0.0
citA	0.9311
lytE	1.06
spoVR	0.9987
xkdU	1.03
xkdS	1.08
xkdQ	1.28
xkdN	0.0
xkdK	1.33
xkdI	1.01
yjbX	0.6784
yjbV	0.8535
yjbT	0.9813
yjbR	0.9707
tenA	0.8449
yjbP	0.9874
xkdG	1.1
xkdE	0.91
xpf	0.912
xkdD	0.7086
xkdB	0.9453
xkdA	0.8855
yjbN	1.2
yjbL	1.16
yjbJ	0.8377
yjbH	1.13
yjbF	0.9995
yjbE	1.09
xkdT	0.9995
xkdR	0.9236
xkdP	0.9557
xkdM	1.09
xkdJ	1.1
xkdH	0.6838
yjbW	0.2886
yjbU	0.8173
yjbS	0.7993
tenI	0.8311
yjbQ	1.17
yjbO	1.42
xkdF	1.01
xtmA	0.0
xtrA	1.03
xkdC	1.08
xre	0.9991
yjqC	1.06
yjbM	1.12
yjbK	0.9237
yjbI	1.06
yjbG	1.43
mecA	1.17
yjbD	1.68
ylaM	1.07
ylaK	1.04
ylaH	0.8129
ylaF	1.08
ylaD	0.0
ylaB	0.9608
ykvM	0.9632
ykvK	0.8647
ykvI	0.836
motA	0.5863
ykvE	1.21
eag	0.942
nprE	0.9655
ykzC	1.12
ykzI	0.8856
yktA	1.01
slp	0.7847
pdhC	0.9238
ykvA	0.7912
ykrY	0.7337
ykrW	0.9722
ykrU	1.03
ykrS	0.0
ykrQ	0.8448
ylaL	0.9293
ylaJ	0.8945
ylaG	1.06
ylaE	0.9987
ylaC	0.9613
ylaA	0.8897
ykvL	0.9457
ykvJ	0.9107
clpE	0.7617
motB	0.525
ykvD	0.4306
spo0E	1.04
yktD	0.9326
yktC	1.1
yktB	1.18
cad	0.8845
pdhD	0.754
pdhB	0.8106
ykrZ	0.7689
ykrX	0.7786
ykrV	1.16
ykrT	1.4
dat	0.9274
ykrM	1.0
ymfM	1.17
ymfK	1.18
ymfI	1.22
ymfF	1.45
ymfD	1.13
spoIIIE	1.1
yloW	0.8591
yloU	0.9552
spoVM	0.9278
yloR	0.853
ymfA	1.04
dapG	0.9964
spoVFB	0.9633
ymxH	0.9297
ylxY	0.843
ribC	1.1
fmt	0.9112
priA	0.0
yloH	0.9815
yloC	0.9402
ylnF	0.8101
ylnD	0.9331
ymfL	1.1
ymfJ	1.06
ymfH	1.45
ymfE	0.9872
ymfC	1.11
ymfB	0.9679
yloV	0.9702
rpmB	1.04
yloS	0.8435
yloQ	0.8787
yloO	0.883
yloM	0.9116
dapA	0.8949
asd	0.9332
spoVFA	1.04
ymxG	0.9407
rpsO	1.04
truB	0.8822
def	0.8437
yloI	1.02
yloD	1.03
yloA	0.9435
ylnE	0.8365
ylnC	0.7948
yobK	1.11
yobI	0.0
yozL	1.17
yobH	0.0
rapK	1.15
yobF	1.12
yneI	0.8847
ynzD	0.9801
yneE	0.9519
ynzC	1.25
yneA	1.03
yndN	0.9099
yozI	0.9032
yobD	0.9373
pps	0.9233
yobA	0.8832
yoaZ	0.8929
yoaV	0.8322
yndL	0.9522
yndJ	0.813
yndG	0.8737
yndD	0.9186
yndB	0.9275
ynzA	0.9737
yobJ	0.8801
yozM	0.7546
yozK	0.8083
phrK	1.11
yozJ	0.797
yobE	0.9897
ccdA	1.01
yneF	1.15
tkt	1.01
yneB	0.9846
lexA	0.8308
yndM	0.8537
yozH	0.8213
xynA	0.612
yobB	0.0
penP	1.3
yoaW	0.0
yoaU	0.0
yndK	0.6942
yndH	0.9914
yndE	0.9777
ynzB	0.6439
yndA	0.9682
cotC	0.7625
yonR	1.01
yonT	0.0
yonV	0.6708
yopA	0.7667
yopC	0.8374
yopE	0.8461
yosR	0.0
yosT	0.9457
yosV	1.08
yosZ	1.01
yotB	0.9247
yotD	0.0
yopG	0.7331
yopI	0.7466
yopK	0.6932
yopM	0.7189
yopO	0.822
yopQ	0.7232
yotF	0.0
yotH	0.0
yotJ	0.0
yotL	1.01
yotN	0.0
yodV	0.8142
yonS	0.7381
yonU	0.7193
yonX	0.0
yopB	0.7672
yopD	0.7729
yopF	0.6896
yosS	0.7126
yosU	0.0
yosX	0.8884
sspC	0.5906
yotC	0.0
yotE	0.0
yopH	0.742
yopJ	0.7447
yopL	0.5338
yopN	0.0
yopP	0.6047
yopR	0.8105
yotG	1.05
yotI	0.0
yotK	0.0
yotM	0.0
yodU	0.907
cgeA	0.0
fer	1.44
recQ	1.11
ypbE	1.02
ypbH	1.71
ypdA	1.26
sleB	0.8299
ypcP	1.05
ypdP	0.8977
ypeQ	1.08
degR	0.8727
ypfP	1.39
bsaA	1.25
ypfA	0.9266
cmk	1.08
ypgA	1.58
yphB	0.9713
gpsA	0.9406
yphF	0.951
ypgR	1.05
yphP	1.07
ypjP	0.9781
thyB	0.997
ypkP	0.841
yplP	0.5047
ypbB	0.7351
ypbD	0.7537
ypbF	0.8619
ypcA	0.91
ypdC	0.7219
ypeB	1.01
ypdQ	0.9449
ypeP	1.04
ypzA	0.9953
cspD	1.44
metB	1.24
ypgQ	1.13
ypfB	1.02
ypfD	1.97
yphA	0.8612
yphC	0.8852
yphE	0.7607
spoIVA	0.8206
ilvD	0.8293
ypiP	1.03
ypjQ	1.02
dfrA	1.0
yplQ	0.6311
ilvA	1.09
yqgA	1.18
yqgC	1.07
yqgE	0.0
yqgG	0.0
yqgI	0.0
yqgK	1.04
bfmBAB	0.7901
bmrR	0.9205
yqiW	1.19
yqiY	0.9535
yqjA	0.8456
yqjC	1.01
yqgL	0.8435
yqgN	0.947
yqgP	0.9438
glcK	0.9934
yqgU	0.8427
yqgW	0.6623
yqjE	1.13
yqjG	0.9168
yqjI	1.4
yqjK	1.08
yqjM	1.15
yqjO	0.916
yqgB	0.8997
sodA	1.39
pbpA	1.19
yqgH	0.0
yqgJ	0.9388
yqzD	0.938
bfmBB	0.7278
bmr	0.8659
yqiX	0.8743
yqiZ	0.8988
yqjB	0.8701
yqjD	1.06
yqgM	0.7766
yqgO	0.7131
yqgQ	0.8974
yqgT	0.8465
yqgV	0.7186
yqgX	0.9294
yqjF	0.8267
yqjH	0.9031
yqjJ	1.42
yqjL	1.54
yqjN	0.9942
yqjP	0.8942
levE	0.8655
levG	0.8969
adhA	0.0
yraC	0.0
yraE	0.8288
yraF	0.0
yqbK	0.9256
yqbM	1.11
yqbN	0.8965
yqbQ	1.02
yqbS	1.02
yqcA	1.01
yraH	1.06
yraJ	0.9064
yraL	0.948
yraM	1.08
yraO	0.9104
sigZ	1.29
yqcD	0.9994
yqxG	0.8844
yqxI	0.9261
yqcF	1.09
yqzI	0.9212
rapE	0.893
levF	0.7841
sacC	0.7685
yraB	1.12
yraD	1.1
adhB	1.05
yraG	0.9518
yqbL	0.9757
yqdB	0.9806
yqbP	1.06
yqbR	0.8021
yqbT	0.8027
yqcB	0.9919
yraI	0.8801
yraK	1.01
csn	1.0
yraN	0.9069
yrpG	1.28
yrpE	3.04
yqcE	0.9166
cwlA	0.0
yqxJ	1.06
yqcG	0.9779
phrE	1.03
yqcI	0.9667
ytaF	1.07
ytbE	1.2
ytcD	1.55
ytcF	1.62
dnaB	1.01
ytxB	0.915
folC	0.885
spoIIB	0.8551
ysxA	1.52
mreC	1.43
minC	1.19
spoIVFA	0.947
thrS	1.92
lytS	0.9715
ysbA	0.9203
yscB	0.8432
infC	1.07
rplT	1.02
rplU	1.0
spo0B	0.7066
p`eB	0.7558
pheB	0.7515
yrxA	0.4587
nadB	0.1743
nadA	0.0
ytaG	0.949
ytbD	0.7944
gapB	0.9173
ytcG	1.3
dnaI	0.9274
ytxC	0.8187
comC	0.9401
maf	1.45
mreB	1.32
mreD	0.9946
minD	1.04
spoIVFB	0.7827
ysaA	1.01
lytT	0.8938
ysbB	0.904
yscA	0.7348
rpmI	0.8757
ysdA	0.8019
ysxB	1.06
obg	0.8703
pheA	0.8442
nifS	0.4582
nadC	0.1791
yrbA	0.2296
yubA	1.18
yubC	1.23
yubE	1.15
yubG	1.16
yuaB	1.34
gbsA	0.9924
yteP	1.13
yteR	1.03
yteT	1.02
yteV	1.12
ytfP	1.09
ytzG	1.12
yuaD	1.12
yuaG	0.6546
yuaJ	1.17
glgD	0.85
ytaB	1.11
ytxN	0.9498
ytzE	1.27
ythQ	0.9456
ytjP	1.69
ytlP	1.07
ytlR	0.8839
ytmP	0.9622
yubB	1.21
yubD	0.8242
yubF	0.8287
yuaA	0.8625
yuaC	1.13
gbsB	1.02
yteQ	0.9359
yteS	0.8395
yteU	0.9045
opuD	0.9447
ytgP	0.9405
ytzF	0.9614
yuaF	0.5482
yuaI	0.5763
glgB	0.9175
glgA	0.7687
ytaA	0.8719
cotS	0.9685
ythP	0.9063
ytiP	1.09
ytkP	1.06
ytlQ	1.05
amyX	0.7776
ytzH	0.8771
yvrB	1.06
yvqK	0.9353
yvqI	1.3
yvqG	1.02
yvqE	0.9847
gerAC	0.9455
yutL	1.19
paiA	0.8824
yumD	1.04
yumC	1.28
yuiA	0.8655
yuiC	0.7719
gerAA	0.9465
yuxN	0.8978
yvqA	1.16
yvtB	0.9446
yusZ	0.8633
yusW	0.9627
yuiE	1.0
yuiG	1.38
yuiI	0.6168
dhbC	0.3438
dhbB	0.2104
yukL	0.4134
yvrA	0.9204
yvqJ	0.9788
yvqH	1.04
yvqF	0.7863
yvqC	0.788
gerAB	0.9047
yutM	1.21
paiB	0.9381
yuzG	1.12
yumB	2.06
yuiB	0.7202
yuiD	0.8902
citG	0.8581
yvqB	1.07
yvtA	0.8897
mrgA	0.8039
yusX	0.8411
yusV	0.764
yuiF	0.7827
yuiH	0.0
dhbA	0.4948
dhbE	0.4536
yukM	0.7917
yukJ	0.8113
yvyD	0.9082
cccB	1.24
ftsX	1.0
yvzD	0.8522
yvkA	1.01
yvkC	0.9685
yvfH	0.9353
lacR	0.4211
yvfM	0.0
yvfO	1.05
yvfS	1.05
yvfU	0.9518
uvrB	1.05
yvzB	0.7646
yvlA	0.829
yvlC	0.9494
yvmB	0.9998
cypX	0.8819
yvfW	1.22
yvbX	0.7277
yvbV	1.03
yvbT	0.8647
araE	0.9039
gap	1.21
yvjA	0.8149
ftsE	0.9396
yvjB	0.8746
yvjD	0.9732
yvkB	0.9026
csbA	0.9748
yvfI	0.9711
yvfL	0.8765
lacA	0.9768
yvfR	0.926
yvfT	0.8227
yvfV	0.91
uvrA	0.9107
yvkN	0.9814
yvlB	0.9054
yvmA	0.9152
yvmC	0.8882
yvnA	0.0
yvbY	1.06
yvbW	0.8867
yvbU	0.8102
araR	0.8515
yvbQ	1.04
pgk	0.9712
ywhR	1.08
sbo	0.0
argS	1.27
fnr	1.02
ywiD	1.08
narH	1.06
ywpD	1.08
ywpF	1.45
ywpH	0.9527
ywqB	1.17
ywqD	1.03
ywqF	1.25
narI	1.02
ywjA	0.9807
ywjC	1.36
ywjE	0.0
rpoE	1.3
ywjG	0.992
ywqH	1.19
ywqJ	1.21
ywqL	1.06
ywqN	1.11
ywrA	0.8599
ywrC	0.811
ywiA	1.9
ywiB	0.895
narK	1.04
ywiC	0.9946
narG	0.0
narJ	1.1
ywpE	0.9222
ywpG	0.9761
ywpJ	1.01
ywqC	1.07
ywqE	0.9644
ywqG	1.04
ywiE	0.9405
ywjB	0.7871
ywjD	0.9946
acdA	0.8988
ctrA	0.9822
spo0F	0.792
ywqI	1.17
ywqK	1.13
ywqM	0.896
ywqO	0.9156
ywrB	0.9003
ywrD	0.8373
hutI	1.24
hutP	1.31
yxiB	0.9408
yxiD	1.15
yxxE	1.07
bglH	0.9275
ywbA	1.11
ywbC	1.12
ywbE	1.21
ywbG	1.07
ywbI	0.993
thiC	1.1
yxxF	0.9777
yxiF	0.6878
yxiG	0.7877
yxzG	0.6953
yxiJ	0.6728
yxiL	0.698
ywbO	0.7034
ywcB	0.9006
ywcD	0.8949
ywzA	1.83
qoxB	1.4
qoxD	1.28
hutU	0.9808
yxiA	0.9402
yxiC	0.911
yxxD	0.8011
bglP	0.9003
yxiE	0.9646
ywbB	0.9757
ywbD	0.9172
ywbF	1.06
ywbH	0.7147
thiK	0.9016
ywbM	0.7332
yxxG	1.5
yxzC	0.6519
yxiH	0.7324
yxiI	0.6739
yxiK	0.7257
yxiM	0.7956
ywcA	0.9736
ywcC	1.07
galT	1.24
qoxA	1.23
qoxC	1.48
ywcE	0.9232
ytrP	0.0
yprA	0.0
yloN	0.0
yerG	1.29
wprA	0.0
yycJ	1.2
rocR	1.19
rocE	1.68
phrG	0.8312
yycN	1.16
yycP	1.05
topB	0.0
polA	0.0
mmgA	0.0
ileS	0.0
dinG	0.0
carB	1.04
yycR	1.03
yydA	0.8328
yydC	0.8126
fbp	0.9694
yydG	0.6022
yydI	0.7016
ytsD	1.07
yrvE	0.0
yloP	0.0
ykuA	0.0
ydhL	0.0
valS	1.17
yyxA	1.0
rocD	1.44
rocF	1.4
rapG	0.7265
yycO	0.9201
yycQ	0.8835
smc	0.0
murD	0.0
lonA	0.0
hrcA	0.9419
cheA	0.0
alaS	1.1
yycS	0.9298
yydB	0.7248
yydD	0.7466
yydF	0.9578
yydH	0.6344
yydJ	0.648
yveM	1.07
yutK	1.42
yueB	1.38
yufK	1.2
ytpQ	1.36
ytmO	1.11
yndF	1.12
pksL	1.05
mcpC	0.7348
yisZ	0.937
ydbH	0.9686
ybxG	0.0
ysdB	1.4
yrhE	1.05
yqcC	1.02
ponA	1.39
yomI	0.8152
cgeC	0.7492
wapA	0.8948
ppsA	0.7654
pksM	0.9975
yetO	0.9576
rpoC	0.9881
dra	0.7857
yvfQ	0.8893
yukA	1.31
yuxO	0.7682
glgC	0.789
yttP	0.9549
pykA	1.06
pksP	0.8219
pksK	0.7754
oppD	0.6341
srfAA	1.13
yccK	1.02
secE	0.9625
rpmA	1.08
yrpC	0.9218
yqgS	1.02
ypbR	0.9813
yorL	0.8839
odhA	1.02
dhbF	0.8092
pksR	0.7873
yfkN	0.9004
gutR	0.9186
yxeF	0.0
galK	0.0
rbcL	1.49
aceF	1.04
kdtA	1.02
tufA_E	0.9127
yazC	0.9263
yrhC	1.09
yerC	0.9117
yshA	1.03
yoqX	1.06
yacF	0.962
yhcD	0.0
yetG	0.632
ywnG	0.8978
ywqA	0.877
degU	1.11
yvnB	0.9165
cysS	0.9257
yqjU	0.8936
ylaI	0.9566
yuaE	1.35
yqaD	0.8822
yozD	0.9896
yazB	0.9154
yfnB	1.01
ywmD	0.9525
glcR	0.8143
ggaB	0.7491
prfB	0.9977
yvoD	0.9664
ybcD	0.973
ndhF	0.322
adaA	1.25
ybbU	1.05
ybbT	1.17
ybbP	1.25
folK	0.9929
sul	1.01
pabA	1.02
cysK	1.25
yacC	1.33
sigW	0.9311
ybbJ	0.9755
ybbH	0.8922
ybbE	0.6978
ybbC	0.7792
feuA	0.6794
yabT	0.7961
yabR	1.38
yabQ	1.13
yabO	0.9966
spoVT	0.8401
ybcC	0.4907
adaB	0.8428
alkA	0.7965
glmS	1.01
ybbR	1.15
ybbM	1.0
folA	0.8683
pabC	0.8838
pabB	0.8112
yacD	0.9286
yacB	1.16
ybbK	0.9634
ybbI	0.8985
ybbF	0.8663
ybbD	0.8073
ybbB	0.9381
feuB	0.8684
yabS	0.8927
divIC	1.27
yabP	1.06
yabM	1.16
spoVC	0.847
ydaB	1.18
ycsN	0.9409
yczI	1.15
ycsO	0.7207
ycsI	1.09
ycsE	1.65
ycgF	1.08
mdr	1.24
lctE	1.44
ycgB	1.09
opuAC	1.23
yceK	1.04
yczH	1.03
ycsA	1.0
mtlA	0.884
ycnK	0.8265
ycnI	0.8539
ycxE	0.9739
yceI	0.3481
yceF	1.07
yceD	1.03
yceB	1.01
ycdI	1.21
ycdG	1.52
ydaA	0.8461
yczJ	0.964
ycsK	0.6858
ycsJ	0.8065
ycsF	0.8731
ycsD	1.09
ycgE	0.9298
lctP	0.9574
amyE	1.06
ycgA	1.07
opuAB	1.13
yceJ	0.5852
sipU	0.9612
mtlD	0.8955
ycnL	1.1
ycnJ	0.849
gdh	0.9397
ycnH	1.16
yceG	1.0
yceE	1.01
yceC	0.8865
yceA	1.04
ycdH	1.79
ycdF	1.59
ydjJ	0.9034
ydjH	0.7016
ydjF	0.721
gutB	1.0
ydjB	0.8738
ydiR	0.8468
ydeI	1.29
ydeG	1.02
ydeE	1.08
ydeC	1.22
ydeB	0.8097
ydeA	1.17
ydiP	1.23
ydiN	1.02
groEL	1.68
ydiL	1.02
ydiJ	1.07
ydiH	1.01
yddS	1.13
yddQ	1.06
lrpA	1.02
phrI	0.9227
yddJ	1.41
yddH	1.11
ydjI	0.7529
ydjG	0.6713
ydjE	1.17
ydjC	0.8075
ydiS	0.7663
ydiQ	0.9819
ydeH	1.08
ydeF	1.12
ydeD	1.1
ydzE	1.0
cspC	1.01
yddT	4.02
ydiO	1.03
ydiM	0.8354
groES	1.19
ydiK	0.8649
ydiI	0.8129
ydiG	0.9689
yddR	1.2
lrpB	1.1
yddM	0.9769
rapI	0.9713
yddI	1.09
yddG	0.0
yfiR	1.1
lipB	1.16
yfiN	1.13
yfiL	1.11
yfiJ	1.04
yfiH	1.07
yfnE	1.21
yfnG	1.2
yfnI	2.43
yetL	1.19
yetJ	0.9576
yezB	1.25
yfiF	0.9963
yfiD	0.7724
glvC	0.9487
glvA	1.03
yfjB	1.35
yfjD	1.06
yetH	1.15
lplD	0.9842
lplB	0.8999
yetA	0.3514
yesX	0.9902
yesV	0.9739
yfiQ	0.8672
yfiO	1.01
yfiM	0.9591
yfiK	0.8839
yfiI	1.01
yfiG	0.8577
yfnF	1.03
yfnH	1.03
yetN	1.12
yetK	0.8152
yezD	0.8034
yetI	1.02
yfiE	0.7479
yfiC	1.29
yfiA	0.9354
yfjA	1.12
yfjC	1.02
yfjE	1.03
yetF	0.9248
lplC	0.7839
lplA	0.7291
yesZ	0.965
yesW	0.9934
yesU	0.9948
yhjC	1.1
yhxD	1.8
yhzC	1.48
yhfW	1.14
yhfU	1.26
yhfS	1.23
ygxB	8.39
yhdD	0.8903
yhdB	0.9757
yhcZ	0.9491
yhxB	1.22
glpK	1.68
yhfO	0.9527
yhfN	1.04
yhfL	0.9528
yhfJ	2.03
yhfH	1.21
yhfF	0.9351
glpP	1.11
yhcX	3.55
yhcV	1.1
yhcT	0.661
yhcR	0.871
yhcP	0.6683
yhjA	1.1
comK	0.843
yhxC	1.15
yhfV	0.6614
yhfT	1.1
yhfP	1.38
yhdE	0.9513
yhdC	0.9013
yhdA	0.9339
yhcY	0.8719
glpD	0.9644
glpF	0.7641
aprE	0.9811
yhfM	1.22
yhfK	1.5
yhfI	1.71
gltT	1.16
yhfE	0.9315
yhxA	1.07
yhcW	3.17
yhcU	1.47
yhcS	0.8688
yhcQ	0.9744
yhcO	0.9098
yjqB	0.8275
xlyB	1.17
phrA	0.8681
yjoB	1.12
yjnA	1.07
yjmI	1.12
yjbC	2.41
oppF	0.6325
oppB	0.7341
trpS	0.8662
appC	0.6689
appA	0.904
yjmG	0.9925
yjmE	1.06
yjmC	0.9783
yjmA	0.8645
yjlC	0.7883
yjlA	1.01
appD	0.8393
yjaY	0.5629
yjzA	1.06
yjaV	0.9
yjzD	1.02
argF	1.08
yjqA	0.9783
yjpA	0.8675
rapA	0.9674
yjoA	1.64
yjmJ	0.901
yjmH	0.9812
yjbB	0.9242
oppC	0.5708
oppA	0.776
yjbA	0.6555
appB	0.5966
appF	0.7364
yjmF	0.9196
yjmD	0.7695
yjmB	0.8349
yjlD	0.8677
yjlB	0.9379
yjkB	0.9622
yjaZ	0.7582
yjzB	0.78
med	0.9303
yjaU	0.9493
yjzC	0.9597
pdhA	1.09
ykrB	1.13
ykzG	1.21
adeC	1.28
ykqA	0.9403
abh	1.77
ykrL	1.25
sspD	1.23
ykoZ	1.09
ykoV	0.8774
ykoT	0.0
ykoQ	1.04
ykpC	1.19
ykpB	0.8819
ykoA	1.02
fruA	0.7613
yknZ	0.8827
yknX	0.7719
ykoN	0.939
ykoL	1.11
tnrA	0.9624
ykzD	0.8686
ykoI	0.8949
ykoG	0.876
ykyA	1.25
ykrA	0.8715
ykqC	1.18
ykqB	0.8392
kinC	0.764
mreBH	0.9951
ykrK	1.16
ykrI	1.04
ykoX	1.34
ykoU	0.9608
ykoS	0.9408
ykoP	0.927
ampS	1.04
ykpA	0.8406
sipT	1.18
fruR	0.7592
yknY	0.8472
yknW	0.7189
ykoM	0.6103
ykzB	0.8755
ykoK	1.33
ykoJ	0.954
ykoH	0.904
ykoF	0.7388
rbfA	1.11
infB	1.3
ylxR	1.27
ylxS	1.1
yluC	1.08
cdsA	1.04
ylnB	1.0
cysH	0.8438
pyrF	0.7159
pyrDII	0.6685
pyrC	0.8237
pyrP	0.8474
frr	0.9003
tsf	1.14
ylxL	1.02
cheD	0.701
cheW	0.6301
cheB	0.671
ylyB	1.25
ylyA	0.0
divIVA	1.01
ylmG	1.05
ylmE	0.974
ylmC	0.8466
ylxP	1.01
ylxQ	0.9364
nusA	0.9562
proS	1.08
yluB	0.9564
yluA	0.9104
ylnA	0.7967
pyrE	0.6044
pyrD	0.6009
pyrAA	0.6122
pyrB	0.6619
pyrR	0.8209
smbA	0.8749
rpsB	0.901
sigD	0.7715
cheC	0.6639
ylxH	0.6514
lsp	0.6616
ylmH	1.18
ylmF	1.09
ylmD	0.9933
ylmB	0.9199
yoaT	0.0
yoaS	1.39
yozF	0.0
yoaP	1.14
yoaN	0.9367
pelB	1.16
yncM	1.46
ynzH	1.22
yncE	1.12
yncC	0.8699
xylB	0.8089
xylR	1.08
yoaJ	0.7416
yoaH	0.6719
yoaF	0.8259
yoaD	0.5721
yoaB	0.5564
yoxB	0.8671
ynaJ	0.6471
ynaG	0.9949
ynaE	0.8999
ynaC	1.11
ynzG	0.993
ynxB	0.9025
yozG	1.15
yoaR	0.9273
yoaQ	0.7379
yoaO	0.9238
yoaM	0.938
yoaK	1.07
thyA	0.844
yncF	0.9145
yncD	0.0
yncB	0.9627
xylA	0.0
xynB	0.8959
yoaI	0.8012
yoaG	0.8168
yoaE	1.01
yoaC	0.5072
yoaA	0.7883
yoxC	1.37
ynaI	0.7474
ynaF	0.7693
ynaD	0.0
ynaB	0.9768
ynzF	0.773
glnA	1.07
yopS	1.45
yopU	1.03
yopW	0.8616
yopY	0.8443
yoqA	1.14
yoqC	0.7828
cgeD	0.0
yodT	0.7769
yodR	0.5766
yodP	0.9522
yozE	1.3
yodM	1.06
yoqE	0.5491
yoqG	0.4875
yoqI	0.7687
yoqK	0.8917
yoqM	1.23
yoqO	1.21
deoD	1.67
yodI	1.07
ctpA	1.03
yodE	0.7377
yodC	1.12
yojA	0.9661
yopT	0.6123
yopV	0.4248
yopX	1.0
yopZ	0.0
yoqB	1.16
yoqD	0.6715
cgeE	0.6212
yodS	1.04
argE	0.809
yodO	0.8088
yodN	1.02
yodL	0.9286
yoqF	0.581
yoqH	0.6915
yoqJ	0.0
yoqL	0.7852
yoqN	0.0
yoqP	0.9746
yodJ	1.21
yodH	0.9712
yodF	0.7098
yodD	0.9378
yodA	0.9277
yojB	0.8258
hbs	1.46
mtrB	1.37
gerCB	1.3
ndk	1.03
aroF	1.01
aroH	0.8657
ypmP	1.14
ypmR	1.09
ypmT	0.9988
ypoP	0.8249
yppQ	1.11
yokA	0.9578
trpD	0.6467
trpF	0.5125
trpA	0.5637
tyrA	0.6467
ypiA	0.9506
ypiF	0.5717
yokC	0.8783
yokE	0.8359
yokG	0.691
yokI	0.8707
yokK	0.7972
yolA	0.6717
mtrA	0.9737
gerCA	0.9943
gerCC	0.8952
cheR	0.7531
aroB	0.7055
trpE	0.6955
ypmQ	0.722
ypmS	0.8782
ypnP	0.825
yppP	0.9241
ypqP	0.7916
yokB	0.8745
trpC	0.6549
trpB	0.5504
hisC	0.578
aroE	0.669
ypiB	0.6235
qcrA	0.6725
yokD	0.7355
yokF	0.79
yokH	0.6507
yokJ	0.8608
yokL	0.8886
yolB	0.7554
yqgY	1.37
yqhA	1.08
yqxL	1.22
comGB	1.03
comGD	0.953
comGF	0.9216
yqjQ	1.1
yqjS	1.01
yqjV	1.12
yqjW	1.09
yqjY	0.8736
yqkA	1.04
yqzE	0.7875
yqxM	0.8358
cotN	0.7108
sinI	0.9322
yqhH	0.8692
yqhJ	0.8531
yqkC	1.13
yqkE	0.9608
yqkG	0.9168
ansA	0.817
yqkI	0.8969
yqkK	0.9108
yqgZ	1.21
yqhB	1.02
comGA	0.9622
comGC	0.7966
comGE	0.7735
comGG	0.7918
yqjR	1.08
yqjT	0.9651
yqzH	0.8279
yqjX	0.0
yqjZ	0.9744
yqkB	0.8094
yqzG	0.8669
sipW	0.7258
sinR	0.9908
yqhG	0.6657
yqhI	0.7998
yqhK	0.8239
yqkD	1.09
yqkF	2.09
ansR	0.5649
ansB	0.9466
yqkJ	0.912
spoIIM	0.7105
yrpD	2.32
aadK	1.25
yrdB	1.18
yrdD	0.8458
yrdF	1.55
azlC	1.24
yqcJ	1.09
yqcL	1.01
spoIVCA	1.19
nucB	1.12
yqeC	0.9788
yqeE	0.9984
brnQ	1.1
gltR	1.1
czcD	1.12
yrdQ	1.15
yrkA	1.16
blt	0.8154
yqeG	0.9331
aroD	0.9211
yqeJ	0.8537
yqeL	0.8075
comER	0.8278
comEB	0.9382
yrpB	1.25
yrdA	0.8263
yrdC	0.8338
cypA	0.8061
azlB	1.1
azlD	1.06
yqcK	0.8433
yqcM	0.8991
spoIVCB	0.8983
yqeB	0.9435
yqeD	0.8206
yqeF	0.9759
yrdK	0.9002
yrdN	0.9112
trkA	0.0
yrdR	1.07
bltD	0.937
bltR	0.861
yqeH	1.07
yqeI	0.7809
yqeK	0.8225
yqeM	0.0
comEA	0.7879
comEC	0.8089
ysdC	1.42
araA	1.11
araD	1.04
araM	1.04
araP	1.09
abfA	0.8738
yrbB	0.2209
yrbD	0.8546
yrzG	1.18
yrbE	1.05
bofC	1.08
ruvB	1.1
ysfE	1.03
ysfC	0.0
ysfA	0.9259
pheS	0.8214
ysgB	1.04
yshC	1.08
tgt	0.9672
yrzE	0.9828
spoVB	1.03
yrvB	1.06
yrvC	0.9723
abnA	0.9255
araB	0.9609
araL	0.9449
araN	0.8759
araQ	0.9584
cstA	0.0
yrbC	0.7488
yrzH	0.0
yrzF	1.12
csbX	0.9835
ruvA	0.8485
queA	0.9117
ysfD	0.8738
ysfB	0.8404
ysgA	0.8351
pheT	0.8578
yshB	1.12
yshD	1.05
yrbF	1.02
yrbG	0.8751
yrzD	0.8651
secF	1.13
yrvD	0.9933
apt	0.9274
ytxO	1.1
ytcB	1.31
ytdA	0.9417
menF	1.52
ytxM	1.39
menE	1.35
ytmQ	1.12
malS	1.04
ytoP	1.12
ytpP	1.2
ytpS	1.19
murC	1.13
ytgA	0.7824
ytgC	0.845
ythB	1.03
ytiA	1.45
ytjA	1.03
ytkA	0.8906
ytxH	1.27
aroA	0.9719
ytxD	0.9995
acuC	0.9518
acsA	0.9038
rpsD	0.8831
ytcC	1.03
ytcA	1.0
yteA	1.04
menD	1.01
menB	1.48
ytfD	1.09
ytnP	0.8524
ytzB	2.06
ytoQ	1.05
ytpR	1.03
ytpT	1.32
ytxG	1.06
ytgB	0.8593
ytgD	0.9272
ythA	0.9752
ytiB	1.14
ytjB	1.15
dps	2.42
ytxJ	1.35
ccpA	0.9316
ytxE	1.06
acuA	0.9531
tyrS	0.9958
yusU	1.18
yusS	0.9626
yusQ	0.0
yusO	0.0
yusM	1.2
yusK	1.07
yuxI	1.2
yukE	2.41
yukC	1.73
yueC	1.45
yueE	1.22
yuzE	1.11
yusI	1.39
yusG	1.18
yusE	0.7138
yusC	1.07
yusA	1.18
yurY	1.27
yueG	1.59
yueI	1.11
yueK	1.22
yuzC	1.01
comQ	1.08
comP	1.07
yusT	0.9798
yusR	0.9188
yusP	0.9707
yusN	0.9269
yusL	0.0
yusJ	0.0
ald	1.32
yukD	1.41
yukB	1.5
yueD	1.26
yuzF	1.05
yueF	1.07
yusH	1.04
yusF	1.03
yusD	0.9042
yusB	0.9362
yurZ	0.9107
yurX	1.21
yueH	0.9551
yueJ	0.9728
yuxH	0.7837
degQ	1.21
comX	0.9712
comA	0.8059
yvoA	1.15
nagA	1.03
lgt	1.39
yvpA	1.01
hisZ	0.6079
hisD	0.5785
tpi	1.07
eno	1.05
yvbJ	1.03
yvbH	1.34
yvbF	1.17
opuCB	1.76
hisH	0.4646
hisF	0.4713
yvcA	1.12
yvzA	1.22
yvcD	1.07
trxB	0.9992
opuCD	1.17
yvaZ	1.19
yvaX	0.7772
yvaV	0.9551
opuBC	0.7562
yvaQ	0.8839
nagB	0.8548
yvoB	0.8706
yvpB	0.8445
hisG	0.5654
hisB	0.4822
pgm	0.9164
yvbK	0.9223
yvbI	0.9042
yvbG	1.17
opuCA	1.54
opuCC	1.37
hisA	0.4252
hisI	0.4197
yvcB	1.19
yvcC	0.7749
yvcE	1.2
yvcI	0.8804
yvbA	1.03
yvaY	0.776
yvaW	0.9507
opuBB	0.9257
opuBD	0.0
yvaP	0.9698
fbaA	1.5
murZ	1.09
rpmE	0.9717
ywkB	1.03
ywkD	1.36
ywkE	1.33
ywrE	1.14
cotG	0.5307
cotB	1.22
ywrK	1.24
alsS	1.35
ywrO	1.25
ywlA	0.9713
ywlB	0.9163
ywlE	0.9413
ywlG	1.15
upp	1.17
atpB	0.8851
ywsB	2.06
rbsC	1.04
rbsD	1.05
rbsR	1.08
ywtA	1.13
ywtC	0.7258
ywjH	1.09
ywjI	0.8515
ywkA	0.9723
ywkC	1.06
prfA	1.18
ywkF	0.9562
ywrF	1.04
cotH	0.9395
ywrJ	0.9745
alsR	1.1
alsD	1.07
ywsA	1.01
spoIIR	0.942
ywlD	0.89
ywlF	1.09
glyA	0.8206
atpI	0.8353
atpE	0.7951
rbsB	0.9141
rbsA	0.9524
rbsK	0.961
ywsC	1.22
ywtB	1.03
ywtD	1.42
deaD	1.01
yxiP	1.17
bglS	1.1
katB	1.62
yxiT	1.66
yxjB	1.31
ywcF	2.03
ywcH	1.21
ywcI	0.8434
ywcJ	1.07
sacA	1.15
thiD	1.53
yxjD	1.17
yxjF	0.8276
yxjH	0.7507
yxjJ	0.8623
yxjL	0.0
yxjN	0.0
ywdD	0.0
ywdF	1.14
ywdH	1.38
ywdJ	1.42
ywdL	1.04
spsB	1.01
yxiO	0.8258
licT	0.8788
yxiQ	1.02
yxiS	1.09
yxjA	1.08
yxjC	0.9608
ywcG	1.19
vpr	0.8194
sacT	0.7694
sacP	1.01
ywdA	1.12
ywdC	0.999
yxjE	0.8658
yxjG	0.7962
yxjI	0.835
pepT	0.9847
yxjM	0.8783
yxjO	0.885
ywdE	1.12
ung	1.15
ywdI	1.34
ywdK	1.25
spsA	1.05
spsC	0.9262
rnpA	1.14
jag	1.14
gidB	1.23
yydK	1.08
bglA	0.8952
ahpC	1.07
gntP	1.01
gntR	0.9465
yxaB	1.25
yyaB	0.8991
spo0J	0.9585
yyaD	0.9972
yyaF	1.07
ssb	1.04
exoA	0.0
yxaD	0.9699
yxaF	1.07
yxaH	1.0
yxaJ	0.901
yxaM	0.6345
yxbB	0.5502
rpmH	1.09
spoIIIJ	0.9383
thdF	0.9949
yyaA	0.9963
yyzE	0.7999
ahpF	0.9602
gntZ	1.1
gntK	0.8367
yxaA	1.06
yxaC	0.9625
soj	0.8568
yyaC	0.9014
yyaE	1.02
rpsF	0.971
rpsR	0.967
yyaG	0.9703
yxnA	1.18
yxaG	0.9353
yxaI	1.21
yxaL	0.874
yxbA	0.5595
yxbC	0.6939
gltA	1.41
ppsE	1.17
ebrA	0.4881
ymfG	1.64
bpr	1.09
cheV	0.7881
rho	0.8511
tagD	1.28
yvfE	0.74
yvgP	1.25
yurC	0.0
aapA	1.07
spoIIS	1.11
xtmB	0.9379
yhjN	1.17
yhaA	1.59
yheJ	0.7044
yfmB	0.0
yqhQ	1.03
yosN	0.8638
pnpA	1.04
flhA	0.6796
fliP	0.6657
fruB	0.7902
ppsC	0.8868
yngB	0.9367
pyrAB	0.6043
polC	0.9884
pycA	0.8888
ptsH	0.8102
tdk	0.7881
yvfC	0.7404
yvfK	0.9712
yusY	0.83
ysnF	0.0
lepA	0.0
xkdO	1.02
yirY	0.8922
yhfQ	0.8547
yhaQ	0.8511
yfkL	1.03
yfnC	0.9226
spoIIIAG	0.7895
yojG	0.9081
flhF	0.6832
flhB	0.6373
cheY	0.6956
moaD	0.959
hprT	1.44
yvoF	1.16
yvdS	1.07
sacB	1.05
ffh	0.8551
ssuC	0.8541
yvfP	0.9514
ctc	1.13
ppsB	0.697
yvgR	0.6703
ydjK	0.8623
spoIIE	0.0
ywbL	0.8389
sigL	0.867
yacA	1.02
yvdR	1.01
yveB	0.9015
yqxK	0.8309
yhaR	0.884
pnbA	1.04
ytnM	0.9872
prs	0.9855
ykoW	0.711
cotA	0.8949
ydjA	0.8103
hutH	0.8443
secA	0.9959
ybaS	1.14
ybaN	1.08
gerD	1.05
cwlD	0.9374
ybaJ	1.04
rplM	1.1
gcaD	1.28
yabJ	1.1
yabH	1.22
veg	0.947
ksgA	1.08
ybaF	0.7083
ybxA	0.6686
rpoA	1.12
rpsM	0.9034
infA	0.7897
adk	0.8801
abrB	0.9238
yazA	0.9736
yabA	1.19
holB	1.13
yaaQ	1.14
ybaR	0.8898
kbaA	0.7942
ybaL	1.0
ybaK	0.764
rpsI	1.0
truA	0.7833
spoVG	1.03
purR	1.03
sspF	0.7264
yabG	0.8824
yabF	0.8726
ybaE	0.6516
rplQ	0.9927
rpsK	0.8788
rpmJ	0.7536
map	0.791
secY	0.9399
yabC	0.9641
yabB	0.9358
yaaT	1.12
yaaR	1.24
tmk	1.01
ycnG	1.4
yczG	1.45
ycnD	1.19
yclQ	0.7192
yclO	0.8527
yclM	0.9972
rapJ	1.3
ycdC	1.26
natB	1.23
yccH	1.05
yccF	0.9402
yczB	0.83
yclK	0.9307
yclI	0.9634
gerKB	0.8503
gerKA	0.9488
yclE	0.7996
yclC	1.01
cwlJ	0.9708
ycbO	0.9854
ycbL	1.0
yczA	0.9873
ycbH	0.9531
ycbF	0.9613
ycnF	0.9924
ycnE	1.07
ycnC	0.9601
yclP	0.6774
yclN	1.04
rapC	1.34
ycdD	1.18
ycdA	2.03
natA	1.08
yccG	0.8818
lipA	0.7764
phoD	0.9029
yclJ	0.9546
yclH	1.05
gerKC	0.9701
yczF	0.3821
yclD	1.01
yclB	0.9854
ycbP	1.95
ycbN	0.9488
ycbK	0.9778
ycbJ	0.857
ycbG	0.804
ycbE	0.881
ydiF	1.52
ydiD	1.02
ydiB	1.15
ydhU	1.23
ydhS	1.21
ydhQ	1.3
yddF	1.48
yddC	1.08
yddA	1.14
ydcS	1.08
ydcQ	0.9643
ydcO	1.0
ydhO	0.9836
ydhM	1.17
ydhK	2.52
ydhI	1.16
ydhG	1.17
ydhF	1.05
ydcN	1.17
ydcL	1.14
ydcH	1.18
ydcF	1.08
sigB	1.14
rsbU	1.26
ydiE	0.8806
ydiC	0.8402
ydiA	0.8252
ydhT	1.09
ydhR	0.9366
ydhP	1.16
yddD	0.9676
yddB	1.0
ydcT	0.9843
ydcR	0.9747
ydcP	0.9567
sacV	0.8971
ydhN	1.1
ydhJ	1.09
ydhH	1.09
phoB	1.1
ydhE	1.08
ydcM	1.19
ydcK	0.0
ydcG	0.9184
rsbX	1.27
rsbW	1.13
rsbT	1.38
yfjF	1.51
acoR	1.3
acoC	1.27
acoA	1.28
yfjM	1.12
yfjO	1.26
yesT	0.5445
yesR	0.8455
yesP	1.09
yesM	1.07
yesK	0.921
cotJB	1.09
yfjQ	1.64
yfjS	1.13
yfkA	1.22
yfkC	1.05
yfkE	1.15
yfkJ	1.26
yesF	0.992
yeeK	0.9729
rapH	0.9522
yezA	1.07
yeeC	1.06
yeeA	0.0
yfjU	1.03
acoL	1.03
acoB	1.03
yfjL	0.9698
yfjN	1.06
yfjP	1.18
yesS	0.6176
yesQ	0.9503
yesO	0.8881
yesL	0.8995
yesJ	0.8729
cotJA	0.8614
yfjR	1.2
yfjT	1.16
yfkB	0.9685
yfkD	1.08
yfkH	1.37
yfkK	1.13
yesE	1.1
yeeI	0.0
yeeG	1.0
yeeD	1.11
yeeB	1.02
yefC	0.8249
yhfD	1.27
yhfB	0.5013
yhgD	2.24
hemH	1.31
pbpF	1.41
yhgB	1.33
yhcN	1.21
yhcL	1.22
yhcJ	1.26
yhcI	1.13
yhcG	0.6514
yhcE	1.13
ecsC	1.03
ecsA	1.13
serC	1.36
yhaH	1.06
yhaI	1.08
yhaK	1.16
yhcB	1.03
yhbJ	0.9821
yhbH	1.04
yhbF	0.8706
yhbD	1.06
yhbA	1.08
yhfC	0.9449
yhgE	1.24
hemY	1.03
hemE	1.13
yhgC	2.05
yhfA	1.03
yhcM	0.8279
yhcK	1.05
cspB	1.2
yhcH	0.9844
yhcF	0.9508
yhcC	0.8941
ecsB	0.97
hit	1.02
yhaG	1.13
hpr	0.8641
yhaJ	1.09
prsA	1.22
yhcA	0.8215
yhbI	0.8852
prkA	1.07
yhbE	0.9857
cspR	1.05
yhzB	0.0
yjkA	1.22
yjiC	2.09
yjiA	1.41
yjhA	1.29
yjgB	1.22
yjfC	1.42
carA	1.36
argB	1.52
argC	1.25
yitY	1.14
yitW	1.69
yitU	1.33
yjfA	1.13
cotT	1.26
yjdJ	1.01
yjdG	1.04
yjdE	0.8457
yjdC	1.06
yitT	1.05
nprB	1.01
yitQ	0.992
yitO	1.0
yitM	0.8537
yitK	0.9218
yjjA	1.05
yjiB	1.43
yjhB	1.03
yjgD	1.85
yjgA	1.01
yjfB	0.8304
argD	1.26
argJ	1.19
yitZ	1.03
yitX	1.11
yitV	0.883
ipi	1.1
yjeA	1.73
yjdK	1.12
yjdI	1.02
yjdF	0.9974
yjdD	0.9557
yjdB	1.15
yitS	1.21
yitR	0.9011
yitP	1.06
yitN	0.9489
yitL	0.987
yitJ	0.6163
yknV	0.0
moaE	1.55
moeA	1.6
mobA	1.47
ykuV	1.91
ykuT	1.19
ykoE	0.959
ykoC	0.8699
ispA	0.95
yknA	0.8756
ykmA	1.18
proA	1.16
ykuR	1.06
ykuP	0.6907
ykuN	0.8542
ykuL	0.9921
ykuK	1.17
ykuI	1.2
ykkE	1.51
ykkC	1.09
ykkA	0.9832
ykzH	1.05
ykhA	1.17
ykgB	1.25
yknU	0.7226
mobB	1.23
moeB	1.19
ykuW	1.06
ykuU	1.71
ykuS	0.9362
ykoD	0.8427
ispU	0.8622
metC	0.7976
ykzA	3.5
yklA	0.701
proB	1.07
ykuQ	1.27
ykuO	0.5893
ykuM	0.8088
ykzF	1.05
ykuJ	1.12
ykuH	0.9558
ykkD	1.07
ykkB	0.8487
ykjA	1.09
hmp	1.07
ykgA	1.15
ykfD	0.8049
fliR	0.8866
fliZ	0.8896
fliM	0.9244
flgE	0.8692
fliK	0.789
fliJ	0.7913
ylmA	1.2
sigE	1.08
ftsZ	1.09
sbp	0.9398
ylxW	1.32
murB	1.81
fliH	0.7896
fliF	0.8402
flgC	0.8274
codY	1.05
clpQ	1.01
gid	0.9475
spoVE	0.9409
mraY	0.9037
pbpB	1.17
ylxA	1.14
yllA	1.05
ylbP	1.0
fliQ	0.7058
fliY	0.6661
fliL	0.7623
ylxG	0.6467
ylxF	0.6967
fliI	0.8702
sigG	0.9633
spoIIGA	0.9284
ftsA	0.9105
ylxX	1.02
divIB	1.29
murG	1.21
fliG	0.7851
fliE	0.7225
flgB	0.6858
clpY	0.978
codV	1.02
topA	1.16
murE	0.854
ftsL	1.07
yllB	1.1
ylbQ	1.01
ylbO	0.9024
yoxD	0.0
proH	1.39
gltC	1.48
yogA	1.09
ggt	1.09
yoeC	1.21
glnR	1.38
ynbA	1.2
cwlC	0.6575
nrdF	0.8301
ymaA	0.8213
ymzC	0.7709
yoeA	0.8508
pbp	0.9194
yngK	0.9515
yngJ	0.8999
yngH	0.9208
yngF	0.9721
miaA	0.9929
ymaG	0.9379
ymaD	1.15
aprX	0.7761
ymzB	1.2
pksN	0.0
rtp	0.91
proJ	0.8444
gltB	0.8496
yofA	0.7378
yoeD	0.5873
yoeB	0.8166
ynbB	1.09
spoVK	0.9479
ymaB	0.6731
nrdE	0.7585
ymzA	0.7724
ymaH	0.7309
yoxA	0.7598
yngL	0.8896
ynzE	0.9328
yngI	1.05
yngG	0.9582
yngE	0.9935
ymaF	1.04
ebrB	0.882
ymaC	0.7807
ymaE	0.8673
pksS	1.11
pksJ	0.0
yoqR	0.0
yoqT	0.8855
yoqV	0.7949
yoqY	0.0
yorA	0.0
yorC	0.0
yojC	0.0
yojF	1.29
yojI	1.2
yojK	0.9539
yojM	0.9179
yojO	1.32
yorE	0.62
yorG	0.5848
yorI	0.7071
yorK	0.0
yorN	0.5953
yorP	0.8897
yocS	0.9031
sodF	1.01
dhaS	1.11
yozO	0.6238
yozN	0.773
yocL	0.8668
yoqS	0.5611
yoqU	0.8263
yoqW	0.9003
yoqZ	0.9761
yorB	0.6418
yorD	0.8007
yojE	0.9251
yojH	0.9549
yojJ	0.8857
yojL	0.8389
yojN	1.12
odhB	0.8824
yorF	0.5749
yorH	0.5031
yorJ	0.7351
yorM	0.8163
yorO	0.6772
yorQ	0.8455
yocR	1.03
sqhC	0.8418
yozC	1.46
yocN	0.7603
yocM	0.6335
yocK	0.7413
qcrC	0.9971
ypjB	1.15
ypjD	1.84
ypjF	1.62
ypjH	1.52
birA	1.4
yolC	0.8737
uvrX	0.976
sunA	1.02
yolI	0.8549
yolK	0.785
yomB	1.12
panC	0.7948
ypmB	1.03
asnS	1.07
nth	1.06
yppB	1.36
yomD	0.8747
yomF	1.19
yomH	1.11
yomK	0.8833
yozP	1.3
yomN	1.07
ypjA	0.9182
ypjC	0.9273
dapB	1.11
ypjG	1.03
papS	1.12
panB	0.8176
yolD	1.02
yolF	2.52
sunT	0.7885
yolJ	0.6628
yomA	0.9849
yomC	0.7732
panD	0.7955
ypmA	0.0
aspB	1.11
dnaD	0.8893
ypoC	0.8965
yppC	1.21
yomE	1.05
yomG	0.0
yomJ	1.09
yomL	4.85
yomM	1.44
yomO	1.11
yqhL	1.53
yqhN	1.53
yqhP	1.29
yqhS	1.54
efp	1.49
spoIIIAA	1.07
yqkL	1.02
drm	1.22
dacF	1.03
spoIIAB	0.8078
spoVAA	0.8257
spoVAC	0.9863
spoIIIAC	0.8723
spoIIIAE	0.8747
spoIIIAH	0.7921
accC	0.7634
yqhZ	0.7597
yqiB	0.6992
spoVAE	0.9313
lysA	1.05
ppiB	1.25
ypuB	0.9913
ypzC	1.17
ypuD	1.44
yqhM	0.9585
yqhO	0.982
yqhR	0.9682
yqhT	1.04
yqhV	0.947
spoIIIAB	0.8024
ripX	0.9371
pnp	0.9075
spoIIAA	0.7814
sigF	0.6679
spoVAB	0.6173
spoVAD	0.9456
spoIIIAD	0.8439
spoIIIAF	0.881
accB	0.8223
yqhY	0.6943
folD	0.7585
yqiC	0.6803
spoVAF	1.03
ypuA	2.45
ypzD	0.5133
ypuC	0.9604
sipS	1.08
ypuE	0.7202
yrkB	0.4992
yrkD	0.0
yrkF	1.46
yrkH	1.26
yrkJ	1.24
yrkL	1.38
yqeN	1.11
gpr	1.09
yqxA	1.06
dnaK	1.19
yqeT	0.9599
yrkN	1.04
yrkP	1.04
yrkR	0.9838
spoIIIC	1.07
yqaC	1.06
yqaF	0.9979
yqeV	0.9226
rpsU	1.02
yqeZ	0.749
yqfB	0.8817
yqfD	1.02
yqfF	1.13
yrkC	0.9858
yrkE	0.8377
yrkG	1.06
yrkI	1.1
yrkK	1.07
yrkM	0.0
rpsT	1.15
spoIIP	0.0
hemN	0.8532
grpE	0.9201
dnaJ	1.04
yqeU	0.897
yrkO	1.03
yrkQ	0.9614
yrkS	0.9467
yqaB	1.17
yqaE	0.8129
yqdA	0.9024
yqeW	0.9605
yqeY	1.13
yqfA	0.8186
yqfC	0.8898
phoH	1.26
yqfG	0.8655
yshE	1.26
ysiA	1.03
etfB	1.06
xsa	0.9118
uvrC	1.06
lysC	0.8371
relA	1.39
yrvJ	0.9358
hisS	1.1
yrvM	1.22
yrzC	0.9995
yrvP	0.9989
sdhC	0.8278
sdhB	0.9516
gerE	0.8231
racE	0.9235
rph	1.07
ysnB	1.11
yrrB	0.8702
yrrD	1.05
glnM	0.9962
glnQ	0.9671
yrzB	1.01
lcfA	0.8658
ysiB	0.8475
etfA	0.8986
trxA	1.2
ask	1.17
yslB	1.12
yrvI	1.14
yrzK	0.9404
aspS	0.9881
yrvN	1.14
yrvO	1.05
yrrA	0.9519
sdhA	0.949
ysmA	0.7066
ysmB	0.7766
gerM	0.9041
ysnA	1.08
ysnE	0.8989
yrrC	0.0
glnP	0.8287
glnH	0.9146
yrrI	0.9559
yrrK	1.02
yrrL	0.0
ytkC	1.09
ytlC	1.09
ytlA	1.32
ytmB	1.39
metK	1.26
ytnA	1.17
ytsP	1.23
ytwP	1.13
nifZ	1.09
sspA	1.27
ytcJ	1.05
yteI	1.2
ytpA	1.36
ytqA	1.02
ytrA	0.8864
ytrC	0.92
ytrE	0.8794
ytsA	0.9997
ytfI	1.05
ytxK	1.19
moaB	1.05
argH	1.49
ytkK	1.14
ytlI	0.9402
ytlD	1.16
ytlB	0.8447
ytmA	1.07
pckA	1.02
asnB	1.08
ytoA	1.19
ytvP	1.14
braB	1.0
ytbJ	0.9926
ytcI	0.9803
ytdI	1.38
yteJ	0.9727
ytqB	1.05
ytzC	0.9534
ytrB	1.04
ytrD	0.854
ytrF	0.736
ytsB	1.02
ytgI	1.18
ackA	1.39
argG	1.33
ytzD	1.33
ytkL	1.14
ytmI	0.9983
yurW	1.57
yurU	1.35
yurS	0.8533
yurQ	1.42
yurO	1.3
yurM	1.01
yufB	1.82
yufD	1.47
yufU	1.56
yufS	1.05
yufQ	0.8037
yufO	0.8789
yurK	0.9231
yurI	0.9871
yurF	0.878
yurD	1.0
yunM	1.05
yunK	1.05
yufM	1.09
yuxK	0.9756
yuxJ	1.04
kapB	0.7832
patB	0.8755
yugF	1.07
yurV	1.07
yurT	1.0
yurR	1.07
yurP	1.35
yurN	1.02
yurL	0.9533
yufC	1.24
yufV	1.27
yufT	1.2
yufR	0.9664
yufP	0.7027
yufN	0.7437
yurJ	0.8149
yurH	0.7965
yurE	1.04
yurB	1.01
yunL	0.9671
yunJ	0.9346
yufL	1.1
pbpD	1.15
kapD	0.9466
kinB	0.8078
yugE	0.9151
yugG	0.9522
yvcJ	1.31
yvcL	1.19
yvcN	1.19
yvcQ	1.23
yvcS	1.05
yvdA	1.08
yvaO	1.06
yvzC	0.0
yvaL	0.9229
yvaJ	1.09
yvaG	1.11
yvaE	1.14
yvdC	0.8429
yvdE	1.13
yvdG	0.9837
yvdI	1.05
yvdK	0.3923
yvdM	0.9538
yvaC	1.59
yvaA	2.23
yvgY	0.8504
yvgW	0.9191
yvgU	1.1
yvgS	0.9847
yvcK	0.9959
crh	0.8116
yvcP	0.9466
yvcR	1.11
yvcT	2.38
yvdB	0.9624
yvaN	0.8058
yvaM	0.8979
yvaK	0.8768
yvaI	0.8506
yvaF	0.9092
yvaD	0.9164
yvdD	0.7267
yvdF	1.07
yvdH	0.9352
yvdJ	1.03
yvdL	0.98
clpP	1.15
yvaB	0.6931
yvgZ	0.819
yvgX	1.22
yvgV	0.9043
yvgT	0.8953
yvgQ	0.5781
atpF	1.3
atpA	1.1
atpD	1.15
ywmA	1.14
ywmB	1.3
spoIID	1.17
ywtE	1.57
ywtG	1.53
gerBB	1.09
pmi	1.09
tagC	1.15
tagA	1.04
ywmE	1.13
narA	1.4
ywmF	1.09
ureA	1.03
ureC	1.07
ywnB	1.05
tagF	0.8492
ggaA	0.9398
lytR	1.06
lytC	0.8304
tuaB	1.02
tuaD	0.9671
atpH	0.8659
atpG	0.8066
atpC	0.9058
ywzB	0.9043
murA	1.31
ywmC	1.11
ywtF	1.63
gerBC	0.9601
gerBA	1.02
lytD	0.9593
tagB	0.983
tagE	0.9755
narQ	1.12
rapB	0.9993
ywmG	2.25
ureB	0.9763
ywnA	0.9301
ywnC	1.01
tagG	1.04
yvyH	0.9773
lytB	0.6958
tuaA	0.8774
tuaC	0.9934
tuaE	0.9025
yxkA	1.06
yxkC	1.07
aldY	1.01
msmX	1.15
yxzE	1.05
yxkJ	0.877
spsD	0.8921
spsG	1.22
spsJ	1.24
yweA	1.41
rocA	0.9971
rocC	0.9863
cydB	0.8906
cydD	0.9285
yxlA	1.17
yxlC	1.03
yxlE	1.03
yxlG	1.1
ywfB	1.05
ywfD	0.8994
ywfF	0.9365
ywfH	1.3
pta	1.62
ywfL	1.2
galE	0.8107
yxkD	0.9138
yxkF	0.8919
yxkH	0.7957
yxkI	0.7744
cydA	0.6948
spsE	0.7896
spsI	1.1
spsK	1.01
yweB	1.02
rocB	0.957
ywfA	0.7738
cydC	0.0
yxkO	1.12
sigY	1.07
yxlD	1.04
yxlF	0.5574
yxlH	1.05
ywfC	0.9715
ywfE	0.905
ywfG	0.9717
ywfI	1.01
ywfK	1.23
ywfM	0.9429
yyaH	1.22
yyaJ	0.0
yyaL	1.27
yyaN	0.0
tetL	0.3751
yyaP	1.22
yxbD	0.9252
yxbF	1.09
yxcA	1.04
yxcC	1.41
yxcE	1.09
iolR	1.24
yyaR	0.9967
yyaT	0.0
yybB	1.06
yybD	0.9053
yybF	0.9345
yybI	0.9618
iolB	0.9611
iolD	1.03
iolF	1.05
iolH	0.9887
iolJ	1.49
yxdK	1.03
yyaI	0.991
yyaK	1.05
yyaM	0.9522
yyaO	0.934
tetB	0.8665
yyaQ	0.8907
aldX	0.9847
yxbG	1.09
htpG	1.09
yxcD	0.9756
iolS	1.12
iolA	0.8429
yyaS	1.06
yybA	1.09
yybC	0.8996
yybE	0.6777
yybG	0.981
yybJ	0.6517
iolC	0.9224
iolE	0.9521
iolG	0.9987
iolI	0.9087
yxdJ	1.04
yxdL	0.9143
yeeF	1.16
purQ	0.6011
ydgJ	1.26
pbpC	1.32
srfAC	1.34
ycgI	1.14
yknT	1.21
ptsI	0.0
ykvU	0.9661
ykzE	0.6284
yjdH	0.9334
yhdN	1.59
yczC	0.8345
lmrA	0.0
ybgB	0.8923
ybdD	0.8251
fus	1.18
yfiX	0.0
yfkF	0.0
treA	1.03
yflP	0.7521
yesY	0.9587
yddN	1.11
yerP	1.13
ydjD	0.819
yddE	0.9343
yclG	0.8393
nasB	0.8436
ycdB	1.04
patA	0.0
ykvW	0.0
ykrP	0.8319
ykoY	1.17
yhaP	0.8804
yhbB	0.9768
yccC	0.945
ybgE	0.6804
ybgA	0.7663
rpmD	0.7548
rpoB	1.19
clpC	0.7648
yfiB	0.9769
yfkI	1.35
yflH	1.06
yetM	0.923
cotJC	0.0
yddK	0.0
yabD	1.12
yurG	1.07
ytqD	1.11
acuB	1.05
dnaE	0.0
levR	1.13
yqzC	0.8989
yaaO	1.1
ypbG	1.39
ypvA	1.15
cgeB	0.9833
yloB	0.8775
glcT	0.8538
yjcD	1.06
metS	1.06
ythC	0.901
ytpB	1.21
ytoI	0.9615
yrhJ	1.94
yqxH	0.5918
bmrU	0.9645
yaaN	0.8553
qcrB	0.7205
yosO	0.8802
ylqF	0.9024
spoVD	1.08
yjgC	1.28
yjaX	0.485
rplO	1.06
rplR	0.9565
rpsH	0.9593
rplE	1.04
rplN	0.9687
rpmC	0.8212
xpaC	1.1
bofA	1.12
recR	1.09
dnaX	0.9947
yaaI	1.09
rpsC	0.828
rpsS	0.8072
rplW	0.8885
rplC	0.9695
ybaC	0.7277
rpsG	1.11
serS	0.8995
yaaD	1.08
guaB	1.47
gyrB	1.09
recF	1.01
rpsE	0.8222
rplF	0.8675
rpsN	0.7666
rplX	0.8478
rpsQ	0.7163
rplP	0.8466
csfB	0.9128
yaaL	1.04
yaaK	1.06
yaaJ	1.01
yaaH	1.01
rplV	0.748
rplB	0.8286
rplD	0.8375
rpsJ	0.8791
tufA	1.05
rpsL	0.9675
yaaE	0.8735
dacA	1.04
yaaC	0.8679
yaaB	0.845
yaaA	0.9509
yclA	1.53
yckJ	1.82
yczE	1.2
ycxD	1.22
ycxB	1.19
srfAD	1.35
ycbD	1.08
ycbA	1.13
ybgH	1.11
ybgF	1.23
ybfP	1.01
ybfN	0.843
yckH	0.9732
yckF	1.11
nucA	0.978
yckE	1.05
yckC	1.04
yckA	1.03
ybfM	0.857
ybfK	0.844
purT	1.11
ybfH	1.11
ybfF	1.23
ybfB	0.8409
yckK	1.53
yckI	1.2
sfp	1.09
ycxC	1.09
ycxA	0.9692
comS	0.9194
ycbB	1.05
ybgJ	1.05
ybgG	1.13
ybfT	0.8357
ybfO	0.8299
psd	0.8132
yckG	0.9545
tlpC	0.9688
nin	0.9238
yckD	0.9533
yckB	0.988
yciC	1.59
pssA	0.8657
ybfJ	0.9967
ybfI	0.9131
ybfG	1.19
ybfE	0.801
ybfA	0.7201
ydhD	1.48
ydgK	1.61
ydgH	0.0
dinB	1.26
expZ	1.5
ydgD	1.24
rsbS	1.44
ydcE	1.24
dal	1.24
ydcB	1.14
ydbS	1.2
murF	1.22
ydgB	1.23
ydfT	1.19
ydfR	1.05
ydfQ	1.12
ydfO	1.0
ydfM	1.44
ydbP	1.41
ydbM	1.2
ydbK	1.13
ydbI	0.9933
ydbF	1.04
ydbD	3.24
ydhC	1.24
ydgI	1.08
ydgG	1.15
ydgF	1.0
ydgE	1.21
ydgC	1.17
rsbR	1.25
ydcD	1.1
ydcC	1.03
ydbT	1.15
ydbR	1.19
ddlA	1.16
ydgA	0.0
ydfS	1.01
ydzH	0.5243
ydfP	1.0
ydfN	0.9969
ydfL	1.2
ydbN	1.05
ydbL	1.15
ydbJ	1.02
ydbG	0.9406
ydbE	1.01
ydbC	1.12
yfkM	4.86
treR	1.58
yfkQ	1.34
yfkS	1.42
yflA	1.71
yflC	1.22
yefB	1.16
yerQ	1.13
yerN	1.05
yerL	1.13
sapB	1.25
yerH	1.2
yflE	1.51
yflG	0.9179
yflJ	1.09
yflL	0.9728
yflN	0.7951
citT	0.9237
yerF	1.07
yerD	1.13
yerA	0.9115
yezC	0.7346
purH	0.486
purM	0.4776
yfkO	1.08
treP	0.946
yfkR	1.09
yfkT	1.47
yflB	1.07
yflD	1.01
yefA	1.11
yerO	1.09
yerM	0.972
opuE	0.8675
yerI	0.7629
yflF	1.01
yflI	0.8346
yflK	0.9718
yflM	0.9145
citM	0.922
citSc	1.02
yerE	1.05
yerB	0.8782
yecA	0.7555
purD	0.4699
purN	0.476
purF	0.4474
yhaL	1.52
yhaN	0.0
yhaS	1.61
yhaU	1.37
yhaW	1.41
yhaY	1.46
ygaO	0.9244
ygaN	1.28
ygbA	1.11
katA	1.09
ygaK	1.01
ygaJ	1.11
yheA	1.4
yheD	1.1
sspB	1.01
yheG	1.23
yheK	1.06
yheN	1.01
ygaI	0.8489
ygaH	1.09
ygaF	0.9588
ygaE	1.24
ygaC	1.19
sspE	1.04
yhaM	1.15
yhaO	1.09
yhaT	1.26
yhaV	1.12
yhaX	1.12
yhaZ	1.19
yhzA	2.21
ygcA	1.06
ygaL	0.9583
senS	0.9132
thiA	0.6683
ygzA	0.862
yheB	1.04
yheE	1.1
yheF	1.12
yheI	1.1
yheM	0.9722
yhdZ	1.06
ygxA	1.42
ygaG	1.11
gsaB	0.9808
ygaD	1.21
ygaB	1.01
yfhR	1.2
yjdA	2.23
yjcR	1.63
yjcP	1.2
yjcN	1.46
yjcL	1.27
yjcJ	1.01
yitI	1.07
yitG	1.12
yitE	1.04
yitC	1.08
yitA	0.8425
yisX	1.14
yjcH	1.43
yjcF	1.4
yjcC	1.09
yjcA	1.09
cotW	0.8722
cotY	1.05
yisV	1.13
yisT	1.09
degA	1.01
yisQ	1.02
yisO	0.9583
yjcS	1.35
yjcQ	0.8374
yjcO	0.3925
yjcM	1.12
yjcK	1.13
yjcI	0.9286
yitH	0.8442
yitF	1.07
yitD	0.9207
yitB	0.8397
yisY	0.8896
yisW	0.9881
yjcG	1.26
yjcE	1.0
yjcB	0.9672
cotV	0.9859
cotX	1.05
cotZ	0.8461
yisU	0.9752
yisS	0.9298
yisR	0.9968
yisP	1.09
yisN	1.01
yisL	1.28
ykuG	0.0
ykuE	1.75
ykuC	1.5
kinA	1.27
ykwD	1.27
ykwB	1.02
ykfC	0.9727
ykfA	0.9632
dppD	1.08
dppB	1.08
ykeA	1.24
ykcC	1.07
splA	0.8231
ykvZ	0.8519
ykvV	1.22
ykvS	1.58
ykvQ	1.12
ykvO	1.16
ykcA	1.14
ykaA	1.17
spoIISA	1.03
xhlB	1.07
xkdY	1.13
xkdW	1.13
ykuF	1.18
ykuD	1.33
ykyB	1.78
ykwC	1.02
splB	0.7836
ykfB	0.8407
dppE	0.6488
dppC	0.7459
dppA	0.9099
htrA	1.13
ykcB	1.01
ptsG	0.6354
ykvY	1.13
ykvT	0.9987
ykvR	1.11
ykvP	0.9585
ykvN	1.01
ykbA	0.858
ykaB	1.29
xlyA	1.11
xhlA	1.08
xkdX	0.961
xkdV	1.03
smf	1.35
sucC	1.3
ylqG	0.985
rplS	1.49
ylqE	0.9552
ylqC	1.01
rpmF	1.11
ylbM	1.27
ylbK	1.08
ylbI	1.02
ylbG	1.04
ylbE	1.12
ylxM	0.869
ftsY	0.7509
rncS	0.4933
fabG	0.3974
plsX	0.4191
ylpB	1.02
ylbC	1.96
ylbA	1.09
ctaF	0.8385
ctaD	0.9437
ctaB	0.9791
ylaO	1.04
sucD	0.9787
ylqH	0.7416
rnh	0.9114
trmD	0.8381
ylqD	0.7765
rpsP	0.859
ylbN	0.9031
ylbL	0.9683
ylbJ	0.9931
ylbH	0.9082
ylbF	1.07
ylbD	1.07
ylqB	0.6637
acpA	0.635
fabD	0.3439
ylpC	0.3477
ylpA	0.9106
ylbB	1.13
ctaG	0.9857
ctaE	0.7063
ctaC	0.9339
ctaA	0.9429
ylaN	1.12
yngD	0.746
yngA	1.31
ynfF	1.42
bglC	1.16
ynfC	1.59
grlB	1.4
pksI	0.8388
pksG	0.9487
pksE	1.0
pksC	0.8393
pksA	0.9809
mutL	0.9296
yneS	0.715
yneQ	1.38
tlp	1.29
citB	0.5311
cotL	1.15
yneK	0.9571
cotE	0.9433
ymcB	1.17
tdh	0.8955
ymdB	0.9449
pbpX	1.19
cinA	0.9908
yngC	1.26
xynD	0.9695
ynfE	0.9841
alsT	0.8117
grlA	1.19
yneT	2.03
pksH	0.8578
pksF	0.7624
pksD	0.6716
pksB	0.9403
ymcC	0.9198
mutS	0.8084
yneR	1.15
yneP	1.3
yneN	1.01
cotK	1.01
cotM	1.01
yneJ	1.15
ymcA	1.0
kbl	0.9344
spoVS	0.8232
ymdA	0.9689
recA	1.02
pgsA	0.8202
yorR	0.0
yorT	0.293
yorV	0.6424
yorX	0.0
yorZ	0.6334
yosB	0.524
yocJ	1.05
yocH	0.9086
yocF	0.9701
yocD	1.4
yocB	3.39
yocA	1.38
yosD	0.495
yosF	0.5602
yosH	0.9863
yosJ	0.8951
yosL	0.8805
yosP	0.7198
yobW	1.03
yobU	0.7965
yobS	0.8552
yobQ	0.8186
yobO	0.7861
yobM	0.6044
yorS	0.918
mtbP	0.7526
yorW	0.9122
yorY	0.4035
yosA	0.0
yosC	0.0
yocI	0.7081
yocG	0.786
yocE	0.3228
yocC	0.8986
yozB	0.9011
yozA	0.9838
yosE	0.0
yosG	0.942
yosI	0.5159
yosK	0.9593
yosM	0.9973
yosQ	0.8285
yobV	1.14
yobT	0.7549
yobR	0.6891
csaA	0.786
yobN	0.8305
yobL	0.7156
yppD	1.76
yppF	1.7
ypqE	2.14
yprB	1.33
ypsA	1.09
ypsC	1.22
yomP	1.37
yomR	1.37
yomT	1.41
yomV	1.37
yomX	1.11
yomZ	1.05
kduD	1.1
kdgR	0.9293
kdgA	0.9651
ypwA	1.22
pbuX	0.7849
ypbQ	1.06
yonB	1.04
yonD	0.7883
yonF	1.08
yonH	1.1
yonK	0.9221
yonO	1.11
yppE	1.21
yppG	0.8659
cotD	1.0
ypsB	1.39
yptA	0.9296
yomQ	1.11
yomS	1.09
yomU	1.11
yomW	1.14
yomY	0.9687
yonA	1.11
kduI	0.9723
kdgK	0.7673
kdgT	0.4903
xpt	0.7467
bcsA	0.8629
ypbS	1.2
yonC	0.9406
yonE	0.8644
yonG	1.14
yonI	1.06
yonN	0.9266
yonP	0.8321
yqiD	1.02
yqxC	1.65
recN	1.53
spo0A	1.13
yqiH	1.08
yqiK	1.67
ribG	0.7617
ribA	0.7235
ribT	1.33
ypuG	1.14
ypuI	1.2
spmA	1.3
mmgB	1.08
mmgD	0.9723
yqiQ	1.02
yqiR	0.7789
yqiT	0.8799
yqiV	0.8126
ypuL	0.9829
resB	0.9015
resD	0.7128
sigX	1.04
aroC	0.9828
ypzE	1.02
yqiE	1.32
ahrC	1.07
spoIVB	1.12
yqiG	1.01
yqiI	0.9597
ribB	0.5479
ribH	0.559
ypuF	0.854
ypuH	0.8916
dacB	0.8798
spmB	0.9157
mmgC	0.5175
mmgE	0.83
yqzF	1.02
yqiS	0.8597
yqiU	0.7533
bfmBAA	0.9096
resA	0.7916
resC	0.7281
resE	0.7957
ypuN	0.9038
serA	1.1
ypaA	0.8241
yqaG	1.17
yqaI	1.31
yqaK	1.77
yqaM	1.91
yqaO	1.37
yqaQ	1.31
dgkA	1.14
bex	1.1
glyQ	1.23
yqzB	1.01
yqxD	1.01
sigA	1.04
yqaS	1.14
yqbA	1.26
yqbC	1.35
yqbE	1.16
yqbG	1.09
yqbI	1.14
yqfN	1.14
yqfP	1.2
yqfR	0.9667
yqfT	0.9923
yqfV	1.08
yqfX	1.11
yqaH	1.1
yqaJ	1.15
yqaL	1.22
yqaN	0.9406
yqaP	0.9309
yqaR	0.7594
cdd	0.8153
yqxN	0.9537
glyS	0.9117
yqfL	0.9344
dnaG	0.9805
cccA	0.8863
yqaT	1.05
yqbB	0.9174
yqbD	0.9639
yqbF	0.9778
yqbH	0.9369
yqbJ	1.04
yqfO	0.9523
yqfQ	0.9236
yqfS	0.9606
yqfU	0.7691
yqfW	0.8885
yqfZ	0.8619
ysnD	0.9688
ilvN	1.16
leuA	1.17
leuC	1.1
ysoA	1.16
clpX	1.62
yrrM	1.29
yrrO	1.34
greA	1.59
yrrS	1.8
yrrT	1.49
yrhA	1.47
ysxD	1.28
hemX	1.02
hemD	1.01
hemL	1.16
ysxE	1.14
yrhD	1.13
yrhG	1.33
yrhH	2.47
yrhK	1.59
yrhM	1.59
yrhO	1.38
ilvB	1.27
ilvC	1.21
leuB	0.8484
leuD	0.8704
tig	1.25
lonB	0.807
yrrN	1.01
udk	0.9457
yrrR	1.16
yrzA	1.21
yrrU	1.26
yrhB	1.24
ysxC	1.11
hemA	0.8672
hemC	0.8625
hemB	0.8274
spoVID	0.8153
yrhF	0.8909
yrzI	0.7516
yrhI	1.51
yrhL	1.19
sigV	1.18
levD	0.7348
ytsC	1.37
yttA	1.85
ytvA	1.66
leuS	1.65
melA	0.8923
amyD	1.42
ytmJ	1.26
ytmL	1.38
hisP	1.2
ytnJ	1.38
hipO	1.43
ytqI	1.42
msmR	1.37
bioW	1.47
bioF	1.3
bioB	1.1
ytbQ	1.11
ytcQ	1.28
ytsJ	1.45
pfk	1.26
ytwI	1.09
citC	1.28
phoP	1.4
yttB	1.17
ytvB	1.34
ytwF	1.3
amyC	1.32
msmE	1.48
ytmK	1.08
ytmM	1.04
ytnI	0.9674
ribR	1.06
ytpI	0.9619
ytrI	1.03
ytaP	1.01
bioA	1.27
bioD	1.04
bioI	0.9784
ytcP	0.9713
ytdP	0.7154
yttI	1.11
ytvI	0.8093
citZ	0.739
citH	1.03
phoR	1.14
mutM	1.06
yunI	1.29
yunG	1.32
yunE	1.3
yunC	1.12
yunA	1.27
yutC	1.18
yugH	1.21
yuzA	1.46
yugK	2.21
yugM	1.23
yugO	1.29
yugS	1.4
yutE	1.19
yutG	1.1
hom	0.9775
thrB	0.988
yutI	1.72
yutJ	1.49
yugU	1.22
mcpB	1.13
mcpA	0.8125
yuxG	1.18
yulC	1.09
yulE	1.21
yunH	1.29
yunF	1.29
yunD	1.23
yunB	1.18
yutB	1.87
yutD	1.06
yugI	1.22
yugJ	2.42
pgi	1.66
yugN	0.9387
yugP	1.26
yugT	1.09
yutF	1.22
yutH	0.9238
thrC	0.8472
yuxL	0.8503
yuzD	1.01
yuzB	1.22
tgl	1.02
tlpA	0.7528
tlpB	0.9296
yulB	0.9928
yulD	0.8402
yulF	0.9247
yvdO	1.27
yvdQ	1.34
yveA	1.17
racX	1.1
yveG	0.0
slr	1.19
yvgO	1.38
yvgM	1.23
yvgK	1.26
yvsG	1.29
fhuD	0.9467
fhuG	1.11
yveN	0.8764
yveP	0.9812
yveR	0.8799
yveT	1.05
yvfB	0.9496
yvfF	1.11
yvrP	1.36
yvrN	1.07
yvrL	1.09
yvrI	1.1
yvrG	1.21
yvrD	1.31
yvdP	1.19
yvdT	1.14
pbpE	1.0
yveF	1.03
padC	1.18
yveL	0.9089
yvgN	1.53
yvgL	1.1
yvgJ	0.6609
yvsH	1.33
fhuB	0.9269
fhuC	0.9977
yveO	0.9106
yveQ	0.8278
yveS	0.9522
yvfA	0.983
yvfD	0.9076
yvfG	0.9827
yvrO	1.0
yvrM	0.8634
yvrK	0.8794
yvrH	1.1
yvrE	1.22
yvrC	0.9422
mta	0.0
ywnF	1.38
spoIIQ	1.43
ywoA	2.48
nrgA	1.58
ywoC	0.8951
tuaF	1.0
tuaH	1.21
yvhJ	1.19
degS	1.28
comFA	1.1
comFC	1.03
ywoE	1.12
ywoG	0.9887
usd	0.9851
mbl	1.01
flhP	0.8231
ywpB	1.4
flgM	0.9418
flgK	1.09
yviE	0.9538
csrA	0.9923
yvyC	0.868
fliS	0.8358
ywnE	1.34
ywnH	1.2
ywnJ	1.47
nrgB	2.32
ywoB	1.2
ywoD	1.2
tuaG	0.9259
tagO	1.11
yvyE	1.16
yviA	1.06
comFB	0.9734
yvyF	0.7851
ywoF	1.31
ywoH	1.0
spoIIID	0.9463
flhO	0.7715
rapD	1.21
ywpC	1.13
yvyG	0.8388
flgL	0.8864
yviF	0.719
hag	0.9267
fliD	0.6985
fliT	0.6571
katX	2.48
yxzF	0.692
licB	1.37
licA	1.24
ywaA	1.21
dltD	1.56
ywfN	1.29
ywfO	1.62
ywgB	1.51
thrZ	2.45
ywhB	1.42
ywhD	1.8
dltB	1.55
ywaB	1.24
ywaD	1.44
ywaE	1.3
gspA	2.94
sacX	1.29
ywhF	1.61
ywhH	1.17
rapF	1.68
ywhL	1.34
ywhN	0.7588
ywhP	1.44
yxlJ	1.44
licR	1.29
licC	1.2
licH	1.09
dltE	1.35
dltC	1.29
ywzC	1.15
ywgA	1.48
mmr	1.3
ywhA	1.93
ywhC	1.58
ywhE	1.17
dltA	1.47
ywaC	1.72
tyrZ	1.23
ywaF	1.27
sacY	1.48
epr	0.9005
ywhG	1.42
phrF	1.13
ywhK	0.9613
ywhM	1.1
ywhO	1.17
ywhQ	1.38
yybK	1.2
yybM	1.21
yybO	1.23
yybQ	1.68
cotF	1.32
yybT	1.39
yxdM	1.33
yxeB	1.2
yxeD	1.3
yxeG	1.64
yxeI	1.31
yxeK	1.2
yycA	1.06
yycC	1.04
yycD	1.68
yycE	1.28
yycF	1.42
yycH	1.24
yxeM	0.9204
yxeO	1.18
yxeQ	1.46
yxxB	1.57
nupC	1.02
hutM	1.36
yybL	0.876
yybN	1.3
yybP	1.24
yybR	1.19
yybS	1.37
rplI	1.24
yxeA	0.709
yxeC	1.04
yxeE	1.44
yxeH	1.53
yxeJ	1.17
yxeL	0.9263
yycB	1.1
yyzB	0.9121
dnaC	1.22
purA	0.6381
yycG	1.25
yycI	1.13
yxeN	0.8882
yxeP	1.12
yxeR	1.23
deoR	0.945
pdp	0.8318
hutG	1.08
lysS	1.32
mfd	1.15
gyrA	1.04
lytA	0.8257
yvlD	1.15
yukF	1.33
rsbV	0.0
ydbO	0.8801
ycsG	1.13
phrC	1.52
lmrB	0.8694
pcp	0.8032
ytfJ	1.18
ytzA	0.9417
yraA	1.39
yqfY	1.75
yonJ	1.3
yodB	0.9525
ycbM	0.7927
ybfS	0.7611
ybfQ	0.8969
ybeC	0.7967
ybdG	1.04
ybbA	1.05
ftsH	1.61
yabK	0.9756
ywjF	1.22
ywlC	1.06
yveK	1.02
glgP	1.07
ydcA	1.08
ycnB	1.36
yceH	1.31
ycbU	1.03
ycbR	1.22
accA	1.23
yrhP	1.18
yqbO	1.34
ypqA	1.18
yosW	0.9465
ppsD	1.05
ycbC	0.0
gltP	0.653
mpr	0.7297
ybdN	0.959
ybdB	0.6504
yabE	0.7539
yaaG	1.46
yisD	1.26
yhjP	1.17
yhfR	1.19
yheH	1.34
yfhQ	1.34
ydcI	1.34
dnaN	1.13
srfAB	0.7788
opuAA	1.25
ybdO	0.9886
yabN	1.4
asnH	0.9314
ywbN	1.12
yaaF	1.29
addB	1.16
yhjB	1.24
yheC	0.9115
yheL	1.09
yesN	1.04
yclF	0.8894
dnaA	1.32
amhX	1.21
ycbT	1.03
feuC	0.8978
gidA	1.09
yxnB	0.5915
spsF	0.9087
