ybeF	0.8824
glpQ	1.04
ybdT	1.41
ybxH	1.21
ybdM	0.8136
ybdK	0.5895
ybxF	1.88
rplJ	0.6806
rplK	2.67
rpmG	3.56
yacP	2.12
rplL	0.8572
ybdE	0.6146
ybcT	0.6618
ybcQ	0.5986
ybcO	1.28
ybcL	0.8864
ybcH	0.5691
cysE	1.75
yacN	3.44
yacL	3.02
sms	3.24
yacH	4.52
glpT	1.43
ybyB	4.35
ybxI	0.912
csgA	0.9768
ybdL	1.39
ybdJ	0.765
ybxB	2.79
rplA	2.83
nusG	3.39
sigH	2.43
yacO	1.62
ybdA	0.5567
ybcS	0.6916
ybcP	0.6276
ybcM	0.2393
ybcI	0.4389
ybcF	0.515
gltX	2.75
yacM	2.86
yacK	2.67
yacI	3.44
ctsR	3.88
ydbB	0.8476
ydbA	0.0
ydaS	2.46
ydaQ	1.02
mutT	1.49
ydaN	1.2
yciB	2.0
nasA	2.06
nasD	1.4
nasF	1.31
ycgS	1.5
ycgQ	1.87
ydaL	1.08
ydaJ	0.9032
lrpC	0.7434
ydaH	1.04
ydaF	0.8701
ydaD	1.3
ycgO	1.79
ycgM	1.21
cah	1.46
ycgJ	1.53
tmrB	1.72
ycgH	1.49
gsiB	6.06
ydaT	1.48
ydaR	0.9674
ydaP	2.26
ydaO	1.14
ydaM	1.22
yciA	1.87
nasC	1.66
nasE	1.43
ycgT	1.55
ycgR	2.13
ycgP	1.55
ydaK	1.14
ydzA	0.9944
ydaG	1.89
ydaE	1.33
ydaC	1.18
ycgN	1.02
ycgL	1.17
ycgK	1.54
aroI	1.52
nadE	1.19
ycgG	1.23
purL	0.1087
purC	0.1261
purK	0.1433
yebG	0.5472
yebE	0.569
yebC	0.7313
ydfK	0.0
ydfJ	1.41
ydfH	2.12
ydfF	1.76
ydfD	1.53
ydfB	1.89
guaA	0.3657
yeaD	0.4588
yeaB	0.5482
yeaA	0.2447
ydjO	0.4608
ydjM	0.9847
ydeT	1.22
ydeR	1.44
ydeP	2.49
ydzF	1.8
ydeM	1.46
ydeK	1.17
yexA	0.1861
purB	0.09264
purE	0.2588
yebF	0.5515
yebD	0.6403
yebB	0.4534
nap	1.54
ydfI	1.96
ydfG	0.0
ydfE	1.67
ydfC	1.31
ydfA	1.57
yebA	0.0
yeaC	0.7283
gabP	1.05
ydjP	0.315
ydjN	1.18
ydjL	1.02
ydeS	1.11
ydeQ	0.0
ydeO	1.33
ydeN	1.18
ydeL	0.0
ydeJ	0.9551
yfhS	1.91
yfhO	2.85
yfhM	3.33
yfhK	9.47
yfhI	2.41
yfhG	2.49
yflS	1.95
yflT	8.54
yfmC	0.4358
yfmE	0.8605
yfmG	0.4928
yfmI	0.5759
yfhE	1.6
yfhC	1.34
yfhA	0.9345
yfiY	0.7276
yfiV	1.74
yfiT	1.72
yfmK	0.8721
yfmM	0.8671
yfmO	0.9585
yfmQ	0.2251
yfmS	0.844
yfnA	0.6759
yfhP	2.23
csbB	3.38
yfhL	2.61
yfhJ	2.74
yfhH	1.95
yfhF	1.6
pel	1.07
yfmA	1.3
yfmD	0.9476
yfmF	0.9075
yfmH	2.15
yfmJ	0.8531
yfhD	1.12
yfhB	1.58
yfiZ	1.3
yfiW	1.99
yfiU	1.06
yfiS	1.25
yfmL	0.539
yfmN	0.7901
yfmP	0.6738
yfmR	0.6754
yfmT	2.06
yfnD	0.7551
yisK	0.7901
yisI	1.61
yisG	1.45
yisE	1.71
yisB	3.68
addA	0.0
yhdY	1.0
yhdW	0.8729
yhdU	0.9014
yhdS	0.7627
yhdQ	0.4548
yhdO	0.5338
yhjQ	1.29
yhjM	1.49
yhjK	1.48
yhjI	1.23
yhjG	1.52
yhjE	1.05
yhdL	0.6686
yhdJ	0.991
yhdH	0.7778
yhdF	0.8845
citR	0.9002
phoA	1.06
yisJ	1.57
yisH	1.41
yisF	1.46
yisC	1.47
sbcD	2.64
yhjR	1.47
yhdX	1.29
yhdV	0.8993
yhdT	0.7067
yhdR	0.6132
yhdP	0.5945
yhdM	0.7509
yhjO	1.47
yhjL	3.67
yhjJ	1.49
yhjH	1.27
sipV	0.6348
yhjD	1.19
yhdK	0.7523
yhdI	0.594
yhdG	1.45
citA	0.7884
lytE	0.5866
spoVR	0.9085
xkdU	1.34
xkdS	1.38
xkdQ	1.46
xkdN	1.62
xkdK	1.77
xkdI	1.51
yjbX	0.8325
yjbV	0.1934
yjbT	0.3339
yjbR	0.1979
tenA	0.1499
yjbP	0.684
xkdG	1.23
xkdE	1.5
xpf	1.07
xkdD	0.8807
xkdB	1.04
xkdA	1.02
yjbN	0.7445
yjbL	0.8076
yjbJ	0.7433
yjbH	0.7939
yjbF	1.07
yjbE	1.62
xkdT	1.48
xkdR	1.37
xkdP	1.43
xkdM	1.5
xkdJ	1.41
xkdH	0.6379
yjbW	0.3019
yjbU	0.2318
yjbS	0.215
tenI	0.2058
yjbQ	0.8951
yjbO	0.8865
xkdF	1.51
xtmA	1.26
xtrA	1.02
xkdC	1.06
xre	0.9079
yjqC	0.8408
yjbM	0.7302
yjbK	0.6244
yjbI	0.0
yjbG	0.7476
mecA	1.03
yjbD	0.813
ylaM	3.24
ylaK	3.38
ylaH	3.83
ylaF	3.49
ylaD	0.0
ylaB	2.53
ykvM	3.16
ykvK	1.94
ykvI	1.88
motA	4.31
ykvE	1.75
eag	1.72
nprE	2.04
ykzC	2.38
ykzI	1.77
yktA	1.36
slp	1.48
pdhC	1.05
ykvA	1.3
ykrY	0.7217
ykrW	1.27
ykrU	1.33
ykrS	0.8268
ykrQ	1.61
ylaL	2.41
ylaJ	2.74
ylaG	3.89
ylaE	3.31
ylaC	2.8
ylaA	2.7
ykvL	1.23
ykvJ	2.32
clpE	2.56
motB	4.73
ykvD	1.48
spo0E	1.44
yktD	4.31
yktC	2.9
yktB	4.94
cad	2.22
pdhD	1.09
pdhB	0.9251
ykrZ	0.5926
ykrX	0.6886
ykrV	1.59
ykrT	0.8584
dat	1.35
ykrM	0.9605
ymfM	0.2881
ymfK	0.4849
ymfI	0.9596
ymfF	0.9524
ymfD	0.7182
spoIIIE	0.0
yloW	1.37
yloU	0.8575
spoVM	1.51
yloR	1.95
ymfA	0.1321
dapG	0.2671
spoVFB	1.02
ymxH	0.7701
ylxY	0.4717
ribC	0.4529
fmt	2.07
priA	1.22
yloH	1.23
yloC	1.09
ylnF	0.341
ylnD	0.2783
ymfL	0.5501
ymfJ	0.5523
ymfH	0.4324
ymfE	0.7229
ymfC	0.5541
ymfB	0.9235
yloV	0.7717
rpmB	1.42
yloS	1.85
yloQ	2.23
yloO	2.54
yloM	2.05
dapA	0.2367
asd	0.188
spoVFA	0.6783
ymxG	0.5466
rpsO	0.5053
truB	0.5065
def	2.29
yloI	1.78
yloD	1.07
yloA	0.7979
ylnE	0.2925
ylnC	0.2503
yobK	1.09
yobI	1.16
yozL	0.0
yobH	1.63
rapK	2.1
yobF	1.01
yneI	0.6579
ynzD	0.5756
yneE	0.6078
ynzC	0.4829
yneA	0.7544
yndN	1.59
yozI	1.19
yobD	1.6
pps	1.17
yobA	1.08
yoaZ	1.16
yoaV	0.0
yndL	1.08
yndJ	0.5265
yndG	0.772
yndD	1.95
yndB	0.4724
ynzA	0.7342
yobJ	0.811
yozM	1.26
yozK	1.74
phrK	1.93
yozJ	1.39
yobE	1.14
ccdA	0.7559
yneF	0.5808
tkt	0.4675
yneB	0.9475
lexA	0.2678
yndM	0.8234
yozH	1.35
xynA	1.67
yobB	1.56
penP	1.33
yoaW	0.8038
yoaU	1.06
yndK	0.3832
yndH	1.41
yndE	0.8735
ynzB	0.8555
yndA	0.9257
cotC	0.7603
yonR	0.7176
yonT	2.42
yonV	4.32
yopA	2.76
yopC	1.75
yopE	2.77
yosR	1.13
yosT	1.24
yosV	0.0
yosZ	1.24
yotB	1.08
yotD	0.0
yopG	3.43
yopI	3.72
yopK	1.0
yopM	1.25
yopO	1.23
yopQ	1.48
yotF	0.0
yotH	1.31
yotJ	1.22
yotL	1.03
yotN	0.0
yodV	1.28
yonS	1.12
yonU	4.01
yonX	2.12
yopB	2.07
yopD	1.85
yopF	2.58
yosS	0.8939
yosU	1.24
yosX	1.21
sspC	1.63
yotC	1.45
yotE	1.15
yopH	3.31
yopJ	3.02
yopL	2.18
yopN	1.55
yopP	1.28
yopR	1.83
yotG	1.14
yotI	1.03
yotK	1.01
yotM	0.9024
yodU	0.9799
cgeA	0.0
fer	0.9601
recQ	1.26
ypbE	1.24
ypbH	0.9268
ypdA	1.28
sleB	0.9949
ypcP	1.05
ypdP	0.8584
ypeQ	0.0
degR	1.81
ypfP	0.3902
bsaA	0.555
ypfA	0.6979
cmk	0.4304
ypgA	0.7046
yphB	0.7678
gpsA	0.6132
yphF	0.5259
ypgR	0.4466
yphP	0.392
ypjP	0.4386
thyB	0.7349
ypkP	0.7508
yplP	0.1234
ypbB	0.9174
ypbD	0.8585
ypbF	1.24
ypcA	0.6528
ypdC	0.7455
ypeB	0.8653
ypdQ	0.6945
ypeP	0.8789
ypzA	0.7901
cspD	0.8931
metB	0.7045
ypgQ	0.9623
ypfB	0.6732
ypfD	0.67
yphA	0.8314
yphC	0.7994
yphE	0.4981
spoIVA	0.7147
ilvD	0.2325
ypiP	0.5189
ypjQ	0.3964
dfrA	0.735
yplQ	0.6294
ilvA	0.3843
yqgA	0.6131
yqgC	1.17
yqgE	1.44
yqgG	1.55
yqgI	1.42
yqgK	1.72
bfmBAB	2.04
bmrR	1.24
yqiW	0.6203
yqiY	0.1758
yqjA	0.4293
yqjC	0.7269
yqgL	1.16
yqgN	2.11
yqgP	0.8301
glcK	0.7364
yqgU	0.6855
yqgW	0.9999
yqjE	0.8981
yqjG	0.5573
yqjI	0.5192
yqjK	0.7512
yqjM	1.07
yqjO	0.8232
yqgB	0.7756
sodA	2.02
pbpA	1.09
yqgH	1.33
yqgJ	1.26
yqzD	1.11
bfmBB	2.17
bmr	1.19
yqiX	0.1894
yqiZ	0.1999
yqjB	0.983
yqjD	0.6201
yqgM	1.29
yqgO	0.0
yqgQ	0.9887
yqgT	0.7461
yqgV	0.8051
yqgX	0.7902
yqjF	0.7645
yqjH	0.5374
yqjJ	0.5388
yqjL	1.03
yqjN	1.13
yqjP	0.5462
levE	1.26
levG	2.1
adhA	1.35
yraC	1.57
yraE	1.21
yraF	1.35
yqbK	1.63
yqbM	1.64
yqbN	1.45
yqbQ	1.38
yqbS	1.24
yqcA	1.11
yraH	1.01
yraJ	0.9317
yraL	1.51
yraM	0.0
yraO	0.789
sigZ	1.01
yqcD	1.39
yqxG	1.56
yqxI	1.77
yqcF	1.54
yqzI	1.94
rapE	1.52
levF	1.21
sacC	0.9854
yraB	1.48
yraD	1.31
adhB	1.2
yraG	1.35
yqbL	1.33
yqdB	1.55
yqbP	0.0
yqbR	1.48
yqbT	1.55
yqcB	1.37
yraI	1.19
yraK	1.45
csn	1.76
yraN	0.8756
yrpG	1.31
yrpE	0.6929
yqcE	0.9896
cwlA	1.5
yqxJ	1.57
yqcG	1.36
phrE	1.89
yqcI	1.03
ytaF	1.49
ytbE	2.32
ytcD	1.35
ytcF	0.7588
dnaB	0.9992
ytxB	0.9178
folC	0.508
spoIIB	1.21
ysxA	1.8
mreC	1.39
minC	1.08
spoIVFA	1.07
thrS	0.3885
lytS	0.9429
ysbA	1.21
yscB	1.47
infC	1.51
rplT	1.34
rplU	0.7689
spo0B	0.7429
p`eB	0.4094
pheB	0.397
yrxA	0.425
nadB	0.1314
nadA	0.1275
ytaG	1.35
ytbD	1.02
gapB	1.26
ytcG	1.05
dnaI	0.8647
ytxC	0.8558
comC	1.15
maf	1.52
mreB	1.7
mreD	1.41
minD	1.02
spoIVFB	1.06
ysaA	1.35
lytT	0.9315
ysbB	1.37
yscA	1.51
rpmI	1.74
ysdA	1.46
ysxB	1.04
obg	0.3785
pheA	0.3765
nifS	0.3959
nadC	0.09843
yrbA	0.1823
yubA	2.42
yubC	2.04
yubE	2.25
yubG	1.83
yuaB	2.97
gbsA	1.59
yteP	0.9825
yteR	1.05
yteT	1.41
yteV	1.2
ytfP	1.45
ytzG	1.97
yuaD	1.26
yuaG	0.2401
yuaJ	0.8358
glgD	1.66
ytaB	1.33
ytxN	1.23
ytzE	1.89
ythQ	1.2
ytjP	1.6
ytlP	1.67
ytlR	1.57
ytmP	1.49
yubB	3.4
yubD	2.24
yubF	2.33
yuaA	1.67
yuaC	1.62
gbsB	1.51
yteQ	1.19
yteS	1.08
yteU	1.12
opuD	1.48
ytgP	2.16
ytzF	2.35
yuaF	0.3084
yuaI	0.2965
glgB	1.04
glgA	1.82
ytaA	1.47
cotS	1.42
ythP	0.9699
ytiP	1.04
ytkP	1.47
ytlQ	1.61
amyX	1.31
ytzH	1.48
yvrB	1.51
yvqK	1.14
yvqI	1.49
yvqG	1.33
yvqE	1.58
gerAC	1.56
yutL	1.3
paiA	0.7355
yumD	0.6033
yumC	0.3905
yuiA	0.1396
yuiC	0.31
gerAA	1.68
yuxN	1.55
yvqA	1.43
yvtB	1.33
yusZ	1.41
yusW	0.9793
yuiE	1.13
yuiG	0.3926
yuiI	0.7035
dhbC	0.8513
dhbB	0.6313
yukL	0.9615
yvrA	1.2
yvqJ	1.31
yvqH	1.42
yvqF	1.41
yvqC	1.57
gerAB	1.57
yutM	0.8185
paiB	0.7901
yuzG	0.8858
yumB	0.5649
yuiB	0.2446
yuiD	0.9999
citG	1.86
yvqB	1.53
yvtA	1.53
mrgA	0.7773
yusX	1.05
yusV	0.6632
yuiF	0.7259
yuiH	0.7316
dhbA	0.6535
dhbE	0.5929
yukM	0.7994
yukJ	1.17
yvyD	2.19
cccB	0.9723
ftsX	1.45
yvzD	0.8857
yvkA	1.1
yvkC	0.9096
yvfH	0.6666
lacR	1.15
yvfM	1.19
yvfO	1.22
yvfS	1.11
yvfU	0.78
uvrB	1.3
yvzB	1.05
yvlA	0.4353
yvlC	0.8399
yvmB	1.16
cypX	1.06
yvfW	0.8173
yvbX	1.51
yvbV	1.29
yvbT	1.35
araE	1.2
gap	1.14
yvjA	1.39
ftsE	1.19
yvjB	0.7646
yvjD	0.7663
yvkB	1.22
csbA	1.38
yvfI	0.7552
yvfL	1.13
lacA	1.2
yvfR	1.29
yvfT	1.1
yvfV	0.8069
uvrA	1.42
yvkN	0.9915
yvlB	0.6546
yvmA	1.25
yvmC	1.11
yvnA	1.1
yvbY	0.7186
yvbW	1.38
yvbU	1.03
araR	0.91
yvbQ	0.552
pgk	0.941
ywhR	1.69
sbo	2.28
argS	1.44
fnr	1.16
ywiD	1.52
narH	1.58
ywpD	1.55
ywpF	0.9497
ywpH	1.55
ywqB	1.66
ywqD	0.9501
ywqF	1.51
narI	1.4
ywjA	1.76
ywjC	3.3
ywjE	3.65
rpoE	4.36
ywjG	2.32
ywqH	5.92
ywqJ	5.96
ywqL	2.67
ywqN	2.69
ywrA	1.63
ywrC	1.0
ywiA	1.27
ywiB	1.42
narK	1.36
ywiC	1.63
narG	1.07
narJ	1.27
ywpE	1.22
ywpG	1.18
ywpJ	1.3
ywqC	1.34
ywqE	1.47
ywqG	1.47
ywiE	2.36
ywjB	2.26
ywjD	1.88
acdA	2.15
ctrA	2.44
spo0F	2.94
ywqI	4.63
ywqK	4.68
ywqM	1.88
ywqO	2.27
ywrB	1.07
ywrD	1.4
hutI	1.54
hutP	1.48
yxiB	1.52
yxiD	1.32
yxxE	1.1
bglH	1.53
ywbA	2.3
ywbC	2.66
ywbE	4.31
ywbG	1.65
ywbI	2.1
thiC	2.42
yxxF	1.18
yxiF	0.7967
yxiG	0.7592
yxzG	0.7188
yxiJ	0.9258
yxiL	1.13
ywbO	1.95
ywcB	2.01
ywcD	2.59
ywzA	5.58
qoxB	1.52
qoxD	1.77
hutU	1.32
yxiA	1.4
yxiC	1.18
yxxD	1.08
bglP	1.47
yxiE	1.81
ywbB	2.82
ywbD	2.09
ywbF	4.02
ywbH	1.54
thiK	2.43
ywbM	1.48
yxxG	1.05
yxzC	0.9183
yxiH	1.19
yxiI	0.9162
yxiK	1.1
yxiM	1.09
ywcA	2.0
ywcC	1.79
galT	1.7
qoxA	1.71
qoxC	1.57
ywcE	1.52
ytrP	1.16
yprA	1.35
yloN	1.38
yerG	1.32
wprA	1.93
yycJ	3.29
rocR	1.46
rocE	1.39
phrG	2.03
yycN	1.25
yycP	1.27
topB	0.0
polA	1.09
mmgA	1.04
ileS	0.0
dinG	1.06
carB	1.05
yycR	1.26
yydA	1.03
yydC	1.03
fbp	0.862
yydG	0.5594
yydI	0.0
ytsD	0.937
yrvE	1.26
yloP	1.27
ykuA	1.21
ydhL	1.27
valS	1.37
yyxA	2.59
rocD	1.28
rocF	1.48
rapG	1.55
yycO	1.6
yycQ	1.37
smc	1.06
murD	1.03
lonA	0.0
hrcA	1.17
cheA	1.11
alaS	1.04
yycS	1.32
yydB	0.8019
yydD	0.7656
yydF	1.07
yydH	0.6518
yydJ	0.7336
yveM	0.7291
yutK	0.979
yueB	1.02
yufK	1.86
ytpQ	1.16
ytmO	1.14
yndF	1.12
pksL	1.08
mcpC	2.87
yisZ	1.08
ydbH	0.8199
ybxG	0.6393
ysdB	1.39
yrhE	0.8226
yqcC	0.7448
ponA	0.4764
yomI	1.29
cgeC	1.33
wapA	0.9662
ppsA	1.03
pksM	1.55
yetO	3.34
rpoC	4.64
dra	0.9231
yvfQ	1.39
yukA	1.22
yuxO	1.06
glgC	1.98
yttP	1.08
pykA	0.8659
pksP	1.22
pksK	0.7631
oppD	1.43
srfAA	2.97
yccK	2.83
secE	4.05
rpmA	0.762
yrpC	1.03
yqgS	0.5953
ypbR	0.8798
yorL	1.51
odhA	1.11
dhbF	1.32
pksR	1.5
yfkN	1.13
gutR	0.8252
yxeF	0.8951
galK	0.9995
rbcL	2.03
aceF	1.19
kdtA	1.48
tufA_E	1.77
yazC	2.03
yrhC	0.8588
yerC	0.7329
yshA	0.913
yoqX	1.02
yacF	2.01
yhcD	1.05
yetG	0.8262
ywnG	0.854
ywqA	1.5
degU	1.52
yvnB	3.13
cysS	1.55
yqjU	1.47
ylaI	3.49
yuaE	1.92
yqaD	1.31
yozD	1.17
yazB	2.94
yfnB	1.02
ywmD	1.06
glcR	0.922
ggaB	1.4
prfB	1.43
yvoD	0.9702
ybcD	0.4739
ndhF	0.2311
adaA	0.9688
ybbU	0.7942
ybbT	0.3681
ybbP	0.7254
folK	1.88
sul	2.41
pabA	1.57
cysK	3.24
yacC	3.06
sigW	0.1044
ybbJ	0.8004
ybbH	1.06
ybbE	1.37
ybbC	1.27
feuA	1.14
yabT	5.13
yabR	3.34
yabQ	3.3
yabO	3.01
spoVT	2.87
ybcC	0.3541
adaB	0.8461
alkA	1.09
glmS	0.3425
ybbR	0.3985
ybbM	0.3979
folA	1.87
pabC	1.95
pabB	2.58
yacD	2.63
yacB	4.12
ybbK	1.06
ybbI	1.11
ybbF	1.28
ybbD	1.15
ybbB	1.39
feuB	1.93
yabS	2.99
divIC	4.08
yabP	2.91
yabM	2.66
spoVC	4.01
ydaB	1.58
ycsN	0.4072
yczI	0.7603
ycsO	0.3593
ycsI	0.5834
ycsE	0.6478
ycgF	1.38
mdr	1.01
lctE	1.53
ycgB	1.35
opuAC	1.11
yceK	1.55
yczH	0.7038
ycsA	0.6118
mtlA	0.7057
ycnK	0.2805
ycnI	0.4585
ycxE	1.17
yceI	0.9844
yceF	1.0
yceD	0.9647
yceB	1.78
ycdI	3.11
ycdG	2.11
ydaA	0.6964
yczJ	0.8852
ycsK	0.625
ycsJ	0.4346
ycsF	0.4603
ycsD	1.3
ycgE	1.22
lctP	1.6
amyE	0.0
ycgA	1.41
opuAB	1.72
yceJ	1.67
sipU	0.9825
mtlD	0.9248
ycnL	0.967
ycnJ	0.5393
gdh	0.423
ycnH	0.9297
yceG	1.63
yceE	0.9968
yceC	0.8996
yceA	3.11
ycdH	3.23
ycdF	3.71
ydjJ	0.62
ydjH	0.1467
ydjF	0.1086
gutB	0.7293
ydjB	0.9095
ydiR	0.5621
ydeI	1.38
ydeG	0.3887
ydeE	1.21
ydeC	1.49
ydeB	1.18
ydeA	1.31
ydiP	0.5391
ydiN	1.11
groEL	1.56
ydiL	0.8556
ydiJ	0.6153
ydiH	0.6126
yddS	1.16
yddQ	1.25
lrpA	1.04
phrI	1.12
yddJ	1.21
yddH	1.17
ydjI	0.1253
ydjG	0.1143
ydjE	0.3138
ydjC	0.7704
ydiS	0.5135
ydiQ	0.6681
ydeH	1.21
ydeF	1.16
ydeD	0.0
ydzE	1.21
cspC	0.8112
yddT	1.9
ydiO	0.8898
ydiM	1.3
groES	2.68
ydiK	0.8247
ydiI	0.7513
ydiG	0.9539
yddR	1.39
lrpB	1.14
yddM	1.19
rapI	0.7867
yddI	1.11
yddG	0.6294
yfiR	1.99
lipB	2.77
yfiN	1.23
yfiL	1.34
yfiJ	1.07
yfiH	1.14
yfnE	1.07
yfnG	0.9672
yfnI	0.6547
yetL	0.8104
yetJ	0.8479
yezB	0.5475
yfiF	1.22
yfiD	1.13
glvC	1.04
glvA	1.1
yfjB	1.47
yfjD	1.14
yetH	0.0
lplD	1.0
lplB	1.1
yetA	0.0
yesX	1.26
yesV	0.8271
yfiQ	1.1
yfiO	1.36
yfiM	1.5
yfiK	1.08
yfiI	1.2
yfiG	1.18
yfnF	1.07
yfnH	1.2
yetN	0.7807
yetK	0.8792
yezD	0.9238
yetI	0.6823
yfiE	1.22
yfiC	1.48
yfiA	1.43
yfjA	1.36
yfjC	1.56
yfjE	1.15
yetF	0.9223
lplC	0.7522
lplA	0.922
yesZ	1.23
yesW	1.16
yesU	0.6979
yhjC	0.9976
yhxD	1.09
yhzC	0.6293
yhfW	1.06
yhfU	0.9554
yhfS	0.5824
ygxB	1.62
yhdD	1.09
yhdB	0.9367
yhcZ	0.6062
yhxB	0.6233
glpK	0.6323
yhfO	0.953
yhfN	0.9046
yhfL	0.9994
yhfJ	0.9073
yhfH	0.7184
yhfF	0.7073
glpP	0.6066
yhcX	0.9528
yhcV	0.9299
yhcT	0.7783
yhcR	0.0
yhcP	0.7834
yhjA	0.9527
comK	0.9035
yhxC	1.13
yhfV	0.9391
yhfT	0.8323
yhfP	1.05
yhdE	0.4238
yhdC	1.13
yhdA	0.7689
yhcY	0.9338
glpD	1.46
glpF	0.7013
aprE	1.5
yhfM	1.22
yhfK	1.4
yhfI	1.24
gltT	0.56
yhfE	0.9406
yhxA	0.8126
yhcW	1.15
yhcU	0.958
yhcS	0.7548
yhcQ	1.09
yhcO	1.01
yjqB	1.07
xlyB	0.9865
phrA	0.377
yjoB	0.7626
yjnA	1.11
yjmI	1.14
yjbC	1.35
oppF	0.6893
oppB	0.8168
trpS	0.4424
appC	0.4552
appA	0.7703
yjmG	0.6716
yjmE	0.8613
yjmC	0.9041
yjmA	0.7022
yjlC	0.3896
yjlA	0.7978
appD	0.5116
yjaY	0.351
yjzA	0.7591
yjaV	0.6138
yjzD	0.5677
argF	0.08065
yjqA	0.8594
yjpA	0.5374
rapA	0.328
yjoA	1.38
yjmJ	0.8833
yjmH	0.8342
yjbB	1.07
oppC	0.8287
oppA	0.9295
yjbA	0.8083
appB	0.7578
appF	0.5902
yjmF	1.02
yjmD	0.9342
yjmB	1.16
yjlD	0.3896
yjlB	1.13
yjkB	0.8966
yjaZ	0.8447
yjzB	0.8467
med	0.6823
yjaU	0.7243
yjzC	0.5844
pdhA	1.27
ykrB	3.24
ykzG	2.56
adeC	2.33
ykqA	2.38
abh	3.25
ykrL	1.01
sspD	1.29
ykoZ	1.14
ykoV	0.7872
ykoT	0.9005
ykoQ	0.8448
ykpC	1.47
ykpB	1.28
ykoA	1.31
fruA	0.9284
yknZ	1.05
yknX	0.7948
ykoN	0.8786
ykoL	0.7693
tnrA	0.832
ykzD	0.6334
ykoI	0.652
ykoG	0.6317
ykyA	1.53
ykrA	2.02
ykqC	1.75
ykqB	2.78
kinC	2.21
mreBH	1.74
ykrK	1.14
ykrI	1.45
ykoX	0.8314
ykoU	1.44
ykoS	0.8682
ykoP	1.07
ampS	1.96
ykpA	1.33
sipT	2.77
fruR	1.32
yknY	1.22
yknW	1.22
ykoM	0.9399
ykzB	0.788
ykoK	0.7736
ykoJ	0.9046
ykoH	0.585
ykoF	0.3652
rbfA	0.0
infB	0.0
ylxR	0.0
ylxS	0.5623
yluC	0.475
cdsA	0.596
ylnB	0.2455
cysH	0.2288
pyrF	0.1282
pyrDII	0.0
pyrC	0.1523
pyrP	0.2684
frr	0.52
tsf	0.3649
ylxL	1.76
cheD	2.12
cheW	1.55
cheB	1.94
ylyB	0.816
ylyA	0.6091
divIVA	0.6804
ylmG	0.6276
ylmE	0.5685
ylmC	0.6123
ylxP	0.3923
ylxQ	0.5015
nusA	0.46
proS	0.6092
yluB	0.5892
yluA	0.5898
ylnA	0.2735
pyrE	0.1654
pyrD	0.1704
pyrAA	0.1418
pyrB	0.2365
pyrR	0.5054
smbA	0.6985
rpsB	0.5733
sigD	2.27
cheC	2.32
ylxH	2.21
lsp	0.8318
ylmH	0.9702
ylmF	0.5775
ylmD	0.5424
ylmB	0.5817
yoaT	1.21
yoaS	1.29
yozF	0.8086
yoaP	0.8664
yoaN	1.06
pelB	1.11
yncM	2.07
ynzH	0.5303
yncE	0.5878
yncC	0.7471
xylB	0.6707
xylR	0.5904
yoaJ	0.8299
yoaH	0.8081
yoaF	0.2263
yoaD	0.2349
yoaB	0.1956
yoxB	0.9438
ynaJ	0.5077
ynaG	0.705
ynaE	0.5978
ynaC	0.4873
ynzG	0.8485
ynxB	0.7675
yozG	1.13
yoaR	0.8495
yoaQ	1.07
yoaO	0.7421
yoaM	1.08
yoaK	1.88
thyA	0.5399
yncF	0.6583
yncD	0.6362
yncB	1.12
xylA	0.7738
xynB	1.16
yoaI	0.9865
yoaG	0.639
yoaE	0.672
yoaC	0.2467
yoaA	0.9922
yoxC	1.54
ynaI	0.8404
ynaF	0.7739
ynaD	0.8521
ynaB	0.78
ynzF	0.6621
glnA	0.5291
yopS	1.19
yopU	0.6837
yopW	0.9372
yopY	0.9407
yoqA	0.9974
yoqC	1.3
cgeD	1.03
yodT	0.4889
yodR	1.04
yodP	1.0
yozE	0.8826
yodM	0.7552
yoqE	0.9427
yoqG	0.8659
yoqI	1.01
yoqK	0.6208
yoqM	1.46
yoqO	0.8168
deoD	1.1
yodI	1.11
ctpA	1.19
yodE	1.18
yodC	2.12
yojA	0.854
yopT	0.6979
yopV	0.0
yopX	0.903
yopZ	1.1
yoqB	1.31
yoqD	1.16
cgeE	1.04
yodS	1.17
argE	1.19
yodO	1.0
yodN	1.15
yodL	1.35
yoqF	1.28
yoqH	1.07
yoqJ	1.27
yoqL	1.22
yoqN	1.31
yoqP	1.29
yodJ	1.62
yodH	0.9956
yodF	0.5325
yodD	1.22
yodA	1.2
yojB	1.17
hbs	0.958
mtrB	0.5038
gerCB	0.5985
ndk	0.4015
aroF	0.2714
aroH	0.2019
ypmP	0.3245
ypmR	0.3458
ypmT	0.402
ypoP	0.3753
yppQ	0.9598
yokA	0.6479
trpD	0.5001
trpF	0.4098
trpA	0.3342
tyrA	0.3071
ypiA	0.6505
ypiF	1.16
yokC	0.7048
yokE	0.9792
yokG	0.6227
yokI	1.46
yokK	1.04
yolA	1.39
mtrA	0.5663
gerCA	0.6222
gerCC	0.6661
cheR	0.3938
aroB	0.2009
trpE	0.6439
ypmQ	0.3469
ypmS	0.465
ypnP	0.7871
yppP	0.934
ypqP	0.8823
yokB	1.44
trpC	0.6425
trpB	0.5232
hisC	0.5097
aroE	0.4909
ypiB	1.11
qcrA	0.8862
yokD	0.952
yokF	1.33
yokH	0.7941
yokJ	0.9684
yokL	0.9872
yolB	1.2
yqgY	1.23
yqhA	1.62
yqxL	1.4
comGB	1.73
comGD	1.67
comGF	1.51
yqjQ	0.6804
yqjS	0.5111
yqjV	0.7564
yqjW	0.804
yqjY	0.3776
yqkA	0.7329
yqzE	1.23
yqxM	0.6057
cotN	0.2369
sinI	0.7689
yqhH	0.8671
yqhJ	0.5334
yqkC	0.3738
yqkE	0.7218
yqkG	0.0
ansA	1.09
yqkI	1.01
yqkK	0.875
yqgZ	2.46
yqhB	1.2
comGA	1.75
comGC	1.67
comGE	1.57
comGG	1.45
yqjR	0.598
yqjT	0.7516
yqzH	0.6995
yqjX	0.8235
yqjZ	0.4578
yqkB	0.345
yqzG	1.2
sipW	0.7062
sinR	1.17
yqhG	1.09
yqhI	0.637
yqhK	0.684
yqkD	0.8989
yqkF	1.0
ansR	0.9397
ansB	0.9565
yqkJ	1.1
spoIIM	0.9092
yrpD	2.03
aadK	1.07
yrdB	0.736
yrdD	0.9947
yrdF	0.988
azlC	0.8805
yqcJ	1.26
yqcL	1.35
spoIVCA	1.64
nucB	1.68
yqeC	1.51
yqeE	1.24
brnQ	0.7146
gltR	1.13
czcD	0.9755
yrdQ	0.7928
yrkA	0.8322
blt	0.9008
yqeG	1.62
aroD	1.37
yqeJ	1.24
yqeL	1.24
comER	1.54
comEB	1.51
yrpB	0.7663
yrdA	0.8484
yrdC	0.5002
cypA	0.815
azlB	1.02
azlD	1.04
yqcK	1.35
yqcM	1.24
spoIVCB	1.71
yqeB	2.15
yqeD	1.55
yqeF	1.49
yrdK	0.9438
yrdN	1.15
trkA	0.0
yrdR	1.17
bltD	1.09
bltR	1.3
yqeH	1.5
yqeI	1.62
yqeK	1.96
yqeM	1.47
comEA	1.61
comEC	1.38
ysdC	1.78
araA	0.8362
araD	1.3
araM	1.29
araP	1.21
abfA	1.3
yrbB	0.2981
yrbD	0.6766
yrzG	0.6653
yrbE	0.6224
bofC	0.671
ruvB	0.503
ysfE	1.11
ysfC	0.8914
ysfA	0.6025
pheS	0.3277
ysgB	1.13
yshC	1.06
tgt	0.344
yrzE	0.794
spoVB	2.46
yrvB	0.3776
yrvC	0.6228
abnA	1.34
araB	1.16
araL	1.35
araN	1.23
araQ	1.07
cstA	0.7153
yrbC	0.4967
yrzH	0.728
yrzF	0.7821
csbX	0.7353
ruvA	0.4561
queA	0.3521
ysfD	1.11
ysfB	1.1
ysgA	0.8685
pheT	0.5441
yshB	1.09
yshD	1.13
yrbF	0.5451
yrbG	0.6804
yrzD	0.4403
secF	0.4353
yrvD	0.5765
apt	0.4371
ytxO	1.47
ytcB	1.43
ytdA	1.24
menF	1.07
ytxM	0.9212
menE	0.8728
ytmQ	1.12
malS	1.51
ytoP	1.44
ytpP	0.8504
ytpS	1.2
murC	0.7886
ytgA	0.5905
ytgC	0.7519
ythB	1.0
ytiA	0.4628
ytjA	0.9078
ytkA	1.24
ytxH	2.54
aroA	0.2121
ytxD	1.06
acuC	0.9679
acsA	0.8541
rpsD	0.7924
ytcC	1.11
ytcA	1.27
yteA	1.32
menD	0.9592
menB	0.8522
ytfD	1.18
ytnP	1.23
ytzB	3.41
ytoQ	2.1
ytpR	0.9328
ytpT	1.75
ytxG	2.8
ytgB	1.0
ytgD	1.12
ythA	1.25
ytiB	1.12
ytjB	1.23
dps	11.73
ytxJ	4.03
ccpA	0.826
ytxE	0.9426
acuA	0.8408
tyrS	0.8129
yusU	1.29
yusS	1.78
yusQ	2.36
yusO	4.87
yusM	1.88
yusK	1.55
yuxI	1.86
yukE	1.68
yukC	1.39
yueC	0.8118
yueE	0.8251
yuzE	0.9449
yusI	1.61
yusG	2.19
yusE	1.74
yusC	1.77
yusA	0.9264
yurY	1.82
yueG	1.1
yueI	0.9516
yueK	0.9742
yuzC	0.889
comQ	1.48
comP	1.08
yusT	1.38
yusR	1.62
yusP	2.67
yusN	1.91
yusL	0.9808
yusJ	1.12
ald	1.5
yukD	1.7
yukB	1.35
yueD	1.0
yuzF	1.04
yueF	1.17
yusH	1.68
yusF	2.0
yusD	2.13
yusB	1.54
yurZ	1.98
yurX	2.12
yueH	1.49
yueJ	0.9643
yuxH	0.7841
degQ	1.06
comX	1.3
comA	1.16
yvoA	1.01
nagA	1.04
lgt	0.9283
yvpA	0.7276
hisZ	0.3209
hisD	0.2336
tpi	0.9833
eno	0.9508
yvbJ	0.9441
yvbH	1.02
yvbF	1.17
opuCB	1.04
hisH	0.1081
hisF	0.1243
yvcA	0.6948
yvzA	0.7009
yvcD	0.9025
trxB	1.03
opuCD	1.42
yvaZ	1.44
yvaX	3.0
yvaV	1.49
opuBC	1.95
yvaQ	1.93
nagB	0.957
yvoB	0.9826
yvpB	0.828
hisG	0.2803
hisB	0.1981
pgm	0.9629
yvbK	1.1
yvbI	1.43
yvbG	1.25
opuCA	1.25
opuCC	0.9964
hisA	0.1297
hisI	0.1302
yvcB	0.9689
yvcC	1.36
yvcE	1.82
yvcI	1.0
yvbA	1.93
yvaY	2.38
yvaW	3.47
opuBB	1.89
opuBD	1.4
yvaP	1.88
fbaA	2.05
murZ	1.86
rpmE	1.98
ywkB	2.14
ywkD	1.95
ywkE	2.75
ywrE	1.22
cotG	1.64
cotB	1.35
ywrK	0.7976
alsS	0.9865
ywrO	0.8141
ywlA	1.74
ywlB	1.58
ywlE	1.58
ywlG	1.39
upp	1.55
atpB	1.16
ywsB	2.95
rbsC	1.26
rbsD	1.27
rbsR	1.2
ywtA	1.5
ywtC	1.09
ywjH	1.38
ywjI	1.4
ywkA	2.41
ywkC	1.72
prfA	1.89
ywkF	2.68
ywrF	1.6
cotH	1.53
ywrJ	1.53
alsR	1.47
alsD	1.4
ywsA	1.73
spoIIR	2.02
ywlD	1.66
ywlF	1.5
glyA	1.5
atpI	1.5
atpE	1.07
rbsB	1.3
rbsA	1.36
rbsK	1.33
ywsC	1.56
ywtB	1.97
ywtD	3.27
deaD	0.8531
yxiP	1.12
bglS	1.44
katB	3.2
yxiT	1.64
yxjB	1.34
ywcF	2.73
ywcH	1.83
ywcI	1.2
ywcJ	1.28
sacA	1.14
thiD	0.9342
yxjD	0.8436
yxjF	0.6475
yxjH	0.218
yxjJ	0.6698
yxjL	1.17
yxjN	1.09
ywdD	1.16
ywdF	1.01
ywdH	1.16
ywdJ	0.9085
ywdL	1.14
spsB	1.49
yxiO	0.8791
licT	0.9118
yxiQ	1.42
yxiS	1.4
yxjA	1.26
yxjC	1.07
ywcG	2.13
vpr	1.35
sacT	1.25
sacP	1.53
ywdA	1.41
ywdC	1.21
yxjE	0.8536
yxjG	0.1936
yxjI	0.5604
pepT	1.91
yxjM	1.16
yxjO	1.03
ywdE	1.15
ung	0.9361
ywdI	1.39
ywdK	1.2
spsA	1.29
spsC	1.31
rnpA	2.06
jag	2.14
gidB	2.39
yydK	0.8953
bglA	0.8268
ahpC	0.6819
gntP	0.6772
gntR	0.8116
yxaB	0.792
yyaB	1.69
spo0J	0.9981
yyaD	1.2
yyaF	0.6417
ssb	1.02
exoA	1.17
yxaD	0.8283
yxaF	0.872
yxaH	0.8829
yxaJ	0.9275
yxaM	0.7625
yxbB	0.6105
rpmH	2.57
spoIIIJ	2.06
thdF	2.06
yyaA	2.35
yyzE	1.11
ahpF	0.6715
gntZ	0.5773
gntK	0.9353
yxaA	1.17
yxaC	1.35
soj	1.27
yyaC	1.69
yyaE	1.34
rpsF	0.9908
rpsR	0.9
yyaG	1.41
yxnA	1.27
yxaG	0.9287
yxaI	0.3527
yxaL	0.7157
yxbA	0.7699
yxbC	1.19
gltA	0.4385
ppsE	1.78
ebrA	0.8605
ymfG	0.4045
bpr	1.7
cheV	2.29
rho	2.08
tagD	1.21
yvfE	0.5828
yvgP	1.24
yurC	0.965
aapA	1.13
spoIIS	0.5552
xtmB	1.15
yhjN	1.16
yhaA	0.6637
yheJ	0.8734
yfmB	0.7703
yqhQ	0.7546
yosN	0.5888
pnpA	0.2309
flhA	2.06
fliP	2.17
fruB	1.15
ppsC	1.03
yngB	0.702
pyrAB	0.259
polC	1.02
pycA	1.97
ptsH	1.43
tdk	3.35
yvfC	0.7269
yvfK	1.1
yusY	1.27
ysnF	1.83
lepA	1.84
xkdO	1.81
yirY	3.06
yhfQ	0.6875
yhaQ	0.603
yfkL	1.33
yfnC	1.07
spoIIIAG	1.21
yojG	1.43
flhF	2.29
flhB	2.89
cheY	1.95
moaD	0.9975
hprT	2.68
yvoF	0.859
yvdS	0.9579
sacB	1.17
ffh	0.2799
ssuC	1.06
yvfP	0.7426
ctc	3.94
ppsB	0.5109
yvgR	0.484
ydjK	0.7684
spoIIE	0.632
ywbL	1.75
sigL	0.7386
yacA	3.12
yvdR	1.2
yveB	1.05
yqxK	1.01
yhaR	1.28
pnbA	0.7712
ytnM	1.04
prs	2.8
ykoW	0.8862
cotA	0.8853
ydjA	0.664
hutH	1.17
secA	1.35
ybaS	0.8914
ybaN	1.24
gerD	1.04
cwlD	1.01
ybaJ	0.544
rplM	0.171
gcaD	3.64
yabJ	1.92
yabH	2.97
veg	1.99
ksgA	1.58
ybaF	0.4018
ybxA	0.3379
rpoA	1.33
rpsM	1.07
infA	0.7521
adk	0.5923
abrB	0.8644
yazA	1.3
yabA	1.2
holB	1.37
yaaQ	1.47
ybaR	1.05
kbaA	1.18
ybaL	0.5579
ybaK	0.6287
rpsI	0.1558
truA	0.3764
spoVG	2.96
purR	2.22
sspF	1.84
yabG	2.63
yabF	2.71
ybaE	0.4315
rplQ	1.02
rpsK	0.7218
rpmJ	0.7241
map	0.6802
secY	0.6984
yabC	1.18
yabB	1.43
yaaT	1.45
yaaR	1.93
tmk	1.89
ycnG	1.14
yczG	0.5254
ycnD	0.7437
yclQ	0.1371
yclO	0.444
yclM	0.5558
rapJ	1.51
ycdC	2.13
natB	1.73
yccH	1.7
yccF	1.59
yczB	1.1
yclK	0.6362
yclI	0.8132
gerKB	0.6109
gerKA	0.9897
yclE	0.342
yclC	1.13
cwlJ	1.03
ycbO	1.29
ycbL	1.25
yczA	1.32
ycbH	1.12
ycbF	1.02
ycnF	0.9222
ycnE	0.942
ycnC	0.7678
yclP	0.3046
yclN	0.8563
rapC	0.4273
ycdD	2.42
ycdA	2.68
natA	1.65
yccG	1.81
lipA	1.4
phoD	1.17
yclJ	0.858
yclH	0.8644
gerKC	1.15
yczF	1.2
yclD	1.38
yclB	1.54
ycbP	1.1
ycbN	1.13
ycbK	1.28
ycbJ	1.13
ycbG	1.31
ycbE	0.9935
ydiF	1.71
ydiD	2.52
ydiB	2.82
ydhU	1.97
ydhS	1.84
ydhQ	1.77
yddF	0.8712
yddC	1.35
yddA	1.22
ydcS	1.14
ydcQ	1.16
ydcO	1.35
ydhO	1.49
ydhM	1.73
ydhK	3.61
ydhI	1.93
ydhG	1.74
ydhF	1.62
ydcN	1.02
ydcL	1.07
ydcH	0.7964
ydcF	1.17
sigB	1.84
rsbU	0.6269
ydiE	2.19
ydiC	2.78
ydiA	3.02
ydhT	1.76
ydhR	1.5
ydhP	1.58
yddD	1.34
yddB	1.1
ydcT	1.12
ydcR	1.06
ydcP	1.42
sacV	1.47
ydhN	1.49
ydhJ	2.62
ydhH	1.94
phoB	1.73
ydhE	1.71
ydcM	1.33
ydcK	0.0
ydcG	0.8888
rsbX	1.63
rsbW	1.67
rsbT	0.88
yfjF	1.39
acoR	1.2
acoC	1.06
acoA	1.21
yfjM	1.27
yfjO	1.73
yesT	0.8943
yesR	0.4219
yesP	1.03
yesM	0.9523
yesK	0.5771
cotJB	1.03
yfjQ	1.21
yfjS	1.18
yfkA	1.04
yfkC	1.26
yfkE	1.21
yfkJ	1.19
yesF	1.07
yeeK	0.8501
rapH	0.9679
yezA	0.6406
yeeC	0.6215
yeeA	1.07
yfjU	1.11
acoL	1.06
acoB	1.21
yfjL	0.9905
yfjN	1.19
yfjP	1.12
yesS	0.5839
yesQ	1.21
yesO	1.06
yesL	1.04
yesJ	0.4818
cotJA	1.25
yfjR	1.33
yfjT	1.1
yfkB	1.16
yfkD	1.42
yfkH	1.62
yfkK	1.19
yesE	1.06
yeeI	0.0
yeeG	0.979
yeeD	0.8622
yeeB	0.9443
yefC	1.14
yhfD	1.08
yhfB	0.61
yhgD	0.8367
hemH	0.4666
pbpF	1.22
yhgB	1.17
yhcN	0.9837
yhcL	0.9156
yhcJ	0.4424
yhcI	0.5001
yhcG	0.6262
yhcE	0.7334
ecsC	0.7381
ecsA	0.7392
serC	0.401
yhaH	0.6421
yhaI	0.8069
yhaK	0.6701
yhcB	0.5072
yhbJ	0.4244
yhbH	0.8423
yhbF	0.4237
yhbD	0.8664
yhbA	1.03
yhfC	0.9174
yhgE	1.07
hemY	0.7903
hemE	0.6385
yhgC	1.42
yhfA	1.43
yhcM	0.4366
yhcK	0.6883
cspB	0.1274
yhcH	0.6464
yhcF	0.7587
yhcC	0.5055
ecsB	0.8116
hit	0.7132
yhaG	0.5792
hpr	0.4322
yhaJ	0.8179
prsA	0.3662
yhcA	0.6903
yhbI	0.6512
prkA	1.11
yhbE	0.8834
cspR	0.6229
yhzB	0.9708
yjkA	0.9308
yjiC	0.7997
yjiA	0.4518
yjhA	0.2179
yjgB	1.15
yjfC	0.7308
carA	0.09073
argB	0.1517
argC	0.1494
yitY	0.4209
yitW	0.7001
yitU	0.7364
yjfA	0.9349
cotT	0.7981
yjdJ	0.6694
yjdG	0.531
yjdE	0.6256
yjdC	0.841
yitT	0.974
nprB	0.7576
yitQ	0.6231
yitO	0.9914
yitM	1.21
yitK	0.4524
yjjA	0.493
yjiB	0.8285
yjhB	0.6696
yjgD	0.8885
yjgA	1.03
yjfB	1.99
argD	0.1764
argJ	0.1357
yitZ	0.6625
yitX	0.703
yitV	0.7067
ipi	1.08
yjeA	0.3431
yjdK	0.7936
yjdI	0.6876
yjdF	0.526
yjdD	1.16
yjdB	1.09
yitS	0.5162
yitR	0.8454
yitP	0.9262
yitN	0.9132
yitL	0.4734
yitJ	0.3889
yknV	1.86
moaE	1.5
moeA	1.02
mobA	1.58
ykuV	2.06
ykuT	1.38
ykoE	0.1574
ykoC	0.1649
ispA	0.6186
yknA	0.6283
ykmA	0.6245
proA	0.4242
ykuR	0.6356
ykuP	0.7665
ykuN	1.07
ykuL	1.09
ykuK	0.7312
ykuI	1.23
ykkE	0.4454
ykkC	0.7659
ykkA	0.8133
ykzH	0.9333
ykhA	0.5268
ykgB	0.6427
yknU	0.0
mobB	1.56
moeB	1.38
ykuW	1.16
ykuU	2.22
ykuS	0.7993
ykoD	0.1835
ispU	0.5829
metC	0.2715
ykzA	3.29
yklA	0.907
proB	0.6194
ykuQ	1.02
ykuO	1.02
ykuM	1.27
ykzF	0.8996
ykuJ	1.28
ykuH	1.79
ykkD	1.01
ykkB	0.8135
ykjA	0.8669
hmp	0.8831
ykgA	0.8933
ykfD	0.9148
fliR	2.17
fliZ	2.03
fliM	2.02
flgE	2.26
fliK	2.52
fliJ	2.12
ylmA	0.6015
sigE	1.01
ftsZ	0.9738
sbp	1.54
ylxW	2.09
murB	2.25
fliH	1.77
fliF	1.74
flgC	1.49
codY	0.6418
clpQ	0.721
gid	0.8336
spoVE	1.78
mraY	1.75
pbpB	2.5
ylxA	1.02
yllA	2.02
ylbP	1.76
fliQ	1.92
fliY	2.07
fliL	2.36
ylxG	2.15
ylxF	2.15
fliI	0.9154
sigG	0.9473
spoIIGA	1.19
ftsA	1.22
ylxX	1.97
divIB	2.14
murG	2.61
fliG	2.04
fliE	2.28
flgB	1.92
clpY	0.8808
codV	0.9418
topA	1.07
murE	2.08
ftsL	1.33
yllB	1.08
ylbQ	2.09
ylbO	2.94
yoxD	1.36
proH	1.52
gltC	0.5405
yogA	0.6065
ggt	0.9395
yoeC	0.6858
glnR	0.2728
ynbA	0.407
cwlC	0.4763
nrdF	0.1319
ymaA	0.2605
ymzC	0.655
yoeA	0.5858
pbp	0.7118
yngK	1.35
yngJ	1.03
yngH	0.7725
yngF	0.9409
miaA	0.3619
ymaG	0.7887
ymaD	0.6819
aprX	0.9143
ymzB	0.8889
pksN	1.59
rtp	0.9211
proJ	1.24
gltB	0.2368
yofA	0.5892
yoeD	0.5964
yoeB	0.0599
ynbB	0.4847
spoVK	0.7318
ymaB	0.3097
nrdE	0.5752
ymzA	0.5991
ymaH	0.7369
yoxA	0.703
yngL	1.31
ynzE	1.27
yngI	1.47
yngG	1.07
yngE	1.16
ymaF	0.9004
ebrB	0.9199
ymaC	0.8513
ymaE	0.8408
pksS	1.02
pksJ	0.8008
yoqR	1.39
yoqT	1.27
yoqV	1.86
yoqY	1.31
yorA	1.3
yorC	1.86
yojC	1.27
yojF	1.2
yojI	0.9932
yojK	1.43
yojM	2.13
yojO	1.08
yorE	0.8081
yorG	1.05
yorI	0.9383
yorK	1.06
yorN	0.817
yorP	0.7909
yocS	0.4334
sodF	1.05
dhaS	1.02
yozO	0.2089
yozN	0.5261
yocL	0.6184
yoqS	1.18
yoqU	1.47
yoqW	0.0
yoqZ	1.5
yorB	1.89
yorD	1.53
yojE	1.6
yojH	1.06
yojJ	1.64
yojL	5.43
yojN	1.45
odhB	1.33
yorF	1.11
yorH	1.18
yorJ	1.39
yorM	1.1
yorO	0.9456
yorQ	1.01
yocR	1.11
sqhC	0.9737
yozC	0.5601
yocN	0.6998
yocM	0.5685
yocK	0.7632
qcrC	0.9238
ypjB	0.8639
ypjD	0.5876
ypjF	0.561
ypjH	0.398
birA	0.3131
yolC	1.06
uvrX	1.16
sunA	1.26
yolI	0.0
yolK	0.34
yomB	0.7038
panC	0.1636
ypmB	0.2064
asnS	0.3881
nth	0.5286
yppB	0.5378
yomD	1.03
yomF	1.03
yomH	1.22
yomK	2.86
yozP	1.25
yomN	1.43
ypjA	0.827
ypjC	0.6612
dapB	0.4627
ypjG	0.422
papS	0.3488
panB	0.2206
yolD	1.17
yolF	3.36
sunT	1.17
yolJ	0.3777
yomA	0.8878
yomC	1.06
panD	0.2638
ypmA	0.7854
aspB	0.3811
dnaD	0.6676
ypoC	0.739
yppC	0.9479
yomE	1.36
yomG	1.15
yomJ	1.87
yomL	1.57
yomM	1.39
yomO	1.5
yqhL	1.12
yqhN	0.9176
yqhP	0.8888
yqhS	1.27
efp	0.9423
spoIIIAA	0.9754
yqkL	1.07
drm	0.8784
dacF	1.04
spoIIAB	0.9284
spoVAA	1.01
spoVAC	0.9464
spoIIIAC	0.892
spoIIIAE	0.8598
spoIIIAH	0.8518
accC	0.3266
yqhZ	0.3649
yqiB	0.6878
spoVAE	0.65
lysA	0.2069
ppiB	0.5266
ypuB	0.8702
ypzC	0.8347
ypuD	0.5391
yqhM	0.7186
yqhO	1.06
yqhR	1.09
yqhT	0.9599
yqhV	1.04
spoIIIAB	1.05
ripX	0.6665
pnp	0.9733
spoIIAA	1.13
sigF	1.15
spoVAB	1.19
spoVAD	1.35
spoIIIAD	1.06
spoIIIAF	0.965
accB	0.5752
yqhY	0.4467
folD	0.6375
yqiC	0.775
spoVAF	0.8602
ypuA	2.33
ypzD	1.06
ypuC	0.7928
sipS	0.9441
ypuE	0.6973
yrkB	1.17
yrkD	0.8185
yrkF	1.24
yrkH	1.12
yrkJ	0.9628
yrkL	1.04
yqeN	1.3
gpr	1.43
yqxA	1.33
dnaK	0.7338
yqeT	0.8436
yrkN	1.01
yrkP	1.18
yrkR	1.02
spoIIIC	1.03
yqaC	1.19
yqaF	1.11
yqeV	0.9975
rpsU	1.21
yqeZ	0.5347
yqfB	0.7212
yqfD	1.06
yqfF	0.8326
yrkC	1.1
yrkE	1.2
yrkG	1.15
yrkI	1.07
yrkK	0.9287
yrkM	2.38
rpsT	1.9
spoIIP	1.21
hemN	1.91
grpE	1.28
dnaJ	0.9796
yqeU	1.1
yrkO	1.11
yrkQ	1.47
yrkS	1.39
yqaB	1.39
yqaE	1.16
yqdA	1.16
yqeW	1.39
yqeY	1.38
yqfA	0.7467
yqfC	1.17
phoH	0.9205
yqfG	0.7901
yshE	1.25
ysiA	1.08
etfB	1.01
xsa	1.16
uvrC	1.17
lysC	0.5021
relA	0.2317
yrvJ	0.4113
hisS	0.169
yrvM	0.3495
yrzC	1.17
yrvP	0.969
sdhC	0.8204
sdhB	0.626
gerE	0.8669
racE	0.8063
rph	1.12
ysnB	1.02
yrrB	1.28
yrrD	0.834
glnM	0.8533
glnQ	0.5168
yrzB	0.249
lcfA	1.1
ysiB	1.02
etfA	1.17
trxA	2.1
ask	0.5472
yslB	1.17
yrvI	0.2401
yrzK	0.483
aspS	0.2061
yrvN	0.7336
yrvO	1.07
yrrA	1.08
sdhA	0.8916
ysmA	0.9996
ysmB	1.21
gerM	0.972
ysnA	1.41
ysnE	0.9068
yrrC	1.14
glnP	1.49
glnH	0.7908
yrrI	0.8056
yrrK	0.2668
yrrL	0.0
ytkC	2.0
ytlC	1.34
ytlA	1.1
ytmB	0.6722
metK	0.3459
ytnA	0.7685
ytsP	1.08
ytwP	0.9398
nifZ	1.77
sspA	1.53
ytcJ	0.8345
yteI	0.382
ytpA	0.5162
ytqA	0.6201
ytrA	0.6022
ytrC	0.562
ytrE	0.417
ytsA	0.639
ytfI	0.9132
ytxK	1.44
moaB	1.02
argH	0.1559
ytkK	1.06
ytlI	1.09
ytlD	1.23
ytlB	1.04
ytmA	0.9195
pckA	0.6904
asnB	0.6837
ytoA	0.9192
ytvP	1.08
braB	1.35
ytbJ	1.88
ytcI	1.03
ytdI	1.14
yteJ	0.4786
ytqB	0.8773
ytzC	1.06
ytrB	0.9576
ytrD	0.6077
ytrF	0.4932
ytsB	0.8362
ytgI	1.58
ackA	1.54
argG	0.1895
ytzD	0.2218
ytkL	1.31
ytmI	0.994
yurW	2.07
yurU	2.25
yurS	1.54
yurQ	0.6624
yurO	0.4656
yurM	0.8276
yufB	1.17
yufD	1.13
yufU	1.14
yufS	1.27
yufQ	0.7525
yufO	1.12
yurK	0.5696
yurI	0.8924
yurF	0.9278
yurD	0.8912
yunM	0.992
yunK	0.9985
yufM	1.18
yuxK	1.05
yuxJ	1.49
kapB	1.02
patB	1.12
yugF	1.25
yurV	1.71
yurT	1.12
yurR	0.9246
yurP	1.15
yurN	0.7406
yurL	0.7532
yufC	1.18
yufV	1.17
yufT	1.08
yufR	1.29
yufP	0.9041
yufN	0.8663
yurJ	0.7848
yurH	0.6787
yurE	1.19
yurB	1.01
yunL	1.02
yunJ	1.12
yufL	1.59
pbpD	1.57
kapD	1.52
kinB	1.32
yugE	1.5
yugG	1.23
yvcJ	1.02
yvcL	0.9814
yvcN	1.18
yvcQ	1.0
yvcS	1.01
yvdA	1.24
yvaO	1.76
yvzC	1.66
yvaL	1.93
yvaJ	0.993
yvaG	1.72
yvaE	1.7
yvdC	0.7364
yvdE	0.8271
yvdG	0.9483
yvdI	1.04
yvdK	0.9668
yvdM	0.942
yvaC	1.74
yvaA	5.05
yvgY	1.09
yvgW	1.6
yvgU	2.56
yvgS	1.3
yvcK	0.8801
crh	0.9059
yvcP	1.04
yvcR	0.9351
yvcT	1.37
yvdB	0.9544
yvaN	0.7738
yvaM	1.44
yvaK	3.25
yvaI	1.91
yvaF	1.85
yvaD	1.7
yvdD	0.5046
yvdF	1.01
yvdH	1.03
yvdJ	1.1
yvdL	1.25
clpP	0.8636
yvaB	1.32
yvgZ	1.45
yvgX	0.0
yvgV	1.69
yvgT	1.14
yvgQ	0.2843
atpF	1.26
atpA	1.23
atpD	1.05
ywmA	1.35
ywmB	0.6747
spoIID	1.11
ywtE	1.14
ywtG	1.71
gerBB	0.7296
pmi	1.29
tagC	1.42
tagA	1.15
ywmE	1.05
narA	0.5707
ywmF	1.01
ureA	0.8066
ureC	0.9118
ywnB	0.8497
tagF	1.19
ggaA	1.67
lytR	1.23
lytC	4.97
tuaB	1.7
tuaD	1.52
atpH	1.12
atpG	1.11
atpC	1.05
ywzB	0.9309
murA	0.4267
ywmC	1.0
ywtF	1.21
gerBC	1.58
gerBA	1.96
lytD	2.65
tagB	3.0
tagE	3.63
narQ	0.8866
rapB	0.6666
ywmG	1.95
ureB	0.9343
ywnA	0.8153
ywnC	0.5172
tagG	3.6
yvyH	2.12
lytB	6.7
tuaA	2.24
tuaC	2.07
tuaE	1.53
yxkA	0.8888
yxkC	0.3214
aldY	1.33
msmX	0.9543
yxzE	0.9379
yxkJ	0.9522
spsD	1.05
spsG	1.24
spsJ	1.26
yweA	1.02
rocA	0.7494
rocC	1.04
cydB	1.11
cydD	1.01
yxlA	1.37
yxlC	1.54
yxlE	1.57
yxlG	1.52
ywfB	1.1
ywfD	0.914
ywfF	0.9008
ywfH	1.14
pta	1.25
ywfL	1.38
galE	1.07
yxkD	0.9895
yxkF	0.9484
yxkH	1.48
yxkI	1.42
cydA	1.28
spsE	1.34
spsI	1.16
spsK	1.01
yweB	0.9434
rocB	1.08
ywfA	1.32
cydC	1.1
yxkO	1.56
sigY	1.56
yxlD	1.67
yxlF	1.17
yxlH	1.54
ywfC	1.2
ywfE	1.05
ywfG	1.19
ywfI	1.31
ywfK	1.44
ywfM	1.29
yyaH	1.27
yyaJ	1.63
yyaL	1.05
yyaN	1.38
tetL	1.17
yyaP	1.22
yxbD	1.01
yxbF	1.21
yxcA	0.9403
yxcC	1.74
yxcE	1.5
iolR	0.9659
yyaR	1.14
yyaT	1.15
yybB	1.01
yybD	1.41
yybF	1.41
yybI	1.67
iolB	1.06
iolD	0.9429
iolF	0.9957
iolH	0.8692
iolJ	1.07
yxdK	1.0
yyaI	1.2
yyaK	0.7009
yyaM	1.33
yyaO	1.16
tetB	1.05
yyaQ	1.18
aldX	1.13
yxbG	1.58
htpG	0.8737
yxcD	1.63
iolS	1.74
iolA	1.26
yyaS	1.39
yybA	1.28
yybC	1.23
yybE	0.4956
yybG	2.21
yybJ	2.72
iolC	1.03
iolE	1.09
iolG	1.16
iolI	0.9664
yxdJ	1.15
yxdL	1.04
yeeF	0.7999
purQ	0.07619
ydgJ	2.0
pbpC	0.3945
srfAC	2.46
ycgI	1.49
yknT	1.31
ptsI	1.77
ykvU	2.48
ykzE	0.7111
yjdH	0.676
yhdN	1.37
yczC	1.74
lmrA	2.09
ybgB	1.04
ybdD	0.6873
fus	1.27
yfiX	1.36
yfkF	1.09
treA	1.09
yflP	0.5677
yesY	1.11
yddN	1.05
yerP	0.9988
ydjD	0.6784
yddE	1.31
yclG	1.22
nasB	1.56
ycdB	2.74
patA	1.38
ykvW	1.2
ykrP	1.12
ykoY	0.6495
yhaP	0.6917
yhbB	1.1
yccC	1.24
ybgE	0.3605
ybgA	0.9061
rpmD	0.7086
rpoB	5.96
clpC	3.46
yfiB	1.35
yfkI	1.65
yflH	0.9349
yetM	1.06
cotJC	1.36
yddK	1.34
yabD	2.38
yurG	0.7948
ytqD	0.5533
acuB	0.7849
dnaE	1.22
levR	0.8222
yqzC	0.6446
yaaO	1.5
ypbG	0.9292
ypvA	0.6225
cgeB	1.06
yloB	0.7591
glcT	1.93
yjcD	0.5029
metS	1.79
ythC	0.9295
ytpB	0.8477
ytoI	0.8776
yrhJ	1.34
yqxH	1.0
bmrU	1.2
yaaN	1.01
qcrB	1.01
yosO	1.31
ylqF	1.57
spoVD	1.94
yjgC	1.16
yjaX	0.4779
rplO	0.8124
rplR	0.6933
rpsH	0.6748
rplE	0.8693
rplN	0.4444
rpmC	0.5913
xpaC	1.29
bofA	2.29
recR	1.81
dnaX	1.73
yaaI	1.8
rpsC	0.5893
rpsS	0.5572
rplW	0.4119
rplC	0.3091
ybaC	0.8364
rpsG	1.45
serS	0.8705
yaaD	1.25
guaB	1.46
gyrB	4.08
recF	4.15
rpsE	0.6454
rplF	0.6614
rpsN	0.5611
rplX	0.9874
rpsQ	0.3874
rplP	0.7688
csfB	2.46
yaaL	1.76
yaaK	1.61
yaaJ	1.74
yaaH	1.66
rplV	0.6807
rplB	0.4515
rplD	0.3989
rpsJ	0.3136
tufA	1.38
rpsL	1.89
yaaE	1.32
dacA	1.61
yaaC	2.05
yaaB	4.19
yaaA	6.14
yclA	1.54
yckJ	1.29
yczE	1.61
ycxD	2.12
ycxB	2.24
srfAD	1.9
ycbD	0.9007
ycbA	0.6865
ybgH	0.6132
ybgF	0.5666
ybfP	0.6845
ybfN	0.6587
yckH	1.73
yckF	1.65
nucA	1.63
yckE	1.5
yckC	1.61
yckA	1.66
ybfM	0.8414
ybfK	0.7069
purT	0.548
ybfH	0.8488
ybfF	0.9179
ybfB	0.5759
yckK	0.5508
yckI	0.7581
sfp	1.48
ycxC	1.35
ycxA	1.45
comS	2.03
ycbB	1.14
ybgJ	1.13
ybgG	1.02
ybfT	1.02
ybfO	1.03
psd	0.8263
yckG	2.44
tlpC	1.59
nin	1.92
yckD	2.21
yckB	2.25
yciC	1.9
pssA	0.8082
ybfJ	0.883
ybfI	0.8361
ybfG	1.23
ybfE	1.03
ybfA	0.836
ydhD	1.66
ydgK	2.18
ydgH	0.0
dinB	2.1
expZ	0.9771
ydgD	0.854
rsbS	0.6707
ydcE	0.3807
dal	0.4478
ydcB	0.5149
ydbS	0.4355
murF	0.5939
ydgB	1.38
ydfT	0.0
ydfR	1.18
ydfQ	1.18
ydfO	0.975
ydfM	1.13
ydbP	0.5842
ydbM	0.4547
ydbK	0.5638
ydbI	0.6152
ydbF	0.6087
ydbD	2.98
ydhC	2.19
ydgI	2.05
ydgG	1.37
ydgF	1.39
ydgE	2.88
ydgC	1.68
rsbR	0.9535
ydcD	0.4634
ydcC	0.7441
ydbT	0.6348
ydbR	0.2516
ddlA	0.3941
ydgA	1.36
ydfS	1.61
ydzH	1.39
ydfP	1.44
ydfN	1.32
ydfL	2.29
ydbN	0.5331
ydbL	0.664
ydbJ	0.6869
ydbG	0.7486
ydbE	0.825
ydbC	0.9895
yfkM	1.27
treR	1.03
yfkQ	0.0
yfkS	0.0
yflA	0.0
yflC	0.6467
yefB	0.0
yerQ	0.2999
yerN	0.2248
yerL	0.3577
sapB	0.5639
yerH	0.5286
yflE	2.0
yflG	0.4706
yflJ	0.9286
yflL	0.6862
yflN	0.0
citT	0.4678
yerF	0.3605
yerD	0.6625
yerA	0.5505
yezC	0.3442
purH	0.0687
purM	0.1006
yfkO	1.12
treP	1.17
yfkR	1.27
yfkT	1.83
yflB	1.56
yflD	0.0
yefA	0.9953
yerO	0.6398
yerM	0.3623
opuE	0.9952
yerI	0.5858
yflF	0.8475
yflI	0.9797
yflK	1.13
yflM	0.6849
citM	0.8156
citSc	0.0
yerE	0.5314
yerB	0.2233
yecA	0.4877
purD	0.07545
purN	0.1086
purF	0.09042
yhaL	0.9067
yhaN	0.81
yhaS	1.01
yhaU	0.0
yhaW	0.0
yhaY	0.5883
ygaO	0.0
ygaN	0.0
ygbA	0.8228
katA	0.661
ygaK	0.7781
ygaJ	0.819
yheA	0.5933
yheD	0.6865
sspB	1.34
yheG	0.6707
yheK	1.01
yheN	0.2495
ygaI	0.3344
ygaH	1.41
ygaF	1.15
ygaE	1.8
ygaC	2.11
sspE	1.95
yhaM	0.7257
yhaO	0.7195
yhaT	0.8935
yhaV	1.53
yhaX	0.8981
yhaZ	0.8924
yhzA	0.8454
ygcA	0.9209
ygaL	0.9395
senS	0.9074
thiA	0.2079
ygzA	1.01
yheB	0.9745
yheE	0.9854
yheF	1.13
yheI	0.9092
yheM	0.7458
yhdZ	1.04
ygxA	2.2
ygaG	1.26
gsaB	1.72
ygaD	2.8
ygaB	1.9
yfhR	1.52
yjdA	0.8886
yjcR	1.09
yjcP	0.9566
yjcN	0.3854
yjcL	0.4725
yjcJ	0.2753
yitI	0.6788
yitG	0.5921
yitE	1.06
yitC	0.6807
yitA	0.6743
yisX	0.6317
yjcH	0.628
yjcF	0.4253
yjcC	0.712
yjcA	0.8206
cotW	0.6435
cotY	0.6514
yisV	0.9707
yisT	0.9721
degA	0.8542
yisQ	1.15
yisO	1.13
yjcS	0.8347
yjcQ	1.61
yjcO	0.0
yjcM	0.6874
yjcK	0.6251
yjcI	0.2107
yitH	0.757
yitF	2.64
yitD	0.9494
yitB	0.884
yisY	0.8711
yisW	0.8567
yjcG	0.5389
yjcE	1.62
yjcB	0.9392
cotV	1.06
cotX	0.9319
cotZ	0.815
yisU	1.17
yisS	1.05
yisR	0.9828
yisP	1.01
yisN	1.24
yisL	1.02
ykuG	1.44
ykuE	1.5
ykuC	1.44
kinA	1.63
ykwD	1.3
ykwB	0.9547
ykfC	0.5527
ykfA	0.5015
dppD	0.4397
dppB	0.5511
ykeA	0.0
ykcC	0.7987
splA	1.17
ykvZ	2.11
ykvV	1.25
ykvS	3.27
ykvQ	1.51
ykvO	1.61
ykcA	0.5372
ykaA	0.4118
spoIISA	0.5129
xhlB	1.06
xkdY	1.04
xkdW	0.9201
ykuF	1.48
ykuD	1.81
ykyB	2.81
ykwC	1.0
splB	1.27
ykfB	0.6925
dppE	0.5354
dppC	0.0
dppA	0.4388
htrA	0.9401
ykcB	1.04
ptsG	0.6725
ykvY	0.0
ykvT	1.34
ykvR	1.8
ykvP	1.9
ykvN	2.28
ykbA	0.7781
ykaB	0.422
xlyA	1.37
xhlA	1.27
xkdX	1.35
xkdV	0.6033
smf	1.52
sucC	1.36
ylqG	1.57
rplS	1.54
ylqE	0.8507
ylqC	0.6708
rpmF	1.72
ylbM	1.46
ylbK	1.71
ylbI	1.62
ylbG	1.63
ylbE	1.39
ylxM	0.2165
ftsY	1.1
rncS	0.6044
fabG	0.4176
plsX	0.3891
ylpB	0.825
ylbC	1.87
ylbA	1.58
ctaF	0.9322
ctaD	1.1
ctaB	0.889
ylaO	2.26
sucD	0.8166
ylqH	2.34
rnh	1.88
trmD	1.07
ylqD	1.16
rpsP	0.5437
ylbN	1.51
ylbL	2.81
ylbJ	2.35
ylbH	1.73
ylbF	1.83
ylbD	1.73
ylqB	2.82
acpA	1.04
fabD	0.6457
ylpC	0.4959
ylpA	1.26
ylbB	1.78
ctaG	1.11
ctaE	1.18
ctaC	0.8854
ctaA	2.31
ylaN	1.82
yngD	0.8071
yngA	0.6936
ynfF	0.4942
bglC	0.7015
ynfC	0.4752
grlB	0.8366
pksI	0.6708
pksG	0.6163
pksE	0.5954
pksC	0.666
pksA	0.5551
mutL	0.5641
yneS	0.2907
yneQ	0.4715
tlp	0.0
citB	0.0
cotL	0.4215
yneK	0.2646
cotE	0.5542
ymcB	0.401
tdh	0.6136
ymdB	0.3429
pbpX	0.511
cinA	0.3259
yngC	0.3498
xynD	0.9094
ynfE	0.9452
alsT	0.3751
grlA	0.2304
yneT	0.5779
pksH	0.6416
pksF	0.7097
pksD	0.5767
pksB	0.8181
ymcC	0.8558
mutS	0.6019
yneR	0.4853
yneP	0.6056
yneN	0.4717
cotK	0.7868
cotM	0.8868
yneJ	0.5807
ymcA	0.7449
kbl	0.673
spoVS	0.7353
ymdA	0.215
recA	0.3928
pgsA	0.5097
yorR	0.0
yorT	1.12
yorV	0.0
yorX	0.0
yorZ	1.02
yosB	0.8582
yocJ	0.9251
yocH	0.6399
yocF	0.3812
yocD	0.5885
yocB	1.15
yocA	0.9161
yosD	1.15
yosF	0.8888
yosH	0.0
yosJ	0.6904
yosL	0.6149
yosP	0.1381
yobW	0.9492
yobU	0.7085
yobS	0.7783
yobQ	0.5012
yobO	0.7801
yobM	0.6272
yorS	1.38
mtbP	0.9709
yorW	0.8224
yorY	0.9339
yosA	1.14
yosC	1.28
yocI	0.7442
yocG	0.456
yocE	0.1292
yocC	0.0
yozB	0.2714
yozA	0.8154
yosE	1.17
yosG	1.26
yosI	0.0
yosK	0.0
yosM	0.7715
yosQ	0.0
yobV	0.0
yobT	0.5826
yobR	0.379
csaA	0.3855
yobN	0.9273
yobL	0.0
yppD	0.0
yppF	0.7483
ypqE	0.4826
yprB	0.5819
ypsA	0.6438
ypsC	0.8032
yomP	1.09
yomR	1.3
yomT	1.18
yomV	1.08
yomX	1.09
yomZ	1.17
kduD	0.7211
kdgR	0.5944
kdgA	0.0
ypwA	0.3729
pbuX	0.2271
ypbQ	0.6983
yonB	1.57
yonD	0.0
yonF	1.22
yonH	1.42
yonK	1.2
yonO	1.45
yppE	0.8957
yppG	0.7781
cotD	0.608
ypsB	0.6961
yptA	0.9237
yomQ	1.37
yomS	1.34
yomU	1.62
yomW	1.32
yomY	1.32
yonA	1.55
kduI	0.8346
kdgK	0.723
kdgT	0.8005
xpt	0.4654
bcsA	0.9499
ypbS	0.4965
yonC	1.74
yonE	1.42
yonG	1.4
yonI	1.36
yonN	1.63
yonP	1.3
yqiD	1.07
yqxC	1.23
recN	1.47
spo0A	0.8899
yqiH	0.6515
yqiK	0.6399
ribG	0.4978
ribA	0.4577
ribT	0.6602
ypuG	0.6331
ypuI	0.6434
spmA	0.5839
mmgB	0.9424
mmgD	1.06
yqiQ	0.0
yqiR	0.6465
yqiT	2.14
yqiV	1.69
ypuL	0.3341
resB	0.396
resD	0.4419
sigX	0.5238
aroC	0.7792
ypzE	0.6928
yqiE	0.7469
ahrC	1.29
spoIVB	1.15
yqiG	0.837
yqiI	0.9751
ribB	0.358
ribH	0.4024
ypuF	0.6801
ypuH	0.8137
dacB	0.8154
spmB	0.9125
mmgC	1.14
mmgE	0.8614
yqzF	0.923
yqiS	4.2
yqiU	2.3
bfmBAA	1.67
resA	0.6807
resC	0.662
resE	0.6358
ypuN	0.6383
serA	0.2476
ypaA	0.7966
yqaG	0.0
yqaI	0.0
yqaK	0.0
yqaM	0.0
yqaO	0.0
yqaQ	0.0
dgkA	0.979
bex	0.7068
glyQ	0.86
yqzB	0.9256
yqxD	0.8927
sigA	0.814
yqaS	2.27
yqbA	2.11
yqbC	1.21
yqbE	1.29
yqbG	1.21
yqbI	1.22
yqfN	0.5388
yqfP	0.8265
yqfR	0.8543
yqfT	1.26
yqfV	2.9
yqfX	1.24
yqaH	0.8899
yqaJ	1.18
yqaL	1.45
yqaN	1.53
yqaP	3.63
yqaR	1.79
cdd	0.7603
yqxN	0.5469
glyS	0.613
yqfL	0.9176
dnaG	0.9057
cccA	0.5859
yqaT	0.0
yqbB	1.97
yqbD	1.67
yqbF	1.56
yqbH	1.38
yqbJ	1.24
yqfO	0.9067
yqfQ	1.13
yqfS	1.19
yqfU	2.66
yqfW	0.987
yqfZ	1.1
ysnD	0.1993
ilvN	0.117
leuA	0.2318
leuC	0.2279
ysoA	0.6172
clpX	1.53
yrrM	0.562
yrrO	0.3183
greA	0.2394
yrrS	0.3676
yrrT	0.447
yrhA	0.7691
ysxD	0.8778
hemX	0.7696
hemD	0.7332
hemL	0.8022
ysxE	0.92
yrhD	0.5358
yrhG	0.8138
yrhH	0.86
yrhK	1.1
yrhM	0.9021
yrhO	0.9371
ilvB	0.077
ilvC	0.2879
leuB	0.1566
leuD	0.2
tig	1.8
lonB	0.8183
yrrN	0.4705
udk	0.4024
yrrR	0.6839
yrzA	0.6008
yrrU	0.3814
yrhB	0.6512
ysxC	0.6499
hemA	0.8167
hemC	1.01
hemB	0.9449
spoVID	1.08
yrhF	0.6884
yrzI	0.9173
yrhI	0.0
yrhL	0.0
sigV	0.0
levD	0.0
ytsC	0.0
yttA	0.0
ytvA	0.0
leuS	0.6341
melA	0.0
amyD	0.0
ytmJ	0.0
ytmL	0.0
hisP	0.0
ytnJ	1.29
hipO	0.5553
ytqI	0.5141
msmR	0.3481
bioW	0.0821
bioF	0.1276
bioB	0.1094
ytbQ	0.3079
ytcQ	0.7776
ytsJ	0.5044
pfk	0.7235
ytwI	0.9946
citC	0.8342
phoP	1.04
yttB	0.6768
ytvB	0.8099
ytwF	1.29
amyC	0.9191
msmE	0.8458
ytmK	1.04
ytmM	1.59
ytnI	0.996
ribR	0.9659
ytpI	0.9461
ytrI	0.7817
ytaP	0.622
bioA	0.1733
bioD	0.1706
bioI	0.3705
ytcP	0.7016
ytdP	0.877
yttI	0.6367
ytvI	1.08
citZ	0.901
citH	0.905
phoR	0.9767
mutM	1.3
yunI	0.0
yunG	0.0
yunE	0.0
yunC	0.0
yunA	0.0
yutC	0.0
yugH	0.0
yuzA	0.0
yugK	3.67
yugM	0.0
yugO	0.0
yugS	1.17
yutE	0.2687
yutG	0.5329
hom	0.036
thrB	0.03285
yutI	0.5373
yutJ	0.6942
yugU	1.94
mcpB	2.73
mcpA	1.5
yuxG	1.31
yulC	1.22
yulE	1.29
yunH	0.9265
yunF	0.6615
yunD	0.6213
yunB	0.6368
yutB	0.3264
yutD	0.5095
yugI	1.46
yugJ	2.68
pgi	1.55
yugN	1.74
yugP	2.2
yugT	1.82
yutF	0.4248
yutH	0.4546
thrC	0.05306
yuxL	0.4615
yuzD	0.6026
yuzB	0.9212
tgl	1.54
tlpA	0.8889
tlpB	1.73
yulB	1.1
yulD	1.39
yulF	1.94
yvdO	0.0
yvdQ	0.0
yveA	0.0
racX	0.0
yveG	0.0
slr	0.0
yvgO	0.0
yvgM	0.0
yvgK	0.0
yvsG	0.0
fhuD	0.0
fhuG	0.9414
yveN	0.5037
yveP	0.496
yveR	0.3198
yveT	0.4228
yvfB	0.4797
yvfF	1.02
yvrP	1.05
yvrN	0.7232
yvrL	0.8554
yvrI	1.32
yvrG	1.03
yvrD	1.5
yvdP	1.01
yvdT	0.668
pbpE	0.946
yveF	1.2
padC	0.9609
yveL	0.4182
yvgN	2.82
yvgL	1.7
yvgJ	1.33
yvsH	1.07
fhuB	0.9785
fhuC	0.9406
yveO	0.3734
yveQ	0.5413
yveS	0.7301
yvfA	0.7941
yvfD	0.7674
yvfG	0.9197
yvrO	1.39
yvrM	0.8393
yvrK	1.24
yvrH	1.37
yvrE	1.64
yvrC	0.9161
mta	0.0
ywnF	0.0
spoIIQ	0.0
ywoA	0.0
nrgA	0.0
ywoC	0.0
tuaF	0.0
tuaH	1.76
yvhJ	1.66
degS	0.0
comFA	0.0
comFC	0.0
ywoE	1.63
ywoG	0.6909
usd	1.05
mbl	0.7204
flhP	0.8198
ywpB	0.8794
flgM	1.23
flgK	1.58
yviE	1.47
csrA	1.51
yvyC	0.8831
fliS	0.6413
ywnE	1.08
ywnH	0.7843
ywnJ	1.15
nrgB	0.9915
ywoB	1.11
ywoD	1.21
tuaG	1.41
tagO	0.6952
yvyE	1.76
yviA	1.35
comFB	1.8
yvyF	1.33
ywoF	0.9031
ywoH	1.15
spoIIID	1.13
flhO	0.9054
rapD	0.9961
ywpC	0.6799
yvyG	1.53
flgL	1.62
yviF	1.73
hag	1.49
fliD	0.7256
fliT	0.8009
katX	0.0
yxzF	0.0
licB	0.0
licA	0.9003
ywaA	0.8109
dltD	2.66
ywfN	1.62
ywfO	1.51
ywgB	0.9295
thrZ	0.8464
ywhB	0.9261
ywhD	0.604
dltB	0.0
ywaB	2.31
ywaD	3.53
ywaE	2.74
gspA	22.32
sacX	2.71
ywhF	1.17
ywhH	1.47
rapF	1.02
ywhL	1.57
ywhN	0.0
ywhP	1.23
yxlJ	1.61
licR	1.89
licC	1.67
licH	1.83
dltE	2.19
dltC	2.38
ywzC	1.95
ywgA	1.56
mmr	1.16
ywhA	0.4964
ywhC	0.8107
ywhE	1.14
dltA	2.0
ywaC	4.3
tyrZ	2.24
ywaF	2.41
sacY	3.16
epr	3.36
ywhG	1.26
phrF	1.49
ywhK	1.24
ywhM	1.41
ywhO	1.43
ywhQ	1.76
yybK	0.0
yybM	0.0
yybO	0.0
yybQ	0.0
cotF	0.0
yybT	0.0
yxdM	0.0
yxeB	0.0
yxeD	0.0
yxeG	0.0
yxeI	0.0
yxeK	0.0
yycA	0.0
yycC	2.55
yycD	3.37
yycE	1.63
yycF	2.97
yycH	2.88
yxeM	0.5637
yxeO	1.02
yxeQ	0.7324
yxxB	1.06
nupC	0.9047
hutM	1.25
yybL	1.25
yybN	1.21
yybP	3.39
yybR	3.42
yybS	4.0
rplI	3.11
yxeA	1.14
yxeC	0.962
yxeE	1.36
yxeH	1.38
yxeJ	1.27
yxeL	1.2
yycB	2.08
yyzB	1.9
dnaC	1.86
purA	1.08
yycG	2.41
yycI	2.58
yxeN	1.0
yxeP	0.9502
yxeR	0.9426
deoR	1.04
pdp	1.26
hutG	2.16
lysS	0.0
mfd	0.0
gyrA	0.0
lytA	0.0
yvlD	0.0
yukF	0.0
rsbV	1.97
ydbO	0.0
ycsG	0.0
phrC	0.998
lmrB	0.0
pcp	1.81
ytfJ	1.36
ytzA	0.8727
yraA	1.53
yqfY	0.7575
yonJ	0.0
yodB	0.7184
ycbM	1.54
ybfS	1.05
ybfQ	0.929
ybeC	0.6108
ybdG	0.9537
ybbA	1.81
ftsH	4.77
yabK	4.65
ywjF	2.06
ywlC	1.3
yveK	0.4561
glgP	1.53
ydcA	0.4841
ycnB	1.03
yceH	2.0
ycbU	1.38
ycbR	1.27
accA	0.6148
yrhP	1.0
yqbO	1.17
ypqA	0.9227
yosW	1.27
ppsD	1.45
ycbC	1.14
gltP	1.07
mpr	0.8423
ybdN	0.7793
ybdB	1.13
yabE	0.0
yaaG	0.0
yisD	0.0
yhjP	0.0
yhfR	0.6538
yheH	1.19
yfhQ	2.51
ydcI	3.54
dnaN	4.17
srfAB	2.77
opuAA	1.42
ybdO	0.5097
yabN	3.46
asnH	0.9089
ywbN	1.97
yaaF	1.73
addB	2.0
yhjB	1.3
yheC	1.07
yheL	1.09
yesN	1.54
yclF	1.06
dnaA	2.89
amhX	0.852
ycbT	1.54
feuC	1.48
gidA	2.73
yxnB	0.7384
spsF	0.0
