ybeF	0.8967
glpQ	1.05
ybdT	0.9836
ybxH	0.9842
ybdM	1.05
ybdK	0.9604
ybxF	1.24
rplJ	1.31
rplK	1.27
rpmG	1.21
yacP	1.01
rplL	0.8277
ybdE	1.58
ybcT	1.63
ybcQ	2.05
ybcO	1.53
ybcL	0.9104
ybcH	0.4927
cysE	1.33
yacN	0.9677
yacL	0.8769
sms	0.8973
yacH	0.9846
glpT	0.9122
ybyB	0.9622
ybxI	0.9737
csgA	0.8606
ybdL	0.9315
ybdJ	1.16
ybxB	1.31
rplA	1.19
nusG	1.22
sigH	1.34
yacO	1.09
ybdA	1.91
ybcS	1.75
ybcP	1.92
ybcM	1.29
ybcI	0.4341
ybcF	0.4713
gltX	1.23
yacM	0.7749
yacK	0.6934
yacI	0.7835
ctsR	0.6743
ydbB	1.27
ydbA	1.04
ydaS	0.9226
ydaQ	0.9584
mutT	1.54
ydaN	1.1
yciB	1.97
nasA	1.11
nasD	0.9282
nasF	0.9257
ycgS	0.9455
ycgQ	0.9067
ydaL	0.9158
ydaJ	0.8507
lrpC	0.7961
ydaH	0.8636
ydaF	0.9985
ydaD	0.8862
ycgO	0.9048
ycgM	0.8571
cah	1.01
ycgJ	0.8728
tmrB	0.9759
ycgH	0.0
gsiB	1.26
ydaT	0.8488
ydaR	0.8824
ydaP	1.02
ydaO	1.12
ydaM	1.16
yciA	1.82
nasC	0.9931
nasE	0.9361
ycgT	1.25
ycgR	1.01
ycgP	1.03
ydaK	1.03
ydzA	0.8907
ydaG	0.9828
ydaE	0.8261
ydaC	0.9743
ycgN	0.8536
ycgL	0.741
ycgK	0.8284
aroI	0.934
nadE	0.7142
ycgG	0.6937
purL	1.03
purC	1.16
purK	1.0
yebG	1.08
yebE	0.995
yebC	0.9817
ydfK	1.31
ydfJ	1.12
ydfH	1.19
ydfF	1.13
ydfD	1.13
ydfB	1.18
guaA	1.24
yeaD	0.97
yeaB	0.9319
yeaA	0.6638
ydjO	0.7202
ydjM	1.34
ydeT	0.9754
ydeR	0.9673
ydeP	1.01
ydzF	1.08
ydeM	1.07
ydeK	1.03
yexA	0.9597
purB	1.06
purE	0.8436
yebF	0.9922
yebD	0.9833
yebB	1.13
nap	1.17
ydfI	1.31
ydfG	1.06
ydfE	1.26
ydfC	1.34
ydfA	1.08
yebA	0.0
yeaC	0.9997
gabP	1.57
ydjP	0.6343
ydjN	1.24
ydjL	1.71
ydeS	0.0
ydeQ	0.7681
ydeO	0.9479
ydeN	0.8917
ydeL	0.6897
ydeJ	0.8679
yfhS	1.61
yfhO	1.36
yfhM	0.9783
yfhK	1.22
yfhI	1.03
yfhG	1.21
yflS	1.47
yflT	1.31
yfmC	1.32
yfmE	1.25
yfmG	2.01
yfmI	1.16
yfhE	1.06
yfhC	1.43
yfhA	1.01
yfiY	1.05
yfiV	0.9064
yfiT	0.8984
yfmK	1.03
yfmM	0.938
yfmO	0.8531
yfmQ	0.6643
yfmS	0.8095
yfnA	0.868
yfhP	1.09
csbB	1.1
yfhL	0.7939
yfhJ	1.21
yfhH	1.23
yfhF	1.52
pel	2.47
yfmA	1.25
yfmD	1.24
yfmF	1.29
yfmH	2.41
yfmJ	1.16
yfhD	1.23
yfhB	1.46
yfiZ	1.09
yfiW	1.06
yfiU	1.08
yfiS	1.06
yfmL	0.8974
yfmN	0.9123
yfmP	0.6281
yfmR	0.7088
yfmT	0.0
yfnD	0.7454
yisK	1.29
yisI	1.41
yisG	1.19
yisE	1.21
yisB	1.2
addA	1.02
yhdY	1.25
yhdW	1.06
yhdU	1.05
yhdS	0.9927
yhdQ	1.25
yhdO	0.9521
yhjQ	0.9476
yhjM	0.0
yhjK	1.22
yhjI	1.12
yhjG	0.8426
yhjE	0.0
yhdL	0.8706
yhdJ	1.02
yhdH	0.8349
yhdF	0.9436
citR	1.02
phoA	0.9903
yisJ	1.08
yisH	1.02
yisF	1.19
yisC	1.09
sbcD	1.08
yhjR	1.2
yhdX	1.44
yhdV	1.02
yhdT	1.19
yhdR	0.956
yhdP	1.07
yhdM	0.8925
yhjO	1.16
yhjL	1.29
yhjJ	1.02
yhjH	1.01
sipV	0.9147
yhjD	0.9589
yhdK	0.834
yhdI	0.7674
yhdG	0.0
citA	0.7869
lytE	0.6939
spoVR	0.7729
xkdU	1.11
xkdS	1.23
xkdQ	1.3
xkdN	1.14
xkdK	1.12
xkdI	0.9785
yjbX	0.846
yjbV	0.7727
yjbT	0.8402
yjbR	0.9208
tenA	0.9287
yjbP	0.9189
xkdG	0.9546
xkdE	1.05
xpf	0.9054
xkdD	0.7897
xkdB	0.8955
xkdA	0.911
yjbN	1.11
yjbL	1.29
yjbJ	0.8882
yjbH	1.02
yjbF	1.08
yjbE	1.05
xkdT	0.9837
xkdR	1.02
xkdP	0.9474
xkdM	0.8802
xkdJ	0.8254
xkdH	0.883
yjbW	0.6672
yjbU	0.9248
yjbS	1.08
tenI	0.9959
yjbQ	1.05
yjbO	0.9869
xkdF	0.0
xtmA	0.9709
xtrA	1.02
xkdC	0.9981
xre	1.15
yjqC	0.0
yjbM	1.19
yjbK	1.0
yjbI	0.0
yjbG	0.9268
mecA	1.08
yjbD	0.7802
ylaM	1.34
ylaK	1.29
ylaH	1.09
ylaF	1.74
ylaD	0.7157
ylaB	1.04
ykvM	0.8129
ykvK	0.7656
ykvI	1.09
motA	0.9841
ykvE	0.9409
eag	0.9759
nprE	1.04
ykzC	0.0
ykzI	0.8977
yktA	0.7419
slp	0.9584
pdhC	1.17
ykvA	0.9944
ykrY	1.58
ykrW	1.25
ykrU	1.39
ykrS	1.81
ykrQ	1.24
ylaL	1.2
ylaJ	1.07
ylaG	1.0
ylaE	1.26
ylaC	1.17
ylaA	1.08
ykvL	0.9221
ykvJ	0.8798
clpE	1.52
motB	1.08
ykvD	1.16
spo0E	1.2
yktD	0.8721
yktC	1.14
yktB	1.34
cad	1.16
pdhD	1.01
pdhB	1.18
ykrZ	1.33
ykrX	1.37
ykrV	1.52
ykrT	1.44
dat	0.9344
ykrM	0.7567
ymfM	1.04
ymfK	1.06
ymfI	1.05
ymfF	1.15
ymfD	0.8629
spoIIIE	0.8222
yloW	0.9219
yloU	0.8781
spoVM	0.9688
yloR	0.8574
ymfA	0.938
dapG	1.23
spoVFB	1.01
ymxH	0.8933
ylxY	0.9939
ribC	0.8219
fmt	0.9202
priA	1.0
yloH	1.27
yloC	1.05
ylnF	0.7422
ylnD	0.6924
ymfL	0.882
ymfJ	0.7589
ymfH	0.9659
ymfE	0.9035
ymfC	0.8811
ymfB	0.9312
yloV	1.03
rpmB	1.17
yloS	1.02
yloQ	1.03
yloO	1.12
yloM	1.08
dapA	1.15
asd	1.55
spoVFA	1.06
ymxG	0.9155
rpsO	1.26
truB	0.0
def	1.02
yloI	0.9204
yloD	0.9752
yloA	0.7657
ylnE	0.5106
ylnC	0.5256
yobK	1.42
yobI	1.52
yozL	1.26
yobH	1.41
rapK	1.86
yobF	1.19
yneI	1.28
ynzD	1.45
yneE	1.65
ynzC	1.11
yneA	1.04
yndN	0.9182
yozI	0.0
yobD	1.05
pps	0.9491
yobA	1.07
yoaZ	1.05
yoaV	1.0
yndL	1.01
yndJ	0.954
yndG	1.02
yndD	1.14
yndB	0.8182
ynzA	1.22
yobJ	0.8042
yozM	1.22
yozK	1.97
phrK	1.95
yozJ	1.0
yobE	1.03
ccdA	1.31
yneF	1.26
tkt	0.9651
yneB	1.08
lexA	0.7174
yndM	0.9082
yozH	1.01
xynA	0.6653
yobB	1.39
penP	1.75
yoaW	1.3
yoaU	1.28
yndK	0.975
yndH	1.07
yndE	0.8576
ynzB	0.8794
yndA	0.8557
cotC	0.0
yonR	0.7754
yonT	1.39
yonV	1.28
yopA	1.55
yopC	1.46
yopE	1.18
yosR	1.18
yosT	0.9874
yosV	1.05
yosZ	0.7375
yotB	0.8589
yotD	1.31
yopG	1.22
yopI	1.49
yopK	1.41
yopM	0.7017
yopO	0.6597
yopQ	0.9426
yotF	0.0
yotH	0.978
yotJ	0.9195
yotL	0.9001
yotN	0.9648
yodV	1.06
yonS	1.26
yonU	1.77
yonX	1.01
yopB	1.19
yopD	1.38
yopF	1.12
yosS	0.9502
yosU	1.03
yosX	1.02
sspC	1.06
yotC	1.26
yotE	1.25
yopH	1.43
yopJ	1.21
yopL	1.16
yopN	1.01
yopP	0.831
yopR	1.33
yotG	0.9261
yotI	1.11
yotK	0.0
yotM	1.03
yodU	0.8101
cgeA	0.0
fer	1.18
recQ	1.35
ypbE	1.47
ypbH	1.35
ypdA	1.48
sleB	1.23
ypcP	1.2
ypdP	1.27
ypeQ	1.13
degR	1.39
ypfP	1.14
bsaA	1.46
ypfA	1.08
cmk	1.05
ypgA	1.21
yphB	0.9745
gpsA	0.8451
yphF	1.05
ypgR	1.36
yphP	0.8875
ypjP	0.9872
thyB	0.8764
ypkP	0.0
yplP	0.4832
ypbB	1.11
ypbD	1.16
ypbF	1.27
ypcA	1.26
ypdC	1.01
ypeB	0.9383
ypdQ	1.01
ypeP	1.05
ypzA	0.8714
cspD	1.01
metB	1.34
ypgQ	1.55
ypfB	1.32
ypfD	1.45
yphA	1.13
yphC	1.07
yphE	1.13
spoIVA	1.01
ilvD	0.9345
ypiP	0.8855
ypjQ	0.9321
dfrA	0.8654
yplQ	0.4974
ilvA	0.6343
yqgA	1.46
yqgC	1.21
yqgE	1.14
yqgG	1.19
yqgI	1.2
yqgK	1.02
bfmBAB	0.5767
bmrR	0.9154
yqiW	0.8262
yqiY	1.11
yqjA	0.8723
yqjC	0.784
yqgL	1.02
yqgN	0.0
yqgP	0.9979
glcK	0.8838
yqgU	1.01
yqgW	1.08
yqjE	0.802
yqjG	0.8883
yqjI	1.23
yqjK	1.03
yqjM	0.0
yqjO	0.8973
yqgB	1.26
sodA	1.17
pbpA	1.05
yqgH	1.05
yqgJ	0.9198
yqzD	0.9823
bfmBB	0.5973
bmr	0.9329
yqiX	0.8432
yqiZ	1.05
yqjB	0.794
yqjD	0.759
yqgM	1.15
yqgO	1.11
yqgQ	0.9762
yqgT	1.05
yqgV	1.05
yqgX	1.05
yqjF	0.8618
yqjH	0.7942
yqjJ	1.49
yqjL	0.834
yqjN	0.9332
yqjP	0.7991
levE	1.32
levG	1.34
adhA	1.08
yraC	1.1
yraE	1.04
yraF	1.11
yqbK	1.29
yqbM	1.07
yqbN	1.08
yqbQ	1.0
yqbS	1.03
yqcA	0.8731
yraH	0.9647
yraJ	1.13
yraL	1.33
yraM	1.03
yraO	1.02
sigZ	0.9988
yqcD	1.01
yqxG	1.18
yqxI	1.68
yqcF	1.32
yqzI	1.29
rapE	1.45
levF	1.02
sacC	0.8338
yraB	0.8909
yraD	0.8561
adhB	1.02
yraG	0.9937
yqbL	1.17
yqdB	0.9741
yqbP	1.11
yqbR	1.06
yqbT	1.11
yqcB	1.17
yraI	1.25
yraK	1.1
csn	1.25
yraN	1.03
yrpG	0.949
yrpE	1.13
yqcE	1.1
cwlA	1.04
yqxJ	1.76
yqcG	1.53
phrE	1.51
yqcI	0.9646
ytaF	0.0
ytbE	1.25
ytcD	1.13
ytcF	0.7001
dnaB	1.06
ytxB	0.9417
folC	0.8311
spoIIB	2.31
ysxA	0.7887
mreC	1.08
minC	1.16
spoIVFA	0.9124
thrS	0.8462
lytS	0.8575
ysbA	0.0
yscB	0.7813
infC	1.07
rplT	1.08
rplU	0.7977
spo0B	0.7424
p`eB	0.775
pheB	0.7961
yrxA	0.9707
nadB	0.9289
nadA	0.9088
ytaG	0.9554
ytbD	0.9133
gapB	0.8809
ytcG	0.9528
dnaI	0.9367
ytxC	0.8831
comC	1.02
maf	0.8087
mreB	1.05
mreD	1.11
minD	1.07
spoIVFB	0.9523
ysaA	1.22
lytT	0.898
ysbB	0.9333
yscA	0.8938
rpmI	1.01
ysdA	0.8771
ysxB	0.8435
obg	0.6868
pheA	0.7972
nifS	1.22
nadC	0.7861
yrbA	0.755
yubA	1.53
yubC	1.13
yubE	1.22
yubG	1.17
yuaB	1.84
gbsA	1.02
yteP	0.965
yteR	0.871
yteT	0.9939
yteV	1.01
ytfP	0.941
ytzG	1.04
yuaD	0.8779
yuaG	0.4659
yuaJ	0.8502
glgD	1.6
ytaB	0.902
ytxN	0.9557
ytzE	0.9737
ythQ	0.7779
ytjP	1.16
ytlP	1.13
ytlR	0.9898
ytmP	0.9194
yubB	1.41
yubD	1.04
yubF	1.2
yuaA	0.9571
yuaC	1.01
gbsB	0.7732
yteQ	0.8919
yteS	0.848
yteU	0.9946
opuD	1.1
ytgP	1.14
ytzF	0.9619
yuaF	0.4269
yuaI	0.3701
glgB	0.7205
glgA	1.57
ytaA	1.13
cotS	0.9249
ythP	0.822
ytiP	0.7887
ytkP	0.873
ytlQ	1.01
amyX	0.9538
ytzH	0.796
yvrB	1.14
yvqK	0.9564
yvqI	1.23
yvqG	1.01
yvqE	1.06
gerAC	1.02
yutL	0.8638
paiA	0.8977
yumD	0.7863
yumC	0.9385
yuiA	0.6881
yuiC	0.61
gerAA	1.03
yuxN	0.9995
yvqA	0.8908
yvtB	0.8153
yusZ	1.08
yusW	0.8938
yuiE	1.14
yuiG	0.747
yuiI	0.9594
dhbC	0.9772
dhbB	0.9212
yukL	0.729
yvrA	0.8109
yvqJ	1.01
yvqH	1.03
yvqF	0.7933
yvqC	0.9801
gerAB	1.08
yutM	0.9874
paiB	0.8643
yuzG	0.8119
yumB	1.02
yuiB	0.7902
yuiD	0.9639
citG	1.33
yvqB	0.9553
yvtA	0.91
mrgA	1.22
yusX	0.0
yusV	0.0
yuiF	0.841
yuiH	0.9743
dhbA	0.8424
dhbE	0.6263
yukM	0.7144
yukJ	1.05
yvyD	1.11
cccB	0.9222
ftsX	1.05
yvzD	0.9788
yvkA	1.19
yvkC	0.8474
yvfH	1.17
lacR	0.9393
yvfM	1.05
yvfO	1.02
yvfS	1.11
yvfU	0.8498
uvrB	1.06
yvzB	1.09
yvlA	0.6082
yvlC	0.7512
yvmB	0.9164
cypX	0.9436
yvfW	1.23
yvbX	1.02
yvbV	0.9563
yvbT	0.83
araE	0.6605
gap	0.6032
yvjA	0.9637
ftsE	0.8815
yvjB	0.7189
yvjD	0.8781
yvkB	0.8732
csbA	0.911
yvfI	0.9028
yvfL	1.02
lacA	0.9941
yvfR	0.9653
yvfT	1.2
yvfV	1.49
uvrA	1.02
yvkN	0.8279
yvlB	0.5936
yvmA	0.9489
yvmC	0.9872
yvnA	1.02
yvbY	1.06
yvbW	0.9272
yvbU	0.6364
araR	0.8927
yvbQ	0.6027
pgk	0.5427
ywhR	1.4
sbo	1.43
argS	1.46
fnr	1.13
ywiD	1.08
narH	1.0
ywpD	1.27
ywpF	1.27
ywpH	1.19
ywqB	1.25
ywqD	1.14
ywqF	1.03
narI	0.9867
ywjA	1.32
ywjC	1.07
ywjE	1.23
rpoE	1.6
ywjG	0.9976
ywqH	1.72
ywqJ	1.9
ywqL	0.0
ywqN	1.08
ywrA	0.8525
ywrC	0.6561
ywiA	0.985
ywiB	1.11
narK	0.9146
ywiC	0.7888
narG	0.9014
narJ	0.8223
ywpE	0.8304
ywpG	1.0
ywpJ	1.04
ywqC	1.33
ywqE	1.19
ywqG	1.09
ywiE	1.08
ywjB	1.49
ywjD	0.9784
acdA	1.05
ctrA	1.64
spo0F	2.14
ywqI	1.77
ywqK	2.02
ywqM	0.9583
ywqO	1.12
ywrB	0.8025
ywrD	0.8338
hutI	1.3
hutP	1.63
yxiB	1.84
yxiD	1.74
yxxE	1.88
bglH	1.32
ywbA	1.22
ywbC	1.38
ywbE	1.83
ywbG	1.2
ywbI	1.21
thiC	1.14
yxxF	1.31
yxiF	1.21
yxiG	1.19
yxzG	0.9572
yxiJ	0.9359
yxiL	0.9378
ywbO	1.0
ywcB	1.15
ywcD	1.19
ywzA	1.07
qoxB	0.9884
qoxD	0.8474
hutU	0.959
yxiA	1.14
yxiC	1.26
yxxD	1.51
bglP	1.03
yxiE	1.12
ywbB	1.13
ywbD	1.09
ywbF	1.48
ywbH	1.67
thiK	1.34
ywbM	1.74
yxxG	0.9309
yxzC	1.22
yxiH	1.11
yxiI	0.9904
yxiK	1.06
yxiM	0.896
ywcA	1.1
ywcC	1.19
galT	0.8347
qoxA	1.01
qoxC	0.8574
ywcE	1.14
ytrP	0.9863
yprA	0.9474
yloN	0.9599
yerG	0.9401
wprA	1.04
yycJ	1.17
rocR	1.09
rocE	0.9187
phrG	1.55
yycN	1.06
yycP	1.02
topB	0.7758
polA	0.9978
mmgA	0.9804
ileS	0.9538
dinG	0.8559
carB	0.8559
yycR	1.01
yydA	0.9132
yydC	0.9627
fbp	1.28
yydG	1.69
yydI	1.45
ytsD	0.8522
yrvE	0.751
yloP	0.8353
ykuA	0.9989
ydhL	0.7974
valS	0.7659
yyxA	1.0
rocD	0.8282
rocF	0.9596
rapG	1.0
yycO	1.03
yycQ	1.02
smc	0.0
murD	0.0
lonA	0.8692
hrcA	0.0
cheA	0.0
alaS	0.8705
yycS	1.04
yydB	0.8839
yydD	1.06
yydF	1.9
yydH	1.33
yydJ	1.2
yveM	1.36
yutK	1.25
yueB	1.58
yufK	1.37
ytpQ	1.03
ytmO	1.06
yndF	1.08
pksL	1.06
mcpC	0.8494
yisZ	0.8235
ydbH	1.37
ybxG	0.9387
ysdB	0.9682
yrhE	0.9472
yqcC	0.9558
ponA	0.0
yomI	0.9101
cgeC	1.15
wapA	1.68
ppsA	0.9839
pksM	1.0
yetO	0.939
rpoC	1.07
dra	1.41
yvfQ	1.14
yukA	1.44
yuxO	0.9388
glgC	1.54
yttP	1.1
pykA	0.964
pksP	0.9209
pksK	0.9015
oppD	1.17
srfAA	1.37
yccK	1.2
secE	1.39
rpmA	0.8169
yrpC	0.9287
yqgS	0.9369
ypbR	1.06
yorL	1.15
odhA	1.85
dhbF	1.05
pksR	0.8949
yfkN	1.33
gutR	0.9041
yxeF	0.6303
galK	0.0
rbcL	0.7507
aceF	0.8376
kdtA	0.914
tufA_E	0.8596
yazC	1.28
yrhC	0.9321
yerC	0.8615
yshA	0.9123
yoqX	1.04
yacF	0.9796
yhcD	0.9202
yetG	0.8388
ywnG	0.9067
ywqA	1.16
degU	1.55
yvnB	0.0
cysS	1.22
yqjU	0.9256
ylaI	1.0
yuaE	1.03
yqaD	0.9057
yozD	0.9293
yazB	1.02
yfnB	1.04
ywmD	0.8881
glcR	0.9735
ggaB	1.18
prfB	0.8768
yvoD	0.9973
ybcD	0.5103
ndhF	0.3882
adaA	0.9022
ybbU	1.09
ybbT	1.15
ybbP	0.8588
folK	0.9374
sul	0.9534
pabA	0.9294
cysK	0.8076
yacC	0.8692
sigW	0.771
ybbJ	0.8167
ybbH	0.9567
ybbE	0.0
ybbC	0.8423
feuA	0.0
yabT	1.04
yabR	0.8512
yabQ	0.8497
yabO	0.8633
spoVT	0.8469
ybcC	0.3824
adaB	0.8764
alkA	0.7547
glmS	1.36
ybbR	1.1
ybbM	0.7357
folA	0.8724
pabC	0.863
pabB	0.8771
yacD	0.9112
yacB	0.8487
ybbK	0.849
ybbI	0.8113
ybbF	0.862
ybbD	0.9862
ybbB	0.8514
feuB	0.915
yabS	0.8382
divIC	0.9218
yabP	0.8792
yabM	0.8514
spoVC	1.15
ydaB	0.0
ycsN	1.08
yczI	1.13
ycsO	0.6583
ycsI	0.7043
ycsE	0.9412
ycgF	0.8771
mdr	0.7103
lctE	0.7945
ycgB	0.7702
opuAC	0.6713
yceK	0.8007
yczH	0.9031
ycsA	0.7619
mtlA	0.8607
ycnK	0.5641
ycnI	0.6222
ycxE	0.7491
yceI	0.5917
yceF	0.5888
yceD	0.0
yceB	0.8351
ycdI	0.0
ycdG	0.8615
ydaA	0.8243
yczJ	1.05
ycsK	0.744
ycsJ	0.6051
ycsF	0.6162
ycsD	0.8768
ycgE	0.775
lctP	0.7279
amyE	0.8052
ycgA	0.7896
opuAB	0.0
yceJ	0.7018
sipU	0.786
mtlD	0.7916
ycnL	0.8105
ycnJ	0.7114
gdh	0.5853
ycnH	0.9097
yceG	0.7573
yceE	0.5565
yceC	0.6022
yceA	1.26
ycdH	1.87
ycdF	0.9305
ydjJ	0.8073
ydjH	0.5021
ydjF	0.5199
gutB	1.01
ydjB	1.15
ydiR	1.44
ydeI	1.1
ydeG	0.9178
ydeE	1.02
ydeC	1.16
ydeB	0.8642
ydeA	0.9934
ydiP	0.9927
ydiN	1.32
groEL	1.43
ydiL	1.02
ydiJ	0.8583
ydiH	0.8706
yddS	0.873
yddQ	0.9069
lrpA	1.0
phrI	1.18
yddJ	1.07
yddH	0.9723
ydjI	0.3944
ydjG	0.4296
ydjE	0.877
ydjC	0.9042
ydiS	1.29
ydiQ	1.04
ydeH	1.27
ydeF	1.04
ydeD	0.836
ydzE	0.0
cspC	0.7656
yddT	1.04
ydiO	1.03
ydiM	1.19
groES	2.37
ydiK	1.15
ydiI	0.9161
ydiG	0.8967
yddR	1.07
lrpB	0.0
yddM	1.41
rapI	1.08
yddI	0.9663
yddG	1.02
yfiR	1.39
lipB	1.78
yfiN	0.956
yfiL	1.12
yfiJ	0.9633
yfiH	0.9838
yfnE	1.0
yfnG	0.9516
yfnI	0.8775
yetL	0.0
yetJ	0.9968
yezB	0.9199
yfiF	0.9907
yfiD	0.7066
glvC	0.9228
glvA	0.9671
yfjB	1.18
yfjD	0.0
yetH	0.0
lplD	0.8201
lplB	0.0
yetA	0.0
yesX	0.8674
yesV	0.9273
yfiQ	1.04
yfiO	0.9354
yfiM	0.8381
yfiK	0.8543
yfiI	1.03
yfiG	0.8605
yfnF	0.8513
yfnH	0.9452
yetN	0.944
yetK	0.8683
yezD	0.8073
yetI	0.8465
yfiE	0.8123
yfiC	1.02
yfiA	0.9508
yfjA	1.07
yfjC	1.43
yfjE	1.14
yetF	0.813
lplC	0.967
lplA	0.9672
yesZ	0.9889
yesW	0.9426
yesU	0.866
yhjC	1.39
yhxD	1.04
yhzC	1.24
yhfW	1.06
yhfU	1.1
yhfS	0.8854
ygxB	1.0
yhdD	1.06
yhdB	1.08
yhcZ	1.13
yhxB	1.08
glpK	1.38
yhfO	1.02
yhfN	0.7929
yhfL	0.8278
yhfJ	0.0
yhfH	0.567
yhfF	0.8864
glpP	0.9775
yhcX	0.0
yhcV	0.9855
yhcT	0.0
yhcR	1.1
yhcP	0.8761
yhjA	1.39
comK	0.8719
yhxC	0.9582
yhfV	0.8873
yhfT	1.02
yhfP	0.9245
yhdE	0.9922
yhdC	1.0
yhdA	1.18
yhcY	1.09
glpD	1.41
glpF	1.32
aprE	0.894
yhfM	0.8087
yhfK	0.9623
yhfI	0.8378
gltT	0.7309
yhfE	0.9626
yhxA	0.9791
yhcW	1.0
yhcU	1.12
yhcS	1.16
yhcQ	1.04
yhcO	1.06
yjqB	0.8999
xlyB	1.11
phrA	0.8658
yjoB	0.5351
yjnA	0.7923
yjmI	0.8596
yjbC	0.4805
oppF	1.16
oppB	1.12
trpS	0.8728
appC	1.44
appA	1.73
yjmG	0.8683
yjmE	0.897
yjmC	0.0
yjmA	0.0
yjlC	1.44
yjlA	0.8738
appD	1.36
yjaY	0.0
yjzA	0.8609
yjaV	0.9008
yjzD	1.18
argF	0.0
yjqA	0.6866
yjpA	0.9643
rapA	0.9048
yjoA	1.02
yjmJ	0.9077
yjmH	0.9029
yjbB	0.9432
oppC	1.16
oppA	1.39
yjbA	1.16
appB	0.0
appF	1.65
yjmF	0.8157
yjmD	0.7831
yjmB	0.8232
yjlD	0.9997
yjlB	0.852
yjkB	0.9489
yjaZ	1.12
yjzB	0.981
med	0.7949
yjaU	0.9121
yjzC	0.8797
pdhA	1.37
ykrB	1.27
ykzG	1.36
adeC	1.09
ykqA	1.14
abh	0.9881
ykrL	0.7159
sspD	1.02
ykoZ	0.9366
ykoV	0.9296
ykoT	0.8919
ykoQ	0.892
ykpC	0.7744
ykpB	0.6176
ykoA	0.851
fruA	0.6991
yknZ	0.6308
yknX	0.755
ykoN	0.8893
ykoL	0.8101
tnrA	0.8143
ykzD	0.715
ykoI	0.8673
ykoG	0.8414
ykyA	1.01
ykrA	1.24
ykqC	1.09
ykqB	1.25
kinC	1.16
mreBH	0.9367
ykrK	1.01
ykrI	1.07
ykoX	0.8767
ykoU	0.9493
ykoS	0.8946
ykoP	0.8473
ampS	0.9331
ykpA	0.877
sipT	1.02
fruR	0.8561
yknY	0.7221
yknW	0.7821
ykoM	1.06
ykzB	0.6895
ykoK	0.915
ykoJ	0.8964
ykoH	0.8803
ykoF	0.8938
rbfA	0.0
infB	0.0
ylxR	0.0
ylxS	1.16
yluC	0.8911
cdsA	0.9671
ylnB	0.7199
cysH	0.6522
pyrF	0.8307
pyrDII	0.0
pyrC	0.8613
pyrP	0.6964
frr	1.05
tsf	1.03
ylxL	0.9265
cheD	0.8447
cheW	0.7852
cheB	0.7984
ylyB	0.9429
ylyA	0.0
divIVA	0.9898
ylmG	0.0
ylmE	1.15
ylmC	0.8633
ylxP	0.915
ylxQ	0.9697
nusA	1.02
proS	0.8065
yluB	0.955
yluA	0.9372
ylnA	0.6417
pyrE	0.807
pyrD	0.7533
pyrAA	0.9326
pyrB	0.7379
pyrR	0.5677
smbA	0.917
rpsB	1.06
sigD	0.8485
cheC	0.9099
ylxH	0.7914
lsp	0.8733
ylmH	0.9991
ylmF	0.9443
ylmD	0.9295
ylmB	0.8816
yoaT	1.51
yoaS	1.43
yozF	1.04
yoaP	1.46
yoaN	1.26
pelB	1.36
yncM	3.21
ynzH	1.26
yncE	1.03
yncC	0.9841
xylB	0.9615
xylR	0.9118
yoaJ	0.9751
yoaH	0.8554
yoaF	1.01
yoaD	1.87
yoaB	1.4
yoxB	1.05
ynaJ	0.8302
ynaG	0.8987
ynaE	1.2
ynaC	1.17
ynzG	1.07
ynxB	0.9231
yozG	0.9877
yoaR	1.08
yoaQ	1.03
yoaO	0.9593
yoaM	1.12
yoaK	1.16
thyA	1.08
yncF	0.9791
yncD	0.8525
yncB	0.9866
xylA	0.9713
xynB	0.9357
yoaI	0.9865
yoaG	0.9122
yoaE	1.64
yoaC	1.65
yoaA	1.18
yoxC	1.03
ynaI	1.02
ynaF	1.08
ynaD	1.22
ynaB	1.19
ynzF	1.27
glnA	0.8809
yopS	1.32
yopU	1.66
yopW	1.05
yopY	0.8118
yoqA	0.8786
yoqC	0.9837
cgeD	0.9614
yodT	0.8923
yodR	1.01
yodP	0.9864
yozE	0.9315
yodM	0.8965
yoqE	0.851
yoqG	0.8763
yoqI	1.11
yoqK	0.5459
yoqM	0.8795
yoqO	0.0
deoD	0.8697
yodI	0.9571
ctpA	0.919
yodE	1.03
yodC	1.33
yojA	1.09
yopT	1.19
yopV	1.12
yopX	0.8352
yopZ	0.7967
yoqB	0.7692
yoqD	0.961
cgeE	0.7535
yodS	0.8532
argE	0.9564
yodO	1.03
yodN	1.03
yodL	1.18
yoqF	0.8219
yoqH	0.9623
yoqJ	0.9048
yoqL	0.909
yoqN	0.9771
yoqP	0.8613
yodJ	0.8836
yodH	1.38
yodF	1.69
yodD	1.15
yodA	1.15
yojB	0.8963
hbs	1.14
mtrB	1.15
gerCB	1.15
ndk	1.23
aroF	1.1
aroH	1.02
ypmP	0.994
ypmR	0.9741
ypmT	0.9364
ypoP	0.8733
yppQ	0.9998
yokA	1.44
trpD	0.7542
trpF	0.634
trpA	0.8432
tyrA	0.9527
ypiA	0.8201
ypiF	1.15
yokC	0.9349
yokE	0.0
yokG	1.45
yokI	0.8984
yokK	1.27
yolA	0.0
mtrA	0.9932
gerCA	1.12
gerCC	1.34
cheR	1.08
aroB	0.932
trpE	0.9746
ypmQ	0.9291
ypmS	0.9662
ypnP	0.9558
yppP	1.09
ypqP	1.16
yokB	0.7998
trpC	0.8135
trpB	0.64
hisC	0.8364
aroE	0.8627
ypiB	1.33
qcrA	0.9263
yokD	1.36
yokF	1.2
yokH	1.49
yokJ	1.17
yokL	1.1
yolB	0.8573
yqgY	1.84
yqhA	1.37
yqxL	1.46
comGB	1.35
comGD	1.23
comGF	1.21
yqjQ	0.9357
yqjS	1.02
yqjV	0.9697
yqjW	0.8745
yqjY	0.8151
yqkA	0.7896
yqzE	1.11
yqxM	1.32
cotN	1.3
sinI	1.28
yqhH	1.01
yqhJ	1.33
yqkC	0.7448
yqkE	0.8008
yqkG	1.02
ansA	1.0
yqkI	1.09
yqkK	0.9073
yqgZ	1.21
yqhB	1.03
comGA	1.18
comGC	1.21
comGE	1.15
comGG	1.4
yqjR	1.06
yqjT	0.9647
yqzH	0.9563
yqjX	0.8544
yqjZ	0.8567
yqkB	0.9814
yqzG	1.07
sipW	1.15
sinR	0.9879
yqhG	1.13
yqhI	1.45
yqhK	1.2
yqkD	1.05
yqkF	1.05
ansR	1.14
ansB	1.07
yqkJ	1.12
spoIIM	1.05
yrpD	2.19
aadK	1.57
yrdB	1.47
yrdD	1.22
yrdF	1.25
azlC	1.33
yqcJ	1.14
yqcL	1.3
spoIVCA	1.24
nucB	1.11
yqeC	1.18
yqeE	1.02
brnQ	1.17
gltR	0.8582
czcD	0.8759
yrdQ	0.8019
yrkA	0.798
blt	0.8615
yqeG	1.34
aroD	1.3
yqeJ	1.18
yqeL	0.9035
comER	1.02
comEB	0.9799
yrpB	1.07
yrdA	1.35
yrdC	1.25
cypA	1.12
azlB	1.16
azlD	1.04
yqcK	1.2
yqcM	1.0
spoIVCB	0.9284
yqeB	1.25
yqeD	0.9559
yqeF	1.19
yrdK	0.9101
yrdN	1.14
trkA	0.0
yrdR	0.8071
bltD	0.8951
bltR	0.8539
yqeH	1.27
yqeI	1.27
yqeK	1.07
yqeM	1.01
comEA	0.9231
comEC	0.9999
ysdC	1.65
araA	1.32
araD	1.24
araM	1.1
araP	1.09
abfA	1.15
yrbB	0.8152
yrbD	0.9993
yrzG	0.9136
yrbE	0.9405
bofC	0.948
ruvB	0.9492
ysfE	1.27
ysfC	1.06
ysfA	0.7812
pheS	1.02
ysgB	1.05
yshC	0.9434
tgt	0.8802
yrzE	0.9276
spoVB	0.9536
yrvB	0.8284
yrvC	0.9442
abnA	0.8939
araB	1.22
araL	0.9287
araN	0.9806
araQ	0.962
cstA	0.8151
yrbC	0.883
yrzH	1.03
yrzF	0.8266
csbX	0.893
ruvA	1.05
queA	0.9654
ysfD	1.0
ysfB	0.8938
ysgA	0.7549
pheT	0.8936
yshB	0.9852
yshD	0.8624
yrbF	0.9303
yrbG	1.0
yrzD	0.9212
secF	0.9908
yrvD	1.07
apt	0.9756
ytxO	1.38
ytcB	1.28
ytdA	1.37
menF	1.09
ytxM	0.9374
menE	0.9095
ytmQ	0.9083
malS	1.07
ytoP	1.12
ytpP	1.01
ytpS	0.9886
murC	0.8788
ytgA	0.6681
ytgC	0.8054
ythB	0.8884
ytiA	1.46
ytjA	0.9603
ytkA	0.9456
ytxH	1.34
aroA	0.9285
ytxD	0.9827
acuC	0.9034
acsA	1.02
rpsD	0.8561
ytcC	0.9224
ytcA	0.8689
yteA	0.9506
menD	0.9033
menB	0.8783
ytfD	0.936
ytnP	1.06
ytzB	1.27
ytoQ	1.24
ytpR	0.8747
ytpT	1.3
ytxG	1.32
ytgB	0.8457
ytgD	0.8847
ythA	0.9981
ytiB	1.19
ytjB	1.14
dps	1.26
ytxJ	1.39
ccpA	1.03
ytxE	1.13
acuA	1.18
tyrS	0.9564
yusU	1.68
yusS	1.43
yusQ	1.26
yusO	1.38
yusM	1.31
yusK	1.21
yuxI	1.54
yukE	1.88
yukC	1.71
yueC	1.15
yueE	0.9888
yuzE	0.9674
yusI	1.19
yusG	1.29
yusE	1.23
yusC	1.32
yusA	1.47
yurY	1.69
yueG	0.8334
yueI	0.8853
yueK	0.9554
yuzC	0.9269
comQ	1.12
comP	1.12
yusT	0.9688
yusR	1.04
yusP	1.06
yusN	1.05
yusL	0.8945
yusJ	1.15
ald	1.16
yukD	1.52
yukB	1.28
yueD	1.05
yuzF	1.04
yueF	1.01
yusH	1.28
yusF	1.09
yusD	1.45
yusB	1.3
yurZ	1.25
yurX	1.72
yueH	0.925
yueJ	0.9128
yuxH	0.731
degQ	0.0
comX	0.0
comA	1.21
yvoA	1.55
nagA	1.41
lgt	1.32
yvpA	1.18
hisZ	1.15
hisD	1.05
tpi	0.6819
eno	0.5815
yvbJ	0.9214
yvbH	0.8617
yvbF	0.8545
opuCB	0.9044
hisH	0.9067
hisF	0.7876
yvcA	1.21
yvzA	1.48
yvcD	1.01
trxB	1.01
opuCD	1.01
yvaZ	1.26
yvaX	2.96
yvaV	0.9177
opuBC	1.67
yvaQ	1.01
nagB	1.12
yvoB	1.07
yvpB	0.9468
hisG	0.915
hisB	0.893
pgm	0.7378
yvbK	0.8737
yvbI	0.9009
yvbG	0.8348
opuCA	1.06
opuCC	1.02
hisA	0.8772
hisI	0.8482
yvcB	1.2
yvcC	1.2
yvcE	1.74
yvcI	1.06
yvbA	1.36
yvaY	2.43
yvaW	2.5
opuBB	1.44
opuBD	0.0
yvaP	1.14
fbaA	1.72
murZ	1.33
rpmE	0.9756
ywkB	1.49
ywkD	1.27
ywkE	1.17
ywrE	0.9183
cotG	1.22
cotB	1.05
ywrK	0.7666
alsS	1.06
ywrO	0.9754
ywlA	1.03
ywlB	0.9237
ywlE	1.09
ywlG	1.3
upp	1.01
atpB	1.34
ywsB	1.06
rbsC	0.9929
rbsD	0.9455
rbsR	1.04
ywtA	1.05
ywtC	0.9183
ywjH	1.17
ywjI	1.18
ywkA	1.13
ywkC	1.56
prfA	1.06
ywkF	1.12
ywrF	1.1
cotH	1.1
ywrJ	0.9825
alsR	1.12
alsD	1.1
ywsA	0.9557
spoIIR	1.03
ywlD	1.07
ywlF	1.22
glyA	1.2
atpI	1.34
atpE	1.23
rbsB	0.997
rbsA	1.11
rbsK	1.0
ywsC	1.13
ywtB	1.15
ywtD	1.24
deaD	1.35
yxiP	1.44
bglS	1.45
katB	1.51
yxiT	1.35
yxjB	1.08
ywcF	1.13
ywcH	1.81
ywcI	3.72
ywcJ	1.32
sacA	1.04
thiD	0.8499
yxjD	1.0
yxjF	0.9464
yxjH	0.9951
yxjJ	0.8981
yxjL	0.9901
yxjN	0.926
ywdD	0.9925
ywdF	0.9269
ywdH	0.9596
ywdJ	1.1
ywdL	0.9926
spsB	1.06
yxiO	1.09
licT	1.02
yxiQ	1.02
yxiS	0.8756
yxjA	1.03
yxjC	1.06
ywcG	1.14
vpr	2.21
sacT	3.4
sacP	1.1
ywdA	1.13
ywdC	1.0
yxjE	0.9201
yxjG	0.8854
yxjI	0.7374
pepT	1.66
yxjM	0.9538
yxjO	0.9364
ywdE	0.9845
ung	0.9114
ywdI	1.07
ywdK	1.03
spsA	1.09
spsC	0.9301
rnpA	1.46
jag	1.64
gidB	1.32
yydK	1.24
bglA	1.29
ahpC	1.56
gntP	1.17
gntR	1.33
yxaB	1.08
yyaB	1.16
spo0J	1.28
yyaD	0.8795
yyaF	0.8301
ssb	1.03
exoA	0.8507
yxaD	0.9155
yxaF	0.952
yxaH	0.9862
yxaJ	1.18
yxaM	2.07
yxbB	2.26
rpmH	1.47
spoIIIJ	1.26
thdF	1.2
yyaA	1.26
yyzE	1.08
ahpF	1.29
gntZ	0.9505
gntK	1.33
yxaA	1.13
yxaC	1.05
soj	1.15
yyaC	1.01
yyaE	0.9322
rpsF	1.04
rpsR	0.9583
yyaG	1.02
yxnA	1.02
yxaG	1.05
yxaI	0.6704
yxaL	1.14
yxbA	2.83
yxbC	2.41
gltA	1.2
ppsE	1.27
ebrA	1.22
ymfG	1.23
bpr	1.34
cheV	1.07
rho	1.17
tagD	1.45
yvfE	0.8869
yvgP	0.7441
yurC	0.9982
aapA	1.12
spoIIS	0.9973
xtmB	0.9453
yhjN	1.08
yhaA	1.38
yheJ	0.929
yfmB	1.03
yqhQ	1.07
yosN	0.7974
pnpA	0.8652
flhA	0.8457
fliP	0.8456
fruB	0.9178
ppsC	0.9261
yngB	0.8085
pyrAB	0.9145
polC	1.01
pycA	1.63
ptsH	0.9062
tdk	0.9321
yvfC	0.9078
yvfK	1.05
yusY	1.0
ysnF	1.08
lepA	1.22
xkdO	1.12
yirY	1.12
yhfQ	1.03
yhaQ	0.8862
yfkL	0.9942
yfnC	0.9721
spoIIIAG	1.07
yojG	1.39
flhF	0.862
flhB	1.03
cheY	0.8473
moaD	0.9587
hprT	1.3
yvoF	1.09
yvdS	0.9933
sacB	0.9124
ffh	0.6455
ssuC	1.01
yvfP	1.03
ctc	1.3
ppsB	0.7342
yvgR	0.6105
ydjK	0.8562
spoIIE	1.1
ywbL	1.64
sigL	0.9508
yacA	1.18
yvdR	0.947
yveB	1.07
yqxK	0.9708
yhaR	1.05
pnbA	1.02
ytnM	0.9036
prs	1.31
ykoW	0.9481
cotA	1.02
ydjA	1.3
hutH	1.04
secA	1.18
ybaS	1.33
ybaN	1.04
gerD	1.02
cwlD	0.9234
ybaJ	1.15
rplM	1.18
gcaD	1.46
yabJ	1.25
yabH	1.08
veg	0.8055
ksgA	0.7735
ybaF	0.526
ybxA	0.5258
rpoA	0.8992
rpsM	0.972
infA	0.8125
adk	0.6663
abrB	0.3681
yazA	1.03
yabA	1.05
holB	1.15
yaaQ	1.0
ybaR	0.7558
kbaA	0.7931
ybaL	1.57
ybaK	0.6914
rpsI	0.864
truA	0.553
spoVG	1.78
purR	1.15
sspF	0.5079
yabG	0.9172
yabF	0.7645
ybaE	0.5684
rplQ	0.7867
rpsK	0.8349
rpmJ	0.8638
map	0.7665
secY	0.6863
yabC	0.974
yabB	1.02
yaaT	1.18
yaaR	1.23
tmk	1.1
ycnG	1.52
yczG	1.33
ycnD	0.9911
yclQ	1.24
yclO	0.9164
yclM	0.9845
rapJ	1.13
ycdC	1.24
natB	1.07
yccH	1.03
yccF	1.08
yczB	0.9689
yclK	0.8306
yclI	0.8016
gerKB	0.8353
gerKA	0.8583
yclE	0.7094
yclC	0.8091
cwlJ	0.8093
ycbO	0.9481
ycbL	0.8924
yczA	0.755
ycbH	0.8425
ycbF	0.7286
ycnF	0.9297
ycnE	0.8685
ycnC	0.8382
yclP	1.01
yclN	0.9943
rapC	1.6
ycdD	1.05
ycdA	1.77
natA	0.8846
yccG	1.0
lipA	1.84
phoD	0.765
yclJ	0.7858
yclH	0.7408
gerKC	0.8199
yczF	0.8143
yclD	0.8702
yclB	0.918
ycbP	0.7334
ycbN	0.835
ycbK	0.9233
ycbJ	0.9161
ycbG	0.9529
ycbE	0.9016
ydiF	1.7
ydiD	1.19
ydiB	1.08
ydhU	1.08
ydhS	1.18
ydhQ	1.23
yddF	0.0
yddC	1.06
yddA	0.9701
ydcS	1.22
ydcQ	1.23
ydcO	1.03
ydhO	1.07
ydhM	0.9955
ydhK	0.9809
ydhI	1.08
ydhG	1.08
ydhF	0.9846
ydcN	1.04
ydcL	1.52
ydcH	0.8667
ydcF	1.15
sigB	1.59
rsbU	1.61
ydiE	0.901
ydiC	0.7746
ydiA	0.9523
ydhT	0.933
ydhR	0.909
ydhP	0.9804
yddD	1.09
yddB	1.16
ydcT	0.9703
ydcR	0.901
ydcP	0.9017
sacV	0.904
ydhN	0.9306
ydhJ	1.03
ydhH	1.08
phoB	0.9887
ydhE	0.9683
ydcM	1.39
ydcK	0.0
ydcG	1.12
rsbX	1.59
rsbW	1.43
rsbT	1.49
yfjF	1.44
acoR	1.59
acoC	1.31
acoA	1.24
yfjM	1.11
yfjO	1.1
yesT	1.06
yesR	0.9798
yesP	1.07
yesM	0.9884
yesK	0.7219
cotJB	0.925
yfjQ	0.8752
yfjS	0.9145
yfkA	1.02
yfkC	1.05
yfkE	0.8344
yfkJ	0.8187
yesF	0.873
yeeK	0.9707
rapH	1.0
yezA	0.9518
yeeC	0.9019
yeeA	1.09
yfjU	1.13
acoL	0.8662
acoB	0.8902
yfjL	0.9363
yfjN	1.06
yfjP	0.9214
yesS	0.9029
yesQ	1.01
yesO	0.917
yesL	0.8752
yesJ	0.711
cotJA	0.8295
yfjR	0.9288
yfjT	1.01
yfkB	1.04
yfkD	0.8429
yfkH	1.02
yfkK	1.06
yesE	0.9014
yeeI	0.0
yeeG	1.21
yeeD	1.11
yeeB	0.9599
yefC	1.15
yhfD	1.91
yhfB	1.63
yhgD	1.39
hemH	1.06
pbpF	1.27
yhgB	1.11
yhcN	1.14
yhcL	0.8201
yhcJ	0.8362
yhcI	1.01
yhcG	1.16
yhcE	0.9361
ecsC	0.8807
ecsA	1.12
serC	1.41
yhaH	1.33
yhaI	0.8739
yhaK	0.8902
yhcB	0.7542
yhbJ	0.9079
yhbH	0.8905
yhbF	0.7568
yhbD	0.8935
yhbA	0.9329
yhfC	1.07
yhgE	0.7966
hemY	0.7885
hemE	0.7663
yhgC	1.28
yhfA	0.9431
yhcM	1.04
yhcK	0.8798
cspB	0.656
yhcH	1.06
yhcF	0.9464
yhcC	0.7225
ecsB	1.01
hit	0.9924
yhaG	1.13
hpr	0.9782
yhaJ	0.9185
prsA	0.9521
yhcA	0.7527
yhbI	1.05
prkA	1.01
yhbE	0.8319
cspR	0.9552
yhzB	1.02
yjkA	1.59
yjiC	1.51
yjiA	1.25
yjhA	0.9642
yjgB	1.09
yjfC	1.07
carA	1.19
argB	1.27
argC	1.58
yitY	1.28
yitW	1.12
yitU	1.18
yjfA	0.8414
cotT	0.7764
yjdJ	0.8283
yjdG	0.8809
yjdE	0.8788
yjdC	0.9512
yitT	1.21
nprB	0.9929
yitQ	1.27
yitO	1.1
yitM	1.51
yitK	1.24
yjjA	1.05
yjiB	0.8223
yjhB	0.8942
yjgD	0.792
yjgA	0.9326
yjfB	1.11
argD	1.16
argJ	1.32
yitZ	1.08
yitX	1.16
yitV	1.03
ipi	1.11
yjeA	0.7806
yjdK	0.7955
yjdI	0.7641
yjdF	0.682
yjdD	0.9414
yjdB	0.8954
yitS	1.17
yitR	1.18
yitP	1.13
yitN	1.19
yitL	1.34
yitJ	1.63
yknV	1.49
moaE	1.5
moeA	0.9567
mobA	1.23
ykuV	1.18
ykuT	1.05
ykoE	0.7358
ykoC	0.7844
ispA	1.0
yknA	1.02
ykmA	0.9453
proA	0.6524
ykuR	0.7359
ykuP	0.9069
ykuN	0.9224
ykuL	0.8989
ykuK	0.7892
ykuI	0.9203
ykkE	0.6672
ykkC	0.7593
ykkA	0.7949
ykzH	0.8324
ykhA	0.7449
ykgB	0.8808
yknU	1.03
mobB	0.9919
moeB	0.8607
ykuW	1.13
ykuU	1.07
ykuS	0.6831
ykoD	0.7712
ispU	1.19
metC	1.04
ykzA	0.9427
yklA	0.7093
proB	0.7305
ykuQ	0.6603
ykuO	0.9207
ykuM	0.973
ykzF	1.03
ykuJ	0.7582
ykuH	1.01
ykkD	0.8959
ykkB	0.821
ykjA	0.9129
hmp	0.8896
ykgA	0.9955
ykfD	1.42
fliR	0.0
fliZ	1.34
fliM	1.29
flgE	1.15
fliK	1.09
fliJ	1.27
ylmA	1.32
sigE	1.65
ftsZ	1.19
sbp	0.9627
ylxW	0.8595
murB	0.6676
fliH	1.02
fliF	1.16
flgC	1.0
codY	0.6627
clpQ	0.5559
gid	0.6697
spoVE	0.8483
mraY	1.06
pbpB	0.9778
ylxA	0.9004
yllA	1.17
ylbP	1.39
fliQ	0.8318
fliY	0.9067
fliL	0.9075
ylxG	0.859
ylxF	0.9666
fliI	1.23
sigG	1.08
spoIIGA	1.32
ftsA	1.15
ylxX	0.9053
divIB	0.8558
murG	0.8505
fliG	1.01
fliE	1.09
flgB	0.8806
clpY	0.6327
codV	0.7124
topA	0.9899
murE	1.27
ftsL	0.9701
yllB	0.9527
ylbQ	1.15
ylbO	0.9916
yoxD	1.16
proH	1.72
gltC	1.68
yogA	1.51
ggt	1.36
yoeC	1.13
glnR	0.8936
ynbA	1.08
cwlC	0.9411
nrdF	0.9601
ymaA	0.9618
ymzC	1.01
yoeA	1.3
pbp	1.21
yngK	1.13
yngJ	0.9542
yngH	0.9003
yngF	0.8721
miaA	1.07
ymaG	0.9601
ymaD	1.02
aprX	0.9125
ymzB	1.41
pksN	1.05
rtp	1.14
proJ	0.9685
gltB	0.8816
yofA	0.8043
yoeD	0.9629
yoeB	0.6274
ynbB	1.07
spoVK	0.9561
ymaB	0.7789
nrdE	0.9314
ymzA	1.21
ymaH	1.24
yoxA	1.19
yngL	0.9357
ynzE	0.9857
yngI	1.47
yngG	0.8321
yngE	0.9936
ymaF	1.05
ebrB	1.03
ymaC	1.1
ymaE	1.25
pksS	1.64
pksJ	0.952
yoqR	0.9799
yoqT	1.56
yoqV	1.84
yoqY	1.28
yorA	1.07
yorC	1.26
yojC	1.14
yojF	1.38
yojI	1.47
yojK	1.48
yojM	1.52
yojO	1.28
yorE	0.7526
yorG	0.6258
yorI	0.6966
yorK	0.829
yorN	0.731
yorP	0.7352
yocS	0.9528
sodF	1.04
dhaS	1.1
yozO	0.4203
yozN	0.5931
yocL	0.6105
yoqS	0.0
yoqU	0.0
yoqW	0.0
yoqZ	0.7971
yorB	1.36
yorD	1.51
yojE	1.11
yojH	1.48
yojJ	1.05
yojL	1.65
yojN	1.2
odhB	1.42
yorF	0.6791
yorH	0.7835
yorJ	0.7186
yorM	1.06
yorO	0.7281
yorQ	0.7206
yocR	1.03
sqhC	0.8526
yozC	0.7581
yocN	0.6801
yocM	0.558
yocK	0.5972
qcrC	1.3
ypjB	1.54
ypjD	1.34
ypjF	1.02
ypjH	0.8618
birA	0.6594
yolC	1.22
uvrX	1.25
sunA	0.8516
yolI	1.58
yolK	1.39
yomB	1.16
panC	0.6717
ypmB	0.6744
asnS	0.6596
nth	0.6416
yppB	0.921
yomD	0.9614
yomF	0.8824
yomH	0.9451
yomK	1.11
yozP	0.8501
yomN	0.7755
ypjA	0.7978
ypjC	0.8404
dapB	0.8696
ypjG	0.5946
papS	0.667
panB	0.8257
yolD	1.18
yolF	1.79
sunT	0.0
yolJ	1.52
yomA	1.05
yomC	0.8182
panD	0.707
ypmA	0.8499
aspB	0.6391
dnaD	0.7218
ypoC	0.741
yppC	1.11
yomE	0.7815
yomG	1.01
yomJ	0.9922
yomL	1.18
yomM	0.9392
yomO	1.02
yqhL	2.15
yqhN	2.03
yqhP	1.62
yqhS	1.93
efp	1.3
spoIIIAA	1.26
yqkL	1.12
drm	1.38
dacF	1.53
spoIIAB	2.69
spoVAA	1.11
spoVAC	1.05
spoIIIAC	0.9418
spoIIIAE	0.9635
spoIIIAH	1.02
accC	1.09
yqhZ	0.7956
yqiB	0.9731
spoVAE	0.9943
lysA	0.9814
ppiB	0.9782
ypuB	0.9103
ypzC	1.24
ypuD	0.8857
yqhM	1.3
yqhO	1.15
yqhR	1.06
yqhT	1.05
yqhV	1.13
spoIIIAB	0.9619
ripX	1.12
pnp	1.29
spoIIAA	2.39
sigF	2.53
spoVAB	0.9978
spoVAD	0.9887
spoIIIAD	0.9068
spoIIIAF	0.9748
accB	0.8715
yqhY	1.06
folD	0.8165
yqiC	0.853
spoVAF	0.9915
ypuA	0.8643
ypzD	0.951
ypuC	1.2
sipS	1.24
ypuE	1.39
yrkB	0.0
yrkD	1.71
yrkF	1.68
yrkH	1.45
yrkJ	1.27
yrkL	1.43
yqeN	1.06
gpr	1.05
yqxA	1.11
dnaK	1.2
yqeT	0.978
yrkN	0.9453
yrkP	0.9909
yrkR	0.9451
spoIIIC	0.85
yqaC	1.1
yqaF	0.9202
yqeV	0.7766
rpsU	0.9294
yqeZ	0.4288
yqfB	0.4984
yqfD	0.8063
yqfF	0.8595
yrkC	0.9806
yrkE	1.09
yrkG	0.8562
yrkI	0.684
yrkK	1.2
yrkM	1.15
rpsT	1.42
spoIIP	1.05
hemN	1.13
grpE	1.13
dnaJ	1.01
yqeU	0.9076
yrkO	0.8202
yrkQ	0.9995
yrkS	0.9662
yqaB	0.9752
yqaE	1.07
yqdA	0.8863
yqeW	0.9734
yqeY	0.8533
yqfA	0.4358
yqfC	0.7099
phoH	0.8059
yqfG	0.9126
yshE	1.29
ysiA	1.69
etfB	1.57
xsa	1.44
uvrC	1.17
lysC	0.8389
relA	1.09
yrvJ	0.9366
hisS	1.09
yrvM	0.7716
yrzC	1.01
yrvP	0.8384
sdhC	1.72
sdhB	1.41
gerE	1.27
racE	1.18
rph	1.28
ysnB	1.3
yrrB	0.7858
yrrD	0.8173
glnM	0.8579
glnQ	0.9006
yrzB	0.6878
lcfA	1.18
ysiB	1.06
etfA	0.9443
trxA	1.32
ask	1.21
yslB	1.11
yrvI	0.7356
yrzK	0.9292
aspS	0.6988
yrvN	0.7424
yrvO	0.8309
yrrA	0.8249
sdhA	1.44
ysmA	1.43
ysmB	0.0
gerM	0.951
ysnA	1.31
ysnE	0.9765
yrrC	0.7306
glnP	0.6713
glnH	0.8265
yrrI	0.7667
yrrK	0.6162
yrrL	0.0
ytkC	1.41
ytlC	1.54
ytlA	1.44
ytmB	1.17
metK	0.9843
ytnA	1.17
ytsP	1.12
ytwP	1.28
nifZ	1.2
sspA	1.1
ytcJ	0.8526
yteI	0.6666
ytpA	0.7955
ytqA	0.7658
ytrA	0.8303
ytrC	0.8436
ytrE	0.9032
ytsA	0.8895
ytfI	0.945
ytxK	1.18
moaB	1.01
argH	1.0
ytkK	1.15
ytlI	1.01
ytlD	1.08
ytlB	0.9915
ytmA	0.8845
pckA	0.9239
asnB	0.9405
ytoA	0.8308
ytvP	1.09
braB	1.18
ytbJ	1.08
ytcI	0.8609
ytdI	1.18
yteJ	0.6997
ytqB	0.7992
ytzC	0.9192
ytrB	0.8258
ytrD	0.9201
ytrF	0.8903
ytsB	0.9073
ytgI	1.55
ackA	0.9226
argG	1.26
ytzD	0.961
ytkL	1.07
ytmI	1.12
yurW	2.07
yurU	1.86
yurS	1.39
yurQ	1.08
yurO	0.6357
yurM	0.7976
yufB	0.9888
yufD	1.01
yufU	0.8906
yufS	1.1
yufQ	1.24
yufO	1.06
yurK	0.6506
yurI	0.8376
yurF	0.8282
yurD	0.887
yunM	0.8323
yunK	0.8829
yufM	1.07
yuxK	1.42
yuxJ	1.17
kapB	1.18
patB	0.9181
yugF	1.24
yurV	1.3
yurT	0.7992
yurR	0.8688
yurP	0.8825
yurN	0.6179
yurL	0.7171
yufC	0.9365
yufV	0.8264
yufT	0.6328
yufR	0.7702
yufP	1.2
yufN	1.23
yurJ	0.6366
yurH	0.9214
yurE	0.7441
yurB	0.7415
yunL	0.9346
yunJ	0.866
yufL	1.22
pbpD	1.53
kapD	1.07
kinB	1.21
yugE	1.17
yugG	1.18
yvcJ	1.43
yvcL	1.38
yvcN	1.39
yvcQ	1.21
yvcS	1.37
yvdA	1.18
yvaO	1.37
yvzC	1.2
yvaL	1.22
yvaJ	0.0
yvaG	0.9427
yvaE	1.06
yvdC	0.8038
yvdE	0.9445
yvdG	0.9003
yvdI	0.8429
yvdK	0.9294
yvdM	0.7957
yvaC	1.02
yvaA	1.31
yvgY	0.9347
yvgW	1.09
yvgU	1.58
yvgS	1.0
yvcK	1.05
crh	1.09
yvcP	0.8283
yvcR	0.8661
yvcT	1.18
yvdB	0.8887
yvaN	1.12
yvaM	1.08
yvaK	0.9336
yvaI	0.9701
yvaF	0.9746
yvaD	0.8731
yvdD	0.7869
yvdF	0.8077
yvdH	0.8797
yvdJ	0.8913
yvdL	0.9643
clpP	1.14
yvaB	0.0
yvgZ	1.08
yvgX	0.0
yvgV	1.19
yvgT	1.03
yvgQ	0.5756
atpF	1.67
atpA	1.62
atpD	1.44
ywmA	1.36
ywmB	1.03
spoIID	1.1
ywtE	1.24
ywtG	1.25
gerBB	0.902
pmi	1.2
tagC	1.11
tagA	1.06
ywmE	0.9907
narA	0.7561
ywmF	0.9178
ureA	0.9164
ureC	0.907
ywnB	0.7219
tagF	1.01
ggaA	1.16
lytR	1.42
lytC	1.29
tuaB	1.28
tuaD	0.8596
atpH	1.41
atpG	1.15
atpC	1.03
ywzB	0.7468
murA	0.8102
ywmC	0.9477
ywtF	0.9766
gerBC	1.1
gerBA	1.07
lytD	1.1
tagB	1.17
tagE	1.42
narQ	0.7214
rapB	1.14
ywmG	0.912
ureB	0.9069
ywnA	0.6872
ywnC	0.6511
tagG	1.14
yvyH	1.03
lytB	1.14
tuaA	1.09
tuaC	1.13
tuaE	1.02
yxkA	1.19
yxkC	1.16
aldY	1.53
msmX	1.32
yxzE	1.03
yxkJ	1.31
spsD	1.16
spsG	1.12
spsJ	1.15
yweA	1.41
rocA	0.5848
rocC	0.8827
cydB	0.8528
cydD	0.8653
yxlA	0.931
yxlC	0.9197
yxlE	0.9578
yxlG	0.9845
ywfB	1.51
ywfD	1.69
ywfF	1.29
ywfH	1.56
pta	1.4
ywfL	1.05
galE	0.974
yxkD	0.8905
yxkF	0.9053
yxkH	0.9003
yxkI	0.9283
cydA	0.9325
spsE	0.9407
spsI	0.9556
spsK	0.9033
yweB	0.9635
rocB	0.6948
ywfA	0.9619
cydC	0.8014
yxkO	0.9407
sigY	0.9464
yxlD	0.9682
yxlF	0.9105
yxlH	1.04
ywfC	1.67
ywfE	1.32
ywfG	1.3
ywfI	1.13
ywfK	1.13
ywfM	1.06
yyaH	1.19
yyaJ	1.38
yyaL	1.41
yyaN	1.28
tetL	1.08
yyaP	1.22
yxbD	1.84
yxbF	1.25
yxcA	1.21
yxcC	1.39
yxcE	1.47
iolR	1.23
yyaR	0.958
yyaT	0.8553
yybB	0.8501
yybD	0.9304
yybF	0.9227
yybI	0.9925
iolB	1.09
iolD	1.06
iolF	0.9479
iolH	1.07
iolJ	1.08
yxdK	1.0
yyaI	0.0
yyaK	0.8304
yyaM	0.8728
yyaO	0.9111
tetB	0.8051
yyaQ	1.0
aldX	1.15
yxbG	1.26
htpG	1.61
yxcD	1.43
iolS	1.3
iolA	1.13
yyaS	0.8982
yybA	0.8113
yybC	0.8041
yybE	0.7487
yybG	1.19
yybJ	1.52
iolC	1.14
iolE	0.8768
iolG	0.8821
iolI	0.8838
yxdJ	0.8548
yxdL	0.9413
yeeF	1.61
purQ	1.22
ydgJ	1.55
pbpC	1.56
srfAC	1.54
ycgI	1.14
yknT	1.11
ptsI	1.07
ykvU	1.0
ykzE	0.9478
yjdH	0.8606
yhdN	1.11
yczC	1.22
lmrA	1.12
ybgB	0.9913
ybdD	1.5
fus	0.8834
yfiX	0.912
yfkF	0.9513
treA	1.13
yflP	0.93
yesY	0.9974
yddN	1.05
yerP	1.5
ydjD	0.8793
yddE	0.9619
yclG	1.01
nasB	1.12
ycdB	1.15
patA	1.17
ykvW	0.7978
ykrP	0.8801
ykoY	0.7371
yhaP	1.0
yhbB	0.8456
yccC	1.02
ybgE	0.9519
ybgA	0.7927
rpmD	0.8289
rpoB	1.09
clpC	1.1
yfiB	0.9952
yfkI	0.8089
yflH	0.7281
yetM	0.7971
cotJC	0.8025
yddK	0.9487
yabD	1.26
yurG	0.905
ytqD	1.01
acuB	1.03
dnaE	1.02
levR	1.02
yqzC	0.8918
yaaO	0.8521
ypbG	0.9525
ypvA	0.8737
cgeB	0.7569
yloB	0.7719
glcT	0.9956
yjcD	0.8808
metS	1.29
ythC	1.0
ytpB	0.9805
ytoI	0.8552
yrhJ	0.8561
yqxH	1.08
bmrU	0.8986
yaaN	0.7418
qcrB	0.872
yosO	0.905
ylqF	1.04
spoVD	1.03
yjgC	1.03
yjaX	1.12
rplO	0.7279
rplR	0.8426
rpsH	1.09
rplE	1.22
rplN	0.8088
rpmC	0.8691
xpaC	0.6791
bofA	1.11
recR	1.17
dnaX	1.05
yaaI	0.9895
rpsC	1.01
rpsS	1.13
rplW	1.11
rplC	1.02
ybaC	0.6593
rpsG	0.8375
serS	0.8848
yaaD	1.16
guaB	1.22
gyrB	1.36
recF	1.16
rpsE	0.7097
rplF	0.8421
rpsN	0.7562
rplX	0.913
rpsQ	0.8034
rplP	0.8999
csfB	1.29
yaaL	1.15
yaaK	1.19
yaaJ	0.7858
yaaH	0.9578
rplV	1.09
rplB	0.9929
rplD	1.17
rpsJ	1.24
tufA	0.8464
rpsL	1.01
yaaE	1.43
dacA	1.06
yaaC	0.8459
yaaB	1.13
yaaA	1.16
yclA	1.12
yckJ	1.02
yczE	1.26
ycxD	1.25
ycxB	1.3
srfAD	1.22
ycbD	1.01
ycbA	0.8868
ybgH	0.8283
ybgF	0.7756
ybfP	0.6272
ybfN	0.5291
yckH	0.9234
yckF	0.916
nucA	0.8978
yckE	0.9841
yckC	0.9693
yckA	0.8982
ybfM	0.6674
ybfK	0.8004
purT	0.6796
ybfH	0.8907
ybfF	0.9747
ybfB	0.6809
yckK	0.5238
yckI	0.7505
sfp	0.8348
ycxC	0.7593
ycxA	0.919
comS	1.21
ycbB	0.8498
ybgJ	0.7493
ybgG	0.8038
ybfT	0.5692
ybfO	0.8434
psd	0.7545
yckG	1.06
tlpC	1.12
nin	1.09
yckD	1.09
yckB	1.16
yciC	1.62
pssA	0.7756
ybfJ	0.7916
ybfI	0.7823
ybfG	0.9056
ybfE	0.8883
ybfA	0.905
ydhD	1.15
ydgK	1.26
ydgH	0.0
dinB	1.42
expZ	1.21
ydgD	1.25
rsbS	1.33
ydcE	1.05
dal	0.9494
ydcB	0.6777
ydbS	0.5508
murF	0.8843
ydgB	0.9463
ydfT	0.9554
ydfR	0.801
ydfQ	0.881
ydfO	1.07
ydfM	0.9733
ydbP	1.11
ydbM	0.8832
ydbK	1.03
ydbI	1.2
ydbF	0.9248
ydbD	1.05
ydhC	1.37
ydgI	1.09
ydgG	1.13
ydgF	1.12
ydgE	0.9887
ydgC	0.9095
rsbR	1.37
ydcD	0.9547
ydcC	0.8375
ydbT	0.7003
ydbR	0.9471
ddlA	1.05
ydgA	1.15
ydfS	1.0
ydzH	0.9886
ydfP	0.8656
ydfN	1.2
ydfL	1.09
ydbN	1.16
ydbL	1.11
ydbJ	0.9897
ydbG	0.9178
ydbE	0.969
ydbC	1.21
yfkM	1.02
treR	0.985
yfkQ	0.0
yfkS	1.04
yflA	1.33
yflC	1.27
yefB	1.03
yerQ	0.9145
yerN	0.9962
yerL	1.11
sapB	1.0
yerH	0.8446
yflE	1.39
yflG	0.7058
yflJ	0.8958
yflL	0.6866
yflN	0.8234
citT	0.7343
yerF	0.8952
yerD	0.795
yerA	0.927
yezC	0.6847
purH	0.4827
purM	0.5531
yfkO	1.15
treP	0.9422
yfkR	0.7189
yfkT	0.9136
yflB	1.13
yflD	0.0
yefA	1.08
yerO	1.05
yerM	1.18
opuE	0.6932
yerI	0.8058
yflF	1.04
yflI	0.9719
yflK	1.04
yflM	0.9315
citM	0.8801
citSc	0.7742
yerE	0.8975
yerB	0.9028
yecA	0.66
purD	0.463
purN	0.5641
purF	0.6323
yhaL	1.17
yhaN	1.17
yhaS	0.7994
yhaU	0.8922
yhaW	1.15
yhaY	1.58
ygaO	1.06
ygaN	1.01
ygbA	1.09
katA	1.1
ygaK	0.8779
ygaJ	0.7324
yheA	0.6385
yheD	0.8479
sspB	0.9274
yheG	0.6922
yheK	0.7498
yheN	0.7385
ygaI	0.5278
ygaH	0.8297
ygaF	1.03
ygaE	1.14
ygaC	1.52
sspE	1.51
yhaM	0.7287
yhaO	0.9705
yhaT	0.0
yhaV	0.961
yhaX	0.8431
yhaZ	0.9386
yhzA	0.8795
ygcA	1.0
ygaL	0.8153
senS	0.8571
thiA	0.5658
ygzA	0.7923
yheB	1.05
yheE	0.9347
yheF	0.8826
yheI	0.9423
yheM	1.28
yhdZ	0.8963
ygxA	1.01
ygaG	1.08
gsaB	0.856
ygaD	1.06
ygaB	1.61
yfhR	1.21
yjdA	1.18
yjcR	1.04
yjcP	1.15
yjcN	0.9549
yjcL	1.39
yjcJ	0.955
yitI	1.24
yitG	1.08
yitE	1.09
yitC	1.0
yitA	0.8522
yisX	0.8025
yjcH	1.08
yjcF	1.03
yjcC	0.707
yjcA	0.665
cotW	0.7129
cotY	0.7884
yisV	0.787
yisT	1.01
degA	0.7851
yisQ	0.8989
yisO	0.9197
yjcS	0.8106
yjcQ	1.5
yjcO	0.0
yjcM	1.07
yjcK	0.6707
yjcI	0.9755
yitH	1.25
yitF	1.03
yitD	0.899
yitB	0.8152
yisY	0.6862
yisW	0.7737
yjcG	1.2
yjcE	0.9798
yjcB	0.836
cotV	0.889
cotX	0.8162
cotZ	0.7952
yisU	0.8439
yisS	0.8996
yisR	0.7959
yisP	0.796
yisN	1.01
yisL	0.9181
ykuG	1.14
ykuE	0.9497
ykuC	0.9672
kinA	1.19
ykwD	1.04
ykwB	1.4
ykfC	1.31
ykfA	1.29
dppD	1.01
dppB	1.04
ykeA	0.9205
ykcC	0.9503
splA	0.6824
ykvZ	0.8744
ykvV	0.7442
ykvS	0.9889
ykvQ	0.9308
ykvO	0.8529
ykcA	0.843
ykaA	0.8134
spoIISA	0.8661
xhlB	1.18
xkdY	1.03
xkdW	0.8003
ykuF	0.8708
ykuD	0.721
ykyB	0.9781
ykwC	1.06
splB	0.7746
ykfB	1.66
dppE	1.53
dppC	0.0
dppA	0.8207
htrA	0.8299
ykcB	0.931
ptsG	0.6765
ykvY	0.0
ykvT	1.07
ykvR	0.8616
ykvP	0.9102
ykvN	0.9585
ykbA	0.9802
ykaB	0.7874
xlyA	0.8883
xhlA	0.8881
xkdX	0.9458
xkdV	1.0
smf	0.9628
sucC	1.24
ylqG	0.8741
rplS	0.7354
ylqE	0.7244
ylqC	0.814
rpmF	1.02
ylbM	1.16
ylbK	0.8563
ylbI	0.752
ylbG	0.8405
ylbE	0.8373
ylxM	0.7049
ftsY	0.7151
rncS	0.8228
fabG	0.8398
plsX	0.8072
ylpB	0.7824
ylbC	0.8411
ylbA	0.9711
ctaF	0.7526
ctaD	0.9708
ctaB	0.8556
ylaO	1.28
sucD	1.26
ylqH	0.7468
rnh	0.8702
trmD	0.7886
ylqD	0.7613
rpsP	0.8137
ylbN	1.13
ylbL	0.9108
ylbJ	0.9472
ylbH	0.7833
ylbF	0.6132
ylbD	0.9086
ylqB	1.32
acpA	1.01
fabD	0.8386
ylpC	0.8713
ylpA	0.8889
ylbB	0.8125
ctaG	0.7546
ctaE	0.6594
ctaC	0.7902
ctaA	0.8885
ylaN	0.8572
yngD	0.0
yngA	0.0
ynfF	1.03
bglC	0.7766
ynfC	0.8263
grlB	0.7783
pksI	1.12
pksG	1.34
pksE	1.11
pksC	1.1
pksA	1.0
mutL	0.9782
yneS	0.7268
yneQ	0.8728
tlp	0.991
citB	0.0
cotL	0.9354
yneK	0.9986
cotE	0.789
ymcB	0.7558
tdh	0.8939
ymdB	0.7268
pbpX	0.951
cinA	0.9692
yngC	0.7349
xynD	0.8359
ynfE	0.7373
alsT	0.5729
grlA	0.6216
yneT	0.8225
pksH	1.04
pksF	1.14
pksD	1.24
pksB	0.9252
ymcC	0.6935
mutS	0.9307
yneR	0.8789
yneP	1.01
yneN	1.06
cotK	0.8598
cotM	1.0
yneJ	0.9714
ymcA	1.06
kbl	0.9491
spoVS	1.22
ymdA	0.6324
recA	0.7239
pgsA	0.8488
yorR	0.0
yorT	0.0
yorV	0.0
yorX	1.07
yorZ	0.8154
yosB	0.7313
yocJ	0.5868
yocH	0.664
yocF	0.444
yocD	0.8228
yocB	1.12
yocA	0.9827
yosD	0.7725
yosF	0.8204
yosH	0.757
yosJ	0.6579
yosL	0.7646
yosP	0.8459
yobW	0.8161
yobU	0.6933
yobS	0.9387
yobQ	1.04
yobO	1.07
yobM	1.63
yorS	0.7624
mtbP	0.0
yorW	0.0
yorY	0.6951
yosA	0.6974
yosC	0.7687
yocI	0.9244
yocG	0.3167
yocE	0.199
yocC	0.6564
yozB	0.4929
yozA	0.904
yosE	0.789
yosG	0.7334
yosI	0.0
yosK	0.0
yosM	0.7149
yosQ	0.8036
yobV	0.0
yobT	0.7188
yobR	0.8043
csaA	0.8819
yobN	1.01
yobL	0.0
yppD	0.0
yppF	0.8301
ypqE	0.8947
yprB	0.8624
ypsA	1.14
ypsC	1.12
yomP	0.9374
yomR	0.9227
yomT	0.9204
yomV	0.8954
yomX	0.82
yomZ	0.7474
kduD	0.8778
kdgR	1.03
kdgA	0.8964
ypwA	0.974
pbuX	0.8625
ypbQ	0.876
yonB	0.6995
yonD	0.0
yonF	0.7888
yonH	0.8709
yonK	0.9475
yonO	0.8833
yppE	0.8796
yppG	0.8292
cotD	0.7552
ypsB	1.09
yptA	0.8569
yomQ	0.8214
yomS	0.6867
yomU	0.8075
yomW	0.7443
yomY	0.5108
yonA	0.7036
kduI	0.9688
kdgK	0.9681
kdgT	1.02
xpt	0.9119
bcsA	0.8867
ypbS	0.9373
yonC	0.7329
yonE	0.753
yonG	0.8186
yonI	0.8895
yonN	0.6461
yonP	0.944
yqiD	0.6212
yqxC	0.6313
recN	0.918
spo0A	1.17
yqiH	0.8978
yqiK	0.9812
ribG	1.61
ribA	1.82
ribT	1.3
ypuG	1.16
ypuI	1.09
spmA	0.9203
mmgB	0.8416
mmgD	0.9009
yqiQ	0.7359
yqiR	0.6403
yqiT	0.5427
yqiV	0.4935
ypuL	0.7045
resB	0.7969
resD	0.7528
sigX	0.8915
aroC	0.9787
ypzE	1.07
yqiE	0.8914
ahrC	0.9175
spoIVB	1.01
yqiG	0.6687
yqiI	0.6681
ribB	1.75
ribH	1.48
ypuF	1.0
ypuH	0.9336
dacB	0.7922
spmB	0.9046
mmgC	0.8851
mmgE	0.8982
yqzF	0.9171
yqiS	0.6711
yqiU	0.6182
bfmBAA	0.6665
resA	0.8991
resC	0.8059
resE	0.7546
ypuN	0.8821
serA	1.3
ypaA	1.24
yqaG	0.0
yqaI	0.9775
yqaK	0.0
yqaM	0.4928
yqaO	1.11
yqaQ	1.04
dgkA	0.9547
bex	1.09
glyQ	0.891
yqzB	0.8545
yqxD	0.8636
sigA	0.8417
yqaS	1.18
yqbA	0.9783
yqbC	1.48
yqbE	0.9131
yqbG	0.8511
yqbI	0.844
yqfN	0.7505
yqfP	0.9099
yqfR	1.18
yqfT	0.9496
yqfV	1.13
yqfX	0.8279
yqaH	0.8952
yqaJ	0.7198
yqaL	1.06
yqaN	0.9409
yqaP	2.05
yqaR	1.29
cdd	1.05
yqxN	0.9161
glyS	0.8006
yqfL	0.7061
dnaG	0.6633
cccA	0.8586
yqaT	0.0
yqbB	0.9897
yqbD	0.9877
yqbF	0.999
yqbH	0.9435
yqbJ	0.9315
yqfO	0.8711
yqfQ	1.05
yqfS	0.8923
yqfU	1.04
yqfW	0.9664
yqfZ	0.861
ysnD	0.7888
ilvN	0.8479
leuA	0.7591
leuC	0.6391
ysoA	0.9384
clpX	1.19
yrrM	0.7565
yrrO	0.7661
greA	0.6844
yrrS	0.9262
yrrT	0.8213
yrhA	0.7058
ysxD	0.8698
hemX	0.8888
hemD	0.8014
hemL	0.7572
ysxE	0.8355
yrhD	0.6996
yrhG	0.8367
yrhH	0.7375
yrhK	0.9961
yrhM	1.04
yrhO	1.09
ilvB	1.11
ilvC	0.9859
leuB	0.9998
leuD	0.7058
tig	1.09
lonB	0.85
yrrN	0.6914
udk	0.7486
yrrR	0.7501
yrzA	0.7272
yrrU	0.5029
yrhB	0.5895
ysxC	0.8798
hemA	1.05
hemC	0.9203
hemB	0.8619
spoVID	0.8191
yrhF	0.9663
yrzI	0.6617
yrhI	0.0
yrhL	0.0
sigV	0.0
levD	0.0
ytsC	0.8063
yttA	0.0
ytvA	0.9206
leuS	0.8913
melA	0.9861
amyD	0.8949
ytmJ	0.9829
ytmL	1.07
hisP	1.04
ytnJ	1.02
hipO	0.9945
ytqI	1.06
msmR	0.8037
bioW	0.7871
bioF	0.7976
bioB	0.8741
ytbQ	0.6683
ytcQ	0.8798
ytsJ	0.8852
pfk	0.9939
ytwI	1.0
citC	1.55
phoP	1.06
yttB	0.9245
ytvB	0.8999
ytwF	0.8363
amyC	0.8467
msmE	1.04
ytmK	0.9334
ytmM	1.02
ytnI	0.951
ribR	0.9353
ytpI	0.8556
ytrI	0.76
ytaP	0.8864
bioA	0.7682
bioD	0.7923
bioI	0.8665
ytcP	0.86
ytdP	0.9197
yttI	1.01
ytvI	0.974
citZ	1.5
citH	1.3
phoR	0.9578
mutM	1.04
yunI	0.8659
yunG	0.0
yunE	0.0
yunC	0.0
yunA	0.8213
yutC	0.9796
yugH	0.8818
yuzA	1.14
yugK	1.25
yugM	1.21
yugO	1.09
yugS	1.1
yutE	0.8481
yutG	0.6809
hom	0.5034
thrB	0.5227
yutI	0.8515
yutJ	0.8843
yugU	0.971
mcpB	1.05
mcpA	0.8621
yuxG	0.9415
yulC	0.9764
yulE	0.9289
yunH	0.7888
yunF	0.7598
yunD	0.8392
yunB	0.7962
yutB	0.795
yutD	0.8969
yugI	1.08
yugJ	1.23
pgi	1.59
yugN	1.09
yugP	0.9049
yugT	0.7849
yutF	0.8091
yutH	0.7988
thrC	0.5892
yuxL	0.7167
yuzD	0.8233
yuzB	1.02
tgl	0.9429
tlpA	0.0
tlpB	0.9277
yulB	0.9002
yulD	0.9565
yulF	1.04
yvdO	0.0
yvdQ	0.0
yveA	0.0
racX	0.0
yveG	0.0
slr	0.8813
yvgO	1.16
yvgM	0.9373
yvgK	1.1
yvsG	1.14
fhuD	1.48
fhuG	1.13
yveN	1.24
yveP	0.8906
yveR	0.8108
yveT	0.8424
yvfB	0.778
yvfF	0.9906
yvrP	1.39
yvrN	1.11
yvrL	0.8434
yvrI	0.8717
yvrG	1.18
yvrD	0.9546
yvdP	0.8926
yvdT	1.02
pbpE	0.7528
yveF	0.7801
padC	0.8735
yveL	1.04
yvgN	1.45
yvgL	1.15
yvgJ	1.05
yvsH	1.0
fhuB	0.8795
fhuC	1.16
yveO	1.08
yveQ	1.03
yveS	0.9241
yvfA	0.8333
yvfD	0.9023
yvfG	0.9279
yvrO	1.2
yvrM	1.2
yvrK	0.9691
yvrH	0.9591
yvrE	0.8958
yvrC	0.7236
mta	0.0
ywnF	0.0
spoIIQ	0.0
ywoA	0.8703
nrgA	0.0
ywoC	1.05
tuaF	0.9928
tuaH	1.2
yvhJ	1.18
degS	1.32
comFA	1.18
comFC	1.21
ywoE	1.07
ywoG	1.1
usd	0.834
mbl	0.8028
flhP	0.9487
ywpB	0.8234
flgM	1.08
flgK	1.3
yviE	1.05
csrA	1.05
yvyC	1.08
fliS	1.14
ywnE	0.9406
ywnH	0.8254
ywnJ	1.05
nrgB	0.902
ywoB	0.769
ywoD	0.9255
tuaG	1.03
tagO	1.04
yvyE	1.15
yviA	1.34
comFB	1.21
yvyF	1.26
ywoF	1.3
ywoH	1.12
spoIIID	1.04
flhO	0.9464
rapD	0.961
ywpC	0.5869
yvyG	1.09
flgL	1.31
yviF	1.08
hag	1.32
fliD	1.07
fliT	1.14
katX	0.0
yxzF	0.0
licB	0.0
licA	1.07
ywaA	1.03
dltD	0.9301
ywfN	1.27
ywfO	1.33
ywgB	1.46
thrZ	1.64
ywhB	1.45
ywhD	1.66
dltB	1.16
ywaB	1.14
ywaD	1.27
ywaE	1.26
gspA	1.33
sacX	1.04
ywhF	1.06
ywhH	1.5
rapF	2.29
ywhL	1.22
ywhN	0.8703
ywhP	1.09
yxlJ	0.9903
licR	0.8154
licC	1.11
licH	0.986
dltE	0.8241
dltC	0.9066
ywzC	1.1
ywgA	1.34
mmr	1.13
ywhA	1.66
ywhC	1.35
ywhE	1.22
dltA	1.04
ywaC	0.8693
tyrZ	1.09
ywaF	1.19
sacY	1.24
epr	1.44
ywhG	0.8326
phrF	1.66
ywhK	1.05
ywhM	1.05
ywhO	1.04
ywhQ	1.08
yybK	0.0
yybM	0.0
yybO	0.0
yybQ	0.0
cotF	0.0
yybT	0.0
yxdM	1.15
yxeB	1.53
yxeD	1.11
yxeG	1.3
yxeI	1.07
yxeK	0.9657
yycA	1.08
yycC	1.72
yycD	1.03
yycE	1.13
yycF	1.44
yycH	1.26
yxeM	0.6369
yxeO	0.6731
yxeQ	0.78
yxxB	0.9084
nupC	1.4
hutM	1.1
yybL	1.79
yybN	2.15
yybP	1.23
yybR	1.11
yybS	1.17
rplI	1.5
yxeA	1.09
yxeC	1.23
yxeE	1.01
yxeH	1.09
yxeJ	0.8604
yxeL	0.8599
yycB	1.35
yyzB	1.16
dnaC	0.0
purA	0.0
yycG	1.24
yycI	1.13
yxeN	0.6955
yxeP	0.7104
yxeR	0.8751
deoR	1.11
pdp	1.12
hutG	0.97
lysS	0.0
mfd	0.8599
gyrA	1.11
lytA	0.0
yvlD	0.0
yukF	0.0
rsbV	1.38
ydbO	1.37
ycsG	1.67
phrC	2.18
lmrB	1.13
pcp	1.2
ytfJ	1.01
ytzA	1.15
yraA	1.12
yqfY	1.04
yonJ	0.9491
yodB	1.1
ycbM	1.06
ybfS	0.8888
ybfQ	1.12
ybeC	0.6099
ybdG	1.32
ybbA	0.9211
ftsH	1.11
yabK	1.76
ywjF	1.16
ywlC	1.12
yveK	0.9936
glgP	1.55
ydcA	0.8079
ycnB	1.06
yceH	1.03
ycbU	1.12
ycbR	1.18
accA	1.12
yrhP	0.9718
yqbO	1.1
ypqA	0.9077
yosW	0.8898
ppsD	0.8651
ycbC	0.8859
gltP	0.933
mpr	0.867
ybdN	1.13
ybdB	1.53
yabE	1.37
yaaG	0.0
yisD	1.27
yhjP	1.08
yhfR	0.8351
yheH	0.9824
yfhQ	1.06
ydcI	1.2
dnaN	1.5
srfAB	1.33
opuAA	0.8269
ybdO	1.06
yabN	0.9661
asnH	2.07
ywbN	1.39
yaaF	0.8816
addB	1.09
yhjB	1.12
yheC	1.01
yheL	1.04
yesN	1.0
yclF	1.02
dnaA	1.65
amhX	0.7459
ycbT	1.07
feuC	1.1
gidA	1.42
yxnB	2.57
spsF	0.9977
