ybeF	0.9923
glpQ	1.12
ybdT	0.9765
ybxH	0.9617
ybdM	1.01
ybdK	0.9157
ybxF	0.9452
rplJ	2.02
rplK	0.8451
rpmG	0.863
yacP	0.4207
rplL	1.94
ybdE	1.46
ybcT	0.5415
ybcQ	0.547
ybcO	0.561
ybcL	2.16
ybcH	8.1
cysE	0.6621
yacN	0.8391
yacL	0.7154
sms	0.571
yacH	0.6647
glpT	1.02
ybyB	1.12
ybxI	0.8546
csgA	1.1
ybdL	1.03
ybdJ	0.9513
ybxB	1.09
rplA	1.17
nusG	0.8707
sigH	0.6934
yacO	0.3957
ybdA	0.7024
ybcS	0.5748
ybcP	0.7326
ybcM	1.82
ybcI	10.01
ybcF	8.76
gltX	1.21
yacM	0.8136
yacK	0.5578
yacI	0.6614
ctsR	0.7024
ydbB	0.6942
ydbA	1.05
ydaS	1.25
ydaQ	0.9209
mutT	0.6809
ydaN	0.8824
yciB	0.9442
nasA	0.8255
nasD	0.8838
nasF	0.937
ycgS	1.13
ycgQ	0.9685
ydaL	0.0
ydaJ	1.07
lrpC	1.17
ydaH	0.7557
ydaF	1.55
ydaD	0.9769
ycgO	0.6263
ycgM	0.6968
cah	0.832
ycgJ	0.8532
tmrB	0.9358
ycgH	0.9699
gsiB	1.25
ydaT	1.31
ydaR	1.22
ydaP	1.25
ydaO	0.64
ydaM	0.8877
yciA	1.03
nasC	0.8154
nasE	1.09
ycgT	1.13
ycgR	0.9568
ycgP	1.07
ydaK	0.9559
ydzA	0.8505
ydaG	1.42
ydaE	1.2
ydaC	0.7355
ycgN	1.14
ycgL	1.03
ycgK	1.06
aroI	1.28
nadE	0.92
ycgG	1.07
purL	0.8156
purC	0.7465
purK	1.17
yebG	0.8923
yebE	2.0
yebC	1.74
ydfK	1.04
ydfJ	1.39
ydfH	0.9219
ydfF	0.9502
ydfD	1.48
ydfB	0.9334
guaA	1.47
yeaD	0.8868
yeaB	1.02
yeaA	0.4729
ydjO	0.5991
ydjM	1.83
ydeT	0.7662
ydeR	1.23
ydeP	1.51
ydzF	0.8577
ydeM	0.9697
ydeK	1.2
yexA	0.78
purB	1.04
purE	1.42
yebF	0.6004
yebD	1.25
yebB	1.35
nap	1.37
ydfI	0.8914
ydfG	1.08
ydfE	1.03
ydfC	0.8242
ydfA	1.12
yebA	0.0
yeaC	0.7319
gabP	0.5219
ydjP	0.4963
ydjN	1.54
ydjL	1.18
ydeS	1.0
ydeQ	1.15
ydeO	0.7457
ydeN	1.16
ydeL	1.12
ydeJ	1.43
yfhS	0.9427
yfhO	0.838
yfhM	0.6924
yfhK	0.9466
yfhI	1.3
yfhG	0.8835
yflS	1.08
yflT	1.38
yfmC	1.48
yfmE	0.7392
yfmG	0.5394
yfmI	0.8547
yfhE	0.8175
yfhC	0.9333
yfhA	0.7779
yfiY	0.5529
yfiV	1.52
yfiT	0.6265
yfmK	0.9074
yfmM	0.0
yfmO	1.45
yfmQ	0.7937
yfmS	0.8764
yfnA	1.51
yfhP	0.9722
csbB	1.26
yfhL	0.699
yfhJ	1.09
yfhH	1.1
yfhF	0.9908
pel	1.01
yfmA	0.0
yfmD	0.7878
yfmF	0.7861
yfmH	0.5407
yfmJ	0.7569
yfhD	1.66
yfhB	0.7449
yfiZ	0.7703
yfiW	1.07
yfiU	0.9307
yfiS	0.8974
yfmL	1.07
yfmN	1.43
yfmP	0.9258
yfmR	1.08
yfmT	0.0
yfnD	0.9759
yisK	0.4781
yisI	0.8102
yisG	0.6646
yisE	0.6823
yisB	0.4542
addA	0.0
yhdY	1.27
yhdW	1.36
yhdU	0.9318
yhdS	0.9174
yhdQ	1.07
yhdO	0.6407
yhjQ	0.8392
yhjM	1.53
yhjK	0.7675
yhjI	1.08
yhjG	0.7851
yhjE	0.8273
yhdL	1.04
yhdJ	1.03
yhdH	0.8396
yhdF	0.8462
citR	0.8902
phoA	0.7863
yisJ	1.38
yisH	0.0
yisF	0.8026
yisC	0.8802
sbcD	0.5215
yhjR	1.04
yhdX	1.12
yhdV	1.28
yhdT	0.9067
yhdR	0.4481
yhdP	0.989
yhdM	0.8538
yhjO	1.1
yhjL	1.44
yhjJ	1.02
yhjH	0.79
sipV	0.7058
yhjD	0.8576
yhdK	1.1
yhdI	1.15
yhdG	0.0
citA	0.889
lytE	1.27
spoVR	1.31
xkdU	0.9219
xkdS	0.819
xkdQ	0.7411
xkdN	0.8052
xkdK	0.7842
xkdI	1.31
yjbX	1.06
yjbV	0.6851
yjbT	0.5895
yjbR	0.7324
tenA	0.8013
yjbP	0.7434
xkdG	0.6452
xkdE	1.09
xpf	0.9365
xkdD	0.497
xkdB	0.8721
xkdA	0.871
yjbN	0.9799
yjbL	1.37
yjbJ	0.8341
yjbH	1.17
yjbF	0.6154
yjbE	0.9933
xkdT	0.8428
xkdR	0.8355
xkdP	0.8335
xkdM	0.8271
xkdJ	0.8092
xkdH	0.7211
yjbW	0.6876
yjbU	0.6573
yjbS	0.6638
tenI	0.7348
yjbQ	1.12
yjbO	0.8432
xkdF	0.8321
xtmA	0.9108
xtrA	1.02
xkdC	0.8821
xre	0.8341
yjqC	1.07
yjbM	1.17
yjbK	1.53
yjbI	0.9634
yjbG	0.919
mecA	2.79
yjbD	0.7187
ylaM	0.9255
ylaK	0.7788
ylaH	0.9321
ylaF	0.9352
ylaD	0.0
ylaB	0.9831
ykvM	1.85
ykvK	3.42
ykvI	0.7614
motA	1.51
ykvE	1.28
eag	2.82
nprE	1.27
ykzC	0.889
ykzI	0.8877
yktA	0.6908
slp	1.34
pdhC	1.72
ykvA	1.27
ykrY	0.9899
ykrW	1.33
ykrU	1.15
ykrS	1.08
ykrQ	0.7388
ylaL	0.9815
ylaJ	0.8377
ylaG	0.951
ylaE	1.17
ylaC	0.9085
ylaA	0.0
ykvL	3.06
ykvJ	3.04
clpE	0.745
motB	1.37
ykvD	0.0
spo0E	0.8257
yktD	1.11
yktC	1.21
yktB	0.9883
cad	1.11
pdhD	1.7
pdhB	2.2
ykrZ	0.8853
ykrX	1.2
ykrV	1.12
ykrT	1.15
dat	0.4636
ykrM	0.5433
ymfM	1.84
ymfK	1.01
ymfI	0.9109
ymfF	0.7202
ymfD	0.7815
spoIIIE	0.7807
yloW	1.5
yloU	0.9357
spoVM	0.0
yloR	0.6014
ymfA	1.16
dapG	1.24
spoVFB	1.24
ymxH	0.9246
ylxY	0.6949
ribC	0.8789
fmt	0.7206
priA	0.0
yloH	1.27
yloC	1.01
ylnF	0.7571
ylnD	0.78
ymfL	1.16
ymfJ	0.8926
ymfH	0.7222
ymfE	1.05
ymfC	0.8188
ymfB	0.7174
yloV	1.21
rpmB	1.1
yloS	0.742
yloQ	0.5362
yloO	0.0
yloM	0.7448
dapA	1.15
asd	1.35
spoVFA	0.8614
ymxG	0.8339
rpsO	1.21
truB	0.7213
def	0.9339
yloI	1.31
yloD	1.64
yloA	1.08
ylnE	0.8042
ylnC	0.8641
yobK	0.6063
yobI	0.9932
yozL	0.9863
yobH	0.8701
rapK	1.03
yobF	1.43
yneI	1.09
ynzD	1.12
yneE	1.23
ynzC	2.03
yneA	1.25
yndN	1.07
yozI	1.25
yobD	1.14
pps	0.0
yobA	0.9005
yoaZ	1.01
yoaV	0.8856
yndL	0.9419
yndJ	0.834
yndG	0.8356
yndD	0.7096
yndB	0.9857
ynzA	1.19
yobJ	0.5446
yozM	0.7635
yozK	1.0
phrK	1.05
yozJ	0.8576
yobE	1.4
ccdA	0.8688
yneF	1.7
tkt	0.5716
yneB	0.908
lexA	0.9491
yndM	1.05
yozH	1.19
xynA	0.9396
yobB	0.9312
penP	1.47
yoaW	1.03
yoaU	1.03
yndK	0.816
yndH	1.02
yndE	0.701
ynzB	1.37
yndA	1.09
cotC	1.44
yonR	1.53
yonT	0.9039
yonV	0.3664
yopA	0.7501
yopC	0.9271
yopE	0.9683
yosR	1.03
yosT	1.63
yosV	0.9628
yosZ	0.9532
yotB	0.9371
yotD	0.8887
yopG	0.9286
yopI	1.01
yopK	0.4519
yopM	0.6584
yopO	0.82
yopQ	1.68
yotF	1.09
yotH	0.9717
yotJ	0.8332
yotL	0.9665
yotN	0.8768
yodV	1.08
yonS	1.51
yonU	0.6215
yonX	0.8898
yopB	0.8781
yopD	1.08
yopF	0.9954
yosS	0.9964
yosU	1.05
yosX	0.7819
sspC	0.9743
yotC	0.8072
yotE	0.0
yopH	1.1
yopJ	0.7451
yopL	0.4234
yopN	0.7372
yopP	0.7994
yopR	1.54
yotG	1.04
yotI	1.04
yotK	0.8611
yotM	1.05
yodU	0.8946
cgeA	0.9852
fer	1.66
recQ	0.7098
ypbE	0.7756
ypbH	1.59
ypdA	1.73
sleB	1.02
ypcP	0.976
ypdP	1.12
ypeQ	1.16
degR	1.71
ypfP	1.17
bsaA	0.8898
ypfA	1.34
cmk	1.04
ypgA	1.05
yphB	1.05
gpsA	1.76
yphF	1.17
ypgR	0.7947
yphP	1.34
ypjP	0.9203
thyB	1.04
ypkP	0.992
yplP	0.2664
ypbB	0.8374
ypbD	0.8497
ypbF	0.8531
ypcA	0.778
ypdC	0.8316
ypeB	1.09
ypdQ	1.0
ypeP	1.08
ypzA	0.7626
cspD	1.12
metB	0.9187
ypgQ	0.7669
ypfB	1.29
ypfD	2.22
yphA	1.28
yphC	1.71
yphE	1.1
spoIVA	0.8978
ilvD	1.14
ypiP	1.13
ypjQ	1.19
dfrA	1.15
yplQ	0.3167
ilvA	0.9663
yqgA	1.13
yqgC	0.9302
yqgE	1.57
yqgG	0.8111
yqgI	0.9077
yqgK	0.6035
bfmBAB	0.7033
bmrR	1.77
yqiW	1.47
yqiY	3.52
yqjA	1.47
yqjC	1.13
yqgL	1.01
yqgN	0.639
yqgP	1.32
glcK	1.11
yqgU	0.6421
yqgW	0.9147
yqjE	1.01
yqjG	0.8998
yqjI	0.9119
yqjK	1.18
yqjM	0.8344
yqjO	2.39
yqgB	1.13
sodA	0.8948
pbpA	1.22
yqgH	0.0
yqgJ	1.12
yqzD	2.5
bfmBB	0.8863
bmr	1.36
yqiX	2.96
yqiZ	2.94
yqjB	0.9846
yqjD	0.9242
yqgM	1.01
yqgO	0.8612
yqgQ	1.09
yqgT	0.8267
yqgV	0.6999
yqgX	0.4865
yqjF	1.1
yqjH	0.8784
yqjJ	1.23
yqjL	0.8888
yqjN	0.9683
yqjP	0.9818
levE	0.8555
levG	1.06
adhA	0.8915
yraC	0.5346
yraE	0.6988
yraF	0.0
yqbK	0.7457
yqbM	1.11
yqbN	0.0
yqbQ	1.15
yqbS	0.8819
yqcA	0.9957
yraH	1.17
yraJ	0.7699
yraL	0.7743
yraM	0.9368
yraO	0.6588
sigZ	1.18
yqcD	1.04
yqxG	0.9395
yqxI	0.9862
yqcF	0.9747
yqzI	1.13
rapE	0.9238
levF	0.8683
sacC	0.7392
yraB	0.6381
yraD	1.17
adhB	0.972
yraG	1.12
yqbL	1.1
yqdB	0.9946
yqbP	0.9601
yqbR	1.09
yqbT	0.7456
yqcB	1.23
yraI	0.7455
yraK	1.53
csn	0.9317
yraN	0.7865
yrpG	0.6894
yrpE	0.66
yqcE	0.964
cwlA	1.06
yqxJ	1.02
yqcG	1.01
phrE	0.9491
yqcI	1.15
ytaF	1.05
ytbE	1.4
ytcD	1.72
ytcF	2.37
dnaB	0.9636
ytxB	0.7499
folC	0.6582
spoIIB	0.7206
ysxA	0.9691
mreC	2.23
minC	1.7
spoIVFA	1.43
thrS	1.54
lytS	1.12
ysbA	1.31
yscB	1.27
infC	0.8559
rplT	1.03
rplU	0.7823
spo0B	0.9412
p`eB	0.9726
pheB	1.01
yrxA	0.9115
nadB	1.62
nadA	0.0
ytaG	0.9965
ytbD	1.08
gapB	0.8607
ytcG	1.73
dnaI	0.928
ytxC	0.7724
comC	1.08
maf	0.8505
mreB	2.54
mreD	1.91
minD	1.38
spoIVFB	0.9051
ysaA	0.799
lytT	1.03
ysbB	0.9724
yscA	0.9445
rpmI	0.8381
ysdA	0.9821
ysxB	0.9314
obg	1.35
pheA	0.8331
nifS	1.58
nadC	0.9337
yrbA	0.803
yubA	1.17
yubC	1.2
yubE	1.85
yubG	0.873
yuaB	0.5006
gbsA	1.02
yteP	0.8551
yteR	0.9786
yteT	1.15
yteV	1.04
ytfP	1.13
ytzG	0.9886
yuaD	1.03
yuaG	0.2522
yuaJ	2.48
glgD	0.712
ytaB	0.9376
ytxN	0.8709
ytzE	1.13
ythQ	0.5667
ytjP	0.8824
ytlP	1.11
ytlR	1.0
ytmP	0.8671
yubB	1.31
yubD	1.16
yubF	1.24
yuaA	0.9583
yuaC	1.91
gbsB	1.18
yteQ	0.8915
yteS	0.9381
yteU	1.22
opuD	1.2
ytgP	0.8858
ytzF	0.8822
yuaF	0.2576
yuaI	0.3419
glgB	0.8447
glgA	0.788
ytaA	1.04
cotS	0.9745
ythP	0.7908
ytiP	1.42
ytkP	1.33
ytlQ	1.05
amyX	0.9456
ytzH	0.7696
yvrB	0.9686
yvqK	1.05
yvqI	1.21
yvqG	0.8438
yvqE	0.8504
gerAC	0.7162
yutL	2.18
paiA	1.23
yumD	8.56
yumC	1.27
yuiA	0.5353
yuiC	0.6171
gerAA	0.5992
yuxN	0.6446
yvqA	1.18
yvtB	0.9353
yusZ	1.14
yusW	0.8525
yuiE	0.9121
yuiG	1.82
yuiI	0.5687
dhbC	0.4179
dhbB	0.3867
yukL	0.8047
yvrA	0.8726
yvqJ	1.06
yvqH	1.04
yvqF	0.825
yvqC	0.8758
gerAB	0.8189
yutM	1.19
paiB	1.08
yuzG	0.9271
yumB	1.08
yuiB	0.6079
yuiD	0.9671
citG	0.9314
yvqB	1.12
yvtA	0.8987
mrgA	1.04
yusX	0.9143
yusV	1.3
yuiF	2.2
yuiH	1.16
dhbA	0.0
dhbE	0.8231
yukM	0.8104
yukJ	0.8563
yvyD	0.4249
cccB	0.9863
ftsX	2.21
yvzD	1.15
yvkA	1.09
yvkC	0.8976
yvfH	0.0
lacR	0.0
yvfM	1.0
yvfO	0.0
yvfS	1.09
yvfU	0.8837
uvrB	1.21
yvzB	2.02
yvlA	0.4909
yvlC	0.6367
yvmB	1.35
cypX	0.9694
yvfW	0.7411
yvbX	1.04
yvbV	1.1
yvbT	1.23
araE	1.1
gap	0.946
yvjA	0.8619
ftsE	2.46
yvjB	1.21
yvjD	0.932
yvkB	1.14
csbA	1.09
yvfI	0.0
yvfL	1.13
lacA	1.01
yvfR	1.12
yvfT	0.9883
yvfV	0.9013
uvrA	0.6506
yvkN	1.03
yvlB	0.5238
yvmA	1.06
yvmC	1.08
yvnA	0.7692
yvbY	0.6044
yvbW	0.0
yvbU	1.1
araR	0.0
yvbQ	1.17
pgk	0.9004
ywhR	0.9598
sbo	1.16
argS	1.0
fnr	0.9461
ywiD	0.9049
narH	0.8256
ywpD	0.8934
ywpF	1.22
ywpH	0.6964
ywqB	1.04
ywqD	1.21
ywqF	0.8733
narI	0.9814
ywjA	1.06
ywjC	1.31
ywjE	0.0
rpoE	2.11
ywjG	1.03
ywqH	1.6
ywqJ	1.55
ywqL	0.8474
ywqN	1.04
ywrA	0.7316
ywrC	0.7542
ywiA	0.9839
ywiB	0.8921
narK	0.9998
ywiC	1.32
narG	0.0
narJ	0.7789
ywpE	1.28
ywpG	1.45
ywpJ	0.0
ywqC	0.9223
ywqE	0.9745
ywqG	1.0
ywiE	1.25
ywjB	0.7695
ywjD	1.04
acdA	1.13
ctrA	2.49
spo0F	0.8087
ywqI	1.32
ywqK	1.12
ywqM	0.7685
ywqO	1.13
ywrB	1.02
ywrD	1.13
hutI	1.02
hutP	1.83
yxiB	0.9272
yxiD	1.37
yxxE	1.23
bglH	1.15
ywbA	0.969
ywbC	0.8996
ywbE	0.9443
ywbG	0.8372
ywbI	1.16
thiC	1.17
yxxF	1.14
yxiF	0.5665
yxiG	0.7117
yxzG	0.6796
yxiJ	0.5773
yxiL	0.7428
ywbO	0.647
ywcB	0.7272
ywcD	0.9281
ywzA	1.06
qoxB	0.9253
qoxD	0.7691
hutU	0.9935
yxiA	1.53
yxiC	1.55
yxxD	1.13
bglP	0.6852
yxiE	0.9327
ywbB	1.34
ywbD	0.9992
ywbF	0.9258
ywbH	0.7529
thiK	1.03
ywbM	0.7502
yxxG	0.0
yxzC	0.5702
yxiH	0.592
yxiI	0.5557
yxiK	0.6263
yxiM	0.8234
ywcA	0.8881
ywcC	1.07
galT	0.0
qoxA	0.9256
qoxC	0.8856
ywcE	0.8196
ytrP	0.7711
yprA	1.13
yloN	0.9604
yerG	0.7238
wprA	0.3891
yycJ	1.15
rocR	1.37
rocE	1.77
phrG	0.7548
yycN	1.01
yycP	0.7044
topB	1.2
polA	1.02
mmgA	1.16
ileS	0.7485
dinG	0.6093
carB	0.5199
yycR	0.8159
yydA	0.9887
yydC	0.6681
fbp	0.9836
yydG	0.776
yydI	0.9875
ytsD	0.9633
yrvE	1.14
yloP	0.6179
ykuA	0.9067
ydhL	0.936
valS	0.8827
yyxA	1.1
rocD	0.8245
rocF	1.45
rapG	0.9015
yycO	1.08
yycQ	1.02
smc	0.6845
murD	0.9275
lonA	1.22
hrcA	1.08
cheA	1.17
alaS	1.19
yycS	1.14
yydB	0.9466
yydD	0.7302
yydF	0.4835
yydH	0.9257
yydJ	0.9284
yveM	0.6943
yutK	1.17
yueB	0.5443
yufK	1.39
ytpQ	1.04
ytmO	0.807
yndF	0.9245
pksL	0.2206
mcpC	1.11
yisZ	0.9638
ydbH	1.41
ybxG	1.15
ysdB	0.8241
yrhE	1.01
yqcC	1.04
ponA	1.05
yomI	1.03
cgeC	0.5273
wapA	0.3394
ppsA	0.9034
pksM	0.3974
yetO	0.7251
rpoC	0.6504
dra	1.37
yvfQ	0.6906
yukA	0.5297
yuxO	0.7496
glgC	1.07
yttP	1.07
pykA	0.9717
pksP	0.5188
pksK	0.3761
oppD	0.8703
srfAA	0.5269
yccK	0.8466
secE	0.9114
rpmA	0.8492
yrpC	1.26
yqgS	1.02
ypbR	1.08
yorL	0.892
odhA	0.6077
dhbF	1.39
pksR	0.5429
yfkN	0.7521
gutR	0.9216
yxeF	0.0
galK	0.0
rbcL	0.7635
aceF	1.14
kdtA	1.06
tufA_E	1.22
yazC	0.4317
yrhC	0.9245
yerC	0.7942
yshA	1.11
yoqX	1.02
yacF	1.03
yhcD	0.0
yetG	1.24
ywnG	1.16
ywqA	0.6963
degU	1.14
yvnB	0.0
cysS	0.5388
yqjU	0.8597
ylaI	1.0
yuaE	0.5494
yqaD	0.9743
yozD	0.0
yazB	0.9564
yfnB	0.8524
ywmD	1.35
glcR	1.06
ggaB	1.31
prfB	0.8047
yvoD	0.7902
ybcD	0.0
ndhF	4.32
adaA	1.2
ybbU	1.02
ybbT	0.8043
ybbP	1.08
folK	0.9214
sul	1.07
pabA	1.31
cysK	1.3
yacC	1.36
sigW	1.07
ybbJ	1.17
ybbH	0.9722
ybbE	0.8407
ybbC	0.8446
feuA	0.8619
yabT	0.7191
yabR	0.7332
yabQ	1.03
yabO	1.12
spoVT	0.8403
ybcC	4.24
adaB	1.24
alkA	1.06
glmS	1.83
ybbR	0.9798
ybbM	1.03
folA	0.8955
pabC	1.12
pabB	1.15
yacD	0.7133
yacB	1.59
ybbK	1.12
ybbI	0.0
ybbF	0.6792
ybbD	0.8265
ybbB	1.08
feuB	0.862
yabS	0.663
divIC	0.707
yabP	1.24
yabM	1.69
spoVC	1.3
ydaB	1.06
ycsN	0.8284
yczI	1.54
ycsO	0.4287
ycsI	0.5345
ycsE	2.14
ycgF	1.16
mdr	1.79
lctE	5.18
ycgB	1.16
opuAC	0.6151
yceK	0.9464
yczH	0.9181
ycsA	1.07
mtlA	0.9669
ycnK	0.6317
ycnI	0.9242
ycxE	1.03
yceI	1.44
yceF	0.9363
yceD	0.7504
yceB	1.06
ycdI	1.4
ycdG	1.18
ydaA	0.7938
yczJ	1.48
ycsK	0.6008
ycsJ	0.7036
ycsF	0.479
ycsD	1.07
ycgE	1.16
lctP	10.7
amyE	1.2
ycgA	0.7706
opuAB	0.8299
yceJ	1.04
sipU	1.22
mtlD	1.34
ycnL	0.7758
ycnJ	0.6695
gdh	0.6988
ycnH	1.37
yceG	0.973
yceE	0.9243
yceC	0.5789
yceA	1.37
ycdH	2.34
ycdF	1.26
ydjJ	0.6324
ydjH	0.4387
ydjF	0.3808
gutB	1.18
ydjB	1.12
ydiR	1.03
ydeI	1.46
ydeG	1.34
ydeE	1.55
ydeC	1.63
ydeB	0.6635
ydeA	1.22
ydiP	1.22
ydiN	1.12
groEL	1.58
ydiL	1.15
ydiJ	0.8113
ydiH	1.5
yddS	1.22
yddQ	1.23
lrpA	1.05
phrI	1.15
yddJ	3.29
yddH	1.01
ydjI	0.7559
ydjG	0.3961
ydjE	1.06
ydjC	0.9075
ydiS	0.9434
ydiQ	0.7613
ydeH	0.0
ydeF	1.33
ydeD	1.31
ydzE	1.01
cspC	0.4224
yddT	3.61
ydiO	1.24
ydiM	1.05
groES	1.6
ydiK	1.35
ydiI	1.03
ydiG	1.35
yddR	1.96
lrpB	1.41
yddM	1.61
rapI	1.46
yddI	1.08
yddG	0.0
yfiR	0.8578
lipB	2.08
yfiN	0.9759
yfiL	1.4
yfiJ	1.21
yfiH	0.8425
yfnE	1.0
yfnG	1.27
yfnI	1.25
yetL	1.59
yetJ	1.05
yezB	1.41
yfiF	1.21
yfiD	1.15
glvC	0.8592
glvA	0.8652
yfjB	1.04
yfjD	0.6898
yetH	1.93
lplD	1.06
lplB	0.9323
yetA	0.0
yesX	1.22
yesV	0.9135
yfiQ	1.09
yfiO	1.19
yfiM	1.08
yfiK	1.24
yfiI	1.0
yfiG	1.16
yfnF	1.2
yfnH	0.8171
yetN	1.41
yetK	1.24
yezD	0.929
yetI	1.22
yfiE	1.15
yfiC	0.8149
yfiA	1.07
yfjA	0.9358
yfjC	0.6903
yfjE	0.6278
yetF	1.18
lplC	1.15
lplA	1.08
yesZ	0.8673
yesW	1.37
yesU	1.13
yhjC	0.8209
yhxD	0.7588
yhzC	1.09
yhfW	0.8669
yhfU	1.04
yhfS	0.4322
ygxB	1.25
yhdD	1.29
yhdB	1.2
yhcZ	0.0
yhxB	1.1
glpK	2.46
yhfO	0.764
yhfN	0.0
yhfL	1.02
yhfJ	0.7742
yhfH	1.25
yhfF	0.5803
glpP	0.8045
yhcX	0.7931
yhcV	1.01
yhcT	0.8366
yhcR	0.8134
yhcP	1.14
yhjA	1.05
comK	0.8555
yhxC	0.9915
yhfV	0.6803
yhfT	0.6776
yhfP	1.07
yhdE	1.11
yhdC	1.05
yhdA	1.01
yhcY	1.01
glpD	0.6716
glpF	1.39
aprE	1.08
yhfM	1.08
yhfK	1.18
yhfI	0.7937
gltT	1.02
yhfE	0.7635
yhxA	1.05
yhcW	1.06
yhcU	1.2
yhcS	0.672
yhcQ	1.79
yhcO	1.14
yjqB	1.26
xlyB	0.9356
phrA	0.6671
yjoB	0.5217
yjnA	0.7019
yjmI	0.5611
yjbC	0.274
oppF	0.9808
oppB	1.06
trpS	0.8289
appC	0.3161
appA	0.3147
yjmG	1.33
yjmE	0.8849
yjmC	0.9865
yjmA	0.6937
yjlC	0.9311
yjlA	1.14
appD	1.29
yjaY	1.19
yjzA	1.35
yjaV	1.06
yjzD	1.2
argF	0.5408
yjqA	0.9898
yjpA	0.8736
rapA	0.7137
yjoA	0.593
yjmJ	0.8786
yjmH	0.9076
yjbB	1.46
oppC	0.8789
oppA	1.21
yjbA	0.4951
appB	0.3785
appF	0.785
yjmF	0.7808
yjmD	1.3
yjmB	1.11
yjlD	1.36
yjlB	1.08
yjkB	0.9244
yjaZ	0.812
yjzB	1.19
med	1.19
yjaU	1.2
yjzC	0.5611
pdhA	2.03
ykrB	1.64
ykzG	1.01
adeC	1.65
ykqA	0.7573
abh	1.33
ykrL	0.6845
sspD	0.876
ykoZ	1.38
ykoV	0.8691
ykoT	0.9634
ykoQ	1.13
ykpC	1.09
ykpB	1.02
ykoA	0.7849
fruA	1.18
yknZ	0.3922
yknX	0.5303
ykoN	0.8786
ykoL	0.606
tnrA	1.48
ykzD	0.9728
ykoI	1.02
ykoG	0.7706
ykyA	1.45
ykrA	1.19
ykqC	1.22
ykqB	0.9773
kinC	0.9049
mreBH	1.32
ykrK	0.863
ykrI	1.49
ykoX	1.0
ykoU	1.09
ykoS	1.24
ykoP	2.32
ampS	0.7806
ykpA	1.77
sipT	0.8387
fruR	0.9583
yknY	0.5228
yknW	0.8658
ykoM	0.6664
ykzB	1.45
ykoK	1.97
ykoJ	0.983
ykoH	0.8759
ykoF	0.7778
rbfA	1.33
infB	0.0
ylxR	1.43
ylxS	1.21
yluC	0.8819
cdsA	0.8698
ylnB	0.7589
cysH	0.7581
pyrF	1.14
pyrDII	1.08
pyrC	1.97
pyrP	1.82
frr	1.02
tsf	1.53
ylxL	1.42
cheD	1.43
cheW	1.27
cheB	0.818
ylyB	1.71
ylyA	1.0
divIVA	0.9002
ylmG	0.9424
ylmE	0.921
ylmC	0.513
ylxP	1.28
ylxQ	1.32
nusA	1.52
proS	0.7904
yluB	0.9995
yluA	1.14
ylnA	0.7268
pyrE	1.28
pyrD	1.1
pyrAA	1.57
pyrB	1.75
pyrR	1.09
smbA	1.06
rpsB	3.98
sigD	1.42
cheC	1.41
ylxH	1.04
lsp	1.04
ylmH	0.8452
ylmF	0.9505
ylmD	0.8783
ylmB	0.4924
yoaT	1.28
yoaS	1.76
yozF	0.9846
yoaP	1.03
yoaN	1.13
pelB	1.11
yncM	1.3
ynzH	0.95
yncE	1.22
yncC	1.11
xylB	1.14
xylR	1.61
yoaJ	0.9206
yoaH	1.44
yoaF	0.6507
yoaD	1.06
yoaB	0.7734
yoxB	0.7562
ynaJ	0.7405
ynaG	1.31
ynaE	1.52
ynaC	1.95
ynzG	1.28
ynxB	1.29
yozG	1.13
yoaR	0.724
yoaQ	1.12
yoaO	0.8051
yoaM	1.22
yoaK	0.9883
thyA	1.2
yncF	1.03
yncD	0.5977
yncB	1.45
xylA	1.59
xynB	1.42
yoaI	0.7674
yoaG	0.609
yoaE	0.7365
yoaC	0.8651
yoaA	1.28
yoxC	0.9398
ynaI	1.18
ynaF	1.13
ynaD	0.6015
ynaB	1.41
ynzF	1.06
glnA	0.4584
yopS	0.7821
yopU	0.9827
yopW	0.9807
yopY	1.06
yoqA	0.685
yoqC	1.03
cgeD	1.21
yodT	0.9252
yodR	0.9629
yodP	0.9028
yozE	1.1
yodM	0.9941
yoqE	0.8575
yoqG	0.8017
yoqI	1.03
yoqK	0.9517
yoqM	0.9896
yoqO	1.42
deoD	1.26
yodI	0.9375
ctpA	0.0
yodE	0.8732
yodC	1.55
yojA	0.7664
yopT	0.9738
yopV	0.9287
yopX	0.7432
yopZ	1.0
yoqB	0.7781
yoqD	0.9658
cgeE	1.17
yodS	0.5708
argE	0.8165
yodO	0.9945
yodN	1.23
yodL	0.9271
yoqF	0.9281
yoqH	0.9787
yoqJ	1.01
yoqL	1.12
yoqN	1.26
yoqP	0.9826
yodJ	1.24
yodH	0.9589
yodF	0.6185
yodD	0.9954
yodA	1.2
yojB	0.9609
hbs	0.5216
mtrB	1.35
gerCB	0.957
ndk	0.8228
aroF	1.1
aroH	0.9326
ypmP	0.765
ypmR	0.8908
ypmT	1.11
ypoP	0.7712
yppQ	1.66
yokA	1.93
trpD	0.6724
trpF	0.5844
trpA	0.7719
tyrA	0.6016
ypiA	0.9293
ypiF	0.3486
yokC	1.1
yokE	0.9709
yokG	1.4
yokI	0.8924
yokK	1.27
yolA	0.9163
mtrA	1.28
gerCA	1.23
gerCC	0.82
cheR	0.9656
aroB	1.13
trpE	0.9989
ypmQ	0.7484
ypmS	1.06
ypnP	1.1
yppP	1.39
ypqP	1.4
yokB	1.89
trpC	0.5593
trpB	0.5156
hisC	0.5731
aroE	0.5097
ypiB	0.5098
qcrA	0.8895
yokD	0.7457
yokF	0.962
yokH	1.58
yokJ	0.9934
yokL	1.11
yolB	1.15
yqgY	1.5
yqhA	1.38
yqxL	0.9909
comGB	0.5058
comGD	0.568
comGF	0.4819
yqjQ	0.752
yqjS	0.8434
yqjV	1.06
yqjW	0.8911
yqjY	1.04
yqkA	0.7977
yqzE	0.4694
yqxM	1.17
cotN	0.6444
sinI	0.8209
yqhH	0.9605
yqhJ	0.7729
yqkC	0.9413
yqkE	1.39
yqkG	1.08
ansA	0.986
yqkI	2.45
yqkK	1.02
yqgZ	1.07
yqhB	0.9845
comGA	0.5563
comGC	0.5766
comGE	0.5473
comGG	0.5721
yqjR	0.7177
yqjT	0.9014
yqzH	1.14
yqjX	0.9951
yqjZ	1.0
yqkB	1.09
yqzG	0.5991
sipW	1.12
sinR	0.7859
yqhG	0.9652
yqhI	0.7841
yqhK	0.7338
yqkD	1.05
yqkF	0.5814
ansR	0.9506
ansB	1.39
yqkJ	2.1
spoIIM	0.7498
yrpD	0.6986
aadK	0.9786
yrdB	1.13
yrdD	0.956
yrdF	1.03
azlC	1.14
yqcJ	1.21
yqcL	1.14
spoIVCA	1.19
nucB	1.01
yqeC	0.9424
yqeE	0.7007
brnQ	1.03
gltR	1.12
czcD	0.8985
yrdQ	2.09
yrkA	0.6725
blt	0.6589
yqeG	0.9974
aroD	0.8478
yqeJ	0.8362
yqeL	1.09
comER	0.7668
comEB	1.16
yrpB	1.41
yrdA	0.9433
yrdC	0.6195
cypA	0.9736
azlB	1.14
azlD	1.28
yqcK	1.51
yqcM	1.47
spoIVCB	0.9826
yqeB	1.15
yqeD	0.7751
yqeF	1.07
yrdK	0.92
yrdN	1.06
trkA	0.0
yrdR	1.34
bltD	1.09
bltR	0.7687
yqeH	0.9205
yqeI	0.95
yqeK	0.9994
yqeM	0.9679
comEA	0.9636
comEC	0.9106
ysdC	0.9643
araA	1.19
araD	1.32
araM	1.53
araP	1.02
abfA	1.04
yrbB	0.8211
yrbD	0.8746
yrzG	1.15
yrbE	1.13
bofC	0.969
ruvB	1.32
ysfE	0.7245
ysfC	0.9764
ysfA	1.07
pheS	1.27
ysgB	1.11
yshC	1.29
tgt	0.9985
yrzE	0.9231
spoVB	0.6649
yrvB	0.854
yrvC	0.9099
abnA	0.8567
araB	1.05
araL	1.14
araN	0.9671
araQ	0.9519
cstA	1.12
yrbC	1.42
yrzH	1.15
yrzF	1.29
csbX	1.14
ruvA	1.59
queA	1.25
ysfD	0.7205
ysfB	0.8938
ysgA	0.9792
pheT	0.9689
yshB	0.891
yshD	0.0
yrbF	0.5273
yrbG	0.9506
yrzD	0.8912
secF	0.8175
yrvD	0.9724
apt	1.15
ytxO	0.9533
ytcB	0.9036
ytdA	0.9822
menF	1.24
ytxM	0.9441
menE	0.9697
ytmQ	0.0
malS	0.4821
ytoP	1.12
ytpP	0.8986
ytpS	0.95
murC	0.6643
ytgA	0.0
ytgC	0.7094
ythB	0.68
ytiA	0.8745
ytjA	1.38
ytkA	0.8601
ytxH	0.5641
aroA	1.35
ytxD	1.01
acuC	0.7298
acsA	0.9242
rpsD	0.9938
ytcC	0.9528
ytcA	0.871
yteA	0.9762
menD	1.08
menB	1.04
ytfD	0.9957
ytnP	0.576
ytzB	0.7488
ytoQ	0.9477
ytpR	1.35
ytpT	0.8532
ytxG	0.7222
ytgB	0.8557
ytgD	0.5208
ythA	0.6559
ytiB	1.28
ytjB	1.22
dps	0.8731
ytxJ	0.7531
ccpA	2.95
ytxE	1.09
acuA	0.879
tyrS	0.9027
yusU	0.8782
yusS	1.1
yusQ	1.29
yusO	0.8076
yusM	0.9923
yusK	0.9478
yuxI	0.9769
yukE	0.9682
yukC	1.18
yueC	0.5384
yueE	1.94
yuzE	1.18
yusI	0.6213
yusG	0.7068
yusE	1.33
yusC	2.88
yusA	2.65
yurY	1.86
yueG	1.02
yueI	0.9533
yueK	0.853
yuzC	0.6847
comQ	1.49
comP	0.8366
yusT	1.06
yusR	0.9018
yusP	0.7708
yusN	0.9044
yusL	0.0
yusJ	1.22
ald	0.8617
yukD	1.16
yukB	0.8659
yueD	0.6814
yuzF	1.28
yueF	0.8563
yusH	0.6405
yusF	1.18
yusD	1.57
yusB	2.83
yurZ	1.48
yurX	2.04
yueH	1.07
yueJ	1.01
yuxH	0.9556
degQ	1.16
comX	1.07
comA	0.9396
yvoA	1.25
nagA	1.89
lgt	0.6399
yvpA	0.8829
hisZ	0.7869
hisD	0.595
tpi	0.0
eno	0.0
yvbJ	0.6285
yvbH	1.75
yvbF	1.28
opuCB	1.49
hisH	0.6039
hisF	0.5587
yvcA	1.91
yvzA	1.18
yvcD	0.9485
trxB	1.96
opuCD	0.8679
yvaZ	1.02
yvaX	0.7356
yvaV	1.32
opuBC	1.27
yvaQ	1.27
nagB	1.33
yvoB	0.9988
yvpB	1.12
hisG	0.6247
hisB	0.5935
pgm	0.9508
yvbK	0.9505
yvbI	1.09
yvbG	1.46
opuCA	1.66
opuCC	1.64
hisA	0.6152
hisI	0.6127
yvcB	1.49
yvcC	0.0
yvcE	3.28
yvcI	1.19
yvbA	0.9553
yvaY	0.2004
yvaW	1.23
opuBB	1.01
opuBD	0.0
yvaP	1.28
fbaA	1.08
murZ	0.8594
rpmE	2.59
ywkB	0.9193
ywkD	0.7966
ywkE	1.15
ywrE	0.7876
cotG	1.1
cotB	1.04
ywrK	0.8391
alsS	1.33
ywrO	0.6212
ywlA	1.2
ywlB	1.12
ywlE	1.56
ywlG	1.56
upp	0.9398
atpB	0.7175
ywsB	1.39
rbsC	1.11
rbsD	1.1
rbsR	1.11
ywtA	1.16
ywtC	0.8501
ywjH	0.8914
ywjI	0.7485
ywkA	1.04
ywkC	0.9437
prfA	1.6
ywkF	1.12
ywrF	1.12
cotH	1.1
ywrJ	1.81
alsR	0.9628
alsD	1.33
ywsA	0.8183
spoIIR	1.16
ywlD	1.5
ywlF	1.59
glyA	0.721
atpI	0.7659
atpE	0.8939
rbsB	1.32
rbsA	0.9973
rbsK	1.05
ywsC	1.02
ywtB	0.9468
ywtD	0.8783
deaD	0.8384
yxiP	1.15
bglS	0.9568
katB	1.18
yxiT	1.23
yxjB	1.21
ywcF	2.08
ywcH	1.39
ywcI	0.7936
ywcJ	2.22
sacA	1.17
thiD	1.12
yxjD	0.9993
yxjF	0.9223
yxjH	0.928
yxjJ	0.7935
yxjL	0.9393
yxjN	0.9544
ywdD	1.07
ywdF	1.24
ywdH	1.04
ywdJ	2.05
ywdL	1.03
spsB	0.9958
yxiO	0.8419
licT	1.48
yxiQ	1.15
yxiS	1.14
yxjA	2.8
yxjC	1.1
ywcG	1.59
vpr	0.8613
sacT	0.8761
sacP	0.8175
ywdA	1.19
ywdC	1.27
yxjE	0.9197
yxjG	0.6985
yxjI	0.722
pepT	0.5418
yxjM	0.8619
yxjO	0.8813
ywdE	0.977
ung	1.28
ywdI	1.45
ywdK	1.53
spsA	1.19
spsC	0.9888
rnpA	0.8474
jag	0.7333
gidB	1.36
yydK	0.9782
bglA	1.14
ahpC	1.22
gntP	1.66
gntR	1.29
yxaB	1.47
yyaB	1.08
spo0J	1.34
yyaD	1.04
yyaF	1.31
ssb	1.12
exoA	1.06
yxaD	1.09
yxaF	1.03
yxaH	0.8576
yxaJ	0.9044
yxaM	0.6636
yxbB	0.9869
rpmH	0.8021
spoIIIJ	0.7259
thdF	1.81
yyaA	1.15
yyzE	1.23
ahpF	1.39
gntZ	1.92
gntK	1.31
yxaA	1.38
yxaC	1.47
soj	1.43
yyaC	1.16
yyaE	0.9735
rpsF	0.8945
rpsR	0.8065
yyaG	1.08
yxnA	1.13
yxaG	1.68
yxaI	2.58
yxaL	0.8399
yxbA	1.06
yxbC	1.25
gltA	0.0
ppsE	0.4788
ebrA	1.16
ymfG	0.8195
bpr	0.0
cheV	0.892
rho	1.1
tagD	0.8952
yvfE	0.4134
yvgP	0.0
yurC	0.0
aapA	1.06
spoIIS	0.8886
xtmB	0.9807
yhjN	0.9899
yhaA	0.7071
yheJ	1.09
yfmB	1.0
yqhQ	1.06
yosN	0.9551
pnpA	0.0
flhA	0.8816
fliP	0.8693
fruB	1.27
ppsC	0.5463
yngB	1.26
pyrAB	1.37
polC	0.8184
pycA	0.9952
ptsH	1.11
tdk	1.56
yvfC	0.8866
yvfK	1.04
yusY	1.14
ysnF	1.05
lepA	0.0
xkdO	0.8609
yirY	0.5236
yhfQ	2.0
yhaQ	0.9209
yfkL	1.48
yfnC	0.9252
spoIIIAG	1.17
yojG	1.44
flhF	0.9093
flhB	0.9237
cheY	1.03
moaD	0.8034
hprT	1.25
yvoF	1.04
yvdS	0.9327
sacB	0.9031
ffh	0.982
ssuC	1.04
yvfP	0.8361
ctc	1.14
ppsB	0.4667
yvgR	0.2768
ydjK	0.9658
spoIIE	0.0
ywbL	0.9897
sigL	0.7094
yacA	0.88
yvdR	0.8317
yveB	1.09
yqxK	1.13
yhaR	1.14
pnbA	0.9265
ytnM	0.997
prs	0.989
ykoW	1.06
cotA	0.9345
ydjA	0.8966
hutH	0.7123
secA	0.9287
ybaS	1.43
ybaN	0.7543
gerD	0.8351
cwlD	1.18
ybaJ	1.14
rplM	1.53
gcaD	1.01
yabJ	1.49
yabH	0.7657
veg	0.3291
ksgA	0.8806
ybaF	0.5089
ybxA	0.477
rpoA	1.25
rpsM	1.07
infA	1.07
adk	1.04
abrB	1.07
yazA	0.8596
yabA	1.16
holB	1.02
yaaQ	1.19
ybaR	1.22
kbaA	0.7421
ybaL	1.04
ybaK	1.34
rpsI	1.87
truA	1.1
spoVG	0.5163
purR	1.41
sspF	0.6532
yabG	1.09
yabF	1.02
ybaE	0.5372
rplQ	1.28
rpsK	1.1
rpmJ	1.07
map	1.11
secY	1.12
yabC	0.9894
yabB	0.9343
yaaT	1.5
yaaR	1.19
tmk	0.8977
ycnG	1.06
yczG	0.9698
ycnD	0.7694
yclQ	1.45
yclO	1.4
yclM	1.68
rapJ	0.9312
ycdC	1.1
natB	1.42
yccH	1.16
yccF	1.16
yczB	1.22
yclK	1.52
yclI	0.9166
gerKB	0.7295
gerKA	0.898
yclE	0.7432
yclC	1.13
cwlJ	1.04
ycbO	0.8721
ycbL	1.02
yczA	0.9167
ycbH	1.07
ycbF	0.7685
ycnF	1.22
ycnE	0.7148
ycnC	1.16
yclP	1.54
yclN	1.29
rapC	1.18
ycdD	1.14
ycdA	1.08
natA	1.42
yccG	1.15
lipA	0.6449
phoD	0.9366
yclJ	2.29
yclH	1.04
gerKC	1.06
yczF	0.9571
yclD	1.17
yclB	1.08
ycbP	1.58
ycbN	1.02
ycbK	1.02
ycbJ	1.6
ycbG	1.61
ycbE	1.12
ydiF	1.55
ydiD	0.8332
ydiB	1.07
ydhU	0.849
ydhS	1.06
ydhQ	1.07
yddF	1.01
yddC	1.04
yddA	1.14
ydcS	1.02
ydcQ	0.9312
ydcO	0.8961
ydhO	1.18
ydhM	0.2347
ydhK	1.5
ydhI	1.34
ydhG	0.9274
ydhF	0.8572
ydcN	1.09
ydcL	1.26
ydcH	1.27
ydcF	0.9048
sigB	1.14
rsbU	0.9184
ydiE	0.8588
ydiC	0.9003
ydiA	1.04
ydhT	1.06
ydhR	1.02
ydhP	0.9551
yddD	0.9419
yddB	0.8648
ydcT	0.9977
ydcR	1.15
ydcP	0.9612
sacV	1.01
ydhN	0.3764
ydhJ	0.965
ydhH	1.07
phoB	0.8686
ydhE	1.18
ydcM	0.9864
ydcK	0.0
ydcG	1.23
rsbX	1.31
rsbW	1.19
rsbT	1.04
yfjF	0.9599
acoR	1.22
acoC	1.13
acoA	1.07
yfjM	0.992
yfjO	0.8315
yesT	1.51
yesR	1.31
yesP	1.07
yesM	0.0
yesK	0.8385
cotJB	0.9207
yfjQ	0.8953
yfjS	0.7167
yfkA	1.53
yfkC	1.2
yfkE	1.16
yfkJ	0.9071
yesF	0.7975
yeeK	1.12
rapH	0.0
yezA	1.12
yeeC	1.28
yeeA	0.0
yfjU	0.9722
acoL	0.9619
acoB	0.9908
yfjL	0.9594
yfjN	1.4
yfjP	1.43
yesS	0.5323
yesQ	1.64
yesO	1.1
yesL	1.1
yesJ	0.8171
cotJA	0.9537
yfjR	0.986
yfjT	0.8946
yfkB	1.42
yfkD	1.21
yfkH	1.21
yfkK	1.01
yesE	0.4879
yeeI	0.0
yeeG	0.9156
yeeD	0.9816
yeeB	0.947
yefC	0.0
yhfD	0.74
yhfB	0.5876
yhgD	1.18
hemH	1.03
pbpF	1.05
yhgB	0.8788
yhcN	1.14
yhcL	0.7883
yhcJ	0.6945
yhcI	1.02
yhcG	1.28
yhcE	1.49
ecsC	0.6778
ecsA	0.9166
serC	1.44
yhaH	0.9194
yhaI	0.6376
yhaK	1.63
yhcB	1.51
yhbJ	0.7531
yhbH	1.12
yhbF	1.08
yhbD	1.12
yhbA	1.33
yhfC	0.7051
yhgE	1.45
hemY	0.7809
hemE	1.01
yhgC	0.9172
yhfA	0.8688
yhcM	0.4579
yhcK	1.06
cspB	1.5
yhcH	1.21
yhcF	1.34
yhcC	1.85
ecsB	0.9261
hit	0.743
yhaG	1.01
hpr	0.7633
yhaJ	1.14
prsA	0.9417
yhcA	0.5404
yhbI	0.8198
prkA	1.23
yhbE	1.15
cspR	1.34
yhzB	1.83
yjkA	1.1
yjiC	1.1
yjiA	1.27
yjhA	0.8992
yjgB	0.7074
yjfC	0.7379
carA	0.6434
argB	0.5185
argC	0.6686
yitY	0.9659
yitW	0.0
yitU	0.7716
yjfA	0.9441
cotT	0.8131
yjdJ	1.34
yjdG	1.31
yjdE	1.33
yjdC	0.9679
yitT	1.16
nprB	1.04
yitQ	0.8656
yitO	1.14
yitM	0.3887
yitK	1.39
yjjA	1.21
yjiB	1.03
yjhB	0.7503
yjgD	2.01
yjgA	0.8424
yjfB	1.51
argD	0.6163
argJ	0.6264
yitZ	0.9021
yitX	0.807
yitV	1.09
ipi	1.01
yjeA	0.6079
yjdK	0.7776
yjdI	0.859
yjdF	0.8444
yjdD	0.961
yjdB	1.01
yitS	1.1
yitR	0.8177
yitP	1.17
yitN	0.7719
yitL	1.37
yitJ	0.5493
yknV	0.8495
moaE	0.8339
moeA	1.21
mobA	1.06
ykuV	1.25
ykuT	1.13
ykoE	0.6982
ykoC	0.8862
ispA	0.96
yknA	1.99
ykmA	1.15
proA	0.5423
ykuR	1.14
ykuP	0.6357
ykuN	0.6127
ykuL	0.8857
ykuK	0.8422
ykuI	0.8348
ykkE	2.34
ykkC	0.7529
ykkA	1.36
ykzH	1.0
ykhA	1.51
ykgB	0.885
yknU	0.0
mobB	1.06
moeB	1.02
ykuW	1.5
ykuU	1.32
ykuS	1.38
ykoD	0.8009
ispU	1.09
metC	0.0
ykzA	1.56
yklA	0.6207
proB	1.02
ykuQ	1.4
ykuO	0.6669
ykuM	0.9896
ykzF	1.01
ykuJ	0.9251
ykuH	1.29
ykkD	1.13
ykkB	0.9322
ykjA	1.01
hmp	1.4
ykgA	0.8051
ykfD	0.743
fliR	0.9765
fliZ	1.1
fliM	0.8691
flgE	1.05
fliK	0.827
fliJ	0.8064
ylmA	0.6619
sigE	1.34
ftsZ	1.32
sbp	0.8684
ylxW	0.9098
murB	0.8492
fliH	0.8808
fliF	0.9965
flgC	1.1
codY	1.17
clpQ	1.36
gid	1.36
spoVE	0.9461
mraY	1.04
pbpB	1.0
ylxA	0.7029
yllA	0.8019
ylbP	0.9284
fliQ	0.9874
fliY	0.8303
fliL	0.9315
ylxG	0.7792
ylxF	0.8127
fliI	0.8446
sigG	1.02
spoIIGA	1.05
ftsA	0.9245
ylxX	0.8602
divIB	1.02
murG	1.02
fliG	0.9861
fliE	0.9899
flgB	1.1
clpY	1.24
codV	1.34
topA	1.05
murE	1.33
ftsL	0.9519
yllB	0.0
ylbQ	0.9648
ylbO	1.11
yoxD	0.7857
proH	0.8501
gltC	0.9139
yogA	0.6359
ggt	0.9767
yoeC	0.6405
glnR	0.7324
ynbA	0.9656
cwlC	0.9734
nrdF	0.9153
ymaA	1.33
ymzC	0.9078
yoeA	1.06
pbp	0.5986
yngK	0.6497
yngJ	0.79
yngH	1.01
yngF	0.9748
miaA	1.02
ymaG	0.8924
ymaD	0.8019
aprX	1.01
ymzB	0.7611
pksN	0.6962
rtp	0.6202
proJ	0.5902
gltB	0.3879
yofA	0.9563
yoeD	0.7836
yoeB	0.2799
ynbB	1.32
spoVK	1.08
ymaB	0.8567
nrdE	1.04
ymzA	1.3
ymaH	0.6032
yoxA	0.658
yngL	0.9538
ynzE	1.04
yngI	0.7087
yngG	1.35
yngE	0.9698
ymaF	0.9236
ebrB	1.11
ymaC	1.36
ymaE	0.8077
pksS	0.836
pksJ	0.0
yoqR	0.8473
yoqT	0.8956
yoqV	1.07
yoqY	0.8575
yorA	0.7188
yorC	0.8542
yojC	0.9728
yojF	1.32
yojI	1.08
yojK	1.09
yojM	0.5611
yojO	1.34
yorE	0.6659
yorG	0.5015
yorI	0.7007
yorK	0.8917
yorN	0.8885
yorP	1.05
yocS	1.38
sodF	2.81
dhaS	0.831
yozO	0.5222
yozN	0.8455
yocL	0.7631
yoqS	0.837
yoqU	0.9251
yoqW	0.0
yoqZ	1.0
yorB	1.74
yorD	1.01
yojE	1.16
yojH	0.9477
yojJ	0.8256
yojL	0.6971
yojN	1.34
odhB	0.5547
yorF	0.8274
yorH	0.7066
yorJ	0.0
yorM	0.0
yorO	0.9772
yorQ	0.9591
yocR	1.32
sqhC	0.9172
yozC	0.2921
yocN	0.7701
yocM	0.7535
yocK	0.6944
qcrC	0.8116
ypjB	1.28
ypjD	1.16
ypjF	0.6607
ypjH	0.593
birA	0.5196
yolC	0.7705
uvrX	1.14
sunA	1.32
yolI	1.67
yolK	0.9771
yomB	0.8365
panC	1.04
ypmB	0.5664
asnS	1.18
nth	0.9222
yppB	1.01
yomD	0.8838
yomF	0.9843
yomH	1.08
yomK	1.87
yozP	1.11
yomN	1.01
ypjA	1.21
ypjC	1.05
dapB	0.8593
ypjG	0.6671
papS	0.4663
panB	1.29
yolD	1.09
yolF	2.46
sunT	0.0
yolJ	1.48
yomA	0.9813
yomC	0.8419
panD	1.04
ypmA	0.0
aspB	0.5355
dnaD	0.9452
ypoC	1.14
yppC	0.894
yomE	1.02
yomG	0.0
yomJ	1.65
yomL	3.75
yomM	1.07
yomO	0.0
yqhL	1.13
yqhN	1.39
yqhP	1.09
yqhS	0.7705
efp	1.51
spoIIIAA	1.19
yqkL	1.68
drm	1.08
dacF	0.9866
spoIIAB	0.6321
spoVAA	1.04
spoVAC	0.9227
spoIIIAC	1.12
spoIIIAE	1.03
spoIIIAH	0.9391
accC	1.42
yqhZ	0.8898
yqiB	0.8387
spoVAE	0.949
lysA	0.8055
ppiB	0.7934
ypuB	0.93
ypzC	1.81
ypuD	1.01
yqhM	1.12
yqhO	1.21
yqhR	0.9576
yqhT	0.9758
yqhV	0.9821
spoIIIAB	0.9449
ripX	0.9288
pnp	1.33
spoIIAA	0.711
sigF	0.7335
spoVAB	0.9653
spoVAD	1.01
spoIIIAD	0.9038
spoIIIAF	0.8073
accB	1.47
yqhY	1.55
folD	0.9912
yqiC	0.9628
spoVAF	1.25
ypuA	1.06
ypzD	1.24
ypuC	0.9439
sipS	1.26
ypuE	1.06
yrkB	1.22
yrkD	1.52
yrkF	1.19
yrkH	1.09
yrkJ	1.22
yrkL	1.93
yqeN	0.9804
gpr	1.0
yqxA	0.9053
dnaK	0.8402
yqeT	0.8551
yrkN	1.13
yrkP	1.13
yrkR	0.9727
spoIIIC	0.7915
yqaC	0.8271
yqaF	1.09
yqeV	0.0
rpsU	0.8319
yqeZ	0.0
yqfB	0.6965
yqfD	0.0
yqfF	1.01
yrkC	1.09
yrkE	1.04
yrkG	1.05
yrkI	0.9763
yrkK	1.5
yrkM	0.61
rpsT	0.7552
spoIIP	0.0
hemN	0.8936
grpE	0.5305
dnaJ	0.996
yqeU	0.8984
yrkO	0.8636
yrkQ	0.9729
yrkS	0.995
yqaB	0.7019
yqaE	1.51
yqdA	0.8523
yqeW	1.06
yqeY	0.9562
yqfA	0.7086
yqfC	0.9517
phoH	0.8121
yqfG	1.0
yshE	1.02
ysiA	0.7657
etfB	1.05
xsa	1.09
uvrC	1.1
lysC	1.11
relA	1.24
yrvJ	0.6874
hisS	1.05
yrvM	1.75
yrzC	0.8082
yrvP	1.0
sdhC	1.21
sdhB	1.03
gerE	0.825
racE	1.18
rph	0.9811
ysnB	1.18
yrrB	0.839
yrrD	1.15
glnM	1.07
glnQ	1.95
yrzB	1.36
lcfA	0.5179
ysiB	0.9776
etfA	1.09
trxA	0.7761
ask	0.7005
yslB	1.07
yrvI	0.9021
yrzK	0.0
aspS	0.7929
yrvN	1.71
yrvO	0.8073
yrrA	1.02
sdhA	1.32
ysmA	0.8804
ysmB	0.0
gerM	1.25
ysnA	1.21
ysnE	0.8685
yrrC	0.0
glnP	0.8675
glnH	1.21
yrrI	1.02
yrrK	1.43
yrrL	0.0
ytkC	1.11
ytlC	1.17
ytlA	0.8986
ytmB	0.802
metK	2.71
ytnA	1.13
ytsP	1.04
ytwP	1.06
nifZ	1.27
sspA	1.41
ytcJ	1.05
yteI	0.5153
ytpA	0.976
ytqA	0.8678
ytrA	1.44
ytrC	0.9737
ytrE	0.9169
ytsA	1.14
ytfI	1.04
ytxK	2.85
moaB	1.9
argH	1.66
ytkK	0.6673
ytlI	0.891
ytlD	0.9305
ytlB	0.9147
ytmA	0.9456
pckA	1.11
asnB	1.72
ytoA	0.9414
ytvP	1.21
braB	0.0
ytbJ	1.49
ytcI	1.1
ytdI	1.55
yteJ	0.5176
ytqB	0.7068
ytzC	0.9104
ytrB	1.85
ytrD	1.02
ytrF	0.9985
ytsB	1.37
ytgI	1.7
ackA	1.63
argG	2.11
ytzD	1.54
ytkL	0.6616
ytmI	0.9836
yurW	1.82
yurU	1.66
yurS	1.66
yurQ	1.54
yurO	0.4035
yurM	0.3386
yufB	0.9403
yufD	0.6421
yufU	0.806
yufS	0.7879
yufQ	0.3545
yufO	0.0
yurK	0.4007
yurI	0.8117
yurF	1.08
yurD	0.9074
yunM	1.01
yunK	0.7803
yufM	1.2
yuxK	1.39
yuxJ	1.23
kapB	0.5865
patB	0.751
yugF	0.7981
yurV	1.79
yurT	2.05
yurR	2.09
yurP	0.4124
yurN	0.3067
yurL	0.2623
yufC	0.9593
yufV	0.8038
yufT	0.9348
yufR	0.6037
yufP	0.4636
yufN	0.5365
yurJ	0.4785
yurH	1.11
yurE	0.6768
yurB	0.9275
yunL	0.7289
yunJ	0.9849
yufL	2.28
pbpD	1.75
kapD	1.2
kinB	0.6834
yugE	1.81
yugG	1.01
yvcJ	1.19
yvcL	1.11
yvcN	1.09
yvcQ	1.33
yvcS	0.7833
yvdA	1.06
yvaO	1.1
yvzC	0.0
yvaL	0.6915
yvaJ	0.0
yvaG	1.17
yvaE	1.62
yvdC	0.7112
yvdE	0.7817
yvdG	0.8237
yvdI	0.9666
yvdK	0.7398
yvdM	0.5746
yvaC	0.0
yvaA	0.8191
yvgY	1.27
yvgW	0.0
yvgU	1.06
yvgS	1.15
yvcK	1.07
crh	1.22
yvcP	1.26
yvcR	0.95
yvcT	0.8266
yvdB	0.8891
yvaN	1.17
yvaM	1.34
yvaK	0.9304
yvaI	0.9693
yvaF	2.21
yvaD	1.07
yvdD	1.47
yvdF	0.9182
yvdH	0.914
yvdJ	0.6871
yvdL	1.07
clpP	0.9927
yvaB	0.0
yvgZ	1.17
yvgX	0.0
yvgV	0.8896
yvgT	1.11
yvgQ	0.3605
atpF	0.9353
atpA	0.9029
atpD	1.12
ywmA	1.08
ywmB	1.15
spoIID	1.21
ywtE	2.11
ywtG	0.8761
gerBB	0.6043
pmi	0.9354
tagC	1.6
tagA	0.7743
ywmE	1.18
narA	1.53
ywmF	1.03
ureA	0.3407
ureC	0.3178
ywnB	0.8195
tagF	0.6435
ggaA	1.97
lytR	1.08
lytC	1.22
tuaB	0.8756
tuaD	0.9757
atpH	0.9423
atpG	1.1
atpC	1.22
ywzB	0.8911
murA	2.01
ywmC	1.58
ywtF	1.34
gerBC	0.0
gerBA	1.22
lytD	0.816
tagB	1.01
tagE	1.14
narQ	1.59
rapB	1.37
ywmG	1.21
ureB	0.3372
ywnA	0.9325
ywnC	2.15
tagG	1.64
yvyH	1.9
lytB	1.0
tuaA	0.9962
tuaC	0.8549
tuaE	1.39
yxkA	1.15
yxkC	1.15
aldY	1.03
msmX	0.5887
yxzE	0.5805
yxkJ	0.6699
spsD	1.07
spsG	1.01
spsJ	1.04
yweA	0.846
rocA	0.8539
rocC	0.8015
cydB	3.58
cydD	0.7601
yxlA	1.27
yxlC	1.07
yxlE	0.7737
yxlG	0.9048
ywfB	0.6924
ywfD	0.4904
ywfF	0.3679
ywfH	1.01
pta	0.8472
ywfL	0.6963
galE	1.17
yxkD	1.36
yxkF	1.1
yxkH	1.32
yxkI	0.7436
cydA	1.57
spsE	1.12
spsI	0.6103
spsK	0.9016
yweB	0.9147
rocB	0.9093
ywfA	1.31
cydC	0.0
yxkO	1.09
sigY	0.9871
yxlD	0.9383
yxlF	0.688
yxlH	1.24
ywfC	0.5211
ywfE	0.5037
ywfG	0.6601
ywfI	1.02
ywfK	0.8354
ywfM	0.7254
yyaH	1.04
yyaJ	1.36
yyaL	0.9902
yyaN	0.9739
tetL	1.53
yyaP	1.48
yxbD	1.14
yxbF	0.972
yxcA	1.08
yxcC	1.9
yxcE	1.66
iolR	1.33
yyaR	1.04
yyaT	1.29
yybB	1.49
yybD	1.09
yybF	0.9044
yybI	1.13
iolB	0.9342
iolD	1.31
iolF	1.02
iolH	0.9773
iolJ	1.02
yxdK	0.9915
yyaI	0.9726
yyaK	1.2
yyaM	1.05
yyaO	1.04
tetB	1.62
yyaQ	1.27
aldX	0.9032
yxbG	1.4
htpG	0.9844
yxcD	1.51
iolS	1.2
iolA	1.74
yyaS	1.39
yybA	1.18
yybC	1.07
yybE	0.7612
yybG	0.6281
yybJ	0.462
iolC	1.06
iolE	1.19
iolG	1.39
iolI	1.02
yxdJ	0.9956
yxdL	1.25
yeeF	1.05
purQ	0.7258
ydgJ	1.15
pbpC	1.24
srfAC	0.3875
ycgI	1.03
yknT	1.29
ptsI	0.0
ykvU	0.8165
ykzE	0.8632
yjdH	0.4203
yhdN	1.52
yczC	0.764
lmrA	1.35
ybgB	1.03
ybdD	0.8639
fus	0.0
yfiX	0.8659
yfkF	0.0
treA	0.0
yflP	0.617
yesY	1.01
yddN	1.48
yerP	0.9211
ydjD	1.18
yddE	1.19
yclG	1.04
nasB	1.28
ycdB	1.16
patA	0.0
ykvW	2.04
ykrP	0.9381
ykoY	0.6647
yhaP	0.8384
yhbB	1.3
yccC	1.03
ybgE	0.7556
ybgA	2.3
rpmD	1.12
rpoB	0.5771
clpC	0.7098
yfiB	0.0
yfkI	1.38
yflH	1.93
yetM	0.9045
cotJC	0.0
yddK	0.0
yabD	0.9652
yurG	0.702
ytqD	0.9921
acuB	0.8037
dnaE	0.8835
levR	1.3
yqzC	1.89
yaaO	0.8503
ypbG	0.8722
ypvA	0.7713
cgeB	0.9807
yloB	0.952
glcT	1.55
yjcD	0.9276
metS	1.05
ythC	0.7486
ytpB	0.9221
ytoI	0.8691
yrhJ	0.9191
yqxH	0.8633
bmrU	1.13
yaaN	0.7681
qcrB	0.6151
yosO	1.16
ylqF	1.15
spoVD	1.18
yjgC	1.32
yjaX	1.15
rplO	1.2
rplR	1.07
rpsH	0.9003
rplE	0.8774
rplN	0.7856
rpmC	0.7815
xpaC	0.9202
bofA	0.9722
recR	1.48
dnaX	1.27
yaaI	1.22
rpsC	0.7298
rpsS	0.702
rplW	0.8378
rplC	1.03
ybaC	1.3
rpsG	1.27
serS	0.8075
yaaD	0.9563
guaB	2.34
gyrB	1.15
recF	0.7824
rpsE	1.09
rplF	1.03
rpsN	0.8483
rplX	0.7875
rpsQ	0.7992
rplP	0.7894
csfB	0.9753
yaaL	1.18
yaaK	1.4
yaaJ	1.22
yaaH	1.15
rplV	0.6835
rplB	0.9712
rplD	1.07
rpsJ	0.9127
tufA	1.25
rpsL	1.04
yaaE	1.03
dacA	1.11
yaaC	0.967
yaaB	0.8841
yaaA	1.32
yclA	1.48
yckJ	0.9222
yczE	0.9847
ycxD	0.8308
ycxB	0.9448
srfAD	0.596
ycbD	0.9084
ycbA	0.9
ybgH	1.17
ybgF	0.6832
ybfP	0.9827
ybfN	1.13
yckH	1.01
yckF	1.02
nucA	0.5392
yckE	0.4694
yckC	1.05
yckA	1.13
ybfM	0.8163
ybfK	0.5557
purT	0.5286
ybfH	0.7188
ybfF	1.59
ybfB	1.01
yckK	1.01
yckI	1.12
sfp	1.45
ycxC	0.9551
ycxA	0.7785
comS	0.5518
ycbB	1.01
ybgJ	0.8402
ybgG	1.55
ybfT	1.82
ybfO	0.6648
psd	0.979
yckG	1.05
tlpC	0.9205
nin	0.5286
yckD	0.9049
yckB	0.9307
yciC	0.0
pssA	0.8387
ybfJ	0.8983
ybfI	1.19
ybfG	0.9427
ybfE	1.19
ybfA	1.08
ydhD	1.34
ydgK	1.53
ydgH	0.9712
dinB	1.02
expZ	2.02
ydgD	1.24
rsbS	1.28
ydcE	0.9647
dal	0.9984
ydcB	1.14
ydbS	0.5304
murF	1.22
ydgB	1.13
ydfT	0.9218
ydfR	1.04
ydfQ	0.8946
ydfO	0.9805
ydfM	1.11
ydbP	1.47
ydbM	0.8941
ydbK	1.11
ydbI	1.15
ydbF	0.9682
ydbD	1.03
ydhC	2.16
ydgI	1.18
ydgG	1.01
ydgF	1.07
ydgE	1.26
ydgC	1.22
rsbR	1.48
ydcD	0.992
ydcC	1.29
ydbT	0.79
ydbR	0.805
ddlA	1.01
ydgA	1.16
ydfS	1.08
ydzH	1.09
ydfP	1.19
ydfN	0.85
ydfL	1.46
ydbN	0.9444
ydbL	1.1
ydbJ	1.76
ydbG	1.08
ydbE	1.19
ydbC	0.8752
yfkM	1.97
treR	1.4
yfkQ	0.9359
yfkS	1.1
yflA	1.05
yflC	0.9582
yefB	0.7848
yerQ	0.9604
yerN	0.6586
yerL	0.9613
sapB	0.7605
yerH	0.6972
yflE	1.45
yflG	1.47
yflJ	1.31
yflL	1.08
yflN	0.0
citT	0.6681
yerF	0.8205
yerD	1.23
yerA	0.8769
yezC	0.9875
purH	0.9988
purM	0.6473
yfkO	1.34
treP	0.9481
yfkR	0.901
yfkT	1.01
yflB	0.9178
yflD	1.17
yefA	1.26
yerO	1.16
yerM	0.833
opuE	0.9882
yerI	0.9962
yflF	1.35
yflI	1.67
yflK	0.8514
yflM	0.8655
citM	0.8883
citSc	0.0
yerE	1.0
yerB	0.9503
yecA	1.39
purD	1.3
purN	0.7593
purF	0.5656
yhaL	1.71
yhaN	0.7304
yhaS	0.8981
yhaU	1.12
yhaW	0.9496
yhaY	0.9606
ygaO	1.07
ygaN	1.2
ygbA	1.73
katA	0.0
ygaK	0.6192
ygaJ	0.8295
yheA	1.22
yheD	1.06
sspB	1.35
yheG	0.8025
yheK	1.77
yheN	1.44
ygaI	0.9715
ygaH	1.06
ygaF	1.13
ygaE	1.25
ygaC	0.868
sspE	1.28
yhaM	0.6237
yhaO	0.8899
yhaT	0.9957
yhaV	1.03
yhaX	0.975
yhaZ	2.0
yhzA	0.5513
ygcA	1.07
ygaL	1.1
senS	0.5454
thiA	0.1798
ygzA	1.02
yheB	1.06
yheE	0.8666
yheF	0.9633
yheI	5.45
yheM	0.6645
yhdZ	0.8728
ygxA	0.9934
ygaG	1.45
gsaB	1.05
ygaD	1.37
ygaB	0.7995
yfhR	1.31
yjdA	1.15
yjcR	1.4
yjcP	1.43
yjcN	0.8034
yjcL	1.06
yjcJ	0.6121
yitI	0.7777
yitG	0.8502
yitE	1.26
yitC	0.6958
yitA	1.01
yisX	1.29
yjcH	0.8281
yjcF	0.6448
yjcC	0.9518
yjcA	0.9997
cotW	1.04
cotY	0.8743
yisV	0.9057
yisT	0.5034
degA	0.7867
yisQ	1.01
yisO	1.01
yjcS	1.08
yjcQ	1.42
yjcO	0.0
yjcM	1.99
yjcK	0.938
yjcI	1.05
yitH	0.7744
yitF	0.7846
yitD	1.02
yitB	1.12
yisY	0.937
yisW	1.06
yjcG	0.7873
yjcE	0.8926
yjcB	0.0
cotV	1.03
cotX	1.1
cotZ	1.09
yisU	0.7126
yisS	1.2
yisR	1.18
yisP	1.07
yisN	0.864
yisL	1.25
ykuG	0.0
ykuE	1.33
ykuC	1.28
kinA	0.5756
ykwD	1.33
ykwB	0.8607
ykfC	0.737
ykfA	0.6104
dppD	1.18
dppB	1.05
ykeA	1.2
ykcC	0.9062
splA	1.22
ykvZ	0.8869
ykvV	0.6502
ykvS	1.05
ykvQ	1.18
ykvO	1.27
ykcA	0.9039
ykaA	1.52
spoIISA	1.38
xhlB	0.8783
xkdY	2.97
xkdW	2.96
ykuF	0.875
ykuD	1.15
ykyB	1.04
ykwC	0.9673
splB	1.39
ykfB	0.924
dppE	1.15
dppC	0.0
dppA	1.59
htrA	1.09
ykcB	0.0
ptsG	1.89
ykvY	0.649
ykvT	1.27
ykvR	1.11
ykvP	1.3
ykvN	1.54
ykbA	1.65
ykaB	1.56
xlyA	1.79
xhlA	1.09
xkdX	3.4
xkdV	2.63
smf	0.8404
sucC	0.8513
ylqG	1.09
rplS	1.18
ylqE	0.0
ylqC	1.34
rpmF	1.11
ylbM	1.72
ylbK	1.06
ylbI	1.33
ylbG	1.48
ylbE	0.8762
ylxM	0.9291
ftsY	0.8043
rncS	0.5446
fabG	0.5531
plsX	0.6067
ylpB	1.08
ylbC	1.72
ylbA	0.6389
ctaF	0.3721
ctaD	0.4623
ctaB	1.08
ylaO	1.06
sucD	1.04
ylqH	1.15
rnh	1.04
trmD	0.932
ylqD	0.9711
rpsP	1.31
ylbN	1.34
ylbL	0.8201
ylbJ	0.9251
ylbH	1.26
ylbF	1.75
ylbD	1.16
ylqB	1.67
acpA	0.5396
fabD	0.5747
ylpC	0.5676
ylpA	1.61
ylbB	1.19
ctaG	0.6295
ctaE	0.4206
ctaC	0.5315
ctaA	1.01
ylaN	1.53
yngD	1.29
yngA	0.9726
ynfF	1.22
bglC	0.989
ynfC	0.6252
grlB	0.8753
pksI	0.162
pksG	0.1425
pksE	0.3274
pksC	0.7422
pksA	1.01
mutL	0.0
yneS	0.802
yneQ	1.2
tlp	1.12
citB	0.0
cotL	1.01
yneK	1.51
cotE	0.8675
ymcB	0.0
tdh	1.01
ymdB	1.9
pbpX	1.09
cinA	2.15
yngC	1.64
xynD	0.8951
ynfE	1.19
alsT	2.04
grlA	0.7094
yneT	0.7926
pksH	0.2819
pksF	0.3487
pksD	0.4863
pksB	0.8931
ymcC	1.07
mutS	1.05
yneR	0.8589
yneP	1.34
yneN	0.6991
cotK	1.1
cotM	1.11
yneJ	1.31
ymcA	1.4
kbl	1.03
spoVS	1.46
ymdA	1.01
recA	2.31
pgsA	2.68
yorR	0.8825
yorT	1.04
yorV	0.8217
yorX	0.9284
yorZ	1.1
yosB	1.26
yocJ	1.37
yocH	2.87
yocF	0.6887
yocD	0.7865
yocB	1.07
yocA	0.7366
yosD	0.9789
yosF	0.9866
yosH	0.8134
yosJ	1.32
yosL	1.02
yosP	0.9787
yobW	1.04
yobU	1.2
yobS	0.8783
yobQ	0.7136
yobO	0.7035
yobM	1.48
yorS	0.9561
mtbP	0.8937
yorW	0.806
yorY	0.6104
yosA	0.9784
yosC	0.7879
yocI	1.08
yocG	0.6817
yocE	0.1464
yocC	0.8931
yozB	0.8218
yozA	0.8451
yosE	0.0
yosG	0.9338
yosI	1.13
yosK	0.8799
yosM	1.36
yosQ	0.8547
yobV	1.08
yobT	1.02
yobR	0.8764
csaA	0.7639
yobN	0.9743
yobL	0.9999
yppD	1.16
yppF	1.42
ypqE	0.7105
yprB	0.9026
ypsA	1.16
ypsC	1.78
yomP	0.825
yomR	0.8371
yomT	0.7968
yomV	0.9035
yomX	0.8164
yomZ	0.9233
kduD	0.9374
kdgR	0.8815
kdgA	1.15
ypwA	1.61
pbuX	1.56
ypbQ	0.8932
yonB	0.5882
yonD	0.0
yonF	1.84
yonH	1.03
yonK	1.08
yonO	0.8642
yppE	0.7726
yppG	0.9841
cotD	1.21
ypsB	1.52
yptA	1.07
yomQ	0.9791
yomS	0.8624
yomU	0.9161
yomW	0.7692
yomY	0.9426
yonA	0.7805
kduI	1.13
kdgK	0.9318
kdgT	1.35
xpt	1.5
bcsA	1.14
ypbS	1.14
yonC	1.11
yonE	1.93
yonG	1.21
yonI	2.25
yonN	0.7918
yonP	1.27
yqiD	0.9198
yqxC	0.6927
recN	0.9641
spo0A	1.41
yqiH	1.07
yqiK	1.01
ribG	0.8019
ribA	0.9104
ribT	0.7726
ypuG	1.52
ypuI	1.32
spmA	0.7246
mmgB	0.9582
mmgD	0.875
yqiQ	0.9123
yqiR	0.0
yqiT	0.5185
yqiV	0.5273
ypuL	0.9226
resB	0.8241
resD	0.6733
sigX	1.28
aroC	1.48
ypzE	0.6704
yqiE	0.8574
ahrC	0.9925
spoIVB	1.09
yqiG	0.9057
yqiI	0.7447
ribB	0.9506
ribH	1.03
ypuF	1.26
ypuH	1.62
dacB	1.41
spmB	1.03
mmgC	0.9903
mmgE	0.9374
yqzF	0.9084
yqiS	0.3596
yqiU	0.5131
bfmBAA	0.7545
resA	0.8646
resC	0.9071
resE	0.7501
ypuN	1.25
serA	1.01
ypaA	1.62
yqaG	0.7517
yqaI	0.0
yqaK	0.0
yqaM	1.01
yqaO	0.8791
yqaQ	0.9723
dgkA	0.9355
bex	1.25
glyQ	1.13
yqzB	0.708
yqxD	0.859
sigA	0.7216
yqaS	0.8198
yqbA	0.9767
yqbC	1.93
yqbE	0.9859
yqbG	1.15
yqbI	1.12
yqfN	1.38
yqfP	1.42
yqfR	0.8768
yqfT	0.9176
yqfV	2.11
yqfX	1.03
yqaH	0.872
yqaJ	1.16
yqaL	1.2
yqaN	1.32
yqaP	2.27
yqaR	0.812
cdd	1.22
yqxN	1.12
glyS	0.9579
yqfL	0.9286
dnaG	0.5956
cccA	1.06
yqaT	1.14
yqbB	0.702
yqbD	0.9988
yqbF	1.09
yqbH	1.05
yqbJ	1.03
yqfO	1.69
yqfQ	0.9509
yqfS	0.7873
yqfU	0.625
yqfW	1.6
yqfZ	0.817
ysnD	0.608
ilvN	0.3641
leuA	0.2274
leuC	0.2021
ysoA	0.4562
clpX	1.2
yrrM	1.23
yrrO	1.45
greA	1.25
yrrS	1.45
yrrT	1.18
yrhA	1.22
ysxD	1.45
hemX	0.7889
hemD	0.6205
hemL	0.7605
ysxE	1.16
yrhD	1.07
yrhG	1.76
yrhH	0.9195
yrhK	1.33
yrhM	1.1
yrhO	1.51
ilvB	0.4295
ilvC	0.2498
leuB	0.2484
leuD	0.1923
tig	1.65
lonB	1.15
yrrN	1.71
udk	1.83
yrrR	1.04
yrzA	1.42
yrrU	1.31
yrhB	1.46
ysxC	1.07
hemA	0.865
hemC	0.7182
hemB	0.7234
spoVID	0.9594
yrhF	1.75
yrzI	0.0
yrhI	1.21
yrhL	0.0
sigV	1.1
levD	0.8542
ytsC	0.9377
yttA	1.43
ytvA	1.07
leuS	0.0
melA	0.7868
amyD	0.8447
ytmJ	0.7909
ytmL	0.8599
hisP	0.864
ytnJ	0.817
hipO	0.7494
ytqI	0.6249
msmR	1.04
bioW	0.7418
bioF	0.547
bioB	0.478
ytbQ	0.5399
ytcQ	1.09
ytsJ	1.07
pfk	1.12
ytwI	1.24
citC	0.6449
phoP	1.34
yttB	1.0
ytvB	0.9362
ytwF	1.16
amyC	0.738
msmE	0.9217
ytmK	0.7109
ytmM	1.16
ytnI	0.8736
ribR	1.02
ytpI	0.7459
ytrI	0.6813
ytaP	0.7475
bioA	0.5415
bioD	0.547
bioI	0.4578
ytcP	0.6749
ytdP	0.0
yttI	1.32
ytvI	1.02
citZ	0.654
citH	0.8145
phoR	1.29
mutM	0.9283
yunI	1.05
yunG	1.04
yunE	0.8536
yunC	1.03
yunA	1.0
yutC	0.5805
yugH	1.06
yuzA	0.9079
yugK	1.2
yugM	1.03
yugO	0.9982
yugS	1.03
yutE	1.21
yutG	0.7383
hom	1.31
thrB	1.49
yutI	1.46
yutJ	1.29
yugU	0.7565
mcpB	1.52
mcpA	1.2
yuxG	0.9421
yulC	0.9208
yulE	0.7778
yunH	0.7773
yunF	0.8119
yunD	0.8192
yunB	0.9086
yutB	0.9718
yutD	1.22
yugI	2.33
yugJ	0.9766
pgi	0.8763
yugN	0.8299
yugP	1.23
yugT	1.04
yutF	1.01
yutH	0.8273
thrC	1.14
yuxL	0.0
yuzD	0.8326
yuzB	1.56
tgl	1.48
tlpA	1.88
tlpB	1.64
yulB	0.854
yulD	1.04
yulF	0.7343
yvdO	1.19
yvdQ	0.9043
yveA	1.01
racX	0.8149
yveG	1.07
slr	1.04
yvgO	1.08
yvgM	1.4
yvgK	1.27
yvsG	1.09
fhuD	0.0
fhuG	0.7185
yveN	0.5111
yveP	0.383
yveR	0.4283
yveT	0.4592
yvfB	0.3728
yvfF	0.6448
yvrP	1.06
yvrN	0.7091
yvrL	0.7616
yvrI	0.8679
yvrG	0.967
yvrD	1.03
yvdP	0.8454
yvdT	1.5
pbpE	0.7877
yveF	0.0
padC	1.0
yveL	0.9726
yvgN	1.06
yvgL	1.67
yvgJ	1.42
yvsH	1.12
fhuB	0.8673
fhuC	1.11
yveO	0.4891
yveQ	0.3588
yveS	0.5223
yvfA	0.5392
yvfD	0.4997
yvfG	1.36
yvrO	0.9064
yvrM	0.8708
yvrK	0.8497
yvrH	1.13
yvrE	0.8269
yvrC	1.47
mta	1.12
ywnF	1.6
spoIIQ	0.925
ywoA	0.6966
nrgA	0.9895
ywoC	0.9197
tuaF	0.9436
tuaH	0.8473
yvhJ	1.2
degS	0.9818
comFA	0.5854
comFC	0.6918
ywoE	0.9487
ywoG	0.6307
usd	0.0
mbl	0.7629
flhP	1.25
ywpB	0.973
flgM	0.8825
flgK	1.23
yviE	0.7387
csrA	0.7114
yvyC	0.7762
fliS	1.33
ywnE	1.82
ywnH	2.25
ywnJ	0.9672
nrgB	1.22
ywoB	1.05
ywoD	0.9456
tuaG	1.04
tagO	0.9597
yvyE	1.56
yviA	1.26
comFB	0.7307
yvyF	0.7728
ywoF	1.07
ywoH	0.9559
spoIIID	1.11
flhO	1.0
rapD	1.14
ywpC	1.59
yvyG	1.03
flgL	1.34
yviF	0.8916
hag	0.0
fliD	1.39
fliT	1.39
katX	1.74
yxzF	1.01
licB	0.9738
licA	0.7206
ywaA	0.8521
dltD	1.21
ywfN	0.9486
ywfO	0.7303
ywgB	1.29
thrZ	1.14
ywhB	0.9175
ywhD	1.05
dltB	1.59
ywaB	1.0
ywaD	1.17
ywaE	0.9545
gspA	1.35
sacX	1.11
ywhF	1.24
ywhH	1.07
rapF	0.5596
ywhL	0.819
ywhN	0.9001
ywhP	0.7856
yxlJ	1.13
licR	1.2
licC	0.948
licH	0.7368
dltE	1.21
dltC	1.41
ywzC	1.17
ywgA	0.8007
mmr	1.07
ywhA	0.9126
ywhC	1.1
ywhE	0.9142
dltA	1.74
ywaC	0.8718
tyrZ	0.8932
ywaF	1.2
sacY	1.24
epr	0.8644
ywhG	1.75
phrF	0.5977
ywhK	1.16
ywhM	1.05
ywhO	1.18
ywhQ	0.7521
yybK	0.5955
yybM	0.6541
yybO	0.7526
yybQ	1.12
cotF	0.9361
yybT	0.7231
yxdM	1.21
yxeB	1.86
yxeD	0.8913
yxeG	1.08
yxeI	0.9751
yxeK	0.9027
yycA	0.709
yycC	0.9763
yycD	1.04
yycE	0.7963
yycF	1.55
yycH	1.26
yxeM	0.8575
yxeO	0.7582
yxeQ	0.6441
yxxB	0.7498
nupC	1.57
hutM	0.9328
yybL	0.0
yybN	0.9565
yybP	0.8885
yybR	1.1
yybS	0.6853
rplI	0.8656
yxeA	1.18
yxeC	1.04
yxeE	1.08
yxeH	1.05
yxeJ	1.03
yxeL	0.677
yycB	1.01
yyzB	1.06
dnaC	1.3
purA	2.2
yycG	1.4
yycI	1.25
yxeN	0.8732
yxeP	0.7698
yxeR	0.7995
deoR	1.44
pdp	1.62
hutG	1.07
lysS	1.02
mfd	1.09
gyrA	1.02
lytA	1.43
yvlD	0.7789
yukF	1.11
rsbV	0.0
ydbO	0.0
ycsG	0.0
phrC	0.7699
lmrB	1.37
pcp	0.8306
ytfJ	0.9945
ytzA	0.9883
yraA	1.33
yqfY	1.21
yonJ	0.9217
yodB	1.12
ycbM	0.0
ybfS	1.21
ybfQ	1.7
ybeC	0.769
ybdG	1.04
ybbA	0.0
ftsH	1.08
yabK	1.08
ywjF	1.2
ywlC	1.67
yveK	0.8234
glgP	0.7363
ydcA	1.49
ycnB	0.827
yceH	1.18
ycbU	1.26
ycbR	1.03
accA	1.39
yrhP	0.0
yqbO	0.0
ypqA	1.22
yosW	1.22
ppsD	0.5096
ycbC	1.01
gltP	0.8419
mpr	1.07
ybdN	1.56
ybdB	0.9584
yabE	1.67
yaaG	1.15
yisD	1.0
yhjP	0.8938
yhfR	0.4733
yheH	4.8
yfhQ	1.22
ydcI	1.04
dnaN	0.9743
srfAB	0.3969
opuAA	0.5056
ybdO	1.87
yabN	1.31
asnH	0.7735
ywbN	0.5892
yaaF	1.18
addB	0.7279
yhjB	0.6872
yheC	1.11
yheL	1.05
yesN	1.16
yclF	0.3745
dnaA	1.17
amhX	0.5441
ycbT	1.09
feuC	0.718
gidA	1.67
yxnB	0.7002
spsF	0.8862
