ybeF	1.14
glpQ	1.2
ybdT	1.03
ybxH	1.27
ybdM	1.02
ybdK	1.46
ybxF	1.01
rplJ	1.02
rplK	1.32
rpmG	1.32
yacP	0.7489
rplL	0.9767
ybdE	0.7617
ybcT	0.856
ybcQ	1.31
ybcO	0.917
ybcL	1.66
ybcH	3.07
cysE	1.27
yacN	1.17
yacL	1.0
sms	1.09
yacH	1.31
glpT	1.13
ybyB	0.9116
ybxI	1.04
csgA	1.43
ybdL	1.52
ybdJ	1.45
ybxB	1.24
rplA	1.36
nusG	1.39
sigH	1.25
yacO	0.8133
ybdA	1.09
ybcS	0.0
ybcP	0.0
ybcM	1.76
ybcI	3.45
ybcF	3.57
gltX	1.34
yacM	1.39
yacK	0.9553
yacI	1.1
ctsR	1.1
ydbB	1.12
ydbA	1.09
ydaS	1.24
ydaQ	0.9397
mutT	1.29
ydaN	1.07
yciB	0.9995
nasA	0.0
nasD	0.0
nasF	1.05
ycgS	1.25
ycgQ	1.7
ydaL	1.15
ydaJ	1.85
lrpC	1.1
ydaH	0.0
ydaF	1.38
ydaD	1.38
ycgO	1.43
ycgM	0.0
cah	0.8251
ycgJ	1.08
tmrB	1.47
ycgH	1.15
gsiB	1.38
ydaT	1.22
ydaR	1.29
ydaP	1.08
ydaO	1.51
ydaM	1.26
yciA	1.07
nasC	1.46
nasE	1.18
ycgT	1.68
ycgR	1.41
ycgP	1.39
ydaK	1.46
ydzA	0.9183
ydaG	1.2
ydaE	0.811
ydaC	1.49
ycgN	1.29
ycgL	1.24
ycgK	1.28
aroI	1.64
nadE	1.13
ycgG	1.27
purL	1.46
purC	1.59
purK	2.37
yebG	1.09
yebE	0.0
yebC	1.42
ydfK	0.0
ydfJ	0.0
ydfH	1.51
ydfF	1.15
ydfD	0.0
ydfB	0.0
guaA	1.33
yeaD	1.37
yeaB	1.56
yeaA	0.6203
ydjO	1.07
ydjM	1.98
ydeT	0.0
ydeR	0.0
ydeP	0.0
ydzF	1.18
ydeM	0.0
ydeK	1.49
yexA	1.52
purB	1.84
purE	2.17
yebF	1.4
yebD	1.61
yebB	1.97
nap	1.35
ydfI	1.18
ydfG	1.23
ydfE	1.21
ydfC	1.14
ydfA	1.31
yebA	0.0
yeaC	1.18
gabP	1.38
ydjP	0.5972
ydjN	1.39
ydjL	1.12
ydeS	1.39
ydeQ	1.48
ydeO	1.48
ydeN	1.5
ydeL	1.59
ydeJ	1.27
yfhS	1.16
yfhO	1.2
yfhM	0.8178
yfhK	0.9118
yfhI	0.9333
yfhG	1.09
yflS	1.46
yflT	1.43
yfmC	2.02
yfmE	1.38
yfmG	1.13
yfmI	1.64
yfhE	0.0
yfhC	1.37
yfhA	1.31
yfiY	1.98
yfiV	1.25
yfiT	0.0
yfmK	1.26
yfmM	1.36
yfmO	1.12
yfmQ	1.11
yfmS	1.22
yfnA	0.0
yfhP	0.0
csbB	1.34
yfhL	1.14
yfhJ	0.9152
yfhH	1.22
yfhF	1.38
pel	1.99
yfmA	1.12
yfmD	1.46
yfmF	1.43
yfmH	1.42
yfmJ	1.35
yfhD	0.0
yfhB	1.2
yfiZ	1.2
yfiW	1.17
yfiU	1.18
yfiS	1.19
yfmL	1.59
yfmN	1.14
yfmP	1.22
yfmR	1.3
yfmT	0.0
yfnD	1.42
yisK	1.07
yisI	0.0
yisG	1.14
yisE	0.892
yisB	1.06
addA	0.0
yhdY	1.1
yhdW	1.41
yhdU	0.0
yhdS	1.03
yhdQ	1.18
yhdO	0.9985
yhjQ	0.9691
yhjM	2.27
yhjK	1.67
yhjI	1.71
yhjG	1.05
yhjE	1.33
yhdL	1.5
yhdJ	0.0
yhdH	1.24
yhdF	0.0
citR	1.17
phoA	0.0
yisJ	0.9954
yisH	0.0
yisF	0.9854
yisC	1.15
sbcD	1.18
yhjR	1.19
yhdX	1.51
yhdV	1.34
yhdT	1.58
yhdR	1.39
yhdP	1.67
yhdM	1.25
yhjO	1.3
yhjL	1.36
yhjJ	0.0
yhjH	1.18
sipV	1.15
yhjD	1.22
yhdK	1.37
yhdI	1.23
yhdG	0.0
citA	1.24
lytE	1.27
spoVR	1.35
xkdU	1.16
xkdS	0.8444
xkdQ	1.24
xkdN	1.24
xkdK	1.49
xkdI	1.32
yjbX	0.0
yjbV	1.19
yjbT	1.29
yjbR	1.53
tenA	1.8
yjbP	0.0
xkdG	1.47
xkdE	1.22
xpf	1.18
xkdD	0.8743
xkdB	1.19
xkdA	0.0
yjbN	1.36
yjbL	0.0
yjbJ	1.16
yjbH	1.45
yjbF	0.0
yjbE	0.0
xkdT	1.28
xkdR	0.9784
xkdP	1.62
xkdM	0.0
xkdJ	1.31
xkdH	0.0
yjbW	1.02
yjbU	1.36
yjbS	1.19
tenI	1.5
yjbQ	1.23
yjbO	1.37
xkdF	0.0
xtmA	1.27
xtrA	1.1
xkdC	1.25
xre	1.59
yjqC	1.45
yjbM	1.4
yjbK	1.06
yjbI	1.21
yjbG	1.47
mecA	1.43
yjbD	0.9771
ylaM	1.29
ylaK	1.27
ylaH	1.21
ylaF	1.36
ylaD	0.0
ylaB	0.0
ykvM	2.06
ykvK	1.49
ykvI	1.29
motA	0.8627
ykvE	1.95
eag	1.25
nprE	1.31
ykzC	1.43
ykzI	0.9915
yktA	0.9698
slp	1.03
pdhC	0.9184
ykvA	0.9054
ykrY	1.1
ykrW	1.92
ykrU	1.25
ykrS	1.34
ykrQ	1.17
ylaL	1.0
ylaJ	0.0
ylaG	1.55
ylaE	1.39
ylaC	1.08
ylaA	1.19
ykvL	1.24
ykvJ	1.41
clpE	0.998
motB	0.7318
ykvD	1.28
spo0E	1.1
yktD	0.0
yktC	1.11
yktB	1.31
cad	1.75
pdhD	1.06
pdhB	1.12
ykrZ	1.17
ykrX	1.48
ykrV	1.51
ykrT	1.82
dat	1.29
ykrM	1.62
ymfM	1.3
ymfK	1.67
ymfI	1.04
ymfF	1.13
ymfD	1.16
spoIIIE	0.9215
yloW	1.13
yloU	1.32
spoVM	0.9719
yloR	0.9898
ymfA	1.15
dapG	1.27
spoVFB	1.13
ymxH	0.0
ylxY	1.06
ribC	1.17
fmt	1.06
priA	0.0
yloH	1.19
yloC	1.38
ylnF	0.9175
ylnD	1.19
ymfL	1.39
ymfJ	0.0
ymfH	1.08
ymfE	0.0
ymfC	1.41
ymfB	1.42
yloV	1.25
rpmB	1.1
yloS	1.48
yloQ	1.25
yloO	1.01
yloM	1.26
dapA	1.03
asd	1.06
spoVFA	1.29
ymxG	1.37
rpsO	1.14
truB	1.14
def	1.34
yloI	1.35
yloD	1.53
yloA	1.43
ylnE	1.11
ylnC	1.43
yobK	1.27
yobI	0.0
yozL	0.0
yobH	2.19
rapK	1.47
yobF	1.54
yneI	1.26
ynzD	1.55
yneE	0.0
ynzC	1.15
yneA	0.0
yndN	0.9024
yozI	0.0
yobD	1.06
pps	1.12
yobA	1.45
yoaZ	1.64
yoaV	1.57
yndL	1.11
yndJ	1.33
yndG	1.42
yndD	1.41
yndB	1.58
ynzA	1.21
yobJ	1.17
yozM	0.0
yozK	0.0
phrK	1.2
yozJ	0.0
yobE	1.34
ccdA	1.14
yneF	2.37
tkt	1.16
yneB	1.27
lexA	1.07
yndM	1.44
yozH	1.34
xynA	1.38
yobB	1.39
penP	1.7
yoaW	1.09
yoaU	1.28
yndK	0.9301
yndH	1.69
yndE	1.42
ynzB	1.17
yndA	0.0
cotC	0.0
yonR	1.48
yonT	0.9679
yonV	0.0
yopA	0.8129
yopC	1.1
yopE	1.02
yosR	0.0
yosT	1.51
yosV	0.0
yosZ	1.2
yotB	0.0
yotD	1.45
yopG	1.04
yopI	1.28
yopK	0.7039
yopM	0.9261
yopO	0.8714
yopQ	1.17
yotF	0.9884
yotH	0.0
yotJ	0.0
yotL	1.06
yotN	1.22
yodV	1.37
yonS	1.61
yonU	0.0
yonX	1.25
yopB	1.52
yopD	1.24
yopF	0.0
yosS	1.24
yosU	1.32
yosX	0.0
sspC	0.0
yotC	1.18
yotE	0.8918
yopH	1.13
yopJ	1.08
yopL	0.8081
yopN	0.9741
yopP	0.9427
yopR	1.03
yotG	1.15
yotI	0.0
yotK	0.9527
yotM	0.0
yodU	0.0
cgeA	0.0
fer	1.0
recQ	1.1
ypbE	0.9624
ypbH	1.58
ypdA	1.37
sleB	0.0
ypcP	1.41
ypdP	1.25
ypeQ	1.05
degR	1.32
ypfP	1.94
bsaA	1.31
ypfA	1.72
cmk	1.62
ypgA	1.18
yphB	1.17
gpsA	1.04
yphF	1.41
ypgR	1.21
yphP	1.19
ypjP	1.16
thyB	1.32
ypkP	0.9622
yplP	0.5062
ypbB	1.56
ypbD	1.16
ypbF	1.5
ypcA	1.47
ypdC	1.4
ypeB	1.22
ypdQ	1.22
ypeP	1.33
ypzA	1.24
cspD	1.42
metB	0.8114
ypgQ	1.18
ypfB	1.17
ypfD	1.21
yphA	0.9719
yphC	1.22
yphE	1.19
spoIVA	1.14
ilvD	1.18
ypiP	1.56
ypjQ	1.4
dfrA	1.19
yplQ	0.4168
ilvA	1.08
yqgA	1.21
yqgC	0.9067
yqgE	1.0
yqgG	0.7284
yqgI	0.9495
yqgK	1.07
bfmBAB	0.7053
bmrR	1.16
yqiW	1.11
yqiY	1.83
yqjA	1.39
yqjC	1.41
yqgL	0.0
yqgN	0.0
yqgP	1.43
glcK	1.25
yqgU	1.2
yqgW	1.41
yqjE	1.33
yqjG	1.25
yqjI	1.25
yqjK	1.71
yqjM	0.0
yqjO	0.0
yqgB	1.17
sodA	1.11
pbpA	0.9846
yqgH	1.31
yqgJ	1.0
yqzD	1.05
bfmBB	0.7494
bmr	1.23
yqiX	1.84
yqiZ	1.44
yqjB	1.29
yqjD	1.27
yqgM	0.9823
yqgO	1.11
yqgQ	1.27
yqgT	1.51
yqgV	1.34
yqgX	1.12
yqjF	1.12
yqjH	1.31
yqjJ	1.59
yqjL	1.49
yqjN	1.48
yqjP	1.21
levE	1.26
levG	1.3
adhA	1.29
yraC	1.18
yraE	1.03
yraF	1.15
yqbK	1.18
yqbM	1.06
yqbN	0.0
yqbQ	1.02
yqbS	0.899
yqcA	0.0
yraH	0.0
yraJ	0.0
yraL	1.01
yraM	1.23
yraO	0.0
sigZ	1.35
yqcD	1.44
yqxG	1.75
yqxI	1.3
yqcF	1.07
yqzI	1.03
rapE	1.21
levF	0.0
sacC	0.0
yraB	0.9878
yraD	0.0
adhB	1.12
yraG	1.01
yqbL	1.13
yqdB	1.08
yqbP	0.9605
yqbR	1.11
yqbT	1.44
yqcB	1.11
yraI	1.06
yraK	1.19
csn	1.44
yraN	1.61
yrpG	1.31
yrpE	1.49
yqcE	1.14
cwlA	1.15
yqxJ	1.6
yqcG	1.41
phrE	1.27
yqcI	1.3
ytaF	1.03
ytbE	0.9284
ytcD	1.19
ytcF	2.32
dnaB	1.31
ytxB	1.19
folC	0.9763
spoIIB	1.41
ysxA	1.54
mreC	1.75
minC	1.56
spoIVFA	0.0
thrS	0.0
lytS	1.26
ysbA	1.32
yscB	0.9095
infC	0.849
rplT	0.8555
rplU	1.21
spo0B	1.05
p`eB	1.08
pheB	0.934
yrxA	1.23
nadB	1.52
nadA	1.3
ytaG	0.0
ytbD	1.3
gapB	1.2
ytcG	2.19
dnaI	1.18
ytxC	1.21
comC	1.15
maf	1.43
mreB	1.85
mreD	1.2
minD	1.16
spoIVFB	1.03
ysaA	1.47
lytT	1.06
ysbB	1.08
yscA	1.39
rpmI	0.8962
ysdA	1.0
ysxB	1.4
obg	1.39
pheA	1.43
nifS	1.71
nadC	1.51
yrbA	1.21
yubA	1.48
yubC	1.1
yubE	1.63
yubG	1.03
yuaB	0.9019
gbsA	0.8184
yteP	0.0
yteR	1.12
yteT	1.09
yteV	0.0
ytfP	1.23
ytzG	0.0
yuaD	1.34
yuaG	0.3499
yuaJ	0.7752
glgD	0.9899
ytaB	0.9832
ytxN	1.01
ytzE	1.09
ythQ	0.7971
ytjP	0.9977
ytlP	1.11
ytlR	1.07
ytmP	1.33
yubB	1.31
yubD	1.34
yubF	1.02
yuaA	1.28
yuaC	1.29
gbsB	0.9859
yteQ	1.37
yteS	0.8813
yteU	0.9624
opuD	0.9868
ytgP	1.64
ytzF	1.37
yuaF	0.3085
yuaI	0.3309
glgB	1.11
glgA	0.8857
ytaA	0.9596
cotS	1.06
ythP	1.16
ytiP	1.39
ytkP	1.21
ytlQ	1.28
amyX	1.29
ytzH	1.29
yvrB	1.3
yvqK	0.8874
yvqI	0.9648
yvqG	0.9145
yvqE	0.8349
gerAC	1.06
yutL	1.45
paiA	1.12
yumD	1.35
yumC	1.45
yuiA	0.5319
yuiC	0.5211
gerAA	0.0
yuxN	1.27
yvqA	1.13
yvtB	0.8887
yusZ	0.9798
yusW	1.22
yuiE	1.27
yuiG	1.44
yuiI	2.02
dhbC	1.21
dhbB	1.46
yukL	0.0
yvrA	1.4
yvqJ	1.27
yvqH	1.22
yvqF	0.9982
yvqC	0.8655
gerAB	1.3
yutM	1.38
paiB	1.1
yuzG	0.9647
yumB	1.22
yuiB	0.5291
yuiD	0.9524
citG	1.01
yvqB	1.18
yvtA	1.09
mrgA	0.9974
yusX	1.08
yusV	1.55
yuiF	1.71
yuiH	1.14
dhbA	1.92
dhbE	1.15
yukM	1.35
yukJ	0.9526
yvyD	0.793
cccB	0.7846
ftsX	1.76
yvzD	1.14
yvkA	1.01
yvkC	0.0
yvfH	0.0
lacR	0.0
yvfM	1.03
yvfO	0.0
yvfS	1.47
yvfU	1.43
uvrB	1.16
yvzB	1.21
yvlA	0.8176
yvlC	1.0
yvmB	0.8539
cypX	0.9699
yvfW	0.9553
yvbX	1.17
yvbV	1.67
yvbT	1.17
araE	1.05
gap	0.9132
yvjA	1.04
ftsE	1.55
yvjB	1.16
yvjD	0.0
yvkB	0.0
csbA	1.12
yvfI	1.04
yvfL	0.9456
lacA	0.0
yvfR	0.0
yvfT	0.9829
yvfV	1.07
uvrA	1.15
yvkN	1.04
yvlB	0.642
yvmA	0.9346
yvmC	1.08
yvnA	1.15
yvbY	1.13
yvbW	0.0
yvbU	1.06
araR	0.0
yvbQ	1.23
pgk	1.01
ywhR	0.8282
sbo	0.6571
argS	1.1
fnr	0.7135
ywiD	1.19
narH	0.7672
ywpD	1.16
ywpF	1.24
ywpH	1.32
ywqB	1.48
ywqD	1.38
ywqF	0.9491
narI	1.09
ywjA	1.16
ywjC	1.32
ywjE	0.0
rpoE	1.85
ywjG	1.22
ywqH	1.09
ywqJ	1.3
ywqL	1.17
ywqN	1.27
ywrA	1.09
ywrC	1.01
ywiA	0.8863
ywiB	0.9771
narK	1.17
ywiC	1.24
narG	0.0
narJ	1.08
ywpE	1.17
ywpG	1.47
ywpJ	0.0
ywqC	1.64
ywqE	1.19
ywqG	1.37
ywiE	1.08
ywjB	1.0
ywjD	0.9546
acdA	1.19
ctrA	1.62
spo0F	0.9446
ywqI	1.07
ywqK	1.11
ywqM	1.03
ywqO	1.05
ywrB	0.9153
ywrD	0.9833
hutI	1.02
hutP	1.2
yxiB	0.7211
yxiD	1.21
yxxE	0.9458
bglH	1.04
ywbA	1.34
ywbC	1.32
ywbE	1.27
ywbG	1.1
ywbI	1.02
thiC	1.11
yxxF	1.2
yxiF	0.6918
yxiG	0.7714
yxzG	0.7848
yxiJ	0.8053
yxiL	0.8522
ywbO	1.16
ywcB	0.8254
ywcD	0.8859
ywzA	0.9781
qoxB	0.8309
qoxD	0.9321
hutU	0.0
yxiA	0.8062
yxiC	1.04
yxxD	0.9311
bglP	1.06
yxiE	0.9352
ywbB	1.03
ywbD	1.18
ywbF	0.0
ywbH	1.09
thiK	1.1
ywbM	1.39
yxxG	0.0
yxzC	0.6648
yxiH	0.7322
yxiI	0.8575
yxiK	0.8366
yxiM	0.8973
ywcA	1.2
ywcC	1.23
galT	0.0
qoxA	1.08
qoxC	0.8342
ywcE	1.25
ytrP	0.8145
yprA	1.08
yloN	0.8669
yerG	0.9119
wprA	0.7336
yycJ	0.9482
rocR	1.31
rocE	1.44
phrG	0.8703
yycN	1.13
yycP	1.07
topB	1.09
polA	1.15
mmgA	0.8965
ileS	1.04
dinG	1.03
carB	1.21
yycR	1.11
yydA	1.07
yydC	0.0
fbp	1.29
yydG	1.3
yydI	1.1
ytsD	0.949
yrvE	1.17
yloP	1.17
ykuA	1.33
ydhL	1.01
valS	1.11
yyxA	1.03
rocD	1.17
rocF	1.12
rapG	1.06
yycO	1.12
yycQ	0.8814
smc	1.03
murD	1.24
lonA	1.23
hrcA	1.19
cheA	1.34
alaS	1.2
yycS	1.1
yydB	0.8647
yydD	1.07
yydF	0.9112
yydH	1.39
yydJ	1.26
yveM	0.8961
yutK	1.16
yueB	0.7212
yufK	1.12
ytpQ	1.07
ytmO	1.0
yndF	1.02
pksL	0.8878
mcpC	0.8519
yisZ	0.8922
ydbH	1.19
ybxG	1.12
ysdB	0.9957
yrhE	0.8577
yqcC	0.0
ponA	0.9851
yomI	0.0
cgeC	0.9074
wapA	0.7082
ppsA	1.26
pksM	0.0
yetO	1.23
rpoC	1.32
dra	1.27
yvfQ	1.28
yukA	1.04
yuxO	1.07
glgC	0.9393
yttP	1.12
pykA	1.16
pksP	1.05
pksK	0.8489
oppD	0.9824
srfAA	1.2
yccK	1.01
secE	1.08
rpmA	1.65
yrpC	1.13
yqgS	1.26
ypbR	1.16
yorL	0.8927
odhA	1.26
dhbF	1.2
pksR	0.9631
yfkN	1.06
gutR	0.0
yxeF	0.0
galK	0.0
rbcL	0.8904
aceF	0.822
kdtA	0.9071
tufA_E	0.7768
yazC	0.7197
yrhC	0.9261
yerC	1.01
yshA	0.9459
yoqX	0.9424
yacF	1.27
yhcD	0.0
yetG	1.33
ywnG	0.8335
ywqA	1.16
degU	1.22
yvnB	0.0
cysS	0.8823
yqjU	1.04
ylaI	0.9093
yuaE	0.9584
yqaD	1.06
yozD	0.8714
yazB	1.19
yfnB	0.9254
ywmD	1.05
glcR	1.14
ggaB	1.23
prfB	1.24
yvoD	1.01
ybcD	3.95
ndhF	2.8
adaA	1.19
ybbU	1.12
ybbT	1.12
ybbP	1.28
folK	0.9335
sul	0.8943
pabA	0.9017
cysK	1.34
yacC	1.22
sigW	0.8034
ybbJ	1.47
ybbH	1.43
ybbE	1.19
ybbC	1.06
feuA	1.25
yabT	1.36
yabR	1.86
yabQ	1.08
yabO	0.952
spoVT	0.9974
ybcC	2.77
adaB	0.0
alkA	0.8019
glmS	2.02
ybbR	1.4
ybbM	0.8993
folA	0.9708
pabC	1.13
pabB	1.09
yacD	1.17
yacB	1.51
ybbK	1.32
ybbI	1.35
ybbF	1.26
ybbD	0.9812
ybbB	1.48
feuB	1.55
yabS	1.26
divIC	1.06
yabP	1.15
yabM	1.45
spoVC	1.28
ydaB	0.8235
ycsN	0.8458
yczI	1.07
ycsO	0.681
ycsI	0.8392
ycsE	0.9001
ycgF	0.9959
mdr	0.9165
lctE	0.4162
ycgB	1.57
opuAC	1.52
yceK	1.69
yczH	1.49
ycsA	0.9651
mtlA	1.03
ycnK	0.4998
ycnI	0.5461
ycxE	1.06
yceI	1.09
yceF	0.7766
yceD	0.6249
yceB	1.01
ycdI	1.57
ycdG	1.15
ydaA	1.02
yczJ	1.3
ycsK	1.1
ycsJ	1.24
ycsF	1.15
ycsD	1.3
ycgE	0.7242
lctP	0.2864
amyE	1.02
ycgA	1.09
opuAB	1.11
yceJ	1.18
sipU	1.63
mtlD	1.0
ycnL	1.33
ycnJ	0.5346
gdh	0.8321
ycnH	1.01
yceG	0.9354
yceE	0.7838
yceC	0.7694
yceA	1.58
ycdH	2.66
ycdF	0.0
ydjJ	0.9477
ydjH	0.4651
ydjF	0.3228
gutB	0.8559
ydjB	1.01
ydiR	0.7567
ydeI	1.19
ydeG	0.8078
ydeE	1.31
ydeC	1.25
ydeB	0.8995
ydeA	1.04
ydiP	1.19
ydiN	1.19
groEL	1.52
ydiL	1.28
ydiJ	1.4
ydiH	1.33
yddS	1.39
yddQ	1.06
lrpA	1.44
phrI	1.57
yddJ	1.09
yddH	0.0
ydjI	0.8565
ydjG	0.6301
ydjE	1.01
ydjC	1.06
ydiS	0.8931
ydiQ	0.9766
ydeH	1.07
ydeF	1.04
ydeD	0.979
ydzE	1.08
cspC	1.34
yddT	1.7
ydiO	1.67
ydiM	1.21
groES	1.54
ydiK	1.13
ydiI	1.32
ydiG	1.41
yddR	1.84
lrpB	1.84
yddM	1.14
rapI	1.37
yddI	0.0
yddG	0.0
yfiR	1.13
lipB	1.52
yfiN	1.01
yfiL	1.02
yfiJ	1.02
yfiH	1.0
yfnE	1.19
yfnG	1.01
yfnI	1.2
yetL	0.808
yetJ	0.9704
yezB	0.8535
yfiF	0.0
yfiD	0.0
glvC	1.07
glvA	1.17
yfjB	1.92
yfjD	0.9909
yetH	1.18
lplD	1.09
lplB	1.13
yetA	0.0
yesX	1.18
yesV	1.19
yfiQ	1.01
yfiO	0.8945
yfiM	1.07
yfiK	0.9081
yfiI	0.9794
yfiG	0.9867
yfnF	0.7952
yfnH	1.1
yetN	1.21
yetK	1.26
yezD	1.13
yetI	1.14
yfiE	1.04
yfiC	1.24
yfiA	1.14
yfjA	1.15
yfjC	1.23
yfjE	1.28
yetF	1.4
lplC	1.25
lplA	1.48
yesZ	1.34
yesW	1.2
yesU	1.14
yhjC	1.06
yhxD	1.27
yhzC	1.02
yhfW	0.8661
yhfU	1.12
yhfS	0.9272
ygxB	1.34
yhdD	0.8765
yhdB	0.923
yhcZ	0.7505
yhxB	0.9646
glpK	1.18
yhfO	1.1
yhfN	0.0
yhfL	1.22
yhfJ	1.16
yhfH	0.8816
yhfF	1.21
glpP	1.1
yhcX	1.28
yhcV	1.02
yhcT	1.12
yhcR	1.17
yhcP	1.15
yhjA	1.36
comK	1.21
yhxC	0.9978
yhfV	1.18
yhfT	1.24
yhfP	1.11
yhdE	1.01
yhdC	0.9779
yhdA	1.18
yhcY	1.04
glpD	0.9241
glpF	1.14
aprE	1.4
yhfM	1.29
yhfK	1.16
yhfI	1.15
gltT	1.32
yhfE	1.14
yhxA	1.38
yhcW	1.34
yhcU	1.16
yhcS	1.09
yhcQ	1.59
yhcO	1.68
yjqB	0.7123
xlyB	0.9795
phrA	0.7066
yjoB	0.5696
yjnA	1.76
yjmI	1.05
yjbC	0.5308
oppF	0.7811
oppB	0.9229
trpS	0.8785
appC	0.7867
appA	0.7492
yjmG	0.9947
yjmE	0.8875
yjmC	1.02
yjmA	1.28
yjlC	0.8477
yjlA	1.37
appD	1.72
yjaY	1.29
yjzA	1.18
yjaV	1.17
yjzD	1.32
argF	1.02
yjqA	0.9428
yjpA	0.9276
rapA	1.03
yjoA	1.04
yjmJ	1.03
yjmH	1.13
yjbB	0.9449
oppC	1.01
oppA	0.9418
yjbA	0.8826
appB	0.8616
appF	1.36
yjmF	0.8284
yjmD	1.01
yjmB	1.0
yjlD	0.9963
yjlB	0.8133
yjkB	1.27
yjaZ	1.19
yjzB	1.28
med	1.28
yjaU	1.15
yjzC	1.14
pdhA	1.11
ykrB	0.9739
ykzG	0.9049
adeC	1.27
ykqA	0.7095
abh	0.7944
ykrL	0.6568
sspD	0.7519
ykoZ	1.05
ykoV	0.964
ykoT	1.04
ykoQ	1.06
ykpC	0.7179
ykpB	0.7773
ykoA	1.13
fruA	0.9991
yknZ	1.03
yknX	0.8809
ykoN	1.32
ykoL	0.7943
tnrA	1.03
ykzD	1.05
ykoI	0.9721
ykoG	1.23
ykyA	1.19
ykrA	0.952
ykqC	1.09
ykqB	1.17
kinC	1.26
mreBH	1.08
ykrK	1.31
ykrI	1.27
ykoX	1.29
ykoU	1.17
ykoS	1.02
ykoP	0.9995
ampS	1.13
ykpA	1.05
sipT	1.23
fruR	1.05
yknY	1.13
yknW	0.646
ykoM	0.9333
ykzB	1.15
ykoK	1.63
ykoJ	1.19
ykoH	1.25
ykoF	1.22
rbfA	0.8148
infB	0.9553
ylxR	0.9576
ylxS	1.23
yluC	0.8619
cdsA	1.07
ylnB	1.3
cysH	1.25
pyrF	1.28
pyrDII	1.49
pyrC	1.93
pyrP	1.76
frr	0.9354
tsf	0.0
ylxL	0.0
cheD	0.0
cheW	0.0
cheB	0.0
ylyB	1.54
ylyA	0.9201
divIVA	1.2
ylmG	1.16
ylmE	1.1
ylmC	1.05
ylxP	0.8068
ylxQ	0.9776
nusA	1.19
proS	1.1
yluB	1.49
yluA	1.48
ylnA	1.49
pyrE	1.26
pyrD	1.44
pyrAA	2.04
pyrB	2.64
pyrR	2.09
smbA	1.12
rpsB	1.0
sigD	0.9412
cheC	1.1
ylxH	1.08
lsp	1.13
ylmH	1.34
ylmF	1.09
ylmD	1.15
ylmB	1.39
yoaT	1.08
yoaS	0.9345
yozF	0.6809
yoaP	1.04
yoaN	0.9622
pelB	1.06
yncM	0.8898
ynzH	0.997
yncE	1.55
yncC	0.9858
xylB	0.9372
xylR	0.8948
yoaJ	0.8434
yoaH	0.983
yoaF	0.6466
yoaD	1.57
yoaB	1.1
yoxB	1.1
ynaJ	1.01
ynaG	0.7422
ynaE	1.3
ynaC	1.2
ynzG	0.8192
ynxB	0.8693
yozG	0.8905
yoaR	0.863
yoaQ	0.0
yoaO	0.9317
yoaM	1.07
yoaK	1.1
thyA	1.21
yncF	1.13
yncD	0.9491
yncB	1.47
xylA	1.18
xynB	1.2
yoaI	1.09
yoaG	0.9439
yoaE	1.21
yoaC	1.28
yoaA	1.05
yoxC	1.03
ynaI	1.14
ynaF	1.05
ynaD	1.07
ynaB	0.9111
ynzF	0.7824
glnA	0.8084
yopS	1.18
yopU	0.7437
yopW	0.7626
yopY	0.848
yoqA	0.9251
yoqC	0.9005
cgeD	0.9013
yodT	1.15
yodR	0.8626
yodP	1.28
yozE	1.2
yodM	1.47
yoqE	0.8708
yoqG	0.7794
yoqI	0.6926
yoqK	0.9608
yoqM	0.7915
yoqO	0.92
deoD	1.13
yodI	1.01
ctpA	1.1
yodE	1.11
yodC	1.03
yojA	1.12
yopT	1.05
yopV	0.9373
yopX	1.18
yopZ	1.06
yoqB	1.44
yoqD	0.9045
cgeE	0.9407
yodS	1.09
argE	0.7569
yodO	0.9592
yodN	1.08
yodL	1.01
yoqF	1.21
yoqH	1.18
yoqJ	1.6
yoqL	1.41
yoqN	0.9715
yoqP	1.03
yodJ	0.938
yodH	0.9825
yodF	0.8672
yodD	0.9812
yodA	1.05
yojB	0.9357
hbs	1.13
mtrB	0.8352
gerCB	1.29
ndk	1.07
aroF	1.08
aroH	0.7668
ypmP	1.08
ypmR	0.9684
ypmT	0.9044
ypoP	0.7579
yppQ	0.8695
yokA	1.62
trpD	0.8731
trpF	0.8189
trpA	1.08
tyrA	1.11
ypiA	0.9669
ypiF	0.7063
yokC	1.09
yokE	1.04
yokG	0.8192
yokI	1.17
yokK	0.9062
yolA	1.07
mtrA	1.08
gerCA	1.48
gerCC	1.33
cheR	0.8899
aroB	0.8296
trpE	1.08
ypmQ	0.8562
ypmS	0.9326
ypnP	1.04
yppP	1.0
ypqP	1.33
yokB	1.11
trpC	0.9317
trpB	0.8184
hisC	1.13
aroE	1.03
ypiB	0.5996
qcrA	0.6953
yokD	0.8691
yokF	1.09
yokH	0.7674
yokJ	0.7954
yokL	0.9899
yolB	0.9836
yqgY	1.3
yqhA	1.07
yqxL	0.9615
comGB	1.35
comGD	1.19
comGF	1.29
yqjQ	1.13
yqjS	1.02
yqjV	1.17
yqjW	0.9785
yqjY	1.14
yqkA	1.12
yqzE	1.11
yqxM	0.9506
cotN	0.6193
sinI	0.8782
yqhH	0.9693
yqhJ	1.04
yqkC	1.08
yqkE	0.9085
yqkG	0.9254
ansA	1.03
yqkI	0.9527
yqkK	1.07
yqgZ	0.9467
yqhB	1.04
comGA	0.0
comGC	1.01
comGE	1.15
comGG	1.39
yqjR	0.9252
yqjT	0.984
yqzH	1.04
yqjX	1.05
yqjZ	1.11
yqkB	1.04
yqzG	1.03
sipW	1.03
sinR	0.9763
yqhG	0.926
yqhI	1.07
yqhK	1.06
yqkD	1.07
yqkF	1.11
ansR	0.8753
ansB	0.8699
yqkJ	0.9225
spoIIM	1.18
yrpD	1.17
aadK	0.9141
yrdB	0.863
yrdD	1.02
yrdF	0.8658
azlC	0.9664
yqcJ	1.14
yqcL	0.8635
spoIVCA	1.25
nucB	0.9155
yqeC	0.8816
yqeE	0.8715
brnQ	0.9492
gltR	0.9853
czcD	0.829
yrdQ	1.02
yrkA	0.6072
blt	0.8213
yqeG	1.03
aroD	1.09
yqeJ	1.07
yqeL	0.9692
comER	1.22
comEB	1.02
yrpB	1.13
yrdA	0.9722
yrdC	0.9361
cypA	1.21
azlB	0.9235
azlD	0.8891
yqcK	0.9267
yqcM	1.01
spoIVCB	1.02
yqeB	1.06
yqeD	0.9567
yqeF	1.03
yrdK	1.05
yrdN	0.9476
trkA	0.0
yrdR	1.02
bltD	0.9217
bltR	0.8737
yqeH	0.9922
yqeI	0.8708
yqeK	0.8368
yqeM	0.8938
comEA	0.9498
comEC	1.26
ysdC	0.9744
araA	0.7947
araD	0.8923
araM	1.23
araP	1.03
abfA	0.9401
yrbB	0.8372
yrbD	0.8753
yrzG	0.7366
yrbE	0.9388
bofC	0.8694
ruvB	0.955
ysfE	0.8785
ysfC	0.9878
ysfA	0.9544
pheS	1.16
ysgB	1.1
yshC	1.06
tgt	0.9576
yrzE	0.7684
spoVB	0.9955
yrvB	0.8296
yrvC	0.9505
abnA	0.7835
araB	0.9009
araL	0.9733
araN	0.8956
araQ	1.08
cstA	0.0
yrbC	0.8432
yrzH	0.8896
yrzF	0.8721
csbX	1.05
ruvA	1.06
queA	0.9747
ysfD	0.8573
ysfB	0.7936
ysgA	0.6834
pheT	1.04
yshB	1.07
yshD	0.0
yrbF	1.1
yrbG	1.08
yrzD	0.9196
secF	0.7971
yrvD	0.9916
apt	1.1
ytxO	1.11
ytcB	0.9859
ytdA	0.8602
menF	1.87
ytxM	0.8548
menE	0.8175
ytmQ	0.0
malS	0.803
ytoP	1.07
ytpP	0.8787
ytpS	1.14
murC	1.12
ytgA	1.38
ytgC	1.26
ythB	1.24
ytiA	1.48
ytjA	1.01
ytkA	0.6832
ytxH	0.6373
aroA	1.11
ytxD	1.06
acuC	0.8799
acsA	1.06
rpsD	1.01
ytcC	1.06
ytcA	0.8792
yteA	0.7532
menD	0.9414
menB	0.9596
ytfD	0.7674
ytnP	0.7878
ytzB	0.8979
ytoQ	0.8361
ytpR	1.06
ytpT	1.23
ytxG	0.7079
ytgB	1.27
ytgD	1.24
ythA	1.32
ytiB	1.07
ytjB	1.14
dps	0.7873
ytxJ	0.817
ccpA	0.9964
ytxE	1.04
acuA	0.7794
tyrS	0.9028
yusU	0.9903
yusS	0.8232
yusQ	0.8538
yusO	0.8381
yusM	0.8354
yusK	0.8613
yuxI	0.9024
yukE	1.31
yukC	1.37
yueC	0.6127
yueE	1.15
yuzE	1.17
yusI	0.9175
yusG	0.9027
yusE	1.27
yusC	1.49
yusA	0.9403
yurY	1.26
yueG	1.13
yueI	1.12
yueK	0.928
yuzC	0.91
comQ	1.17
comP	0.0
yusT	0.966
yusR	0.9403
yusP	0.8369
yusN	0.9869
yusL	0.0
yusJ	1.18
ald	0.7455
yukD	1.15
yukB	1.32
yueD	0.7283
yuzF	1.0
yueF	1.07
yusH	0.7439
yusF	1.23
yusD	1.32
yusB	1.57
yurZ	0.998
yurX	1.25
yueH	0.9673
yueJ	0.8906
yuxH	0.9083
degQ	1.04
comX	0.9207
comA	0.9552
yvoA	0.8092
nagA	0.8443
lgt	0.8914
yvpA	0.9555
hisZ	1.42
hisD	1.41
tpi	0.7605
eno	0.8808
yvbJ	1.32
yvbH	1.12
yvbF	1.11
opuCB	1.29
hisH	1.12
hisF	1.1
yvcA	1.23
yvzA	1.01
yvcD	1.05
trxB	1.11
opuCD	0.8798
yvaZ	1.02
yvaX	1.52
yvaV	1.2
opuBC	1.24
yvaQ	0.8741
nagB	1.0
yvoB	0.9216
yvpB	0.8739
hisG	1.07
hisB	1.05
pgm	0.6348
yvbK	0.9526
yvbI	1.22
yvbG	1.15
opuCA	1.69
opuCC	1.34
hisA	1.17
hisI	1.05
yvcB	1.24
yvcC	1.23
yvcE	2.23
yvcI	0.8591
yvbA	0.9445
yvaY	1.1
yvaW	2.22
opuBB	1.2
opuBD	0.0
yvaP	1.07
fbaA	1.23
murZ	1.17
rpmE	1.01
ywkB	0.9995
ywkD	0.8141
ywkE	1.26
ywrE	0.6813
cotG	0.7466
cotB	0.9394
ywrK	0.7144
alsS	1.55
ywrO	1.05
ywlA	0.7826
ywlB	1.03
ywlE	0.9582
ywlG	1.05
upp	1.14
atpB	0.9739
ywsB	0.9799
rbsC	0.8031
rbsD	0.879
rbsR	0.9962
ywtA	0.9673
ywtC	0.9942
ywjH	0.8943
ywjI	0.7594
ywkA	1.09
ywkC	1.02
prfA	1.36
ywkF	1.01
ywrF	0.9975
cotH	0.7521
ywrJ	0.8419
alsR	0.9302
alsD	1.21
ywsA	0.897
spoIIR	0.9502
ywlD	0.9878
ywlF	0.8376
glyA	0.8373
atpI	1.22
atpE	0.7854
rbsB	1.13
rbsA	1.09
rbsK	1.0
ywsC	1.18
ywtB	0.942
ywtD	1.48
deaD	0.7767
yxiP	1.3
bglS	0.9054
katB	0.8835
yxiT	0.9439
yxjB	1.22
ywcF	1.61
ywcH	0.9688
ywcI	0.853
ywcJ	0.5202
sacA	0.935
thiD	0.9333
yxjD	1.01
yxjF	1.0
yxjH	1.14
yxjJ	0.7243
yxjL	0.9076
yxjN	0.9609
ywdD	1.05
ywdF	0.9527
ywdH	0.8789
ywdJ	0.936
ywdL	0.8033
spsB	0.9837
yxiO	0.0
licT	1.05
yxiQ	0.9401
yxiS	0.9373
yxjA	1.16
yxjC	0.8936
ywcG	0.9279
vpr	0.7013
sacT	0.6727
sacP	0.9948
ywdA	1.04
ywdC	0.9814
yxjE	0.8597
yxjG	1.12
yxjI	0.7999
pepT	0.9115
yxjM	1.01
yxjO	0.8926
ywdE	0.874
ung	0.8754
ywdI	0.9696
ywdK	0.9304
spsA	0.9602
spsC	1.08
rnpA	1.46
jag	1.16
gidB	0.9436
yydK	0.8627
bglA	1.09
ahpC	1.59
gntP	0.9101
gntR	1.14
yxaB	0.9378
yyaB	0.7819
spo0J	0.9088
yyaD	0.8617
yyaF	0.9697
ssb	1.13
exoA	0.9845
yxaD	0.9985
yxaF	1.03
yxaH	1.08
yxaJ	1.0
yxaM	1.41
yxbB	1.14
rpmH	1.01
spoIIIJ	1.05
thdF	1.25
yyaA	0.9096
yyzE	0.9388
ahpF	1.59
gntZ	0.0
gntK	0.9418
yxaA	0.9936
yxaC	0.9425
soj	0.9541
yyaC	0.9559
yyaE	0.0
rpsF	0.957
rpsR	0.9269
yyaG	0.9951
yxnA	0.9459
yxaG	0.9636
yxaI	1.32
yxaL	0.8474
yxbA	1.14
yxbC	1.42
gltA	0.8825
ppsE	0.8114
ebrA	0.7867
ymfG	0.8171
bpr	0.7062
cheV	0.8237
rho	0.8213
tagD	1.0
yvfE	0.5776
yvgP	0.0
yurC	1.01
aapA	1.05
spoIIS	1.24
xtmB	0.9146
yhjN	0.8945
yhaA	0.8913
yheJ	0.7884
yfmB	0.8043
yqhQ	0.8788
yosN	1.09
pnpA	0.0
flhA	0.9219
fliP	0.9005
fruB	0.8818
ppsC	1.05
yngB	0.8347
pyrAB	1.27
polC	1.04
pycA	0.9876
ptsH	0.8037
tdk	0.8547
yvfC	0.618
yvfK	1.1
yusY	0.8732
ysnF	0.9179
lepA	1.07
xkdO	1.01
yirY	0.8403
yhfQ	1.22
yhaQ	0.8921
yfkL	0.671
yfnC	1.02
spoIIIAG	0.9732
yojG	0.9842
flhF	1.01
flhB	0.9572
cheY	0.8912
moaD	0.8312
hprT	1.01
yvoF	0.8977
yvdS	0.966
sacB	0.9366
ffh	0.8012
ssuC	0.8581
yvfP	0.9044
ctc	0.8212
ppsB	0.8996
yvgR	0.7484
ydjK	0.8655
spoIIE	0.9494
ywbL	1.02
sigL	0.8323
yacA	1.25
yvdR	0.9218
yveB	0.8468
yqxK	0.7938
yhaR	0.964
pnbA	1.07
ytnM	1.11
prs	0.9706
ykoW	0.975
cotA	0.8089
ydjA	0.8072
hutH	0.6887
secA	0.7834
ybaS	0.9813
ybaN	0.723
gerD	1.1
cwlD	1.05
ybaJ	1.22
rplM	1.05
gcaD	1.39
yabJ	0.8337
yabH	1.2
veg	0.9688
ksgA	1.19
ybaF	0.6415
ybxA	0.6007
rpoA	0.6655
rpsM	0.613
infA	0.6609
adk	0.6877
abrB	0.7848
yazA	1.16
yabA	1.08
holB	1.03
yaaQ	1.03
ybaR	1.49
kbaA	0.8481
ybaL	0.761
ybaK	0.9898
rpsI	0.9947
truA	0.5483
spoVG	1.28
purR	1.04
sspF	0.9956
yabG	1.14
yabF	1.29
ybaE	0.5532
rplQ	0.664
rpsK	0.7368
rpmJ	0.6701
map	0.6876
secY	0.7572
yabC	0.8895
yabB	0.8655
yaaT	0.8764
yaaR	0.9501
tmk	1.16
ycnG	0.9867
yczG	1.36
ycnD	0.8224
yclQ	1.35
yclO	1.52
yclM	1.25
rapJ	1.26
ycdC	1.12
natB	1.1
yccH	1.01
yccF	1.15
yczB	0.77
yclK	0.9935
yclI	1.14
gerKB	0.8848
gerKA	0.9714
yclE	1.02
yclC	1.02
cwlJ	0.957
ycbO	0.8589
ycbL	0.9437
yczA	0.7806
ycbH	0.9325
ycbF	0.9255
ycnF	0.8868
ycnE	0.9115
ycnC	1.38
yclP	1.69
yclN	1.69
rapC	1.45
ycdD	1.18
ycdA	0.8549
natA	0.6732
yccG	0.9585
lipA	0.9379
phoD	0.9916
yclJ	1.03
yclH	1.16
gerKC	0.9912
yczF	0.8454
yclD	1.01
yclB	0.8178
ycbP	1.07
ycbN	1.01
ycbK	0.8659
ycbJ	1.06
ycbG	0.8878
ycbE	0.8145
ydiF	0.9046
ydiD	0.8095
ydiB	0.998
ydhU	0.9542
ydhS	0.7771
ydhQ	1.07
yddF	0.9156
yddC	0.9343
yddA	0.8869
ydcS	0.7772
ydcQ	0.9642
ydcO	0.9296
ydhO	1.05
ydhM	0.8772
ydhK	0.9662
ydhI	1.14
ydhG	1.12
ydhF	0.9014
ydcN	1.2
ydcL	1.77
ydcH	1.49
ydcF	1.24
sigB	0.6666
rsbU	0.8623
ydiE	0.9219
ydiC	0.8513
ydiA	1.02
ydhT	0.9099
ydhR	0.702
ydhP	0.8796
yddD	0.8539
yddB	0.8677
ydcT	0.9143
ydcR	1.19
ydcP	1.15
sacV	0.8486
ydhN	0.862
ydhJ	1.09
ydhH	1.01
phoB	0.926
ydhE	0.6816
ydcM	1.23
ydcK	0.0
ydcG	0.9668
rsbX	0.6895
rsbW	0.5083
rsbT	0.9428
yfjF	0.9372
acoR	0.9557
acoC	0.8967
acoA	1.06
yfjM	1.07
yfjO	1.16
yesT	0.8684
yesR	0.8387
yesP	0.8982
yesM	0.839
yesK	0.8164
cotJB	0.8263
yfjQ	0.9974
yfjS	0.7915
yfkA	0.9192
yfkC	0.9516
yfkE	0.8902
yfkJ	0.7683
yesF	1.05
yeeK	1.08
rapH	1.25
yezA	0.9883
yeeC	1.18
yeeA	0.0
yfjU	0.5794
acoL	0.8917
acoB	0.8998
yfjL	1.03
yfjN	0.998
yfjP	0.9449
yesS	0.8931
yesQ	0.8742
yesO	1.14
yesL	1.05
yesJ	0.9626
cotJA	0.9862
yfjR	1.08
yfjT	0.0
yfkB	1.04
yfkD	1.02
yfkH	1.01
yfkK	1.1
yesE	0.8793
yeeI	0.0
yeeG	0.9117
yeeD	0.9555
yeeB	0.9888
yefC	0.9183
yhfD	0.7615
yhfB	1.07
yhgD	1.25
hemH	0.8304
pbpF	1.15
yhgB	1.15
yhcN	1.11
yhcL	0.976
yhcJ	1.06
yhcI	1.01
yhcG	1.04
yhcE	1.0
ecsC	1.02
ecsA	0.9599
serC	0.9177
yhaH	1.02
yhaI	0.9036
yhaK	0.794
yhcB	0.8661
yhbJ	0.8076
yhbH	0.8836
yhbF	0.9465
yhbD	1.27
yhbA	1.24
yhfC	0.9697
yhgE	1.07
hemY	0.7632
hemE	0.8204
yhgC	0.9334
yhfA	1.01
yhcM	0.7956
yhcK	1.13
cspB	1.59
yhcH	0.8963
yhcF	0.8678
yhcC	0.8253
ecsB	1.09
hit	1.19
yhaG	1.09
hpr	1.02
yhaJ	0.9883
prsA	0.8932
yhcA	1.06
yhbI	0.9611
prkA	1.11
yhbE	0.9284
cspR	1.72
yhzB	1.03
yjkA	0.8115
yjiC	0.8628
yjiA	1.02
yjhA	0.6727
yjgB	0.8133
yjfC	1.3
carA	1.38
argB	1.21
argC	2.13
yitY	1.22
yitW	1.24
yitU	1.35
yjfA	1.06
cotT	0.9626
yjdJ	0.9616
yjdG	1.27
yjdE	1.18
yjdC	1.17
yitT	1.03
nprB	1.11
yitQ	1.0
yitO	0.9762
yitM	0.6721
yitK	0.8888
yjjA	0.9398
yjiB	0.8096
yjhB	0.9718
yjgD	0.9295
yjgA	1.26
yjfB	1.26
argD	1.14
argJ	1.31
yitZ	1.16
yitX	1.09
yitV	0.929
ipi	0.8399
yjeA	1.78
yjdK	0.884
yjdI	0.833
yjdF	1.02
yjdD	0.8483
yjdB	0.9418
yitS	1.02
yitR	0.8117
yitP	1.12
yitN	1.01
yitL	1.2
yitJ	1.31
yknV	0.9665
moaE	0.8817
moeA	0.8944
mobA	0.8336
ykuV	0.9848
ykuT	1.08
ykoE	1.16
ykoC	1.16
ispA	1.1
yknA	1.37
ykmA	0.9318
proA	1.09
ykuR	0.8089
ykuP	1.07
ykuN	1.07
ykuL	0.9147
ykuK	1.11
ykuI	1.04
ykkE	1.28
ykkC	0.9595
ykkA	1.03
ykzH	1.12
ykhA	1.09
ykgB	0.8167
yknU	0.0
mobB	0.8497
moeB	0.8817
ykuW	0.0
ykuU	0.9766
ykuS	0.7425
ykoD	1.04
ispU	0.8391
metC	0.0
ykzA	0.8888
yklA	0.7925
proB	1.19
ykuQ	0.8466
ykuO	1.09
ykuM	1.02
ykzF	1.31
ykuJ	1.15
ykuH	1.37
ykkD	0.7635
ykkB	0.8229
ykjA	0.9282
hmp	1.04
ykgA	0.9193
ykfD	0.8954
fliR	1.0
fliZ	1.05
fliM	0.9588
flgE	0.8419
fliK	0.9004
fliJ	1.01
ylmA	1.25
sigE	1.06
ftsZ	0.8051
sbp	0.9944
ylxW	0.9539
murB	0.8824
fliH	1.16
fliF	1.16
flgC	1.16
codY	0.7534
clpQ	0.9997
gid	0.9469
spoVE	0.915
mraY	1.08
pbpB	0.8854
ylxA	0.6623
yllA	1.24
ylbP	0.9938
fliQ	1.08
fliY	0.9944
fliL	1.11
ylxG	0.9839
ylxF	1.02
fliI	1.0
sigG	0.9935
spoIIGA	0.8981
ftsA	0.9049
ylxX	0.9257
divIB	0.832
murG	0.8933
fliG	1.0
fliE	0.9615
flgB	1.01
clpY	0.781
codV	0.9626
topA	1.23
murE	1.14
ftsL	0.7239
yllB	0.8845
ylbQ	1.2
ylbO	1.05
yoxD	0.8023
proH	1.03
gltC	0.9834
yogA	0.9493
ggt	1.02
yoeC	0.8364
glnR	0.7273
ynbA	1.08
cwlC	0.8039
nrdF	0.7487
ymaA	1.02
ymzC	1.08
yoeA	1.16
pbp	0.9437
yngK	1.13
yngJ	0.9575
yngH	1.01
yngF	0.8747
miaA	1.09
ymaG	1.07
ymaD	0.8597
aprX	0.8507
ymzB	0.8904
pksN	1.01
rtp	0.7464
proJ	0.9612
gltB	0.6814
yofA	0.9247
yoeD	0.8155
yoeB	0.327
ynbB	0.915
spoVK	1.07
ymaB	0.7445
nrdE	0.9766
ymzA	0.9548
ymaH	0.7738
yoxA	0.7726
yngL	0.954
ynzE	1.09
yngI	1.47
yngG	0.9886
yngE	0.9367
ymaF	0.8185
ebrB	1.06
ymaC	1.06
ymaE	0.913
pksS	1.18
pksJ	0.0
yoqR	1.05
yoqT	1.02
yoqV	1.07
yoqY	1.18
yorA	1.07
yorC	0.9201
yojC	0.9253
yojF	0.815
yojI	1.06
yojK	0.8079
yojM	0.9084
yojO	0.9609
yorE	0.7513
yorG	0.7941
yorI	1.17
yorK	1.11
yorN	1.14
yorP	0.6432
yocS	0.962
sodF	1.08
dhaS	1.08
yozO	0.5002
yozN	0.7457
yocL	0.8284
yoqS	0.8865
yoqU	0.919
yoqW	0.0
yoqZ	1.06
yorB	0.6841
yorD	0.8422
yojE	0.9752
yojH	0.9699
yojJ	0.788
yojL	1.19
yojN	0.9691
odhB	0.8248
yorF	0.7984
yorH	0.6985
yorJ	0.9441
yorM	0.88
yorO	0.823
yorQ	1.08
yocR	1.38
sqhC	0.8438
yozC	0.9902
yocN	0.6887
yocM	0.3183
yocK	0.4088
qcrC	0.5918
ypjB	1.3
ypjD	1.37
ypjF	1.16
ypjH	1.13
birA	0.853
yolC	1.01
uvrX	1.26
sunA	0.9371
yolI	1.15
yolK	0.8716
yomB	0.9516
panC	1.04
ypmB	0.8102
asnS	1.05
nth	0.9826
yppB	1.24
yomD	1.72
yomF	1.08
yomH	1.53
yomK	1.12
yozP	0.8924
yomN	0.9014
ypjA	1.06
ypjC	1.05
dapB	1.12
ypjG	0.9637
papS	0.8092
panB	0.9388
yolD	1.03
yolF	0.8576
sunT	1.42
yolJ	1.23
yomA	0.8859
yomC	1.02
panD	1.04
ypmA	0.0
aspB	0.8971
dnaD	0.9288
ypoC	1.0
yppC	0.7958
yomE	0.9406
yomG	0.9015
yomJ	1.13
yomL	1.58
yomM	1.25
yomO	0.0
yqhL	1.45
yqhN	1.45
yqhP	0.8202
yqhS	0.9033
efp	1.16
spoIIIAA	1.11
yqkL	1.3
drm	0.9225
dacF	1.15
spoIIAB	0.7758
spoVAA	0.9615
spoVAC	0.6866
spoIIIAC	0.8623
spoIIIAE	0.964
spoIIIAH	1.06
accC	1.09
yqhZ	0.9999
yqiB	1.07
spoVAE	0.8888
lysA	0.9748
ppiB	1.15
ypuB	0.9115
ypzC	0.877
ypuD	1.11
yqhM	1.12
yqhO	1.13
yqhR	0.914
yqhT	1.03
yqhV	0.6453
spoIIIAB	0.8501
ripX	1.1
pnp	0.8869
spoIIAA	0.9974
sigF	0.7544
spoVAB	0.8024
spoVAD	0.8903
spoIIIAD	0.7954
spoIIIAF	0.8908
accB	0.9454
yqhY	0.8695
folD	1.01
yqiC	0.8966
spoVAF	1.34
ypuA	1.31
ypzD	0.9251
ypuC	0.8656
sipS	1.19
ypuE	2.09
yrkB	0.845
yrkD	0.8907
yrkF	0.8182
yrkH	1.05
yrkJ	1.09
yrkL	1.01
yqeN	0.9939
gpr	0.6726
yqxA	0.8084
dnaK	0.8838
yqeT	0.9587
yrkN	1.33
yrkP	1.26
yrkR	1.01
spoIIIC	0.9956
yqaC	0.9038
yqaF	0.7591
yqeV	0.0
rpsU	0.9777
yqeZ	0.0
yqfB	0.6291
yqfD	0.9711
yqfF	0.99
yrkC	0.8054
yrkE	1.06
yrkG	1.1
yrkI	1.2
yrkK	1.17
yrkM	1.05
rpsT	1.03
spoIIP	0.0
hemN	0.8747
grpE	0.7982
dnaJ	0.9633
yqeU	0.8612
yrkO	0.8219
yrkQ	0.7444
yrkS	0.8414
yqaB	0.8051
yqaE	0.7968
yqdA	0.7965
yqeW	0.9362
yqeY	1.53
yqfA	0.79
yqfC	1.06
phoH	1.63
yqfG	1.28
yshE	0.7851
ysiA	0.7927
etfB	0.7897
xsa	0.902
uvrC	0.7922
lysC	0.7902
relA	1.09
yrvJ	1.03
hisS	1.0
yrvM	1.02
yrzC	1.08
yrvP	1.06
sdhC	0.9427
sdhB	0.7673
gerE	0.7205
racE	1.14
rph	0.8393
ysnB	0.911
yrrB	0.8367
yrrD	0.9434
glnM	0.8873
glnQ	0.9267
yrzB	0.8972
lcfA	0.0
ysiB	0.7661
etfA	0.774
trxA	0.7734
ask	1.38
yslB	0.8836
yrvI	0.9555
yrzK	0.8895
aspS	0.883
yrvN	1.0
yrvO	1.28
yrrA	0.9274
sdhA	1.01
ysmA	0.7815
ysmB	0.0
gerM	0.742
ysnA	0.8045
ysnE	0.8207
yrrC	0.0
glnP	0.7337
glnH	0.9184
yrrI	1.01
yrrK	1.09
yrrL	0.0
ytkC	1.05
ytlC	1.24
ytlA	1.09
ytmB	1.14
metK	1.22
ytnA	0.7279
ytsP	0.7308
ytwP	0.8177
nifZ	0.9455
sspA	0.8598
ytcJ	0.9533
yteI	0.9194
ytpA	0.8941
ytqA	0.9385
ytrA	0.7333
ytrC	0.8872
ytrE	0.7196
ytsA	0.8969
ytfI	0.8792
ytxK	0.9037
moaB	0.8061
argH	1.23
ytkK	0.9917
ytlI	1.03
ytlD	1.02
ytlB	0.9672
ytmA	1.09
pckA	1.05
asnB	1.16
ytoA	0.6595
ytvP	0.977
braB	1.18
ytbJ	0.8399
ytcI	0.9176
ytdI	1.06
yteJ	0.8056
ytqB	1.02
ytzC	1.04
ytrB	1.18
ytrD	1.14
ytrF	0.7537
ytsB	0.9815
ytgI	1.06
ackA	0.9238
argG	1.4
ytzD	1.16
ytkL	0.9521
ytmI	0.7234
yurW	1.24
yurU	1.1
yurS	0.8662
yurQ	0.8943
yurO	0.5462
yurM	0.6048
yufB	0.7849
yufD	0.8202
yufU	1.02
yufS	0.9623
yufQ	0.962
yufO	0.8268
yurK	0.6409
yurI	0.8712
yurF	0.8554
yurD	0.8824
yunM	0.9695
yunK	0.9633
yufM	0.8725
yuxK	1.01
yuxJ	0.7269
kapB	0.8759
patB	0.9929
yugF	0.9737
yurV	0.9014
yurT	0.8476
yurR	0.7833
yurP	0.6637
yurN	0.5408
yurL	0.5113
yufC	0.6461
yufV	0.6998
yufT	0.8447
yufR	0.9253
yufP	0.7509
yufN	0.819
yurJ	0.7743
yurH	1.13
yurE	0.8739
yurB	0.9578
yunL	0.844
yunJ	0.8933
yufL	1.2
pbpD	0.0
kapD	0.8881
kinB	0.8383
yugE	1.24
yugG	0.8799
yvcJ	0.9283
yvcL	0.6518
yvcN	0.6084
yvcQ	1.05
yvcS	0.7851
yvdA	0.8563
yvaO	0.9443
yvzC	0.7897
yvaL	1.02
yvaJ	0.0
yvaG	0.9044
yvaE	0.9213
yvdC	0.8848
yvdE	0.8783
yvdG	0.8308
yvdI	0.8107
yvdK	0.0
yvdM	0.6082
yvaC	0.0
yvaA	1.0
yvgY	0.8702
yvgW	0.0
yvgU	0.9717
yvgS	1.09
yvcK	0.8588
crh	0.6752
yvcP	0.9766
yvcR	0.9828
yvcT	0.9366
yvdB	0.8437
yvaN	1.03
yvaM	0.8205
yvaK	0.0
yvaI	0.8654
yvaF	0.9786
yvaD	0.8836
yvdD	1.01
yvdF	1.11
yvdH	1.03
yvdJ	0.9848
yvdL	1.04
clpP	0.7527
yvaB	0.0
yvgZ	0.9082
yvgX	0.0
yvgV	0.0
yvgT	1.12
yvgQ	0.5743
atpF	1.04
atpA	0.8633
atpD	0.6155
ywmA	1.01
ywmB	1.6
spoIID	0.8785
ywtE	0.8798
ywtG	0.793
gerBB	0.6004
pmi	0.8804
tagC	1.4
tagA	1.02
ywmE	0.8387
narA	0.9997
ywmF	0.6697
ureA	0.5681
ureC	0.6207
ywnB	0.9066
tagF	0.0
ggaA	1.72
lytR	0.9995
lytC	1.35
tuaB	1.01
tuaD	1.09
atpH	0.6779
atpG	0.5393
atpC	0.5166
ywzB	1.18
murA	1.72
ywmC	1.02
ywtF	1.19
gerBC	0.8606
gerBA	0.8504
lytD	0.0
tagB	0.8862
tagE	0.0
narQ	1.18
rapB	1.4
ywmG	0.8009
ureB	0.7808
ywnA	1.11
ywnC	1.58
tagG	0.0
yvyH	1.02
lytB	1.27
tuaA	0.843
tuaC	0.9041
tuaE	1.03
yxkA	1.07
yxkC	1.53
aldY	0.823
msmX	0.9015
yxzE	0.7543
yxkJ	0.7379
spsD	0.8454
spsG	0.7959
spsJ	0.9488
yweA	1.02
rocA	0.6935
rocC	0.7957
cydB	0.2318
cydD	0.0
yxlA	0.0
yxlC	1.26
yxlE	1.13
yxlG	1.12
ywfB	1.11
ywfD	0.994
ywfF	0.8486
ywfH	0.84
pta	0.7668
ywfL	1.08
galE	0.7566
yxkD	0.952
yxkF	0.8659
yxkH	0.8484
yxkI	0.857
cydA	0.466
spsE	1.0
spsI	1.08
spsK	1.13
yweB	1.08
rocB	0.8851
ywfA	0.8128
cydC	0.0
yxkO	0.8722
sigY	0.7842
yxlD	0.8306
yxlF	0.7565
yxlH	1.02
ywfC	1.23
ywfE	0.8635
ywfG	0.7549
ywfI	0.6616
ywfK	1.09
ywfM	1.01
yyaH	1.03
yyaJ	0.9561
yyaL	0.8849
yyaN	0.8918
tetL	0.7001
yyaP	0.9643
yxbD	1.07
yxbF	0.9117
yxcA	0.9581
yxcC	0.8293
yxcE	0.9037
iolR	0.9223
yyaR	0.6812
yyaT	0.7569
yybB	0.7179
yybD	0.7812
yybF	0.7365
yybI	0.7839
iolB	0.8077
iolD	0.8796
iolF	1.01
iolH	1.04
iolJ	1.26
yxdK	0.9119
yyaI	1.11
yyaK	1.24
yyaM	0.8382
yyaO	0.8723
tetB	0.0
yyaQ	0.7958
aldX	0.9117
yxbG	0.8751
htpG	0.8677
yxcD	0.8018
iolS	0.8008
iolA	0.8717
yyaS	0.9275
yybA	0.8792
yybC	1.0
yybE	0.6651
yybG	1.11
yybJ	0.9465
iolC	1.08
iolE	1.05
iolG	1.23
iolI	1.07
yxdJ	1.25
yxdL	1.06
yeeF	0.0
purQ	1.05
ydgJ	1.06
pbpC	0.9218
srfAC	1.01
ycgI	0.8765
yknT	0.9129
ptsI	0.0
ykvU	0.0
ykzE	0.6709
yjdH	0.697
yhdN	0.9702
yczC	0.9383
lmrA	0.8708
ybgB	1.0
ybdD	0.8017
fus	0.8779
yfiX	0.0
yfkF	0.0
treA	0.0
yflP	0.7956
yesY	0.9003
yddN	0.9024
yerP	0.8391
ydjD	0.9148
yddE	0.7938
yclG	0.8787
nasB	0.792
ycdB	0.8785
patA	0.9924
ykvW	0.9205
ykrP	0.9193
ykoY	0.8881
yhaP	0.989
yhbB	0.9049
yccC	0.9246
ybgE	0.7876
ybgA	0.813
rpmD	0.5834
rpoB	1.05
clpC	0.7356
yfiB	0.0
yfkI	0.8087
yflH	0.7008
yetM	0.8969
cotJC	0.0
yddK	0.0
yabD	1.03
yurG	0.8255
ytqD	0.7599
acuB	0.7527
dnaE	0.8259
levR	1.04
yqzC	1.0
yaaO	1.05
ypbG	0.7024
ypvA	0.8765
cgeB	0.9351
yloB	0.9153
glcT	0.8876
yjcD	0.9994
metS	0.9158
ythC	1.02
ytpB	0.7853
ytoI	0.8336
yrhJ	0.924
yqxH	1.05
bmrU	0.8937
yaaN	0.6552
qcrB	0.828
yosO	0.9298
ylqF	0.9636
spoVD	0.8307
yjgC	0.9541
yjaX	1.03
rplO	0.6206
rplR	0.6641
rpsH	0.6495
rplE	0.6973
rplN	0.636
rpmC	0.6494
xpaC	0.6216
bofA	1.09
recR	1.01
dnaX	1.21
yaaI	1.02
rpsC	0.6988
rpsS	0.687
rplW	0.8475
rplC	0.9907
ybaC	1.06
rpsG	0.8827
serS	0.6809
yaaD	1.05
guaB	1.02
gyrB	0.7528
recF	0.9003
rpsE	0.5639
rplF	0.6025
rpsN	0.6608
rplX	0.8695
rpsQ	0.8455
rplP	0.8245
csfB	0.8731
yaaL	0.8879
yaaK	0.9924
yaaJ	1.14
yaaH	0.8913
rplV	0.8591
rplB	0.9914
rplD	1.1
rpsJ	1.24
tufA	0.9872
rpsL	0.9893
yaaE	0.9209
dacA	1.7
yaaC	1.11
yaaB	0.8409
yaaA	0.9069
yclA	0.9432
yckJ	0.9549
yczE	1.09
ycxD	0.8674
ycxB	0.908
srfAD	0.966
ycbD	0.8384
ycbA	1.0
ybgH	1.05
ybgF	0.8827
ybfP	0.7585
ybfN	0.7694
yckH	0.9648
yckF	1.14
nucA	1.12
yckE	1.27
yckC	1.03
yckA	0.8626
ybfM	0.7283
ybfK	0.6727
purT	0.7343
ybfH	0.6766
ybfF	0.9704
ybfB	0.7669
yckK	0.9147
yckI	1.0
sfp	1.12
ycxC	1.01
ycxA	1.49
comS	1.29
ycbB	1.07
ybgJ	1.14
ybgG	1.08
ybfT	0.8089
ybfO	0.7302
psd	0.893
yckG	0.9219
tlpC	0.8394
nin	1.04
yckD	0.7892
yckB	1.12
yciC	1.04
pssA	0.8236
ybfJ	1.0
ybfI	0.9785
ybfG	1.24
ybfE	0.8486
ybfA	0.8785
ydhD	1.04
ydgK	1.41
ydgH	1.13
dinB	0.8904
expZ	0.8479
ydgD	1.13
rsbS	0.8615
ydcE	1.02
dal	0.8065
ydcB	0.6867
ydbS	0.569
murF	0.8244
ydgB	0.9783
ydfT	0.8828
ydfR	1.04
ydfQ	1.09
ydfO	0.9881
ydfM	0.9308
ydbP	1.05
ydbM	1.04
ydbK	0.881
ydbI	1.05
ydbF	0.953
ydbD	0.8655
ydhC	1.17
ydgI	0.85
ydgG	0.8063
ydgF	0.8046
ydgE	0.8166
ydgC	0.9235
rsbR	0.8439
ydcD	0.8978
ydcC	1.09
ydbT	0.9152
ydbR	1.04
ddlA	0.9295
ydgA	0.692
ydfS	0.9129
ydzH	0.7229
ydfP	0.9084
ydfN	0.8843
ydfL	1.19
ydbN	1.08
ydbL	1.17
ydbJ	1.53
ydbG	1.03
ydbE	1.12
ydbC	0.7505
yfkM	0.6421
treR	1.07
yfkQ	0.7003
yfkS	0.622
yflA	0.6509
yflC	0.7423
yefB	1.23
yerQ	1.34
yerN	0.9016
yerL	1.46
sapB	1.45
yerH	1.05
yflE	1.38
yflG	0.7936
yflJ	0.7141
yflL	0.7703
yflN	0.0
citT	0.8566
yerF	1.0
yerD	0.9288
yerA	0.9555
yezC	0.7487
purH	0.6648
purM	0.6124
yfkO	0.7396
treP	0.8389
yfkR	1.1
yfkT	1.14
yflB	1.29
yflD	1.29
yefA	1.41
yerO	1.22
yerM	0.8243
opuE	0.7889
yerI	0.7775
yflF	0.9679
yflI	0.7947
yflK	0.909
yflM	0.8746
citM	0.974
citSc	0.0
yerE	0.9059
yerB	0.7228
yecA	0.7599
purD	0.7243
purN	0.7789
purF	1.06
yhaL	1.24
yhaN	0.8618
yhaS	0.684
yhaU	0.8863
yhaW	0.8481
yhaY	1.14
ygaO	1.04
ygaN	1.11
ygbA	1.31
katA	2.03
ygaK	1.48
ygaJ	1.41
yheA	0.8712
yheD	0.9402
sspB	0.7921
yheG	0.888
yheK	0.8379
yheN	0.9418
ygaI	0.7817
ygaH	0.8757
ygaF	0.9028
ygaE	1.08
ygaC	0.7837
sspE	0.8306
yhaM	0.8703
yhaO	1.06
yhaT	1.07
yhaV	1.35
yhaX	1.28
yhaZ	1.45
yhzA	1.79
ygcA	0.9578
ygaL	0.8004
senS	0.6444
thiA	0.8795
ygzA	0.8046
yheB	0.9515
yheE	0.8496
yheF	0.8573
yheI	0.7956
yheM	0.7459
yhdZ	0.8581
ygxA	1.09
ygaG	0.8368
gsaB	0.8216
ygaD	1.06
ygaB	0.9656
yfhR	1.15
yjdA	1.18
yjcR	1.05
yjcP	1.42
yjcN	1.73
yjcL	1.37
yjcJ	0.8538
yitI	0.7143
yitG	0.7075
yitE	0.6478
yitC	0.7028
yitA	0.7688
yisX	0.6992
yjcH	1.01
yjcF	0.7781
yjcC	0.9032
yjcA	0.814
cotW	0.7297
cotY	0.8655
yisV	0.6812
yisT	0.7851
degA	0.7456
yisQ	0.818
yisO	0.9813
yjcS	0.7359
yjcQ	0.9527
yjcO	0.0
yjcM	1.69
yjcK	0.8871
yjcI	1.05
yitH	0.8761
yitF	0.9506
yitD	0.9042
yitB	0.9009
yisY	0.961
yisW	1.05
yjcG	0.681
yjcE	0.7208
yjcB	0.8699
cotV	0.9644
cotX	1.2
cotZ	0.9894
yisU	0.9031
yisS	0.0
yisR	0.9585
yisP	0.9787
yisN	0.9746
yisL	0.7837
ykuG	0.0
ykuE	1.02
ykuC	0.9843
kinA	0.7511
ykwD	0.7017
ykwB	0.6802
ykfC	0.7112
ykfA	0.7037
dppD	0.7247
dppB	0.7436
ykeA	0.7745
ykcC	0.7389
splA	0.7504
ykvZ	0.9256
ykvV	0.9464
ykvS	1.14
ykvQ	0.9797
ykvO	0.7837
ykcA	0.853
ykaA	1.19
spoIISA	1.03
xhlB	0.8311
xkdY	0.9105
xkdW	0.7394
ykuF	0.9656
ykuD	0.8061
ykyB	1.13
ykwC	0.7203
splB	0.7798
ykfB	0.7513
dppE	0.6479
dppC	0.0
dppA	0.8515
htrA	0.9047
ykcB	1.13
ptsG	0.6319
ykvY	0.8541
ykvT	1.06
ykvR	0.6724
ykvP	0.7942
ykvN	0.8358
ykbA	0.9392
ykaB	1.3
xlyA	1.29
xhlA	0.9653
xkdX	0.8687
xkdV	0.9777
smf	1.18
sucC	1.07
ylqG	0.0
rplS	0.9889
ylqE	0.0
ylqC	0.7709
rpmF	0.7872
ylbM	1.04
ylbK	0.9134
ylbI	0.8906
ylbG	1.09
ylbE	0.6767
ylxM	0.8266
ftsY	0.7343
rncS	0.6936
fabG	0.697
plsX	0.7442
ylpB	0.8141
ylbC	1.28
ylbA	0.7205
ctaF	0.5177
ctaD	0.6609
ctaB	0.8085
ylaO	0.9429
sucD	0.7649
ylqH	0.7686
rnh	0.8455
trmD	0.8031
ylqD	0.7348
rpsP	0.7681
ylbN	0.0
ylbL	0.847
ylbJ	0.8927
ylbH	0.8623
ylbF	1.22
ylbD	0.8489
ylqB	0.8738
acpA	0.7903
fabD	0.7745
ylpC	0.7757
ylpA	0.7908
ylbB	1.16
ctaG	0.7555
ctaE	0.6424
ctaC	0.5912
ctaA	0.5027
ylaN	1.0
yngD	0.8379
yngA	0.7041
ynfF	0.8766
bglC	0.7572
ynfC	1.36
grlB	0.8856
pksI	0.4927
pksG	0.7532
pksE	0.0
pksC	1.55
pksA	0.8244
mutL	0.8787
yneS	0.8787
yneQ	0.9599
tlp	0.7691
citB	0.0
cotL	1.1
yneK	1.28
cotE	0.6533
ymcB	0.6949
tdh	0.8498
ymdB	0.7775
pbpX	1.16
cinA	0.8838
yngC	0.7591
xynD	0.7737
ynfE	0.739
alsT	1.04
grlA	0.7782
yneT	1.13
pksH	0.7313
pksF	0.7142
pksD	1.01
pksB	0.0
ymcC	0.9522
mutS	1.13
yneR	0.9445
yneP	0.9791
yneN	0.9733
cotK	0.9704
cotM	0.8529
yneJ	1.02
ymcA	0.5809
kbl	0.6247
spoVS	0.7581
ymdA	0.9851
recA	0.965
pgsA	0.8239
yorR	0.0
yorT	0.6708
yorV	0.815
yorX	1.19
yorZ	0.7857
yosB	0.7793
yocJ	0.6947
yocH	0.9181
yocF	0.5849
yocD	1.68
yocB	1.15
yocA	0.9916
yosD	1.3
yosF	0.902
yosH	1.0
yosJ	1.13
yosL	0.9334
yosP	0.7753
yobW	0.8958
yobU	0.9283
yobS	0.791
yobQ	1.0
yobO	0.7359
yobM	0.821
yorS	0.7487
mtbP	0.7627
yorW	0.8383
yorY	0.9293
yosA	0.7146
yosC	0.7101
yocI	0.9283
yocG	0.7585
yocE	0.4139
yocC	0.8255
yozB	0.4985
yozA	0.7211
yosE	0.7011
yosG	0.7397
yosI	0.753
yosK	0.9855
yosM	0.833
yosQ	0.835
yobV	0.8992
yobT	0.8151
yobR	1.16
csaA	0.9999
yobN	0.8392
yobL	1.13
yppD	0.7708
yppF	1.43
ypqE	0.7074
yprB	0.8828
ypsA	1.17
ypsC	1.19
yomP	0.6966
yomR	0.8653
yomT	0.7189
yomV	0.0
yomX	0.9404
yomZ	0.7477
kduD	0.7568
kdgR	0.9729
kdgA	1.03
ypwA	0.9017
pbuX	1.1
ypbQ	0.8176
yonB	0.9025
yonD	0.0
yonF	1.23
yonH	1.01
yonK	0.7615
yonO	0.9973
yppE	0.8575
yppG	0.6873
cotD	1.19
ypsB	1.1
yptA	0.9936
yomQ	0.9796
yomS	0.8971
yomU	0.7712
yomW	0.788
yomY	0.8428
yonA	0.8671
kduI	0.9492
kdgK	1.05
kdgT	0.8021
xpt	1.32
bcsA	1.06
ypbS	0.9947
yonC	0.8408
yonE	0.7784
yonG	0.8852
yonI	0.744
yonN	0.8442
yonP	0.6666
yqiD	0.889
yqxC	0.9285
recN	0.8893
spo0A	0.9347
yqiH	0.8111
yqiK	0.8701
ribG	0.0
ribA	2.79
ribT	1.89
ypuG	1.29
ypuI	1.12
spmA	0.8681
mmgB	0.8267
mmgD	0.8667
yqiQ	0.8888
yqiR	0.9315
yqiT	0.6829
yqiV	0.5456
ypuL	0.9144
resB	0.7267
resD	0.4196
sigX	1.34
aroC	1.03
ypzE	1.21
yqiE	0.8479
ahrC	0.9853
spoIVB	0.9527
yqiG	1.01
yqiI	0.8985
ribB	2.59
ribH	2.15
ypuF	0.7954
ypuH	0.9322
dacB	0.935
spmB	0.7495
mmgC	0.7874
mmgE	0.8181
yqzF	1.0
yqiS	0.6652
yqiU	0.8418
bfmBAA	0.6727
resA	0.8479
resC	0.6264
resE	0.4906
ypuN	1.28
serA	1.3
ypaA	2.15
yqaG	0.7728
yqaI	0.6953
yqaK	1.03
yqaM	0.8754
yqaO	0.6947
yqaQ	0.8308
dgkA	0.7579
bex	0.7766
glyQ	0.9159
yqzB	1.02
yqxD	0.8695
sigA	0.7974
yqaS	1.1
yqbA	0.9458
yqbC	1.42
yqbE	0.8397
yqbG	0.845
yqbI	0.7691
yqfN	0.8962
yqfP	1.09
yqfR	0.9782
yqfT	0.8264
yqfV	0.8207
yqfX	0.8137
yqaH	0.8418
yqaJ	0.8102
yqaL	0.7969
yqaN	0.8585
yqaP	1.0
yqaR	0.9116
cdd	0.9163
yqxN	0.8293
glyS	0.7841
yqfL	0.8369
dnaG	0.9232
cccA	0.931
yqaT	0.9704
yqbB	0.8724
yqbD	0.8446
yqbF	0.7572
yqbH	0.7679
yqbJ	0.8812
yqfO	0.9468
yqfQ	0.8684
yqfS	0.986
yqfU	0.8427
yqfW	0.9062
yqfZ	0.8198
ysnD	0.6547
ilvN	0.7905
leuA	0.7371
leuC	0.0
ysoA	0.8933
clpX	1.21
yrrM	0.9834
yrrO	0.8896
greA	0.949
yrrS	0.9734
yrrT	0.9244
yrhA	1.22
ysxD	0.829
hemX	0.7035
hemD	0.5474
hemL	0.0
ysxE	0.0
yrhD	0.7668
yrhG	0.8914
yrhH	0.9019
yrhK	0.773
yrhM	0.9852
yrhO	1.03
ilvB	0.9232
ilvC	0.8087
leuB	0.6656
leuD	0.6097
tig	1.24
lonB	0.814
yrrN	1.02
udk	0.8748
yrrR	0.0
yrzA	0.8322
yrrU	0.9187
yrhB	0.8848
ysxC	0.9315
hemA	0.763
hemC	0.6656
hemB	0.5724
spoVID	0.6113
yrhF	0.8818
yrzI	0.8735
yrhI	0.8673
yrhL	0.8213
sigV	0.7393
levD	0.7244
ytsC	0.8951
yttA	1.01
ytvA	1.08
leuS	0.9371
melA	0.8088
amyD	0.7301
ytmJ	0.8216
ytmL	1.2
hisP	0.7598
ytnJ	0.8335
hipO	0.8505
ytqI	1.02
msmR	0.8985
bioW	1.07
bioF	1.09
bioB	0.9832
ytbQ	0.839
ytcQ	0.713
ytsJ	0.8886
pfk	0.9132
ytwI	0.8096
citC	0.7277
phoP	0.9079
yttB	0.9234
ytvB	0.923
ytwF	1.09
amyC	0.8601
msmE	0.8044
ytmK	0.9304
ytmM	0.9167
ytnI	0.7363
ribR	0.7305
ytpI	0.952
ytrI	0.9404
ytaP	0.7984
bioA	1.16
bioD	0.9173
bioI	1.0
ytcP	0.806
ytdP	0.7549
yttI	1.03
ytvI	0.7707
citZ	0.7691
citH	0.7944
phoR	0.9252
mutM	0.9524
yunI	0.7691
yunG	0.834
yunE	0.8093
yunC	0.6061
yunA	0.7531
yutC	0.8154
yugH	1.03
yuzA	0.8521
yugK	0.9592
yugM	0.9428
yugO	0.8639
yugS	1.02
yutE	1.03
yutG	0.6405
hom	0.6101
thrB	0.5438
yutI	0.0
yutJ	1.24
yugU	1.01
mcpB	0.8119
mcpA	0.6664
yuxG	0.9174
yulC	0.9862
yulE	0.9447
yunH	0.9076
yunF	0.9187
yunD	0.819
yunB	0.9734
yutB	0.9872
yutD	0.9803
yugI	1.33
yugJ	0.9012
pgi	0.8676
yugN	0.7864
yugP	0.9316
yugT	0.9378
yutF	0.8757
yutH	0.9308
thrC	0.6761
yuxL	0.0
yuzD	0.857
yuzB	1.32
tgl	0.8311
tlpA	0.7954
tlpB	0.8619
yulB	0.832
yulD	0.9495
yulF	0.9234
yvdO	0.9872
yvdQ	0.7736
yveA	0.9104
racX	0.7016
yveG	0.8695
slr	0.7465
yvgO	1.06
yvgM	0.9731
yvgK	0.8015
yvsG	0.8737
fhuD	1.43
fhuG	0.7705
yveN	0.6017
yveP	0.5875
yveR	0.4347
yveT	0.5066
yvfB	0.5212
yvfF	0.7727
yvrP	1.25
yvrN	1.05
yvrL	1.27
yvrI	0.9402
yvrG	1.05
yvrD	0.7271
yvdP	0.9588
yvdT	0.8659
pbpE	0.7329
yveF	0.9125
padC	0.7298
yveL	0.7361
yvgN	1.08
yvgL	1.22
yvgJ	1.41
yvsH	1.18
fhuB	1.08
fhuC	1.09
yveO	0.568
yveQ	0.6953
yveS	0.7194
yvfA	0.6672
yvfD	0.5623
yvfG	1.01
yvrO	0.9447
yvrM	0.8456
yvrK	0.7928
yvrH	1.12
yvrE	0.8776
yvrC	0.7886
mta	0.0
ywnF	0.9189
spoIIQ	0.7768
ywoA	0.9302
nrgA	0.7292
ywoC	0.7254
tuaF	0.7687
tuaH	0.7821
yvhJ	1.24
degS	1.08
comFA	1.15
comFC	1.32
ywoE	1.08
ywoG	0.888
usd	0.9049
mbl	1.23
flhP	0.7978
ywpB	0.9376
flgM	0.874
flgK	0.963
yviE	0.7955
csrA	0.9463
yvyC	0.8584
fliS	0.7932
ywnE	0.9811
ywnH	0.8514
ywnJ	0.8227
nrgB	0.7826
ywoB	0.8961
ywoD	0.0
tuaG	0.9339
tagO	0.9269
yvyE	1.32
yviA	1.02
comFB	1.12
yvyF	0.8317
ywoF	0.8123
ywoH	0.8325
spoIIID	0.6334
flhO	0.7427
rapD	1.06
ywpC	0.7726
yvyG	0.8789
flgL	0.0
yviF	0.0
hag	0.6369
fliD	0.7618
fliT	0.0
katX	0.0
yxzF	0.0
licB	0.7641
licA	0.8444
ywaA	1.08
dltD	0.6991
ywfN	0.7323
ywfO	1.01
ywgB	0.7725
thrZ	0.6294
ywhB	0.7623
ywhD	0.6539
dltB	0.8675
ywaB	1.06
ywaD	0.8569
ywaE	0.8746
gspA	0.9248
sacX	1.07
ywhF	1.34
ywhH	0.9957
rapF	1.48
ywhL	0.914
ywhN	0.8682
ywhP	0.7425
yxlJ	0.8841
licR	0.9844
licC	1.06
licH	0.8444
dltE	0.8973
dltC	0.7827
ywzC	0.9114
ywgA	0.9832
mmr	0.8428
ywhA	0.5616
ywhC	0.703
ywhE	0.8038
dltA	0.7542
ywaC	0.7003
tyrZ	0.8858
ywaF	0.8814
sacY	1.21
epr	0.9098
ywhG	1.18
phrF	1.28
ywhK	0.9286
ywhM	0.725
ywhO	0.6978
ywhQ	0.6785
yybK	0.9669
yybM	1.13
yybO	0.8474
yybQ	1.17
cotF	0.9341
yybT	0.9459
yxdM	0.0
yxeB	1.51
yxeD	0.8646
yxeG	0.8754
yxeI	0.9889
yxeK	1.01
yycA	0.0
yycC	0.8962
yycD	0.8091
yycE	0.7695
yycF	0.8221
yycH	0.8023
yxeM	0.926
yxeO	0.9421
yxeQ	0.8445
yxxB	0.8102
nupC	0.8099
hutM	0.9269
yybL	0.0
yybN	1.06
yybP	0.9067
yybR	0.9693
yybS	1.39
rplI	0.7054
yxeA	0.9675
yxeC	1.06
yxeE	0.8906
yxeH	1.15
yxeJ	0.9173
yxeL	0.919
yycB	0.9155
yyzB	0.8448
dnaC	1.3
purA	1.07
yycG	1.09
yycI	0.851
yxeN	0.9238
yxeP	0.7815
yxeR	0.7952
deoR	0.7981
pdp	0.569
hutG	0.8774
lysS	0.9053
mfd	0.6805
gyrA	0.7753
lytA	0.7795
yvlD	0.512
yukF	0.6487
rsbV	0.0
ydbO	0.0
ycsG	0.0
phrC	1.08
lmrB	0.8906
pcp	0.6994
ytfJ	0.6771
ytzA	0.7174
yraA	0.6681
yqfY	0.984
yonJ	0.6705
yodB	0.7148
ycbM	0.0
ybfS	0.8059
ybfQ	0.0
ybeC	0.0
ybdG	0.7915
ybbA	0.0
ftsH	0.0
yabK	0.7274
ywjF	0.8634
ywlC	0.9298
yveK	0.8583
glgP	0.0
ydcA	0.9111
ycnB	1.02
yceH	0.6977
ycbU	0.9509
ycbR	0.9777
accA	0.9272
yrhP	0.8739
yqbO	1.05
ypqA	0.8456
yosW	1.04
ppsD	0.6879
ycbC	0.0
gltP	0.8666
mpr	0.8809
ybdN	1.0
ybdB	0.0
yabE	2.51
yaaG	1.92
yisD	1.11
yhjP	1.19
yhfR	1.06
yheH	0.9826
yfhQ	0.7746
ydcI	0.7802
dnaN	1.09
srfAB	0.8694
opuAA	1.16
ybdO	0.841
yabN	0.7984
asnH	0.9204
ywbN	0.8342
yaaF	2.08
addB	1.33
yhjB	1.04
yheC	0.9649
yheL	0.8691
yesN	0.8758
yclF	0.551
dnaA	1.47
amhX	0.7749
ycbT	0.8676
feuC	0.7466
gidA	0.8099
yxnB	0.6941
spsF	0.7614
