ybeF	0.8536
glpQ	0.6815
ybdT	0.46
ybxH	1.06
ybdM	1.2
ybdK	0.9908
ybxF	1.39
rplJ	1.2
rplK	1.6
rpmG	1.01
yacP	0.7563
rplL	0.8628
ybdE	1.01
ybcT	1.07
ybcQ	0.946
ybcO	0.8615
ybcL	1.19
ybcH	2.84
cysE	1.31
yacN	1.26
yacL	0.8919
sms	0.6738
yacH	0.7516
glpT	1.01
ybyB	0.4488
ybxI	0.9392
csgA	1.1
ybdL	1.1
ybdJ	1.25
ybxB	1.32
rplA	1.5
nusG	1.65
sigH	1.09
yacO	0.8483
ybdA	1.31
ybcS	0.0
ybcP	0.0
ybcM	1.85
ybcI	2.2
ybcF	2.23
gltX	1.34
yacM	1.09
yacK	0.8518
yacI	0.7348
ctsR	0.7772
ydbB	1.0
ydbA	1.28
ydaS	1.55
ydaQ	0.6387
mutT	0.7154
ydaN	1.05
yciB	1.15
nasA	0.9243
nasD	0.5116
nasF	0.7036
ycgS	1.51
ycgQ	1.19
ydaL	1.07
ydaJ	1.08
lrpC	1.09
ydaH	1.01
ydaF	1.22
ydaD	1.04
ycgO	1.47
ycgM	1.16
cah	0.9243
ycgJ	0.9404
tmrB	1.79
ycgH	1.06
gsiB	1.96
ydaT	1.15
ydaR	1.36
ydaP	0.7926
ydaO	0.9887
ydaM	1.15
yciA	1.11
nasC	0.9516
nasE	0.939
ycgT	1.15
ycgR	1.4
ycgP	1.14
ydaK	0.0
ydzA	0.8389
ydaG	0.586
ydaE	1.25
ydaC	1.09
ycgN	1.07
ycgL	1.4
ycgK	1.49
aroI	0.8753
nadE	1.01
ycgG	1.69
purL	1.16
purC	1.19
purK	1.86
yebG	0.794
yebE	0.8273
yebC	1.04
ydfK	0.0
ydfJ	0.0
ydfH	0.8957
ydfF	0.9639
ydfD	1.24
ydfB	1.14
guaA	1.31
yeaD	0.9567
yeaB	1.04
yeaA	0.4034
ydjO	0.7613
ydjM	2.01
ydeT	0.0
ydeR	0.0
ydeP	0.0
ydzF	0.7938
ydeM	0.821
ydeK	0.9302
yexA	0.9798
purB	1.01
purE	1.59
yebF	1.06
yebD	1.09
yebB	1.25
nap	1.1
ydfI	0.9536
ydfG	0.427
ydfE	0.976
ydfC	1.12
ydfA	1.43
yebA	0.0
yeaC	0.8738
gabP	1.14
ydjP	0.7275
ydjN	1.25
ydjL	1.02
ydeS	0.8849
ydeQ	0.9193
ydeO	1.29
ydeN	1.29
ydeL	1.56
ydeJ	1.71
yfhS	1.09
yfhO	0.6847
yfhM	0.392
yfhK	0.6233
yfhI	1.28
yfhG	0.936
yflS	0.9833
yflT	0.9602
yfmC	1.39
yfmE	0.9858
yfmG	0.8247
yfmI	1.04
yfhE	0.0
yfhC	0.8775
yfhA	1.05
yfiY	1.14
yfiV	0.9834
yfiT	0.0
yfmK	1.23
yfmM	1.33
yfmO	1.18
yfmQ	1.41
yfmS	1.17
yfnA	0.0
yfhP	0.0
csbB	0.6082
yfhL	0.9613
yfhJ	1.29
yfhH	1.27
yfhF	0.891
pel	1.41
yfmA	1.03
yfmD	1.17
yfmF	1.13
yfmH	1.09
yfmJ	1.4
yfhD	0.0
yfhB	1.06
yfiZ	1.55
yfiW	1.13
yfiU	1.09
yfiS	1.04
yfmL	1.36
yfmN	1.12
yfmP	1.37
yfmR	1.09
yfmT	0.0
yfnD	1.34
yisK	1.08
yisI	0.0
yisG	0.9137
yisE	0.8619
yisB	1.0
addA	0.0
yhdY	0.9705
yhdW	1.09
yhdU	0.8432
yhdS	0.7073
yhdQ	0.8961
yhdO	0.8222
yhjQ	0.9287
yhjM	1.76
yhjK	0.9635
yhjI	1.12
yhjG	0.8664
yhjE	0.9926
yhdL	1.45
yhdJ	0.0
yhdH	1.07
yhdF	0.9565
citR	0.9614
phoA	0.9509
yisJ	0.9876
yisH	0.7648
yisF	0.9745
yisC	0.9591
sbcD	1.02
yhjR	0.9181
yhdX	1.55
yhdV	1.38
yhdT	0.6576
yhdR	0.7904
yhdP	0.8573
yhdM	1.16
yhjO	1.02
yhjL	2.03
yhjJ	0.0
yhjH	1.1
sipV	1.28
yhjD	0.8692
yhdK	1.35
yhdI	0.947
yhdG	0.0
citA	0.9118
lytE	0.7864
spoVR	1.51
xkdU	1.19
xkdS	1.47
xkdQ	1.3
xkdN	1.35
xkdK	1.58
xkdI	1.4
yjbX	0.8214
yjbV	1.02
yjbT	1.05
yjbR	1.25
tenA	1.36
yjbP	0.8022
xkdG	1.06
xkdE	1.43
xpf	0.7056
xkdD	0.7656
xkdB	1.09
xkdA	0.77
yjbN	1.26
yjbL	1.17
yjbJ	0.8644
yjbH	1.19
yjbF	1.21
yjbE	0.7183
xkdT	1.42
xkdR	1.3
xkdP	0.8876
xkdM	1.33
xkdJ	1.21
xkdH	1.19
yjbW	0.802
yjbU	0.9327
yjbS	0.964
tenI	1.18
yjbQ	1.31
yjbO	0.9155
xkdF	1.56
xtmA	1.44
xtrA	0.9909
xkdC	1.11
xre	1.15
yjqC	1.33
yjbM	1.45
yjbK	1.21
yjbI	0.8833
yjbG	1.12
mecA	1.22
yjbD	0.6601
ylaM	0.9499
ylaK	0.9456
ylaH	1.18
ylaF	1.03
ylaD	0.0
ylaB	1.18
ykvM	1.9
ykvK	1.45
ykvI	1.11
motA	0.8202
ykvE	1.97
eag	0.9819
nprE	1.0
ykzC	0.7846
ykzI	0.4778
yktA	1.18
slp	0.8038
pdhC	0.9918
ykvA	0.9707
ykrY	1.27
ykrW	1.31
ykrU	1.04
ykrS	0.8487
ykrQ	1.46
ylaL	1.19
ylaJ	1.07
ylaG	0.6376
ylaE	1.18
ylaC	0.9077
ylaA	1.17
ykvL	1.46
ykvJ	1.5
clpE	0.7038
motB	0.8368
ykvD	0.7605
spo0E	1.01
yktD	1.11
yktC	0.9307
yktB	1.75
cad	1.49
pdhD	1.0
pdhB	1.28
ykrZ	0.8712
ykrX	1.31
ykrV	1.29
ykrT	1.2
dat	1.08
ykrM	1.4
ymfM	1.18
ymfK	0.9669
ymfI	1.36
ymfF	1.34
ymfD	1.01
spoIIIE	0.5652
yloW	1.14
yloU	0.9262
spoVM	0.8608
yloR	0.8485
ymfA	1.05
dapG	1.01
spoVFB	0.8741
ymxH	0.0
ylxY	1.23
ribC	1.28
fmt	1.08
priA	0.0
yloH	1.46
yloC	1.62
ylnF	0.8897
ylnD	0.8005
ymfL	1.22
ymfJ	1.25
ymfH	1.31
ymfE	0.9547
ymfC	0.7323
ymfB	0.8116
yloV	0.8547
rpmB	1.07
yloS	1.08
yloQ	1.03
yloO	0.9262
yloM	1.11
dapA	1.06
asd	1.07
spoVFA	1.28
ymxG	1.12
rpsO	1.17
truB	1.13
def	1.5
yloI	1.24
yloD	1.7
yloA	1.12
ylnE	0.8138
ylnC	0.9109
yobK	1.16
yobI	0.0
yozL	0.0
yobH	1.06
rapK	1.29
yobF	1.29
yneI	0.9658
ynzD	1.13
yneE	1.34
ynzC	1.22
yneA	1.07
yndN	0.9674
yozI	0.8929
yobD	0.7865
pps	0.9715
yobA	0.0
yoaZ	1.15
yoaV	0.9938
yndL	1.21
yndJ	1.35
yndG	1.36
yndD	1.21
yndB	1.27
ynzA	1.09
yobJ	1.0
yozM	1.05
yozK	0.9699
phrK	1.02
yozJ	1.1
yobE	1.28
ccdA	1.36
yneF	1.83
tkt	0.8785
yneB	1.16
lexA	0.8862
yndM	1.14
yozH	0.0
xynA	1.16
yobB	1.14
penP	1.49
yoaW	1.31
yoaU	1.44
yndK	1.42
yndH	1.21
yndE	1.7
ynzB	1.12
yndA	1.26
cotC	1.4
yonR	1.44
yonT	0.6165
yonV	0.4364
yopA	0.7823
yopC	0.7943
yopE	1.04
yosR	0.0
yosT	0.943
yosV	0.0
yosZ	0.837
yotB	0.0
yotD	0.9574
yopG	0.9163
yopI	0.9733
yopK	0.3748
yopM	0.9865
yopO	0.9912
yopQ	1.18
yotF	0.9013
yotH	0.0
yotJ	0.0
yotL	0.7121
yotN	0.9722
yodV	1.05
yonS	2.2
yonU	0.7988
yonX	1.18
yopB	1.02
yopD	1.12
yopF	1.05
yosS	1.05
yosU	1.04
yosX	1.01
sspC	0.8843
yotC	0.8319
yotE	0.9785
yopH	1.37
yopJ	1.13
yopL	0.8946
yopN	1.04
yopP	1.07
yopR	1.1
yotG	1.18
yotI	0.0
yotK	1.14
yotM	1.35
yodU	1.14
cgeA	0.0
fer	1.28
recQ	1.05
ypbE	0.8091
ypbH	1.2
ypdA	1.62
sleB	0.0
ypcP	0.8031
ypdP	0.9735
ypeQ	0.9777
degR	0.9102
ypfP	0.9031
bsaA	1.66
ypfA	1.48
cmk	1.76
ypgA	1.69
yphB	1.15
gpsA	1.03
yphF	1.36
ypgR	1.37
yphP	1.07
ypjP	1.48
thyB	1.23
ypkP	0.9826
yplP	0.2942
ypbB	1.43
ypbD	0.9203
ypbF	1.08
ypcA	0.9251
ypdC	1.24
ypeB	1.05
ypdQ	0.9468
ypeP	0.9288
ypzA	0.8735
cspD	0.911
metB	0.591
ypgQ	1.24
ypfB	1.15
ypfD	1.54
yphA	1.18
yphC	1.16
yphE	1.06
spoIVA	0.7334
ilvD	0.7475
ypiP	1.07
ypjQ	1.07
dfrA	1.19
yplQ	0.2751
ilvA	0.5781
yqgA	1.38
yqgC	0.8516
yqgE	1.17
yqgG	0.3268
yqgI	0.7523
yqgK	0.6215
bfmBAB	0.7913
bmrR	0.8782
yqiW	1.29
yqiY	3.12
yqjA	1.56
yqjC	0.8482
yqgL	0.0
yqgN	1.04
yqgP	1.19
glcK	0.8817
yqgU	1.06
yqgW	1.25
yqjE	1.05
yqjG	1.21
yqjI	1.07
yqjK	1.48
yqjM	0.0
yqjO	1.53
yqgB	0.8995
sodA	0.7794
pbpA	1.0
yqgH	0.993
yqgJ	0.9337
yqzD	1.13
bfmBB	0.9108
bmr	1.12
yqiX	3.52
yqiZ	2.65
yqjB	1.08
yqjD	1.44
yqgM	0.9245
yqgO	1.13
yqgQ	1.1
yqgT	1.14
yqgV	1.19
yqgX	1.2
yqjF	0.9196
yqjH	1.12
yqjJ	1.39
yqjL	1.26
yqjN	1.06
yqjP	1.25
levE	0.8915
levG	0.8612
adhA	0.9683
yraC	0.6313
yraE	0.859
yraF	0.0
yqbK	0.9599
yqbM	0.9064
yqbN	0.7436
yqbQ	0.97
yqbS	0.8766
yqcA	1.09
yraH	1.05
yraJ	1.07
yraL	0.835
yraM	1.27
yraO	0.0
sigZ	1.07
yqcD	0.0
yqxG	0.0
yqxI	0.9452
yqcF	1.17
yqzI	0.9936
rapE	1.22
levF	1.08
sacC	0.9625
yraB	0.5706
yraD	1.02
adhB	0.996
yraG	1.23
yqbL	0.8035
yqdB	1.17
yqbP	0.9874
yqbR	1.01
yqbT	1.21
yqcB	1.12
yraI	1.09
yraK	1.23
csn	1.07
yraN	1.08
yrpG	0.9882
yrpE	1.18
yqcE	0.905
cwlA	0.0
yqxJ	1.03
yqcG	1.18
phrE	0.9513
yqcI	0.9823
ytaF	0.9402
ytbE	1.03
ytcD	0.9516
ytcF	2.48
dnaB	1.16
ytxB	0.9691
folC	0.7166
spoIIB	1.13
ysxA	1.35
mreC	1.29
minC	1.63
spoIVFA	0.0
thrS	0.0
lytS	1.15
ysbA	1.03
yscB	0.9965
infC	1.31
rplT	1.34
rplU	1.59
spo0B	0.8569
p`eB	0.975
pheB	1.08
yrxA	0.9161
nadB	0.9418
nadA	0.8348
ytaG	1.31
ytbD	1.13
gapB	1.11
ytcG	2.21
dnaI	1.16
ytxC	1.12
comC	1.32
maf	1.32
mreB	1.62
mreD	1.52
minD	1.31
spoIVFB	0.0
ysaA	1.25
lytT	1.11
ysbB	0.9532
yscA	1.29
rpmI	1.29
ysdA	1.18
ysxB	1.46
obg	1.37
pheA	1.03
nifS	1.03
nadC	0.9533
yrbA	0.7299
yubA	1.24
yubC	0.7311
yubE	2.0
yubG	1.06
yuaB	0.3271
gbsA	0.7537
yteP	0.0
yteR	0.827
yteT	1.04
yteV	0.8625
ytfP	0.9567
ytzG	1.03
yuaD	0.7979
yuaG	0.2275
yuaJ	1.08
glgD	0.0
ytaB	0.5364
ytxN	0.9487
ytzE	1.37
ythQ	0.8316
ytjP	1.35
ytlP	1.12
ytlR	1.15
ytmP	0.9009
yubB	1.64
yubD	0.7234
yubF	1.33
yuaA	1.14
yuaC	1.1
gbsB	1.1
yteQ	0.8593
yteS	0.9459
yteU	1.16
opuD	1.29
ytgP	1.83
ytzF	1.32
yuaF	0.2885
yuaI	0.3474
glgB	1.15
glgA	0.7754
ytaA	0.9363
cotS	1.01
ythP	0.9459
ytiP	1.29
ytkP	1.12
ytlQ	1.1
amyX	0.9897
ytzH	1.01
yvrB	1.06
yvqK	1.06
yvqI	0.8057
yvqG	0.7385
yvqE	0.7673
gerAC	0.7013
yutL	1.21
paiA	1.02
yumD	1.1
yumC	1.1
yuiA	0.3162
yuiC	0.3995
gerAA	0.768
yuxN	0.9454
yvqA	0.7985
yvtB	0.8545
yusZ	0.7053
yusW	0.8696
yuiE	1.04
yuiG	1.18
yuiI	0.7506
dhbC	0.7872
dhbB	0.6697
yukL	0.0
yvrA	1.24
yvqJ	1.2
yvqH	1.09
yvqF	0.754
yvqC	1.0
gerAB	0.9096
yutM	0.885
paiB	1.22
yuzG	0.8845
yumB	1.56
yuiB	0.434
yuiD	0.9811
citG	0.8877
yvqB	1.03
yvtA	1.08
mrgA	0.7466
yusX	0.9428
yusV	0.9584
yuiF	1.11
yuiH	1.29
dhbA	1.06
dhbE	0.9643
yukM	0.5914
yukJ	0.9305
yvyD	0.459
cccB	1.13
ftsX	1.63
yvzD	0.7366
yvkA	1.02
yvkC	0.0
yvfH	0.0
lacR	0.0
yvfM	0.8126
yvfO	0.0
yvfS	1.07
yvfU	0.8431
uvrB	0.5814
yvzB	1.13
yvlA	0.6384
yvlC	0.6196
yvmB	0.9533
cypX	0.8605
yvfW	0.9059
yvbX	0.9495
yvbV	0.8897
yvbT	0.9423
araE	0.9411
gap	0.7148
yvjA	0.6886
ftsE	1.54
yvjB	1.07
yvjD	0.9749
yvkB	0.9798
csbA	0.818
yvfI	0.8385
yvfL	1.3
lacA	0.0
yvfR	0.0
yvfT	0.9647
yvfV	1.3
uvrA	0.6483
yvkN	0.9547
yvlB	0.7331
yvmA	1.15
yvmC	1.09
yvnA	1.13
yvbY	0.5963
yvbW	0.0
yvbU	0.9734
araR	0.0
yvbQ	1.06
pgk	0.898
ywhR	1.35
sbo	1.04
argS	1.06
fnr	0.6027
ywiD	0.7635
narH	0.4947
ywpD	0.9925
ywpF	1.12
ywpH	1.26
ywqB	0.9596
ywqD	1.13
ywqF	0.95
narI	0.8818
ywjA	0.394
ywjC	0.5338
ywjE	0.0
rpoE	2.8
ywjG	1.28
ywqH	1.67
ywqJ	1.27
ywqL	1.04
ywqN	1.09
ywrA	0.9611
ywrC	0.7986
ywiA	1.27
ywiB	1.17
narK	0.9314
ywiC	0.8042
narG	0.0
narJ	0.8228
ywpE	1.09
ywpG	1.17
ywpJ	0.0
ywqC	1.4
ywqE	1.21
ywqG	1.15
ywiE	0.7075
ywjB	0.3909
ywjD	1.26
acdA	1.22
ctrA	1.66
spo0F	1.03
ywqI	1.4
ywqK	1.16
ywqM	0.9403
ywqO	1.01
ywrB	1.1
ywrD	0.9811
hutI	0.8205
hutP	1.14
yxiB	0.813
yxiD	1.34
yxxE	0.8999
bglH	1.03
ywbA	0.8146
ywbC	0.9478
ywbE	1.5
ywbG	0.8628
ywbI	0.8965
thiC	0.9465
yxxF	1.03
yxiF	0.691
yxiG	0.7399
yxzG	0.7043
yxiJ	0.6959
yxiL	0.7309
ywbO	0.8076
ywcB	0.0
ywcD	0.8526
ywzA	0.9814
qoxB	0.6903
qoxD	0.5242
hutU	0.0
yxiA	0.8548
yxiC	1.19
yxxD	0.9348
bglP	0.9532
yxiE	0.7721
ywbB	1.1
ywbD	0.9635
ywbF	0.0
ywbH	1.24
thiK	1.01
ywbM	0.921
yxxG	0.0
yxzC	0.7668
yxiH	0.6748
yxiI	0.7229
yxiK	0.7746
yxiM	0.7439
ywcA	0.9518
ywcC	1.07
galT	0.0
qoxA	1.04
qoxC	0.7349
ywcE	1.2
ytrP	0.739
yprA	1.28
yloN	1.08
yerG	1.14
wprA	0.859
yycJ	1.07
rocR	1.28
rocE	1.43
phrG	0.9467
yycN	0.9556
yycP	0.8067
topB	0.9335
polA	1.04
mmgA	0.9792
ileS	0.9553
dinG	0.9511
carB	1.38
yycR	1.02
yydA	0.7387
yydC	1.06
fbp	0.9021
yydG	0.9474
yydI	1.01
ytsD	0.9035
yrvE	1.71
yloP	1.08
ykuA	0.9488
ydhL	1.52
valS	1.01
yyxA	1.1
rocD	1.55
rocF	1.07
rapG	1.05
yycO	1.02
yycQ	0.0
smc	1.16
murD	1.04
lonA	1.52
hrcA	1.21
cheA	1.05
alaS	0.933
yycS	0.8831
yydB	0.8094
yydD	0.9054
yydF	0.7513
yydH	1.26
yydJ	0.9319
yveM	0.4993
yutK	1.05
yueB	0.9437
yufK	0.8391
ytpQ	1.16
ytmO	0.7464
yndF	0.6822
pksL	0.6296
mcpC	0.6127
yisZ	0.4743
ydbH	1.01
ybxG	0.9532
ysdB	0.6891
yrhE	0.8549
yqcC	0.0
ponA	1.01
yomI	0.0
cgeC	0.739
wapA	0.5236
ppsA	1.18
pksM	0.8213
yetO	1.04
rpoC	0.7935
dra	0.9364
yvfQ	0.989
yukA	1.12
yuxO	1.05
glgC	1.06
yttP	1.15
pykA	0.8492
pksP	0.9892
pksK	0.9591
oppD	0.6725
srfAA	0.8733
yccK	1.16
secE	1.13
rpmA	1.4
yrpC	0.0
yqgS	1.12
ypbR	1.26
yorL	0.0
odhA	1.1
dhbF	1.37
pksR	0.8998
yfkN	1.05
gutR	0.0
yxeF	0.0
galK	0.0
rbcL	0.7245
aceF	0.7832
kdtA	0.9328
tufA_E	0.9759
yazC	0.8735
yrhC	0.8684
yerC	1.2
yshA	0.821
yoqX	0.7019
yacF	1.32
yhcD	0.0
yetG	0.7886
ywnG	0.0
ywqA	0.8322
degU	0.9441
yvnB	0.0
cysS	0.9604
yqjU	0.9498
ylaI	1.05
yuaE	1.05
yqaD	1.06
yozD	1.19
yazB	1.44
yfnB	0.8237
ywmD	1.02
glcR	1.04
ggaB	1.59
prfB	0.8571
yvoD	1.06
ybcD	1.33
ndhF	0.8465
adaA	0.0
ybbU	0.9058
ybbT	1.23
ybbP	1.19
folK	1.28
sul	1.26
pabA	1.27
cysK	1.08
yacC	1.2
sigW	0.8609
ybbJ	0.0
ybbH	1.19
ybbE	1.18
ybbC	0.0
feuA	0.9424
yabT	0.0
yabR	1.28
yabQ	1.33
yabO	1.17
spoVT	0.9078
ybcC	1.03
adaB	0.0
alkA	1.03
glmS	1.68
ybbR	1.25
ybbM	0.7634
folA	1.3
pabC	1.2
pabB	1.28
yacD	1.33
yacB	1.69
ybbK	0.0
ybbI	0.9357
ybbF	1.08
ybbD	1.07
ybbB	1.06
feuB	1.09
yabS	1.07
divIC	1.06
yabP	1.34
yabM	1.41
spoVC	1.11
ydaB	0.7767
ycsN	1.12
yczI	0.9814
ycsO	0.5856
ycsI	0.7169
ycsE	1.28
ycgF	1.08
mdr	0.8599
lctE	0.5598
ycgB	1.23
opuAC	1.8
yceK	0.9094
yczH	1.04
ycsA	0.8517
mtlA	1.04
ycnK	0.5826
ycnI	0.5719
ycxE	1.19
yceI	1.27
yceF	0.9696
yceD	0.8218
yceB	1.06
ycdI	1.49
ycdG	0.8129
ydaA	0.8366
yczJ	1.05
ycsK	0.9045
ycsJ	0.6699
ycsF	0.8649
ycsD	1.27
ycgE	0.8021
lctP	0.4155
amyE	0.0
ycgA	1.04
opuAB	0.0
yceJ	0.8419
sipU	1.25
mtlD	1.33
ycnL	0.7361
ycnJ	0.5247
gdh	1.18
ycnH	1.45
yceG	0.9485
yceE	0.9485
yceC	0.7677
yceA	1.94
ycdH	2.6
ycdF	0.9241
ydjJ	0.4733
ydjH	0.6105
ydjF	0.3651
gutB	0.9387
ydjB	1.07
ydiR	1.22
ydeI	0.0
ydeG	1.2
ydeE	1.86
ydeC	1.39
ydeB	0.6179
ydeA	1.01
ydiP	1.17
ydiN	0.0
groEL	0.6573
ydiL	1.49
ydiJ	0.8192
ydiH	1.17
yddS	1.41
yddQ	1.09
lrpA	1.4
phrI	0.8813
yddJ	0.3683
yddH	0.0
ydjI	0.8751
ydjG	0.5511
ydjE	1.42
ydjC	0.9061
ydiS	0.9862
ydiQ	0.9462
ydeH	1.58
ydeF	1.06
ydeD	0.0
ydzE	0.8987
cspC	0.6018
yddT	5.47
ydiO	1.08
ydiM	1.05
groES	0.9761
ydiK	1.04
ydiI	1.0
ydiG	1.28
yddR	0.0
lrpB	0.0
yddM	1.23
rapI	0.5128
yddI	0.0
yddG	0.0
yfiR	1.43
lipB	1.91
yfiN	1.0
yfiL	1.1
yfiJ	1.05
yfiH	0.9526
yfnE	0.0
yfnG	0.8831
yfnI	1.91
yetL	1.11
yetJ	0.911
yezB	1.41
yfiF	0.0
yfiD	0.0
glvC	1.05
glvA	1.2
yfjB	2.14
yfjD	1.09
yetH	1.27
lplD	0.878
lplB	0.7515
yetA	0.0
yesX	1.22
yesV	1.25
yfiQ	1.01
yfiO	0.8993
yfiM	1.08
yfiK	1.13
yfiI	0.9997
yfiG	0.987
yfnF	0.9133
yfnH	0.8058
yetN	1.24
yetK	1.03
yezD	0.9873
yetI	1.16
yfiE	0.0
yfiC	1.43
yfiA	1.31
yfjA	1.27
yfjC	1.01
yfjE	0.9609
yetF	0.0
lplC	1.14
lplA	1.23
yesZ	0.8329
yesW	0.9571
yesU	1.1
yhjC	0.8134
yhxD	0.9239
yhzC	0.717
yhfW	0.9532
yhfU	1.09
yhfS	0.9471
ygxB	3.97
yhdD	0.864
yhdB	0.8918
yhcZ	1.02
yhxB	1.05
glpK	2.08
yhfO	0.8242
yhfN	0.0
yhfL	1.08
yhfJ	1.51
yhfH	1.08
yhfF	1.06
glpP	1.13
yhcX	1.63
yhcV	0.9206
yhcT	1.05
yhcR	0.956
yhcP	0.9257
yhjA	0.9368
comK	1.03
yhxC	1.02
yhfV	1.01
yhfT	1.02
yhfP	1.56
yhdE	0.8864
yhdC	0.9747
yhdA	1.06
yhcY	0.9549
glpD	0.8083
glpF	1.03
aprE	0.9833
yhfM	1.16
yhfK	1.36
yhfI	1.38
gltT	0.9486
yhfE	1.01
yhxA	1.17
yhcW	1.64
yhcU	1.17
yhcS	1.02
yhcQ	1.11
yhcO	1.13
yjqB	1.12
xlyB	1.16
phrA	0.7918
yjoB	0.6203
yjnA	0.8063
yjmI	0.8708
yjbC	0.4974
oppF	0.5879
oppB	0.6882
trpS	0.78
appC	0.5178
appA	0.6804
yjmG	1.19
yjmE	1.36
yjmC	1.21
yjmA	1.1
yjlC	1.05
yjlA	1.11
appD	1.18
yjaY	1.16
yjzA	1.15
yjaV	0.0
yjzD	1.22
argF	1.9
yjqA	1.15
yjpA	1.17
rapA	0.7006
yjoA	0.9538
yjmJ	0.8714
yjmH	1.03
yjbB	0.9556
oppC	0.7352
oppA	0.6543
yjbA	0.9565
appB	0.7383
appF	0.9392
yjmF	0.9134
yjmD	0.9682
yjmB	1.09
yjlD	0.8914
yjlB	0.877
yjkB	1.2
yjaZ	0.0
yjzB	0.9493
med	1.44
yjaU	0.0
yjzC	0.9706
pdhA	1.58
ykrB	1.23
ykzG	1.19
adeC	1.45
ykqA	0.9505
abh	0.8406
ykrL	0.8447
sspD	1.4
ykoZ	1.21
ykoV	1.02
ykoT	1.3
ykoQ	1.05
ykpC	0.0
ykpB	0.6474
ykoA	0.7213
fruA	0.868
yknZ	0.6448
yknX	0.8007
ykoN	1.01
ykoL	0.0
tnrA	0.7324
ykzD	0.9267
ykoI	1.42
ykoG	1.06
ykyA	1.34
ykrA	1.3
ykqC	0.8668
ykqB	0.955
kinC	0.8929
mreBH	1.52
ykrK	1.43
ykrI	1.33
ykoX	1.12
ykoU	1.01
ykoS	0.8624
ykoP	1.12
ampS	1.48
ykpA	1.1
sipT	1.81
fruR	0.9648
yknY	0.7595
yknW	0.7673
ykoM	1.01
ykzB	1.06
ykoK	1.82
ykoJ	1.14
ykoH	1.24
ykoF	1.43
rbfA	1.18
infB	1.34
ylxR	2.0
ylxS	2.05
yluC	1.06
cdsA	1.1
ylnB	0.9729
cysH	0.9654
pyrF	1.21
pyrDII	0.9941
pyrC	1.76
pyrP	1.91
frr	1.6
tsf	0.0
ylxL	0.0
cheD	0.0
cheW	0.0
cheB	0.0
ylyB	2.08
ylyA	0.0
divIVA	1.01
ylmG	1.55
ylmE	1.69
ylmC	1.16
ylxP	1.2
ylxQ	1.61
nusA	1.9
proS	0.7516
yluB	1.24
yluA	1.26
ylnA	1.02
pyrE	1.11
pyrD	1.02
pyrAA	1.3
pyrB	1.98
pyrR	2.31
smbA	1.94
rpsB	1.39
sigD	1.5
cheC	1.17
ylxH	0.8283
lsp	1.62
ylmH	1.16
ylmF	1.59
ylmD	1.36
ylmB	1.18
yoaT	0.9835
yoaS	0.9857
yozF	0.0
yoaP	1.02
yoaN	0.9569
pelB	0.975
yncM	1.07
ynzH	1.53
yncE	1.6
yncC	0.8581
xylB	1.05
xylR	1.2
yoaJ	0.7731
yoaH	0.9482
yoaF	0.7494
yoaD	1.53
yoaB	0.5234
yoxB	0.0
ynaJ	0.7148
ynaG	0.0
ynaE	0.0
ynaC	1.5
ynzG	0.0
ynxB	1.33
yozG	1.0
yoaR	0.0
yoaQ	0.0
yoaO	0.864
yoaM	1.22
yoaK	1.46
thyA	1.2
yncF	1.18
yncD	0.8825
yncB	1.39
xylA	0.0
xynB	1.38
yoaI	1.03
yoaG	1.03
yoaE	1.09
yoaC	0.9695
yoaA	0.9773
yoxC	0.8009
ynaI	1.24
ynaF	1.48
ynaD	1.22
ynaB	1.51
ynzF	1.14
glnA	0.7645
yopS	1.07
yopU	0.8002
yopW	0.0
yopY	0.0
yoqA	0.8954
yoqC	0.0
cgeD	0.8661
yodT	1.17
yodR	1.03
yodP	0.0
yozE	1.31
yodM	1.27
yoqE	0.0
yoqG	0.0
yoqI	0.0
yoqK	0.7679
yoqM	0.8082
yoqO	0.0
deoD	2.38
yodI	0.7739
ctpA	1.53
yodE	1.12
yodC	0.9088
yojA	1.69
yopT	1.02
yopV	1.32
yopX	1.02
yopZ	1.14
yoqB	0.7155
yoqD	0.0
cgeE	0.9826
yodS	1.16
argE	0.6311
yodO	1.17
yodN	0.0
yodL	1.17
yoqF	1.16
yoqH	0.0
yoqJ	0.0
yoqL	1.3
yoqN	1.15
yoqP	1.55
yodJ	1.95
yodH	0.0
yodF	1.03
yodD	1.18
yodA	1.19
yojB	0.9837
hbs	1.06
mtrB	1.27
gerCB	1.44
ndk	1.2
aroF	1.1
aroH	0.9504
ypmP	0.9302
ypmR	0.8753
ypmT	1.14
ypoP	0.8712
yppQ	0.9759
yokA	1.69
trpD	0.7607
trpF	0.7022
trpA	1.13
tyrA	0.9651
ypiA	1.06
ypiF	0.7241
yokC	1.38
yokE	1.2
yokG	0.8112
yokI	1.43
yokK	1.55
yolA	1.09
mtrA	1.38
gerCA	1.65
gerCC	1.54
cheR	1.2
aroB	1.12
trpE	0.9718
ypmQ	0.7956
ypmS	1.11
ypnP	1.56
yppP	1.07
ypqP	1.19
yokB	1.34
trpC	0.7987
trpB	0.7707
hisC	0.9358
aroE	0.6167
ypiB	0.669
qcrA	0.8662
yokD	0.9982
yokF	1.52
yokH	1.12
yokJ	1.81
yokL	1.4
yolB	0.9909
yqgY	1.21
yqhA	0.4729
yqxL	0.687
comGB	1.33
comGD	1.43
comGF	1.44
yqjQ	0.9365
yqjS	0.9179
yqjV	1.1
yqjW	1.14
yqjY	1.64
yqkA	1.33
yqzE	1.01
yqxM	1.06
cotN	0.7439
sinI	1.08
yqhH	0.0
yqhJ	0.9583
yqkC	1.04
yqkE	1.3
yqkG	0.9563
ansA	0.8613
yqkI	1.03
yqkK	0.0
yqgZ	0.2683
yqhB	0.0
comGA	0.0
comGC	1.45
comGE	1.34
comGG	1.49
yqjR	0.9549
yqjT	1.27
yqzH	0.0
yqjX	0.0
yqjZ	1.24
yqkB	1.49
yqzG	0.8019
sipW	1.12
sinR	1.06
yqhG	1.19
yqhI	1.12
yqhK	0.952
yqkD	1.35
yqkF	1.57
ansR	1.11
ansB	0.9191
yqkJ	1.06
spoIIM	1.02
yrpD	1.58
aadK	1.17
yrdB	0.9473
yrdD	1.04
yrdF	0.9836
azlC	0.9069
yqcJ	0.8772
yqcL	0.9974
spoIVCA	1.43
nucB	0.9058
yqeC	0.8893
yqeE	0.8668
brnQ	0.9783
gltR	0.9723
czcD	0.791
yrdQ	1.16
yrkA	0.5915
blt	0.793
yqeG	1.11
aroD	1.64
yqeJ	1.21
yqeL	1.22
comER	1.01
comEB	1.32
yrpB	0.0
yrdA	0.0
yrdC	0.9656
cypA	1.19
azlB	0.9608
azlD	1.06
yqcK	0.901
yqcM	0.8678
spoIVCB	1.09
yqeB	1.03
yqeD	0.0
yqeF	0.9694
yrdK	1.04
yrdN	1.1
trkA	0.0
yrdR	0.9303
bltD	1.08
bltR	1.11
yqeH	1.19
yqeI	1.45
yqeK	1.37
yqeM	1.08
comEA	0.8712
comEC	1.26
ysdC	1.07
araA	0.9917
araD	0.9146
araM	1.18
araP	0.928
abfA	1.01
yrbB	0.8557
yrbD	1.09
yrzG	0.8616
yrbE	1.61
bofC	1.02
ruvB	1.35
ysfE	1.11
ysfC	0.7645
ysfA	0.9023
pheS	1.13
ysgB	0.9434
yshC	0.9961
tgt	1.29
yrzE	0.0
spoVB	0.828
yrvB	1.1
yrvC	1.34
abnA	0.0
araB	1.36
araL	1.02
araN	1.03
araQ	0.934
cstA	0.0
yrbC	1.24
yrzH	1.07
yrzF	0.8536
csbX	0.8476
ruvA	1.45
queA	1.15
ysfD	0.8169
ysfB	1.14
ysgA	1.19
pheT	0.8073
yshB	1.1
yshD	0.0
yrbF	1.1
yrbG	1.23
yrzD	1.16
secF	1.17
yrvD	1.05
apt	1.97
ytxO	1.68
ytcB	0.0
ytdA	0.7552
menF	1.24
ytxM	1.02
menE	0.9103
ytmQ	0.0
malS	0.7531
ytoP	1.09
ytpP	1.09
ytpS	1.28
murC	1.12
ytgA	1.45
ytgC	0.9014
ythB	0.8245
ytiA	1.18
ytjA	0.788
ytkA	0.6986
ytxH	0.591
aroA	1.29
ytxD	1.02
acuC	0.8525
acsA	1.19
rpsD	0.8073
ytcC	0.8694
ytcA	0.0
yteA	0.8811
menD	1.37
menB	0.8345
ytfD	0.707
ytnP	1.01
ytzB	1.12
ytoQ	1.07
ytpR	1.35
ytpT	1.63
ytxG	0.6936
ytgB	1.52
ytgD	0.6877
ythA	0.9722
ytiB	0.957
ytjB	1.02
dps	0.594
ytxJ	0.721
ccpA	1.78
ytxE	1.48
acuA	1.2
tyrS	0.9577
yusU	0.989
yusS	0.897
yusQ	1.19
yusO	1.35
yusM	0.8278
yusK	0.8665
yuxI	1.03
yukE	0.7342
yukC	2.41
yueC	0.8539
yueE	1.07
yuzE	0.0
yusI	1.27
yusG	0.8182
yusE	1.28
yusC	1.71
yusA	1.24
yurY	0.97
yueG	1.02
yueI	1.09
yueK	0.9952
yuzC	1.14
comQ	1.45
comP	0.0
yusT	1.34
yusR	0.8071
yusP	0.9876
yusN	0.7762
yusL	0.0
yusJ	0.9407
ald	0.7148
yukD	1.0
yukB	1.37
yueD	0.939
yuzF	0.0
yueF	1.06
yusH	1.16
yusF	1.34
yusD	1.45
yusB	2.15
yurZ	1.05
yurX	1.15
yueH	1.24
yueJ	1.1
yuxH	0.9147
degQ	1.15
comX	1.14
comA	1.21
yvoA	0.7098
nagA	0.8938
lgt	0.8615
yvpA	1.06
hisZ	1.15
hisD	0.8454
tpi	0.7066
eno	0.5077
yvbJ	1.1
yvbH	1.43
yvbF	1.14
opuCB	1.83
hisH	0.7251
hisF	0.6826
yvcA	1.84
yvzA	1.19
yvcD	1.1
trxB	1.14
opuCD	0.8347
yvaZ	0.8411
yvaX	1.51
yvaV	1.08
opuBC	1.81
yvaQ	0.7515
nagB	0.7574
yvoB	1.1
yvpB	1.08
hisG	0.8402
hisB	0.7509
pgm	0.8632
yvbK	0.8372
yvbI	1.04
yvbG	1.0
opuCA	2.1
opuCC	1.79
hisA	0.7303
hisI	0.7229
yvcB	1.56
yvcC	1.47
yvcE	4.63
yvcI	1.14
yvbA	0.8212
yvaY	0.8392
yvaW	1.99
opuBB	1.5
opuBD	0.0
yvaP	0.9682
fbaA	1.01
murZ	0.7895
rpmE	1.36
ywkB	1.01
ywkD	1.45
ywkE	1.28
ywrE	0.0
cotG	0.0
cotB	0.0
ywrK	0.9748
alsS	1.43
ywrO	1.06
ywlA	1.07
ywlB	0.9327
ywlE	0.9731
ywlG	1.19
upp	0.7752
atpB	1.65
ywsB	0.4136
rbsC	1.01
rbsD	0.9642
rbsR	1.05
ywtA	0.9039
ywtC	0.8827
ywjH	0.8116
ywjI	0.8975
ywkA	1.46
ywkC	1.17
prfA	1.24
ywkF	1.18
ywrF	0.6937
cotH	1.08
ywrJ	0.0
alsR	1.09
alsD	0.9037
ywsA	0.9832
spoIIR	0.956
ywlD	1.16
ywlF	1.31
glyA	0.7702
atpI	1.53
atpE	0.9163
rbsB	1.02
rbsA	1.04
rbsK	1.24
ywsC	1.18
ywtB	1.24
ywtD	1.81
deaD	0.7544
yxiP	1.24
bglS	1.03
katB	0.4112
yxiT	0.9102
yxjB	1.31
ywcF	1.28
ywcH	0.839
ywcI	0.8339
ywcJ	0.5988
sacA	0.9685
thiD	0.8484
yxjD	1.24
yxjF	0.8869
yxjH	0.6521
yxjJ	0.5409
yxjL	1.05
yxjN	1.09
ywdD	0.8897
ywdF	1.2
ywdH	1.22
ywdJ	1.29
ywdL	1.07
spsB	1.1
yxiO	0.0
licT	1.09
yxiQ	0.9312
yxiS	1.03
yxjA	1.35
yxjC	1.01
ywcG	0.8563
vpr	0.6502
sacT	0.8119
sacP	0.9409
ywdA	1.12
ywdC	0.8441
yxjE	1.12
yxjG	0.6664
yxjI	0.8291
pepT	0.8484
yxjM	1.11
yxjO	0.966
ywdE	1.2
ung	1.38
ywdI	2.02
ywdK	1.31
spsA	1.19
spsC	0.9791
rnpA	1.2
jag	1.03
gidB	1.14
yydK	0.7894
bglA	1.21
ahpC	0.8092
gntP	1.16
gntR	1.09
yxaB	1.1
yyaB	0.922
spo0J	0.9906
yyaD	1.22
yyaF	1.05
ssb	1.15
exoA	1.03
yxaD	1.05
yxaF	1.01
yxaH	1.09
yxaJ	0.9584
yxaM	0.9611
yxbB	0.9394
rpmH	0.854
spoIIIJ	0.9789
thdF	1.75
yyaA	0.9159
yyzE	0.7616
ahpF	0.7534
gntZ	0.0
gntK	1.35
yxaA	1.13
yxaC	1.15
soj	1.16
yyaC	1.31
yyaE	0.0
rpsF	1.38
rpsR	1.08
yyaG	1.04
yxnA	0.9276
yxaG	1.14
yxaI	0.8867
yxaL	0.7341
yxbA	0.7757
yxbC	1.11
gltA	0.5101
ppsE	0.8493
ebrA	1.03
ymfG	1.27
bpr	0.863
cheV	0.6892
rho	1.3
tagD	1.27
yvfE	0.4493
yvgP	0.0
yurC	0.8474
aapA	1.0
spoIIS	0.6793
xtmB	0.8468
yhjN	0.9196
yhaA	0.8098
yheJ	0.7952
yfmB	0.819
yqhQ	0.6036
yosN	1.16
pnpA	0.0
flhA	0.8881
fliP	0.8943
fruB	1.03
ppsC	0.9246
yngB	0.7269
pyrAB	0.892
polC	0.8751
pycA	0.5625
ptsH	0.7902
tdk	0.8708
yvfC	0.6693
yvfK	0.8932
yusY	0.8476
ysnF	1.3
lepA	1.32
xkdO	0.0
yirY	1.02
yhfQ	1.28
yhaQ	0.8976
yfkL	0.9403
yfnC	1.12
spoIIIAG	1.05
yojG	1.19
flhF	0.8977
flhB	0.9692
cheY	0.911
moaD	1.05
hprT	0.9712
yvoF	0.7632
yvdS	0.5985
sacB	0.9141
ffh	0.9153
ssuC	0.7628
yvfP	0.7012
ctc	0.7757
ppsB	0.9306
yvgR	0.5807
ydjK	0.8656
spoIIE	0.0
ywbL	0.9244
sigL	0.8675
yacA	1.14
yvdR	1.59
yveB	0.0
yqxK	0.7754
yhaR	0.7709
pnbA	0.9317
ytnM	0.7996
prs	1.21
ykoW	1.13
cotA	1.14
ydjA	0.8091
hutH	0.7438
secA	0.6295
ybaS	1.15
ybaN	0.7475
gerD	0.9359
cwlD	1.02
ybaJ	0.8823
rplM	1.11
gcaD	2.12
yabJ	1.09
yabH	1.17
veg	0.571
ksgA	1.12
ybaF	0.7308
ybxA	0.8029
rpoA	1.05
rpsM	1.17
infA	1.35
adk	1.18
abrB	0.7063
yazA	1.21
yabA	1.03
holB	1.05
yaaQ	1.29
ybaR	1.32
kbaA	0.6802
ybaL	1.0
ybaK	1.14
rpsI	1.23
truA	1.07
spoVG	1.22
purR	1.27
sspF	1.14
yabG	1.53
yabF	1.65
ybaE	1.0
rplQ	1.38
rpsK	1.25
rpmJ	1.38
map	1.24
secY	1.01
yabC	0.9884
yabB	1.14
yaaT	1.55
yaaR	1.14
tmk	1.13
ycnG	0.8771
yczG	1.18
ycnD	1.1
yclQ	0.8473
yclO	1.05
yclM	0.874
rapJ	1.34
ycdC	1.11
natB	1.2
yccH	1.19
yccF	1.26
yczB	0.9851
yclK	0.9471
yclI	1.03
gerKB	0.8691
gerKA	1.25
yclE	1.36
yclC	1.49
cwlJ	1.18
ycbO	1.04
ycbL	1.45
yczA	1.05
ycbH	0.9941
ycbF	1.08
ycnF	0.9777
ycnE	1.03
ycnC	1.73
yclP	1.12
yclN	0.9385
rapC	1.2
ycdD	1.23
ycdA	1.01
natA	1.06
yccG	1.18
lipA	1.22
phoD	0.8577
yclJ	1.13
yclH	1.32
gerKC	0.9158
yczF	0.7552
yclD	0.0
yclB	1.01
ycbP	1.5
ycbN	1.37
ycbK	1.13
ycbJ	0.9801
ycbG	1.22
ycbE	1.2
ydiF	1.13
ydiD	1.24
ydiB	1.27
ydhU	0.0
ydhS	0.796
ydhQ	0.9269
yddF	0.0
yddC	0.0
yddA	0.0
ydcS	0.5555
ydcQ	1.39
ydcO	1.01
ydhO	1.12
ydhM	0.8482
ydhK	1.08
ydhI	1.35
ydhG	1.23
ydhF	0.0
ydcN	1.27
ydcL	1.06
ydcH	1.02
ydcF	0.7065
sigB	0.3113
rsbU	1.16
ydiE	1.06
ydiC	1.21
ydiA	1.37
ydhT	0.997
ydhR	1.2
ydhP	1.31
yddD	0.9215
yddB	0.0
ydcT	0.0
ydcR	0.714
ydcP	1.06
sacV	0.0
ydhN	0.9021
ydhJ	1.12
ydhH	0.9771
phoB	0.9075
ydhE	0.6205
ydcM	1.32
ydcK	0.0
ydcG	0.7137
rsbX	0.175
rsbW	0.3387
rsbT	1.19
yfjF	1.06
acoR	1.26
acoC	0.9567
acoA	1.13
yfjM	0.8643
yfjO	0.9259
yesT	1.19
yesR	1.06
yesP	0.9196
yesM	0.77
yesK	0.9881
cotJB	0.0
yfjQ	1.85
yfjS	1.21
yfkA	0.9355
yfkC	1.21
yfkE	0.9864
yfkJ	0.8922
yesF	1.09
yeeK	1.16
rapH	1.09
yezA	0.9175
yeeC	1.51
yeeA	0.0
yfjU	0.0
acoL	1.03
acoB	0.8941
yfjL	0.7969
yfjN	1.27
yfjP	1.35
yesS	0.6768
yesQ	0.0
yesO	1.71
yesL	1.03
yesJ	1.08
cotJA	0.0
yfjR	1.16
yfjT	0.0
yfkB	1.34
yfkD	0.4806
yfkH	0.8559
yfkK	0.8962
yesE	1.17
yeeI	0.0
yeeG	0.8163
yeeD	0.7739
yeeB	1.3
yefC	0.0
yhfD	0.9009
yhfB	0.9094
yhgD	1.1
hemH	0.9277
pbpF	1.37
yhgB	1.03
yhcN	0.0
yhcL	0.9167
yhcJ	1.06
yhcI	0.8663
yhcG	1.18
yhcE	0.0
ecsC	0.9544
ecsA	0.9026
serC	1.1
yhaH	1.11
yhaI	0.7214
yhaK	1.14
yhcB	1.06
yhbJ	1.09
yhbH	0.9433
yhbF	0.9925
yhbD	1.02
yhbA	1.14
yhfC	0.9354
yhgE	1.69
hemY	0.6357
hemE	1.17
yhgC	1.01
yhfA	0.7954
yhcM	0.827
yhcK	1.06
cspB	1.0
yhcH	1.2
yhcF	1.3
yhcC	1.42
ecsB	0.9938
hit	1.06
yhaG	1.01
hpr	0.8376
yhaJ	0.9382
prsA	1.12
yhcA	0.0
yhbI	1.24
prkA	1.09
yhbE	0.95
cspR	0.822
yhzB	1.23
yjkA	1.22
yjiC	1.11
yjiA	1.4
yjhA	1.16
yjgB	1.17
yjfC	1.53
carA	2.16
argB	2.62
argC	6.74
yitY	1.19
yitW	1.19
yitU	1.21
yjfA	1.12
cotT	0.9465
yjdJ	1.08
yjdG	1.32
yjdE	1.04
yjdC	1.12
yitT	0.9473
nprB	1.12
yitQ	1.25
yitO	0.8076
yitM	0.7703
yitK	1.13
yjjA	1.69
yjiB	1.18
yjhB	1.11
yjgD	1.17
yjgA	0.8423
yjfB	1.77
argD	3.07
argJ	4.36
yitZ	1.33
yitX	1.12
yitV	1.33
ipi	0.0
yjeA	1.78
yjdK	0.8323
yjdI	0.9106
yjdF	1.53
yjdD	1.14
yjdB	0.0
yitS	1.43
yitR	1.12
yitP	0.9689
yitN	0.7601
yitL	1.44
yitJ	0.5491
yknV	0.7685
moaE	1.2
moeA	1.51
mobA	1.56
ykuV	2.09
ykuT	0.8886
ykoE	1.05
ykoC	0.9793
ispA	0.738
yknA	1.05
ykmA	1.0
proA	0.8437
ykuR	0.9406
ykuP	1.0
ykuN	0.9276
ykuL	1.38
ykuK	1.3
ykuI	0.8559
ykkE	1.67
ykkC	1.36
ykkA	0.6978
ykzH	0.9687
ykhA	1.33
ykgB	0.9044
yknU	0.0
mobB	1.52
moeB	1.39
ykuW	1.03
ykuU	2.36
ykuS	1.12
ykoD	0.8664
ispU	1.26
metC	0.0
ykzA	1.5
yklA	1.11
proB	1.09
ykuQ	1.04
ykuO	0.0
ykuM	1.25
ykzF	1.55
ykuJ	1.36
ykuH	1.06
ykkD	0.0
ykkB	1.06
ykjA	0.7574
hmp	0.9416
ykgA	0.3626
ykfD	1.07
fliR	0.8845
fliZ	0.7874
fliM	1.07
flgE	1.09
fliK	0.9286
fliJ	0.9225
ylmA	1.18
sigE	1.22
ftsZ	0.8438
sbp	1.39
ylxW	1.11
murB	0.7745
fliH	0.9961
fliF	1.41
flgC	1.59
codY	1.18
clpQ	1.62
gid	1.51
spoVE	1.17
mraY	1.58
pbpB	1.17
ylxA	1.18
yllA	1.1
ylbP	1.15
fliQ	1.06
fliY	1.13
fliL	0.9263
ylxG	1.18
ylxF	0.8294
fliI	1.17
sigG	0.0
spoIIGA	1.76
ftsA	1.14
ylxX	1.25
divIB	1.26
murG	1.5
fliG	1.11
fliE	1.54
flgB	1.48
clpY	1.5
codV	1.45
topA	1.47
murE	1.55
ftsL	1.26
yllB	1.21
ylbQ	1.16
ylbO	1.11
yoxD	1.52
proH	1.53
gltC	0.9386
yogA	0.8066
ggt	0.948
yoeC	0.7525
glnR	1.22
ynbA	1.42
cwlC	0.875
nrdF	0.6228
ymaA	1.33
ymzC	1.02
yoeA	0.891
pbp	0.688
yngK	0.733
yngJ	1.05
yngH	1.16
yngF	0.0
miaA	1.17
ymaG	1.06
ymaD	1.36
aprX	1.04
ymzB	1.17
pksN	1.05
rtp	0.0
proJ	1.36
gltB	0.6733
yofA	1.03
yoeD	0.7829
yoeB	0.2181
ynbB	1.55
spoVK	1.41
ymaB	0.8397
nrdE	1.19
ymzA	1.3
ymaH	0.9787
yoxA	1.01
yngL	0.8918
ynzE	1.04
yngI	1.42
yngG	1.16
yngE	1.65
ymaF	0.0
ebrB	1.03
ymaC	0.0
ymaE	1.0
pksS	0.9568
pksJ	0.0
yoqR	0.0
yoqT	0.0
yoqV	0.0
yoqY	0.0
yorA	0.5733
yorC	0.9914
yojC	0.9155
yojF	1.33
yojI	1.26
yojK	1.16
yojM	0.8101
yojO	1.03
yorE	0.8838
yorG	0.6842
yorI	1.05
yorK	0.0
yorN	0.0
yorP	0.0
yocS	0.6371
sodF	1.05
dhaS	1.17
yozO	0.488
yozN	0.7023
yocL	1.02
yoqS	0.0
yoqU	0.0
yoqW	0.0
yoqZ	0.0
yorB	1.01
yorD	1.06
yojE	1.04
yojH	0.0
yojJ	0.0
yojL	1.78
yojN	1.15
odhB	0.9836
yorF	0.9688
yorH	0.0
yorJ	0.0
yorM	0.0
yorO	0.0
yorQ	0.9797
yocR	0.9988
sqhC	1.12
yozC	1.4
yocN	0.6282
yocM	0.4002
yocK	0.3633
qcrC	0.846
ypjB	1.19
ypjD	2.45
ypjF	1.48
ypjH	1.55
birA	0.6845
yolC	0.8383
uvrX	1.08
sunA	0.0
yolI	1.16
yolK	0.9001
yomB	0.0
panC	0.7487
ypmB	1.04
asnS	0.9449
nth	1.05
yppB	1.18
yomD	0.0
yomF	0.0
yomH	0.0
yomK	1.3
yozP	0.0
yomN	1.07
ypjA	0.0
ypjC	1.79
dapB	2.3
ypjG	1.61
papS	0.8543
panB	0.9738
yolD	0.0
yolF	1.89
sunT	1.68
yolJ	1.15
yomA	0.0
yomC	0.0
panD	0.7719
ypmA	0.0
aspB	0.8521
dnaD	1.07
ypoC	1.35
yppC	1.12
yomE	0.0
yomG	0.9808
yomJ	0.899
yomL	5.2
yomM	0.0
yomO	0.0
yqhL	1.55
yqhN	1.56
yqhP	0.7107
yqhS	1.15
efp	1.36
spoIIIAA	1.11
yqkL	1.45
drm	1.42
dacF	0.0
spoIIAB	0.8467
spoVAA	0.0
spoVAC	0.0
spoIIIAC	0.0
spoIIIAE	1.41
spoIIIAH	1.23
accC	1.39
yqhZ	1.14
yqiB	1.14
spoVAE	1.01
lysA	1.13
ppiB	1.18
ypuB	0.7947
ypzC	1.15
ypuD	0.7457
yqhM	1.13
yqhO	0.8214
yqhR	1.04
yqhT	1.53
yqhV	0.0
spoIIIAB	0.9095
ripX	1.13
pnp	1.56
spoIIAA	0.9441
sigF	1.01
spoVAB	1.12
spoVAD	0.0
spoIIIAD	0.0
spoIIIAF	0.8298
accB	1.08
yqhY	1.4
folD	1.22
yqiC	1.16
spoVAF	1.3
ypuA	0.7979
ypzD	0.0
ypuC	0.6425
sipS	1.08
ypuE	1.38
yrkB	0.7168
yrkD	1.05
yrkF	0.9398
yrkH	0.9728
yrkJ	0.9586
yrkL	0.8867
yqeN	0.8991
gpr	0.8742
yqxA	0.9355
dnaK	0.905
yqeT	1.42
yrkN	0.0
yrkP	0.0
yrkR	1.15
spoIIIC	0.9821
yqaC	0.0
yqaF	1.06
yqeV	0.0
rpsU	1.08
yqeZ	0.0
yqfB	0.6807
yqfD	1.13
yqfF	1.31
yrkC	0.0
yrkE	0.9545
yrkG	0.9012
yrkI	0.8022
yrkK	0.8422
yrkM	0.7577
rpsT	0.7393
spoIIP	0.0
hemN	1.31
grpE	1.02
dnaJ	1.44
yqeU	1.5
yrkO	0.9323
yrkQ	0.0
yrkS	0.8
yqaB	0.0
yqaE	1.16
yqdA	1.13
yqeW	1.15
yqeY	1.23
yqfA	0.5574
yqfC	0.0
phoH	0.9942
yqfG	0.9966
yshE	0.9356
ysiA	0.806
etfB	0.903
xsa	0.7648
uvrC	0.7685
lysC	0.4846
relA	1.35
yrvJ	1.19
hisS	1.04
yrvM	1.29
yrzC	1.02
yrvP	1.09
sdhC	1.36
sdhB	0.851
gerE	1.04
racE	1.37
rph	1.05
ysnB	1.14
yrrB	0.7505
yrrD	1.15
glnM	0.9575
glnQ	1.09
yrzB	1.42
lcfA	0.0
ysiB	0.9991
etfA	0.9308
trxA	1.27
ask	1.08
yslB	0.8868
yrvI	1.28
yrzK	1.18
aspS	0.762
yrvN	1.24
yrvO	1.01
yrrA	1.37
sdhA	0.9926
ysmA	0.961
ysmB	0.0
gerM	0.9124
ysnA	0.8511
ysnE	1.03
yrrC	0.0
glnP	0.9435
glnH	1.26
yrrI	1.17
yrrK	1.19
yrrL	0.0
ytkC	0.8083
ytlC	1.23
ytlA	0.9193
ytmB	0.8938
metK	1.21
ytnA	0.8449
ytsP	0.9098
ytwP	1.11
nifZ	1.21
sspA	1.03
ytcJ	1.05
yteI	1.05
ytpA	1.41
ytqA	1.17
ytrA	1.19
ytrC	1.12
ytrE	0.9853
ytsA	1.07
ytfI	0.995
ytxK	1.32
moaB	1.45
argH	3.14
ytkK	1.36
ytlI	0.9588
ytlD	1.11
ytlB	0.0
ytmA	1.02
pckA	0.9658
asnB	1.53
ytoA	0.6762
ytvP	0.9545
braB	1.65
ytbJ	1.24
ytcI	1.1
ytdI	0.8454
yteJ	1.3
ytqB	0.8464
ytzC	1.13
ytrB	1.22
ytrD	1.36
ytrF	0.9524
ytsB	0.9538
ytgI	1.34
ackA	1.68
argG	3.58
ytzD	1.96
ytkL	0.9188
ytmI	0.8189
yurW	0.7124
yurU	0.7085
yurS	0.7809
yurQ	1.1
yurO	0.5316
yurM	0.4073
yufB	1.59
yufD	0.6932
yufU	1.56
yufS	0.7335
yufQ	0.9026
yufO	0.5852
yurK	0.6719
yurI	0.9657
yurF	1.15
yurD	0.8384
yunM	1.24
yunK	0.8537
yufM	1.34
yuxK	1.66
yuxJ	0.8939
kapB	0.9874
patB	1.12
yugF	0.0
yurV	1.07
yurT	1.16
yurR	1.23
yurP	0.7362
yurN	0.4973
yurL	0.4061
yufC	1.57
yufV	1.42
yufT	1.18
yufR	0.7679
yufP	0.719
yufN	0.6742
yurJ	0.7001
yurH	0.8015
yurE	0.9904
yurB	1.24
yunL	0.9936
yunJ	1.11
yufL	1.29
pbpD	0.0
kapD	0.8629
kinB	0.7839
yugE	1.06
yugG	0.878
yvcJ	0.8417
yvcL	0.7835
yvcN	0.6643
yvcQ	1.11
yvcS	0.7964
yvdA	0.8769
yvaO	1.22
yvzC	0.8173
yvaL	1.12
yvaJ	0.0
yvaG	1.14
yvaE	1.02
yvdC	0.9813
yvdE	1.44
yvdG	0.0
yvdI	1.24
yvdK	0.0
yvdM	0.5522
yvaC	0.0
yvaA	0.5288
yvgY	0.6791
yvgW	0.0
yvgU	1.14
yvgS	1.23
yvcK	0.8047
crh	0.8804
yvcP	0.9901
yvcR	1.26
yvcT	2.13
yvdB	1.02
yvaN	1.28
yvaM	1.2
yvaK	0.0
yvaI	0.9396
yvaF	0.8022
yvaD	1.17
yvdD	1.23
yvdF	0.8774
yvdH	0.9163
yvdJ	0.8622
yvdL	1.03
clpP	1.13
yvaB	0.0
yvgZ	0.8555
yvgX	0.0
yvgV	0.0
yvgT	1.04
yvgQ	0.4618
atpF	0.8339
atpA	0.5351
atpD	0.4811
ywmA	0.8739
ywmB	1.65
spoIID	1.27
ywtE	1.24
ywtG	0.4083
gerBB	0.5386
pmi	0.8229
tagC	1.56
tagA	1.14
ywmE	0.7526
narA	1.54
ywmF	0.0
ureA	0.833
ureC	0.5199
ywnB	0.9612
tagF	0.0
ggaA	1.66
lytR	0.9072
lytC	1.04
tuaB	1.18
tuaD	1.04
atpH	0.7993
atpG	0.7508
atpC	0.6928
ywzB	1.07
murA	1.71
ywmC	1.24
ywtF	1.14
gerBC	0.8952
gerBA	0.0
lytD	0.0
tagB	0.8278
tagE	0.0
narQ	1.24
rapB	1.27
ywmG	0.6449
ureB	0.8534
ywnA	0.9076
ywnC	1.6
tagG	0.0
yvyH	1.04
lytB	1.36
tuaA	0.693
tuaC	0.7906
tuaE	0.7671
yxkA	0.7942
yxkC	0.9222
aldY	0.9166
msmX	0.9232
yxzE	0.5841
yxkJ	0.5012
spsD	1.09
spsG	0.9908
spsJ	0.9237
yweA	0.693
rocA	0.6705
rocC	1.05
cydB	0.2476
cydD	0.0
yxlA	0.0
yxlC	0.9955
yxlE	0.9404
yxlG	1.11
ywfB	1.26
ywfD	0.9308
ywfF	0.7633
ywfH	0.9059
pta	1.35
ywfL	1.02
galE	1.01
yxkD	0.7812
yxkF	0.9941
yxkH	0.9348
yxkI	0.8774
cydA	0.5219
spsE	1.05
spsI	1.06
spsK	0.7962
yweB	1.17
rocB	0.908
ywfA	0.7663
cydC	0.0
yxkO	1.02
sigY	1.03
yxlD	0.9935
yxlF	1.08
yxlH	1.07
ywfC	0.8583
ywfE	0.6329
ywfG	0.5235
ywfI	0.8736
ywfK	1.14
ywfM	0.8364
yyaH	0.9964
yyaJ	0.7685
yyaL	0.7282
yyaN	0.891
tetL	0.8456
yyaP	1.19
yxbD	0.9632
yxbF	1.1
yxcA	0.6236
yxcC	0.2179
yxcE	1.06
iolR	1.07
yyaR	0.8891
yyaT	0.9186
yybB	1.05
yybD	1.04
yybF	0.8646
yybI	1.01
iolB	1.11
iolD	0.9986
iolF	1.05
iolH	1.09
iolJ	0.9347
yxdK	0.8422
yyaI	1.07
yyaK	0.8173
yyaM	0.0
yyaO	0.8382
tetB	0.0
yyaQ	1.04
aldX	0.933
yxbG	0.8331
htpG	0.9732
yxcD	1.2
iolS	1.14
iolA	1.09
yyaS	0.0
yybA	1.18
yybC	1.15
yybE	1.37
yybG	0.8298
yybJ	0.7586
iolC	0.9935
iolE	1.05
iolG	0.9475
iolI	1.14
yxdJ	1.05
yxdL	1.03
yeeF	0.0
purQ	0.5498
ydgJ	0.5631
pbpC	0.7207
srfAC	0.4877
ycgI	0.7531
yknT	0.949
ptsI	0.0
ykvU	0.0
ykzE	0.5196
yjdH	0.4237
yhdN	0.3644
yczC	1.15
lmrA	1.2
ybgB	0.7297
ybdD	0.8654
fus	0.83
yfiX	0.0
yfkF	0.0
treA	0.0
yflP	1.04
yesY	0.8272
yddN	1.12
yerP	0.8026
ydjD	0.8525
yddE	0.0
yclG	0.8335
nasB	0.8682
ycdB	1.11
patA	0.9435
ykvW	1.07
ykrP	1.06
ykoY	0.9754
yhaP	1.4
yhbB	1.18
yccC	0.0
ybgE	0.7625
ybgA	0.9735
rpmD	1.16
rpoB	0.7396
clpC	0.3575
yfiB	0.0
yfkI	0.6816
yflH	0.9989
yetM	1.02
cotJC	0.0
yddK	0.0
yabD	1.2
yurG	0.7014
ytqD	0.5358
acuB	0.6941
dnaE	0.7953
levR	0.85
yqzC	0.9396
yaaO	1.2
ypbG	0.7578
ypvA	0.9299
cgeB	0.8713
yloB	0.9795
glcT	0.9218
yjcD	1.22
metS	1.32
ythC	1.68
ytpB	1.03
ytoI	0.9124
yrhJ	0.827
yqxH	0.5007
bmrU	0.849
yaaN	0.7259
qcrB	0.8023
yosO	0.0
ylqF	0.9279
spoVD	0.9438
yjgC	1.05
yjaX	0.9898
rplO	0.8108
rplR	0.7777
rpsH	0.8289
rplE	1.27
rplN	1.02
rpmC	1.03
xpaC	0.6503
bofA	1.27
recR	1.27
dnaX	1.65
yaaI	1.1
rpsC	1.31
rpsS	1.34
rplW	1.19
rplC	1.28
ybaC	1.48
rpsG	1.29
serS	0.756
yaaD	1.03
guaB	1.49
gyrB	0.8764
recF	0.7858
rpsE	0.9845
rplF	0.976
rpsN	1.07
rplX	1.18
rpsQ	1.27
rplP	1.26
csfB	1.27
yaaL	1.17
yaaK	1.41
yaaJ	1.51
yaaH	0.0
rplV	1.24
rplB	1.11
rplD	1.24
rpsJ	1.43
tufA	0.9335
rpsL	1.46
yaaE	1.16
dacA	2.01
yaaC	0.695
yaaB	0.9731
yaaA	1.4
yclA	0.6833
yckJ	0.7383
yczE	0.73
ycxD	0.7071
ycxB	0.794
srfAD	0.6585
ycbD	0.7918
ycbA	1.14
ybgH	1.17
ybgF	0.7992
ybfP	0.9421
ybfN	1.05
yckH	1.5
yckF	0.991
nucA	1.71
yckE	0.909
yckC	1.13
yckA	1.28
ybfM	1.0
ybfK	0.6982
purT	0.9542
ybfH	0.8296
ybfF	1.65
ybfB	1.14
yckK	0.73
yckI	1.04
sfp	1.17
ycxC	0.9456
ycxA	0.9838
comS	0.8409
ycbB	1.13
ybgJ	0.0
ybgG	1.36
ybfT	1.37
ybfO	0.9742
psd	1.35
yckG	1.15
tlpC	1.02
nin	1.35
yckD	0.9799
yckB	1.18
yciC	1.28
pssA	0.8514
ybfJ	0.9529
ybfI	1.23
ybfG	1.31
ybfE	1.03
ybfA	1.02
ydhD	0.7283
ydgK	1.24
ydgH	0.8258
dinB	0.832
expZ	0.6291
ydgD	1.37
rsbS	1.58
ydcE	1.39
dal	1.09
ydcB	0.7523
ydbS	0.634
murF	0.7528
ydgB	0.0
ydfT	0.0
ydfR	0.8074
ydfQ	0.888
ydfO	1.15
ydfM	1.22
ydbP	1.22
ydbM	1.24
ydbK	0.8625
ydbI	1.16
ydbF	0.8656
ydbD	1.32
ydhC	1.78
ydgI	1.2
ydgG	0.8364
ydgF	0.8875
ydgE	1.04
ydgC	0.9378
rsbR	1.54
ydcD	1.49
ydcC	0.916
ydbT	0.9592
ydbR	1.31
ddlA	1.25
ydgA	0.0
ydfS	0.0
ydzH	0.0
ydfP	0.0
ydfN	1.28
ydfL	1.62
ydbN	0.9078
ydbL	0.8884
ydbJ	1.34
ydbG	0.9369
ydbE	0.9799
ydbC	0.9274
yfkM	0.9483
treR	1.41
yfkQ	0.2531
yfkS	0.2855
yflA	0.2292
yflC	0.91
yefB	1.23
yerQ	1.71
yerN	0.9257
yerL	1.23
sapB	0.8818
yerH	1.04
yflE	1.55
yflG	0.9448
yflJ	0.8472
yflL	0.9161
yflN	0.0
citT	1.16
yerF	1.22
yerD	0.7197
yerA	0.8602
yezC	0.6582
purH	0.4557
purM	0.5619
yfkO	1.11
treP	0.7253
yfkR	0.6916
yfkT	0.1823
yflB	0.0
yflD	1.05
yefA	1.52
yerO	1.05
yerM	1.46
opuE	1.18
yerI	1.1
yflF	0.6747
yflI	0.8622
yflK	0.9541
yflM	1.13
citM	0.9608
citSc	0.0
yerE	1.36
yerB	1.21
yecA	1.22
purD	0.4647
purN	0.6918
purF	0.6102
yhaL	0.8734
yhaN	0.7444
yhaS	0.6392
yhaU	0.7715
yhaW	0.5121
yhaY	0.5886
ygaO	1.09
ygaN	0.8414
ygbA	0.8667
katA	1.04
ygaK	0.9187
ygaJ	0.8658
yheA	0.9873
yheD	1.16
sspB	0.8751
yheG	0.8171
yheK	0.9051
yheN	1.06
ygaI	0.8805
ygaH	0.6041
ygaF	0.8191
ygaE	1.15
ygaC	1.11
sspE	1.3
yhaM	0.8317
yhaO	0.9043
yhaT	0.8747
yhaV	0.8853
yhaX	0.9688
yhaZ	1.11
yhzA	1.34
ygcA	1.16
ygaL	1.07
senS	0.0
thiA	1.28
ygzA	0.8585
yheB	0.8186
yheE	0.7042
yheF	0.8223
yheI	0.5389
yheM	0.896
yhdZ	0.7965
ygxA	0.8996
ygaG	0.7416
gsaB	0.9417
ygaD	1.25
ygaB	1.23
yfhR	1.44
yjdA	0.8235
yjcR	0.9731
yjcP	1.31
yjcN	0.7928
yjcL	0.9292
yjcJ	0.4643
yitI	0.6524
yitG	0.8371
yitE	0.8352
yitC	0.0
yitA	0.9069
yisX	0.9779
yjcH	1.42
yjcF	1.5
yjcC	0.0
yjcA	0.7114
cotW	0.0
cotY	0.0
yisV	0.0
yisT	0.9383
degA	0.8556
yisQ	0.7925
yisO	0.0
yjcS	1.09
yjcQ	1.28
yjcO	0.0
yjcM	1.49
yjcK	1.05
yjcI	0.8715
yitH	1.46
yitF	0.9176
yitD	1.11
yitB	1.0
yisY	0.0
yisW	0.8269
yjcG	1.38
yjcE	0.3146
yjcB	0.0
cotV	0.9897
cotX	0.0
cotZ	0.0
yisU	0.0
yisS	0.0
yisR	1.05
yisP	0.951
yisN	1.06
yisL	1.31
ykuG	0.0
ykuE	0.8975
ykuC	0.9696
kinA	0.6365
ykwD	0.8377
ykwB	0.5446
ykfC	0.65
ykfA	0.9073
dppD	0.5907
dppB	0.8037
ykeA	1.48
ykcC	0.7485
splA	0.9305
ykvZ	1.17
ykvV	0.7984
ykvS	0.0
ykvQ	0.0
ykvO	0.0
ykcA	1.28
ykaA	1.5
spoIISA	0.7574
xhlB	1.05
xkdY	1.02
xkdW	0.9033
ykuF	0.9959
ykuD	0.0
ykyB	1.11
ykwC	0.9215
splB	0.7174
ykfB	0.9937
dppE	0.5249
dppC	0.0
dppA	0.6191
htrA	1.22
ykcB	0.9819
ptsG	1.05
ykvY	0.7627
ykvT	1.51
ykvR	0.0
ykvP	0.924
ykvN	0.7495
ykbA	1.03
ykaB	1.82
xlyA	1.35
xhlA	1.2
xkdX	1.05
xkdV	2.41
smf	0.9089
sucC	0.6507
ylqG	0.0
rplS	0.961
ylqE	0.0
ylqC	0.8532
rpmF	1.27
ylbM	0.9978
ylbK	1.3
ylbI	1.53
ylbG	1.48
ylbE	0.8922
ylxM	0.8892
ftsY	0.8941
rncS	1.11
fabG	0.8812
plsX	0.8791
ylpB	0.9071
ylbC	2.97
ylbA	0.9343
ctaF	0.5572
ctaD	0.435
ctaB	0.8059
ylaO	0.6845
sucD	1.08
ylqH	0.8936
rnh	0.7865
trmD	0.9961
ylqD	0.984
rpsP	1.02
ylbN	2.0
ylbL	0.8465
ylbJ	1.03
ylbH	1.57
ylbF	1.78
ylbD	1.28
ylqB	1.02
acpA	0.8837
fabD	0.821
ylpC	0.9368
ylpA	1.14
ylbB	1.3
ctaG	0.8857
ctaE	0.3955
ctaC	0.6691
ctaA	0.4196
ylaN	0.9248
yngD	0.6896
yngA	0.0
ynfF	0.6288
bglC	0.7167
ynfC	0.4415
grlB	0.9153
pksI	0.5039
pksG	0.6228
pksE	0.0
pksC	1.43
pksA	1.08
mutL	0.6673
yneS	0.9002
yneQ	1.12
tlp	0.9445
citB	0.0
cotL	0.6147
yneK	1.44
cotE	0.7063
ymcB	1.44
tdh	0.9366
ymdB	0.7478
pbpX	1.55
cinA	0.9103
yngC	1.09
xynD	0.9467
ynfE	0.0
alsT	1.52
grlA	0.7991
yneT	2.03
pksH	0.5681
pksF	0.5614
pksD	1.09
pksB	0.0
ymcC	1.36
mutS	1.11
yneR	0.5758
yneP	1.75
yneN	0.6651
cotK	0.7138
cotM	0.7384
yneJ	0.8834
ymcA	1.17
kbl	0.7551
spoVS	0.7397
ymdA	0.7928
recA	1.14
pgsA	1.51
yorR	0.7125
yorT	0.5268
yorV	0.5757
yorX	0.0
yorZ	0.6658
yosB	0.6695
yocJ	0.5013
yocH	1.69
yocF	0.453
yocD	1.16
yocB	1.62
yocA	1.13
yosD	0.0
yosF	0.9723
yosH	1.18
yosJ	0.7102
yosL	0.0
yosP	0.6894
yobW	1.19
yobU	1.05
yobS	0.8065
yobQ	1.3
yobO	0.7751
yobM	0.8939
yorS	0.9423
mtbP	0.8246
yorW	0.8229
yorY	0.8756
yosA	0.9541
yosC	1.04
yocI	1.24
yocG	0.817
yocE	0.1938
yocC	1.05
yozB	0.7927
yozA	1.1
yosE	0.9792
yosG	0.0
yosI	0.9532
yosK	0.7001
yosM	0.8985
yosQ	1.07
yobV	0.9619
yobT	0.8121
yobR	1.18
csaA	1.06
yobN	0.828
yobL	1.32
yppD	0.5518
yppF	1.17
ypqE	1.57
yprB	0.5416
ypsA	1.23
ypsC	1.29
yomP	0.6375
yomR	1.01
yomT	0.0
yomV	0.0
yomX	0.0
yomZ	0.0
kduD	0.7705
kdgR	0.8762
kdgA	0.0
ypwA	1.02
pbuX	0.9622
ypbQ	0.9426
yonB	1.25
yonD	0.0
yonF	0.0
yonH	0.0
yonK	0.0
yonO	0.7049
yppE	0.7953
yppG	0.8434
cotD	1.28
ypsB	0.98
yptA	0.9273
yomQ	1.0
yomS	0.8667
yomU	1.4
yomW	1.17
yomY	0.9073
yonA	0.7753
kduI	0.7868
kdgK	0.8527
kdgT	0.0
xpt	0.9527
bcsA	0.9304
ypbS	0.796
yonC	0.9094
yonE	1.04
yonG	1.01
yonI	1.04
yonN	0.7296
yonP	0.9559
yqiD	0.705
yqxC	1.05
recN	1.14
spo0A	0.7299
yqiH	0.9809
yqiK	1.03
ribG	0.0
ribA	1.94
ribT	1.1
ypuG	1.56
ypuI	1.27
spmA	0.4728
mmgB	1.01
mmgD	1.01
yqiQ	0.9933
yqiR	1.03
yqiT	0.989
yqiV	0.7526
ypuL	1.04
resB	0.8948
resD	0.3308
sigX	1.23
aroC	1.39
ypzE	0.7896
yqiE	1.51
ahrC	0.9977
spoIVB	1.12
yqiG	1.07
yqiI	0.9941
ribB	2.29
ribH	1.89
ypuF	1.2
ypuH	2.09
dacB	0.0
spmB	1.14
mmgC	0.87
mmgE	0.8536
yqzF	1.24
yqiS	1.0
yqiU	0.9309
bfmBAA	0.7553
resA	0.8774
resC	0.6822
resE	0.4037
ypuN	0.9858
serA	1.01
ypaA	1.09
yqaG	0.4765
yqaI	0.7077
yqaK	0.5251
yqaM	0.7395
yqaO	0.6562
yqaQ	0.7359
dgkA	0.8503
bex	0.8634
glyQ	0.771
yqzB	0.8243
yqxD	0.9631
sigA	0.7745
yqaS	0.0
yqbA	0.0
yqbC	0.0
yqbE	0.9912
yqbG	0.8654
yqbI	0.8288
yqfN	1.14
yqfP	1.22
yqfR	0.9252
yqfT	0.8591
yqfV	0.6872
yqfX	0.4514
yqaH	0.0
yqaJ	1.05
yqaL	0.0
yqaN	0.0
yqaP	0.9467
yqaR	0.0
cdd	1.18
yqxN	0.9819
glyS	0.8483
yqfL	1.16
dnaG	0.9593
cccA	0.9932
yqaT	0.8994
yqbB	0.8969
yqbD	0.7683
yqbF	0.8388
yqbH	0.9677
yqbJ	0.8101
yqfO	0.9213
yqfQ	0.831
yqfS	0.8322
yqfU	0.8227
yqfW	0.8657
yqfZ	0.8588
ysnD	0.498
ilvN	0.478
leuA	0.4552
leuC	0.0
ysoA	0.7552
clpX	1.36
yrrM	1.1
yrrO	1.35
greA	1.47
yrrS	1.31
yrrT	0.9443
yrhA	1.6
ysxD	0.7872
hemX	0.6618
hemD	0.5902
hemL	0.0
ysxE	0.0
yrhD	0.9715
yrhG	0.0
yrhH	0.0
yrhK	0.0
yrhM	0.0
yrhO	0.8858
ilvB	0.6825
ilvC	0.6488
leuB	0.6646
leuD	0.5127
tig	1.7
lonB	0.0
yrrN	1.64
udk	1.59
yrrR	0.0
yrzA	1.25
yrrU	0.9879
yrhB	0.9799
ysxC	0.9945
hemA	0.6863
hemC	0.5317
hemB	0.4373
spoVID	0.511
yrhF	1.01
yrzI	0.9508
yrhI	0.944
yrhL	0.9983
sigV	0.8551
levD	0.859
ytsC	0.8707
yttA	0.7598
ytvA	0.8213
leuS	0.8253
melA	0.5984
amyD	0.5987
ytmJ	0.8133
ytmL	0.8428
hisP	0.6405
ytnJ	0.8827
hipO	0.9165
ytqI	1.06
msmR	0.941
bioW	0.8193
bioF	0.7966
bioB	0.9047
ytbQ	0.7092
ytcQ	0.9765
ytsJ	0.9745
pfk	1.36
ytwI	0.9076
citC	1.04
phoP	0.0
yttB	1.29
ytvB	0.9883
ytwF	1.16
amyC	0.0
msmE	0.7247
ytmK	1.1
ytmM	1.38
ytnI	0.0
ribR	0.0
ytpI	0.9001
ytrI	0.8559
ytaP	0.6776
bioA	0.5811
bioD	0.8368
bioI	0.7982
ytcP	0.654
ytdP	1.04
yttI	1.31
ytvI	0.7149
citZ	0.7198
citH	0.8074
phoR	0.8513
mutM	0.7556
yunI	0.7306
yunG	0.7557
yunE	0.6008
yunC	0.789
yunA	0.657
yutC	0.6855
yugH	0.7126
yuzA	1.17
yugK	1.3
yugM	1.25
yugO	0.8986
yugS	0.9391
yutE	0.7884
yutG	0.6514
hom	0.4923
thrB	0.693
yutI	0.0
yutJ	1.07
yugU	0.8374
mcpB	0.8054
mcpA	0.7293
yuxG	1.12
yulC	0.0
yulE	1.14
yunH	0.9472
yunF	0.7979
yunD	1.02
yunB	0.9827
yutB	0.9093
yutD	1.36
yugI	1.27
yugJ	1.58
pgi	1.18
yugN	1.01
yugP	1.06
yugT	1.29
yutF	0.5772
yutH	0.7066
thrC	0.4107
yuxL	0.0
yuzD	0.684
yuzB	1.55
tgl	0.8175
tlpA	0.8119
tlpB	0.9909
yulB	0.8028
yulD	0.8497
yulF	0.5983
yvdO	0.8816
yvdQ	0.55
yveA	0.7095
racX	0.524
yveG	0.6741
slr	0.4843
yvgO	1.01
yvgM	0.9026
yvgK	0.9173
yvsG	1.26
fhuD	1.05
fhuG	0.8609
yveN	0.6303
yveP	0.5799
yveR	0.473
yveT	0.4632
yvfB	0.3924
yvfF	0.7545
yvrP	1.37
yvrN	1.06
yvrL	0.8237
yvrI	0.927
yvrG	1.32
yvrD	0.8533
yvdP	0.8985
yvdT	1.04
pbpE	0.8586
yveF	0.7357
padC	0.0
yveL	0.7502
yvgN	1.04
yvgL	0.9652
yvgJ	1.3
yvsH	1.29
fhuB	0.8368
fhuC	1.23
yveO	0.4515
yveQ	0.4747
yveS	0.4268
yvfA	0.4293
yvfD	0.526
yvfG	1.03
yvrO	1.37
yvrM	0.6826
yvrK	0.9637
yvrH	0.9927
yvrE	0.5855
yvrC	0.7951
mta	0.0
ywnF	0.927
spoIIQ	0.7906
ywoA	0.9733
nrgA	0.9205
ywoC	0.8716
tuaF	0.7384
tuaH	0.7943
yvhJ	1.18
degS	0.9141
comFA	1.27
comFC	1.27
ywoE	1.26
ywoG	0.7518
usd	0.9227
mbl	0.8034
flhP	0.7118
ywpB	0.8518
flgM	1.09
flgK	1.09
yviE	0.8552
csrA	0.7028
yvyC	1.05
fliS	0.9942
ywnE	1.15
ywnH	1.42
ywnJ	0.9214
nrgB	1.09
ywoB	1.03
ywoD	0.0
tuaG	1.03
tagO	0.914
yvyE	1.87
yviA	1.15
comFB	1.06
yvyF	1.18
ywoF	1.03
ywoH	0.8601
spoIIID	0.6965
flhO	0.6833
rapD	0.749
ywpC	1.01
yvyG	1.02
flgL	1.03
yviF	0.6964
hag	0.9003
fliD	0.8559
fliT	0.8334
katX	0.0
yxzF	0.0
licB	0.801
licA	0.659
ywaA	0.5821
dltD	0.5082
ywfN	1.02
ywfO	1.51
ywgB	0.9447
thrZ	0.5783
ywhB	0.7713
ywhD	0.944
dltB	1.25
ywaB	1.09
ywaD	0.8503
ywaE	0.7297
gspA	0.3475
sacX	1.28
ywhF	2.69
ywhH	0.9044
rapF	1.17
ywhL	0.0
ywhN	0.9377
ywhP	0.7855
yxlJ	1.1
licR	1.1
licC	0.782
licH	0.8955
dltE	0.7389
dltC	0.8183
ywzC	1.2
ywgA	1.08
mmr	0.9898
ywhA	0.5106
ywhC	0.8435
ywhE	0.7374
dltA	0.8356
ywaC	0.605
tyrZ	0.8691
ywaF	1.09
sacY	0.9648
epr	0.8712
ywhG	2.28
phrF	0.5571
ywhK	1.11
ywhM	0.6647
ywhO	0.6833
ywhQ	1.02
yybK	0.6977
yybM	0.6216
yybO	0.5287
yybQ	0.5854
cotF	0.6483
yybT	1.1
yxdM	0.0
yxeB	0.9844
yxeD	0.0
yxeG	1.94
yxeI	0.8457
yxeK	0.9238
yycA	0.0
yycC	0.9628
yycD	1.61
yycE	0.8119
yycF	0.9427
yycH	0.8398
yxeM	0.9369
yxeO	0.9561
yxeQ	0.928
yxxB	0.7037
nupC	0.8084
hutM	1.24
yybL	0.0
yybN	0.8825
yybP	0.9847
yybR	1.31
yybS	1.05
rplI	1.01
yxeA	0.0
yxeC	1.54
yxeE	0.9079
yxeH	0.9836
yxeJ	0.0
yxeL	1.04
yycB	0.9169
yyzB	0.7327
dnaC	0.7682
purA	0.5687
yycG	0.6412
yycI	1.11
yxeN	0.9058
yxeP	0.7963
yxeR	0.8181
deoR	0.8712
pdp	0.5409
hutG	0.8248
lysS	0.6056
mfd	0.4681
gyrA	0.7133
lytA	0.9667
yvlD	0.4885
yukF	0.7958
rsbV	0.0
ydbO	0.0
ycsG	0.0
phrC	1.32
lmrB	1.28
pcp	1.14
ytfJ	0.0
ytzA	0.9113
yraA	0.0
yqfY	0.7998
yonJ	0.6325
yodB	0.5589
ycbM	0.0
ybfS	1.04
ybfQ	0.0
ybeC	0.0
ybdG	1.12
ybbA	0.0
ftsH	0.0
yabK	0.8413
ywjF	0.9596
ywlC	0.9872
yveK	0.583
glgP	0.0
ydcA	0.9489
ycnB	0.9424
yceH	0.5843
ycbU	0.97
ycbR	0.9435
accA	0.8828
yrhP	0.7513
yqbO	0.0
ypqA	0.6325
yosW	0.0
ppsD	0.702
ycbC	0.0
gltP	0.0
mpr	0.8847
ybdN	0.9205
ybdB	0.0
yabE	2.23
yaaG	1.24
yisD	0.0
yhjP	0.0
yhfR	0.7344
yheH	0.7081
yfhQ	0.7627
ydcI	0.8937
dnaN	1.16
srfAB	0.5831
opuAA	1.33
ybdO	0.9216
yabN	0.9821
asnH	0.0
ywbN	0.7799
yaaF	1.11
addB	0.8953
yhjB	0.8872
yheC	0.0
yheL	0.769
yesN	0.867
yclF	0.6233
dnaA	1.47
amhX	0.6654
ycbT	0.8634
feuC	0.7882
gidA	0.8806
yxnB	0.5837
spsF	0.576
