ybeF	0.653
glpQ	0.866
ybdT	2.83
ybxH	0.7385
ybdM	2.14
ybdK	1.05
ybxF	1.12
rplJ	0.7448
rplK	1.23
rpmG	1.21
yacP	0.502
rplL	1.02
ybdE	1.03
ybcT	0.8588
ybcQ	0.7071
ybcO	0.3704
ybcL	0.0
ybcH	0.5346
cysE	0.7134
yacN	1.61
yacL	1.34
sms	0.8879
yacH	1.99
glpT	0.7264
ybyB	4.64
ybxI	0.7553
csgA	0.0
ybdL	0.7736
ybdJ	1.52
ybxB	5.52
rplA	1.89
nusG	2.03
sigH	1.21
yacO	0.4718
ybdA	0.7831
ybcS	0.6313
ybcP	0.8937
ybcM	3.38
ybcI	0.4769
ybcF	0.5625
gltX	1.15
yacM	1.66
yacK	0.7495
yacI	2.06
ctsR	2.89
ydbB	0.4745
ydbA	0.6639
ydaS	5.34
ydaQ	1.71
mutT	2.02
ydaN	2.85
yciB	0.2396
nasA	0.9308
nasD	0.9799
nasF	0.8861
ycgS	0.9903
ycgQ	1.58
ydaL	0.0
ydaJ	0.0
lrpC	0.5582
ydaH	0.0
ydaF	0.4524
ydaD	0.0
ycgO	1.04
ycgM	0.3694
cah	0.5828
ycgJ	0.6892
tmrB	1.13
ycgH	0.9072
gsiB	0.0
ydaT	1.72
ydaR	0.7248
ydaP	0.0
ydaO	2.12
ydaM	0.0
yciA	0.2202
nasC	1.35
nasE	0.5511
ycgT	1.45
ycgR	1.59
ycgP	1.47
ydaK	2.13
ydzA	0.5529
ydaG	3.34
ydaE	3.99
ydaC	0.8792
ycgN	0.8477
ycgL	0.8115
ycgK	0.7669
aroI	1.12
nadE	0.8234
ycgG	1.28
purL	0.1906
purC	0.1933
purK	0.5051
yebG	1.66
yebE	2.13
yebC	2.77
ydfK	1.0
ydfJ	0.9032
ydfH	1.09
ydfF	1.03
ydfD	2.52
ydfB	0.862
guaA	0.8549
yeaD	0.6665
yeaB	0.7843
yeaA	0.1965
ydjO	0.6288
ydjM	3.34
ydeT	1.25
ydeR	1.49
ydeP	1.34
ydzF	0.8673
ydeM	0.6141
ydeK	0.8141
yexA	0.2729
purB	0.285
purE	0.5297
yebF	0.8313
yebD	0.7094
yebB	0.9244
nap	0.9438
ydfI	0.8177
ydfG	0.9307
ydfE	1.62
ydfC	0.7556
ydfA	1.54
yebA	0.0
yeaC	0.5358
gabP	0.5986
ydjP	0.275
ydjN	3.25
ydjL	0.2964
ydeS	0.8361
ydeQ	0.9093
ydeO	0.5528
ydeN	0.8871
ydeL	0.8204
ydeJ	0.7081
yfhS	1.71
yfhO	8.35
yfhM	3.34
yfhK	8.73
yfhI	7.66
yfhG	0.8164
yflS	1.41
yflT	4.45
yfmC	1.24
yfmE	1.75
yfmG	0.9177
yfmI	1.18
yfhE	1.19
yfhC	0.8401
yfhA	0.8985
yfiY	1.14
yfiV	0.616
yfiT	0.5372
yfmK	1.5
yfmM	0.0
yfmO	1.26
yfmQ	1.32
yfmS	0.9429
yfnA	0.0
yfhP	0.0
csbB	6.39
yfhL	1.99
yfhJ	1.67
yfhH	1.56
yfhF	1.22
pel	1.84
yfmA	0.0
yfmD	2.82
yfmF	1.95
yfmH	0.7632
yfmJ	0.7312
yfhD	0.9828
yfhB	0.3289
yfiZ	0.9816
yfiW	1.25
yfiU	0.7073
yfiS	0.8166
yfmL	1.83
yfmN	1.71
yfmP	1.88
yfmR	1.6
yfmT	0.0
yfnD	1.04
yisK	0.9212
yisI	1.49
yisG	0.9125
yisE	0.819
yisB	0.6071
addA	0.0
yhdY	1.07
yhdW	0.9648
yhdU	0.8195
yhdS	0.4654
yhdQ	0.7933
yhdO	0.5355
yhjQ	1.03
yhjM	2.01
yhjK	0.8659
yhjI	0.9463
yhjG	0.81
yhjE	0.8493
yhdL	1.6
yhdJ	0.5405
yhdH	0.9378
yhdF	1.45
citR	0.7338
phoA	1.01
yisJ	1.31
yisH	0.0
yisF	1.11
yisC	0.8527
sbcD	0.781
yhjR	0.0
yhdX	0.8448
yhdV	0.9711
yhdT	0.6707
yhdR	0.638
yhdP	0.8416
yhdM	1.19
yhjO	0.995
yhjL	4.44
yhjJ	0.764
yhjH	0.6315
sipV	0.4722
yhjD	1.09
yhdK	1.3
yhdI	0.9097
yhdG	0.0
citA	1.35
lytE	0.8594
spoVR	1.13
xkdU	0.5469
xkdS	0.431
xkdQ	0.8593
xkdN	0.0
xkdK	0.3649
xkdI	0.889
yjbX	0.7649
yjbV	0.4312
yjbT	0.3947
yjbR	0.3722
tenA	0.3375
yjbP	0.0
xkdG	0.2856
xkdE	0.699
xpf	0.0
xkdD	0.312
xkdB	0.7247
xkdA	2.45
yjbN	0.6231
yjbL	0.6048
yjbJ	0.7645
yjbH	0.9963
yjbF	0.6507
yjbE	1.47
xkdT	0.0
xkdR	0.0
xkdP	0.6553
xkdM	0.3628
xkdJ	0.4559
xkdH	0.4173
yjbW	0.5538
yjbU	0.3842
yjbS	0.3566
tenI	0.3281
yjbQ	1.37
yjbO	1.12
xkdF	0.3542
xtmA	0.5071
xtrA	0.5618
xkdC	0.5789
xre	0.621
yjqC	1.22
yjbM	0.5453
yjbK	0.6234
yjbI	0.9053
yjbG	0.8322
mecA	1.69
yjbD	0.7477
ylaM	1.27
ylaK	2.59
ylaH	0.7712
ylaF	0.3394
ylaD	0.0
ylaB	0.9646
ykvM	0.7979
ykvK	1.27
ykvI	0.6373
motA	0.6251
ykvE	3.18
eag	0.9401
nprE	1.2
ykzC	1.27
ykzI	1.41
yktA	0.382
slp	0.5358
pdhC	0.5425
ykvA	0.4993
ykrY	0.1899
ykrW	0.2744
ykrU	0.2818
ykrS	0.285
ykrQ	1.11
ylaL	0.4308
ylaJ	1.38
ylaG	1.62
ylaE	1.17
ylaC	0.9506
ylaA	0.0
ykvL	1.06
ykvJ	0.9021
clpE	0.5802
motB	0.7136
ykvD	0.0
spo0E	0.7855
yktD	1.19
yktC	1.37
yktB	0.71
cad	1.88
pdhD	0.4797
pdhB	0.5195
ykrZ	0.1228
ykrX	0.2142
ykrV	0.4892
ykrT	0.3363
dat	1.24
ykrM	1.45
ymfM	0.8202
ymfK	0.8711
ymfI	1.96
ymfF	0.6494
ymfD	1.22
spoIIIE	1.03
yloW	1.06
yloU	0.6473
spoVM	0.0
yloR	1.15
ymfA	0.6167
dapG	0.8028
spoVFB	0.8948
ymxH	2.21
ylxY	1.2
ribC	1.17
fmt	1.42
priA	0.0
yloH	0.6958
yloC	0.7034
ylnF	0.2241
ylnD	0.2029
ymfL	0.6576
ymfJ	1.86
ymfH	0.7005
ymfE	1.99
ymfC	0.8351
ymfB	0.0
yloV	0.6079
rpmB	0.8898
yloS	1.73
yloQ	1.23
yloO	0.0
yloM	1.19
dapA	0.6765
asd	0.2767
spoVFA	0.6869
ymxG	1.95
rpsO	0.6865
truB	1.1
def	1.44
yloI	1.97
yloD	0.8012
yloA	0.9423
ylnE	0.2463
ylnC	0.1818
yobK	0.7041
yobI	0.0
yozL	2.97
yobH	2.19
rapK	1.09
yobF	0.9869
yneI	1.19
ynzD	1.11
yneE	1.16
ynzC	1.03
yneA	1.44
yndN	0.96
yozI	1.63
yobD	1.51
pps	0.0
yobA	0.0
yoaZ	0.0
yoaV	2.61
yndL	0.8992
yndJ	0.7826
yndG	0.8457
yndD	0.6952
yndB	0.574
ynzA	0.8612
yobJ	0.3516
yozM	0.8165
yozK	1.44
phrK	0.8178
yozJ	0.9791
yobE	1.29
ccdA	1.65
yneF	2.56
tkt	0.5609
yneB	1.13
lexA	0.846
yndM	0.9488
yozH	1.18
xynA	0.7277
yobB	13.92
penP	15.21
yoaW	10.74
yoaU	1.5
yndK	0.9162
yndH	1.44
yndE	0.9088
ynzB	0.6485
yndA	0.9083
cotC	0.7224
yonR	1.94
yonT	0.0
yonV	0.9672
yopA	0.909
yopC	0.5537
yopE	1.03
yosR	0.848
yosT	0.7224
yosV	0.804
yosZ	0.6534
yotB	0.0
yotD	0.6437
yopG	1.02
yopI	1.7
yopK	0.5853
yopM	0.8893
yopO	1.15
yopQ	1.26
yotF	0.0
yotH	0.8878
yotJ	0.925
yotL	1.04
yotN	0.8888
yodV	0.7671
yonS	1.2
yonU	0.5532
yonX	1.05
yopB	0.6727
yopD	0.7026
yopF	0.9984
yosS	0.8249
yosU	0.8689
yosX	0.6587
sspC	0.8517
yotC	0.6844
yotE	0.0
yopH	1.53
yopJ	1.46
yopL	0.5044
yopN	1.03
yopP	1.37
yopR	1.17
yotG	0.9986
yotI	0.8408
yotK	0.8528
yotM	0.0
yodU	0.7278
cgeA	0.7354
fer	0.0
recQ	1.26
ypbE	1.26
ypbH	0.8792
ypdA	2.12
sleB	0.8643
ypcP	0.8949
ypdP	0.0
ypeQ	2.14
degR	1.96
ypfP	0.8374
bsaA	0.7013
ypfA	0.4757
cmk	1.07
ypgA	1.11
yphB	1.96
gpsA	1.53
yphF	0.8238
ypgR	0.5342
yphP	0.6164
ypjP	0.3894
thyB	1.8
ypkP	1.66
yplP	0.1507
ypbB	0.6559
ypbD	1.03
ypbF	1.42
ypcA	0.9993
ypdC	0.7257
ypeB	0.6465
ypdQ	1.13
ypeP	1.9
ypzA	1.57
cspD	0.4162
metB	0.5547
ypgQ	0.5708
ypfB	0.6432
ypfD	0.8584
yphA	1.52
yphC	1.42
yphE	0.6568
spoIVA	0.7046
ilvD	0.02197
ypiP	1.77
ypjQ	0.5432
dfrA	1.63
yplQ	0.2177
ilvA	0.2575
yqgA	0.5603
yqgC	0.622
yqgE	0.9276
yqgG	1.7
yqgI	2.84
yqgK	1.39
bfmBAB	1.08
bmrR	0.9242
yqiW	0.362
yqiY	0.09007
yqjA	0.8566
yqjC	0.9124
yqgL	1.1
yqgN	2.91
yqgP	0.5598
glcK	0.6687
yqgU	1.41
yqgW	1.09
yqjE	1.11
yqjG	0.4977
yqjI	0.643
yqjK	0.8171
yqjM	3.88
yqjO	1.28
yqgB	0.5521
sodA	1.09
pbpA	0.0
yqgH	0.0
yqgJ	2.16
yqzD	1.19
bfmBB	1.03
bmr	1.59
yqiX	0.04294
yqiZ	0.06416
yqjB	0.8551
yqjD	0.7811
yqgM	0.7883
yqgO	1.9
yqgQ	0.5657
yqgT	2.01
yqgV	1.33
yqgX	0.745
yqjF	1.95
yqjH	0.7803
yqjJ	0.6404
yqjL	2.7
yqjN	1.9
yqjP	1.71
levE	0.4387
levG	0.9071
adhA	0.8183
yraC	0.7994
yraE	0.8581
yraF	0.0
yqbK	0.7731
yqbM	1.42
yqbN	0.0
yqbQ	0.939
yqbS	0.6847
yqcA	0.6123
yraH	0.6293
yraJ	0.3637
yraL	0.7178
yraM	0.4725
yraO	0.4207
sigZ	0.8665
yqcD	0.6567
yqxG	0.9941
yqxI	0.3749
yqcF	0.6456
yqzI	1.1
rapE	0.434
levF	0.5011
sacC	0.5348
yraB	0.7769
yraD	0.785
adhB	1.27
yraG	0.7736
yqbL	1.02
yqdB	0.9128
yqbP	0.0
yqbR	0.0
yqbT	0.7355
yqcB	0.0
yraI	0.3939
yraK	1.85
csn	0.5281
yraN	0.3468
yrpG	1.36
yrpE	1.95
yqcE	0.6932
cwlA	0.8175
yqxJ	0.4941
yqcG	0.7868
phrE	0.5099
yqcI	0.9364
ytaF	0.9237
ytbE	1.24
ytcD	1.54
ytcF	3.36
dnaB	1.2
ytxB	1.07
folC	0.3661
spoIIB	1.07
ysxA	1.47
mreC	1.76
minC	1.38
spoIVFA	2.23
thrS	0.3932
lytS	0.7177
ysbA	0.9904
yscB	1.76
infC	1.29
rplT	1.38
rplU	1.09
spo0B	1.0
p`eB	0.7271
pheB	0.8005
yrxA	0.9959
nadB	0.518
nadA	0.0
ytaG	0.8503
ytbD	0.9001
gapB	1.17
ytcG	2.09
dnaI	1.03
ytxC	1.12
comC	0.5633
maf	1.32
mreB	1.93
mreD	1.39
minD	1.33
spoIVFB	1.59
ysaA	0.7922
lytT	0.6631
ysbB	1.31
yscA	1.81
rpmI	1.21
ysdA	0.8814
ysxB	0.9982
obg	1.08
pheA	0.9111
nifS	0.9283
nadC	0.1686
yrbA	0.2012
yubA	1.22
yubC	1.77
yubE	2.3
yubG	3.95
yuaB	0.9139
gbsA	0.8386
yteP	0.6126
yteR	0.9823
yteT	0.764
yteV	0.8381
ytfP	0.9751
ytzG	1.06
yuaD	0.7585
yuaG	0.1489
yuaJ	0.4709
glgD	1.61
ytaB	2.56
ytxN	0.8379
ytzE	0.926
ythQ	0.5472
ytjP	0.7737
ytlP	1.04
ytlR	1.27
ytmP	1.7
yubB	1.24
yubD	2.07
yubF	1.88
yuaA	3.83
yuaC	1.42
gbsB	0.0
yteQ	0.7118
yteS	0.787
yteU	0.9707
opuD	1.49
ytgP	1.68
ytzF	1.19
yuaF	0.07182
yuaI	0.1133
glgB	1.86
glgA	0.9106
ytaA	0.8641
cotS	1.25
ythP	0.5845
ytiP	2.61
ytkP	1.03
ytlQ	1.43
amyX	2.5
ytzH	1.32
yvrB	1.5
yvqK	1.04
yvqI	0.0
yvqG	0.6941
yvqE	0.7474
gerAC	1.24
yutL	0.6253
paiA	0.9373
yumD	1.91
yumC	0.7986
yuiA	0.1108
yuiC	0.2415
gerAA	2.14
yuxN	1.13
yvqA	1.62
yvtB	1.19
yusZ	2.17
yusW	0.6773
yuiE	0.481
yuiG	0.1585
yuiI	1.43
dhbC	0.9881
dhbB	0.8697
yukL	0.4777
yvrA	0.9729
yvqJ	0.8135
yvqH	0.5077
yvqF	0.6823
yvqC	0.0
gerAB	0.9795
yutM	0.8217
paiB	0.8966
yuzG	0.8218
yumB	2.11
yuiB	0.1016
yuiD	0.7777
citG	1.07
yvqB	1.36
yvtA	1.31
mrgA	3.79
yusX	0.2297
yusV	0.7451
yuiF	4.12
yuiH	1.47
dhbA	0.0
dhbE	0.8311
yukM	0.8591
yukJ	0.5211
yvyD	0.6448
cccB	0.638
ftsX	2.26
yvzD	1.12
yvkA	0.0
yvkC	0.0
yvfH	0.0
lacR	0.0
yvfM	1.07
yvfO	0.0
yvfS	0.8144
yvfU	0.7126
uvrB	0.5431
yvzB	0.8262
yvlA	0.3152
yvlC	0.5904
yvmB	1.03
cypX	1.23
yvfW	0.3814
yvbX	1.63
yvbV	0.5537
yvbT	0.9205
araE	0.1975
gap	0.08408
yvjA	1.17
ftsE	1.89
yvjB	1.63
yvjD	1.07
yvkB	1.16
csbA	1.42
yvfI	0.0
yvfL	1.07
lacA	0.8355
yvfR	0.5766
yvfT	0.3609
yvfV	0.3262
uvrA	0.5293
yvkN	0.6989
yvlB	0.4292
yvmA	1.1
yvmC	0.9047
yvnA	1.32
yvbY	0.4129
yvbW	0.0
yvbU	0.69
araR	0.0
yvbQ	0.1032
pgk	0.1593
ywhR	0.9403
sbo	0.496
argS	0.9573
fnr	0.2513
ywiD	1.1
narH	0.8856
ywpD	1.37
ywpF	0.853
ywpH	0.4039
ywqB	2.28
ywqD	0.7322
ywqF	1.57
narI	1.2
ywjA	2.59
ywjC	9.94
ywjE	0.0
rpoE	2.17
ywjG	3.77
ywqH	1.35
ywqJ	1.59
ywqL	0.911
ywqN	0.7426
ywrA	0.6753
ywrC	0.5691
ywiA	0.9315
ywiB	0.6445
narK	0.9596
ywiC	0.7944
narG	0.0
narJ	0.9362
ywpE	2.14
ywpG	1.32
ywpJ	0.0
ywqC	1.22
ywqE	1.55
ywqG	1.1
ywiE	2.18
ywjB	2.28
ywjD	1.58
acdA	0.9759
ctrA	1.81
spo0F	0.6879
ywqI	1.03
ywqK	1.19
ywqM	0.9332
ywqO	0.8332
ywrB	0.7272
ywrD	0.5125
hutI	0.9181
hutP	0.2572
yxiB	0.5953
yxiD	1.16
yxxE	0.597
bglH	0.9451
ywbA	1.22
ywbC	0.6197
ywbE	1.25
ywbG	0.8296
ywbI	0.5156
thiC	0.5563
yxxF	0.6501
yxiF	0.2069
yxiG	0.3167
yxzG	0.2535
yxiJ	0.3031
yxiL	0.2891
ywbO	0.8896
ywcB	0.7628
ywcD	0.4459
ywzA	2.44
qoxB	0.6221
qoxD	0.6107
hutU	0.6863
yxiA	0.295
yxiC	1.02
yxxD	0.5931
bglP	1.09
yxiE	0.5385
ywbB	0.9396
ywbD	0.5208
ywbF	2.7
ywbH	0.2502
thiK	0.6587
ywbM	0.7268
yxxG	0.0
yxzC	0.2056
yxiH	0.2634
yxiI	0.3116
yxiK	0.3096
yxiM	0.5481
ywcA	0.9517
ywcC	0.5312
galT	0.0
qoxA	0.538
qoxC	0.5546
ywcE	0.7865
ytrP	0.7932
yprA	1.16
yloN	0.9843
yerG	1.09
wprA	0.2652
yycJ	2.18
rocR	1.49
rocE	1.42
phrG	0.7824
yycN	0.7918
yycP	0.9522
topB	0.7285
polA	0.7227
mmgA	1.05
ileS	0.5635
dinG	0.9958
carB	0.138
yycR	1.37
yydA	0.4949
yydC	0.7194
fbp	1.04
yydG	0.9977
yydI	1.15
ytsD	0.7889
yrvE	1.71
yloP	1.04
ykuA	0.5186
ydhL	1.13
valS	0.4197
yyxA	2.25
rocD	1.07
rocF	1.1
rapG	0.5919
yycO	0.8785
yycQ	1.07
smc	2.11
murD	1.05
lonA	1.21
hrcA	0.9693
cheA	1.63
alaS	1.13
yycS	0.8591
yydB	0.4957
yydD	0.6269
yydF	0.4692
yydH	1.22
yydJ	1.08
yveM	0.5168
yutK	6.9
yueB	1.45
yufK	1.59
ytpQ	1.03
ytmO	0.8435
yndF	0.9248
pksL	0.0
mcpC	0.633
yisZ	1.06
ydbH	0.9211
ybxG	0.4352
ysdB	1.15
yrhE	2.24
yqcC	0.9229
ponA	1.16
yomI	1.08
cgeC	0.5824
wapA	0.5512
ppsA	1.07
pksM	0.5229
yetO	0.9383
rpoC	3.24
dra	0.0
yvfQ	0.4825
yukA	2.64
yuxO	0.7538
glgC	1.46
yttP	0.4733
pykA	1.89
pksP	0.6937
pksK	0.478
oppD	0.5969
srfAA	0.6344
yccK	1.47
secE	2.97
rpmA	0.8792
yrpC	1.61
yqgS	1.14
ypbR	0.7757
yorL	0.8209
odhA	0.4027
dhbF	0.6096
pksR	0.5545
yfkN	0.715
gutR	0.7979
yxeF	0.0
galK	0.0
rbcL	0.727
aceF	0.0
kdtA	0.0
tufA_E	0.5556
yazC	0.5311
yrhC	0.6207
yerC	0.6576
yshA	0.866
yoqX	0.8574
yacF	1.53
yhcD	0.0
yetG	0.7823
ywnG	1.14
ywqA	1.93
degU	0.8956
yvnB	0.0
cysS	0.5444
yqjU	0.7405
ylaI	0.842
yuaE	0.4398
yqaD	0.6936
yozD	0.0
yazB	1.08
yfnB	0.7133
ywmD	0.8877
glcR	0.7601
ggaB	2.93
prfB	1.05
yvoD	0.6179
ybcD	0.7849
ndhF	0.4073
adaA	3.96
ybbU	1.83
ybbT	1.01
ybbP	1.28
folK	1.04
sul	0.808
pabA	0.5497
cysK	0.9172
yacC	2.18
sigW	0.2952
ybbJ	0.8266
ybbH	0.8062
ybbE	1.14
ybbC	1.2
feuA	0.7189
yabT	4.6
yabR	1.32
yabQ	1.56
yabO	1.56
spoVT	2.0
ybcC	0.4011
adaB	2.36
alkA	1.17
glmS	6.18
ybbR	1.02
ybbM	0.399
folA	0.7833
pabC	0.9307
pabB	0.5972
yacD	1.57
yacB	3.43
ybbK	0.0
ybbI	0.0
ybbF	1.47
ybbD	1.1
ybbB	1.28
feuB	1.32
yabS	6.58
divIC	1.4
yabP	1.66
yabM	2.43
spoVC	1.6
ydaB	1.31
ycsN	0.654
yczI	0.7561
ycsO	0.218
ycsI	0.3279
ycsE	1.02
ycgF	0.0
mdr	1.87
lctE	0.01305
ycgB	1.21
opuAC	3.86
yceK	1.53
yczH	1.07
ycsA	0.7941
mtlA	0.6052
ycnK	0.2181
ycnI	0.2547
ycxE	0.6999
yceI	1.05
yceF	0.4477
yceD	0.3321
yceB	1.4
ycdI	7.38
ycdG	6.91
ydaA	0.9074
yczJ	0.6593
ycsK	0.4184
ycsJ	0.3284
ycsF	0.0
ycsD	0.0
ycgE	0.6867
lctP	0.009363
amyE	0.7938
ycgA	0.6031
opuAB	5.03
yceJ	1.72
sipU	1.42
mtlD	0.5901
ycnL	0.5886
ycnJ	0.2489
gdh	0.9078
ycnH	1.14
yceG	0.5227
yceE	0.3694
yceC	0.3115
yceA	5.97
ycdH	1.72
ycdF	11.67
ydjJ	1.37
ydjH	0.6084
ydjF	0.3779
gutB	0.5827
ydjB	1.4
ydiR	0.4918
ydeI	1.05
ydeG	0.6354
ydeE	0.6981
ydeC	0.9413
ydeB	2.16
ydeA	2.54
ydiP	1.39
ydiN	0.4578
groEL	0.3947
ydiL	0.5768
ydiJ	0.5699
ydiH	0.6479
yddS	1.17
yddQ	1.05
lrpA	1.07
phrI	0.8865
yddJ	1.63
yddH	0.9532
ydjI	0.7315
ydjG	0.4207
ydjE	0.3756
ydjC	0.0
ydiS	0.0
ydiQ	0.7376
ydeH	0.8303
ydeF	0.8027
ydeD	1.05
ydzE	0.8453
cspC	0.4001
yddT	3.73
ydiO	1.26
ydiM	0.4428
groES	0.3589
ydiK	0.5771
ydiI	0.4288
ydiG	0.6395
yddR	0.9875
lrpB	1.11
yddM	1.28
rapI	1.46
yddI	0.8732
yddG	0.0
yfiR	0.5548
lipB	1.36
yfiN	1.08
yfiL	0.7912
yfiJ	1.03
yfiH	0.7592
yfnE	1.53
yfnG	1.08
yfnI	2.47
yetL	0.8344
yetJ	1.03
yezB	0.6355
yfiF	0.0
yfiD	0.6618
glvC	0.6441
glvA	0.5825
yfjB	0.5718
yfjD	0.2851
yetH	0.5242
lplD	0.8426
lplB	0.7661
yetA	0.0
yesX	0.826
yesV	1.0
yfiQ	0.7188
yfiO	0.6116
yfiM	0.9286
yfiK	0.0
yfiI	0.0
yfiG	4.26
yfnF	1.21
yfnH	0.9833
yetN	1.4
yetK	0.7751
yezD	0.7522
yetI	0.7155
yfiE	0.866
yfiC	0.7916
yfiA	0.8201
yfjA	0.6682
yfjC	0.2594
yfjE	0.4068
yetF	1.33
lplC	0.4077
lplA	0.7543
yesZ	1.09
yesW	0.8393
yesU	0.7864
yhjC	0.4878
yhxD	2.17
yhzC	0.5484
yhfW	0.7854
yhfU	1.22
yhfS	0.1686
ygxB	10.84
yhdD	2.6
yhdB	1.03
yhcZ	0.6549
yhxB	1.13
glpK	7.85
yhfO	1.11
yhfN	0.0
yhfL	0.588
yhfJ	0.9151
yhfH	0.6548
yhfF	0.3431
glpP	0.7044
yhcX	1.86
yhcV	0.8634
yhcT	0.6487
yhcR	1.17
yhcP	0.4323
yhjA	0.8876
comK	0.6954
yhxC	1.2
yhfV	1.04
yhfT	0.0
yhfP	1.03
yhdE	0.6014
yhdC	0.9303
yhdA	0.7686
yhcY	0.7693
glpD	0.9735
glpF	1.38
aprE	0.7346
yhfM	1.24
yhfK	0.8503
yhfI	0.9276
gltT	0.7057
yhfE	0.5145
yhxA	1.05
yhcW	1.8
yhcU	1.47
yhcS	0.985
yhcQ	0.9933
yhcO	0.7951
yjqB	1.39
xlyB	0.9252
phrA	0.3101
yjoB	0.4563
yjnA	0.5499
yjmI	0.6062
yjbC	0.7344
oppF	0.5074
oppB	0.5913
trpS	0.5911
appC	0.2564
appA	0.1454
yjmG	0.6374
yjmE	0.9428
yjmC	0.6534
yjmA	0.5347
yjlC	0.4635
yjlA	0.5449
appD	0.4086
yjaY	1.52
yjzA	1.45
yjaV	0.6738
yjzD	0.5909
argF	0.04026
yjqA	0.6566
yjpA	0.5921
rapA	0.3405
yjoA	0.0
yjmJ	0.0
yjmH	0.5199
yjbB	1.14
oppC	0.5074
oppA	0.3697
yjbA	0.8067
appB	0.2309
appF	0.4105
yjmF	0.3859
yjmD	0.2683
yjmB	0.6155
yjlD	0.6746
yjlB	2.01
yjkB	0.686
yjaZ	1.4
yjzB	1.36
med	1.42
yjaU	1.25
yjzC	0.6905
pdhA	0.5637
ykrB	0.4554
ykzG	0.4921
adeC	2.27
ykqA	0.5566
abh	0.5165
ykrL	1.13
sspD	3.14
ykoZ	1.14
ykoV	1.37
ykoT	0.8252
ykoQ	1.78
ykpC	0.6371
ykpB	0.3687
ykoA	0.6439
fruA	0.5918
yknZ	0.5112
yknX	0.311
ykoN	0.381
ykoL	0.3579
tnrA	6.63
ykzD	0.4496
ykoI	0.5566
ykoG	0.1766
ykyA	0.8794
ykrA	0.4532
ykqC	0.5292
ykqB	0.0
kinC	0.0
mreBH	0.671
ykrK	0.7553
ykrI	1.07
ykoX	1.14
ykoU	1.44
ykoS	1.44
ykoP	1.93
ampS	0.4587
ykpA	0.5786
sipT	0.645
fruR	0.6167
yknY	0.3173
yknW	0.2451
ykoM	0.2566
ykzB	1.47
ykoK	5.22
ykoJ	0.6501
ykoH	0.1868
ykoF	0.1528
rbfA	1.53
infB	0.0
ylxR	0.8315
ylxS	0.954
yluC	1.01
cdsA	1.28
ylnB	0.1987
cysH	0.2284
pyrF	0.04167
pyrDII	0.01288
pyrC	0.04262
pyrP	0.1303
frr	1.0
tsf	0.6654
ylxL	1.84
cheD	1.79
cheW	1.74
cheB	1.65
ylyB	3.2
ylyA	0.8575
divIVA	1.03
ylmG	1.03
ylmE	1.05
ylmC	0.3612
ylxP	1.11
ylxQ	0.6779
nusA	0.7255
proS	1.16
yluB	0.964
yluA	1.14
ylnA	0.2203
pyrE	0.02433
pyrD	0.02501
pyrAA	0.0
pyrB	0.1053
pyrR	0.4246
smbA	1.24
rpsB	0.6988
sigD	1.79
cheC	1.82
ylxH	1.79
lsp	2.0
ylmH	1.47
ylmF	1.14
ylmD	1.15
ylmB	0.3713
yoaT	2.13
yoaS	0.0
yozF	1.5
yoaP	1.33
yoaN	1.17
pelB	1.61
yncM	1.19
ynzH	0.9489
yncE	0.9434
yncC	1.18
xylB	0.8467
xylR	0.7149
yoaJ	1.01
yoaH	1.5
yoaF	0.1349
yoaD	0.1637
yoaB	0.09314
yoxB	3.85
ynaJ	0.4264
ynaG	0.7138
ynaE	0.5933
ynaC	0.6098
ynzG	0.7022
ynxB	0.922
yozG	0.7696
yoaR	1.44
yoaQ	0.9648
yoaO	0.0
yoaM	1.03
yoaK	0.706
thyA	0.9453
yncF	0.7994
yncD	0.7589
yncB	1.69
xylA	0.518
xynB	1.21
yoaI	1.14
yoaG	0.753
yoaE	0.3016
yoaC	0.1096
yoaA	3.49
yoxC	2.18
ynaI	0.8668
ynaF	0.7227
ynaD	0.7618
ynaB	0.6144
ynzF	0.5411
glnA	0.4601
yopS	0.906
yopU	0.8146
yopW	0.0
yopY	0.0
yoqA	0.8227
yoqC	0.7909
cgeD	0.8368
yodT	0.207
yodR	0.6575
yodP	1.47
yozE	0.9873
yodM	1.18
yoqE	0.6493
yoqG	0.6439
yoqI	0.0
yoqK	0.9445
yoqM	0.7866
yoqO	0.9851
deoD	1.58
yodI	0.972
ctpA	0.0
yodE	0.5731
yodC	2.31
yojA	0.555
yopT	0.6517
yopV	0.9002
yopX	0.0
yopZ	0.0
yoqB	0.9814
yoqD	0.9843
cgeE	0.9425
yodS	0.8464
argE	1.54
yodO	1.22
yodN	1.68
yodL	1.24
yoqF	0.7207
yoqH	0.6705
yoqJ	0.7644
yoqL	0.9639
yoqN	0.7229
yoqP	0.9445
yodJ	0.9057
yodH	1.42
yodF	0.1887
yodD	0.5983
yodA	1.58
yojB	0.8148
hbs	0.7112
mtrB	1.8
gerCB	1.96
ndk	1.16
aroF	0.3399
aroH	0.2593
ypmP	0.2542
ypmR	1.02
ypmT	0.9962
ypoP	0.3055
yppQ	0.6224
yokA	1.32
trpD	0.904
trpF	0.9006
trpA	0.4765
tyrA	0.5934
ypiA	1.36
ypiF	0.4515
yokC	1.07
yokE	2.03
yokG	0.3616
yokI	0.8598
yokK	0.6053
yolA	1.7
mtrA	1.85
gerCA	1.76
gerCC	1.54
cheR	0.4222
aroB	0.297
trpE	0.9936
ypmQ	0.5784
ypmS	1.15
ypnP	3.33
yppP	0.6651
ypqP	1.12
yokB	0.7044
trpC	0.8982
trpB	1.1
hisC	0.5788
aroE	0.53
ypiB	0.4741
qcrA	0.4327
yokD	0.6428
yokF	1.98
yokH	0.4634
yokJ	0.6881
yokL	0.7908
yolB	1.81
yqgY	2.16
yqhA	0.0
yqxL	0.0
comGB	0.2806
comGD	0.2125
comGF	0.2159
yqjQ	1.7
yqjS	0.8661
yqjV	1.04
yqjW	0.8557
yqjY	0.4206
yqkA	0.48
yqzE	0.2879
yqxM	0.2986
cotN	0.1063
sinI	0.6088
yqhH	0.8633
yqhJ	0.3503
yqkC	0.5624
yqkE	1.26
yqkG	0.8313
ansA	0.8204
yqkI	1.34
yqkK	0.8609
yqgZ	2.81
yqhB	3.73
comGA	0.2761
comGC	0.2209
comGE	0.0
comGG	0.1434
yqjR	1.14
yqjT	0.7205
yqzH	0.7529
yqjX	0.7696
yqjZ	0.5272
yqkB	0.4132
yqzG	0.6729
sipW	0.2285
sinR	0.9094
yqhG	0.476
yqhI	0.2783
yqhK	0.0
yqkD	1.57
yqkF	0.9846
ansR	0.9557
ansB	0.8262
yqkJ	1.18
spoIIM	1.02
yrpD	2.2
aadK	0.9908
yrdB	0.6054
yrdD	0.7836
yrdF	0.8389
azlC	0.7423
yqcJ	0.9295
yqcL	0.928
spoIVCA	1.3
nucB	1.35
yqeC	1.03
yqeE	0.8062
brnQ	0.6728
gltR	1.06
czcD	0.6664
yrdQ	0.8215
yrkA	0.6544
blt	1.29
yqeG	1.78
aroD	1.66
yqeJ	1.54
yqeL	1.41
comER	0.5455
comEB	0.6212
yrpB	0.8517
yrdA	0.7997
yrdC	0.7108
cypA	0.0
azlB	0.7747
azlD	0.6853
yqcK	0.735
yqcM	0.733
spoIVCB	1.12
yqeB	1.59
yqeD	0.8137
yqeF	1.16
yrdK	0.7172
yrdN	1.04
trkA	0.0
yrdR	1.18
bltD	0.9347
bltR	1.41
yqeH	2.1
yqeI	1.41
yqeK	1.57
yqeM	1.17
comEA	0.5896
comEC	0.8406
ysdC	0.4349
araA	0.7507
araD	0.9333
araM	0.7071
araP	1.14
abfA	1.31
yrbB	0.6855
yrbD	2.16
yrzG	0.8535
yrbE	0.7013
bofC	7.63
ruvB	2.29
ysfE	0.6255
ysfC	0.6062
ysfA	0.4959
pheS	0.2704
ysgB	0.9034
yshC	1.13
tgt	1.88
yrzE	1.49
spoVB	2.82
yrvB	0.5668
yrvC	1.45
abnA	0.9024
araB	0.7401
araL	0.0
araN	1.73
araQ	1.03
cstA	0.7775
yrbC	1.21
yrzH	0.8219
yrzF	0.7874
csbX	0.6201
ruvA	2.12
queA	2.25
ysfD	0.5284
ysfB	0.5517
ysgA	0.715
pheT	1.05
yshB	0.9217
yshD	0.0
yrbF	0.7421
yrbG	2.63
yrzD	0.3952
secF	0.6532
yrvD	2.26
apt	1.94
ytxO	0.0
ytcB	0.0
ytdA	0.8314
menF	2.89
ytxM	1.31
menE	1.41
ytmQ	0.0
malS	1.47
ytoP	1.39
ytpP	0.9811
ytpS	2.17
murC	1.33
ytgA	0.3212
ytgC	0.3705
ythB	1.49
ytiA	0.7325
ytjA	0.779
ytkA	1.3
ytxH	4.4
aroA	0.2768
ytxD	3.59
acuC	0.7794
acsA	0.6272
rpsD	0.7658
ytcC	1.2
ytcA	1.21
yteA	1.07
menD	1.42
menB	1.15
ytfD	1.29
ytnP	0.4301
ytzB	1.58
ytoQ	2.29
ytpR	0.8903
ytpT	2.12
ytxG	4.52
ytgB	0.3122
ytgD	0.3387
ythA	1.45
ytiB	0.7243
ytjB	0.6226
dps	3.35
ytxJ	5.97
ccpA	1.93
ytxE	2.12
acuA	0.6051
tyrS	0.5455
yusU	1.53
yusS	0.0
yusQ	1.37
yusO	2.25
yusM	0.8103
yusK	0.7365
yuxI	0.6805
yukE	0.9835
yukC	2.74
yueC	1.71
yueE	0.8298
yuzE	0.7858
yusI	0.7092
yusG	0.7676
yusE	1.27
yusC	1.66
yusA	0.8803
yurY	0.8604
yueG	0.9854
yueI	1.1
yueK	0.8131
yuzC	0.7969
comQ	0.5644
comP	0.4972
yusT	1.05
yusR	0.869
yusP	2.11
yusN	0.7867
yusL	0.0
yusJ	0.7651
ald	0.214
yukD	1.58
yukB	2.13
yueD	1.61
yuzF	0.692
yueF	1.11
yusH	0.5429
yusF	1.29
yusD	1.5
yusB	1.26
yurZ	1.11
yurX	0.8336
yueH	1.05
yueJ	0.6027
yuxH	0.6082
degQ	1.3
comX	0.3876
comA	0.6683
yvoA	0.5192
nagA	0.5534
lgt	0.8501
yvpA	0.8809
hisZ	3.5
hisD	2.24
tpi	0.1763
eno	0.1905
yvbJ	0.8851
yvbH	0.9984
yvbF	0.8442
opuCB	2.86
hisH	1.66
hisF	1.51
yvcA	3.19
yvzA	1.4
yvcD	2.54
trxB	2.35
opuCD	0.9865
yvaZ	1.62
yvaX	1.09
yvaV	1.23
opuBC	4.95
yvaQ	1.32
nagB	0.4946
yvoB	0.5136
yvpB	0.0
hisG	1.88
hisB	1.89
pgm	0.1672
yvbK	0.6346
yvbI	0.7957
yvbG	1.89
opuCA	4.2
opuCC	3.54
hisA	1.54
hisI	1.51
yvcB	2.19
yvcC	0.0
yvcE	5.26
yvcI	0.7223
yvbA	1.15
yvaY	0.5685
yvaW	0.0
opuBB	6.22
opuBD	0.0
yvaP	1.86
fbaA	0.7131
murZ	0.771
rpmE	1.92
ywkB	1.86
ywkD	0.8553
ywkE	3.35
ywrE	0.5558
cotG	0.9416
cotB	1.47
ywrK	1.1
alsS	0.971
ywrO	0.4101
ywlA	1.09
ywlB	2.02
ywlE	0.7559
ywlG	0.5573
upp	1.9
atpB	0.7693
ywsB	7.74
rbsC	0.8593
rbsD	0.8978
rbsR	0.9006
ywtA	1.23
ywtC	1.61
ywjH	0.3952
ywjI	0.4969
ywkA	0.0
ywkC	0.8105
prfA	1.8
ywkF	2.44
ywrF	0.7834
cotH	0.8958
ywrJ	1.13
alsR	1.23
alsD	1.07
ywsA	0.9182
spoIIR	4.03
ywlD	1.61
ywlF	0.5388
glyA	0.362
atpI	0.8919
atpE	0.5667
rbsB	1.01
rbsA	1.05
rbsK	1.51
ywsC	2.57
ywtB	1.11
ywtD	8.73
deaD	0.554
yxiP	1.18
bglS	0.848
katB	7.23
yxiT	2.45
yxjB	1.63
ywcF	3.69
ywcH	1.68
ywcI	0.5992
ywcJ	0.1437
sacA	0.7317
thiD	0.3679
yxjD	0.9084
yxjF	0.5951
yxjH	0.2121
yxjJ	1.14
yxjL	2.6
yxjN	1.5
ywdD	0.8473
ywdF	1.19
ywdH	2.06
ywdJ	1.63
ywdL	0.7076
spsB	0.6616
yxiO	1.15
licT	1.07
yxiQ	0.8408
yxiS	1.34
yxjA	2.82
yxjC	1.24
ywcG	1.4
vpr	0.7309
sacT	0.5891
sacP	0.7233
ywdA	1.12
ywdC	0.8059
yxjE	0.8287
yxjG	0.08611
yxjI	0.5939
pepT	0.7704
yxjM	2.65
yxjO	2.14
ywdE	0.7484
ung	3.06
ywdI	1.5
ywdK	0.8824
spsA	0.9763
spsC	1.19
rnpA	3.19
jag	2.39
gidB	2.65
yydK	0.9367
bglA	1.32
ahpC	1.59
gntP	1.02
gntR	1.2
yxaB	1.54
yyaB	1.79
spo0J	0.7014
yyaD	1.22
yyaF	0.4976
ssb	0.5687
exoA	1.42
yxaD	0.6771
yxaF	2.85
yxaH	5.56
yxaJ	1.07
yxaM	1.09
yxbB	0.644
rpmH	1.69
spoIIIJ	1.98
thdF	2.06
yyaA	2.65
yyzE	1.54
ahpF	2.42
gntZ	1.0
gntK	1.05
yxaA	0.9181
yxaC	1.19
soj	0.7056
yyaC	1.93
yyaE	1.4
rpsF	0.5406
rpsR	0.6416
yyaG	2.16
yxnA	3.48
yxaG	2.12
yxaI	1.4
yxaL	0.6966
yxbA	0.6426
yxbC	0.7984
gltA	0.0
ppsE	2.42
ebrA	1.45
ymfG	0.7758
bpr	0.0
cheV	0.9115
rho	2.39
tagD	0.652
yvfE	0.6836
yvgP	0.0
yurC	0.0
aapA	1.2
spoIIS	0.9721
xtmB	0.5903
yhjN	1.53
yhaA	0.3454
yheJ	0.6978
yfmB	0.8503
yqhQ	1.09
yosN	1.18
pnpA	0.0
flhA	1.94
fliP	1.46
fruB	0.6651
ppsC	1.92
yngB	0.4388
pyrAB	0.0
polC	0.0
pycA	0.3069
ptsH	0.6232
tdk	3.58
yvfC	1.32
yvfK	0.8225
yusY	0.2923
ysnF	5.89
lepA	0.0
xkdO	0.473
yirY	0.8049
yhfQ	1.56
yhaQ	1.11
yfkL	1.98
yfnC	0.8666
spoIIIAG	0.9615
yojG	0.9414
flhF	2.0
flhB	1.87
cheY	1.46
moaD	0.7251
hprT	1.42
yvoF	0.6018
yvdS	1.21
sacB	0.7524
ffh	0.1773
ssuC	1.19
yvfP	0.702
ctc	2.17
ppsB	1.67
yvgR	0.4878
ydjK	0.8265
spoIIE	0.0
ywbL	1.16
sigL	0.4971
yacA	1.62
yvdR	0.5531
yveB	1.24
yqxK	0.9571
yhaR	0.7754
pnbA	0.4316
ytnM	0.791
prs	2.19
ykoW	1.88
cotA	2.1
ydjA	0.5909
hutH	0.565
secA	0.8959
ybaS	0.9154
ybaN	1.56
gerD	1.65
cwlD	0.9117
ybaJ	2.02
rplM	1.5
gcaD	3.67
yabJ	0.7925
yabH	0.7518
veg	0.506
ksgA	3.52
ybaF	1.54
ybxA	1.63
rpoA	0.9718
rpsM	0.8712
infA	0.8811
adk	0.9303
abrB	0.7893
yazA	0.8871
yabA	1.04
holB	1.21
yaaQ	1.12
ybaR	4.77
kbaA	0.9203
ybaL	0.5929
ybaK	0.0
rpsI	1.22
truA	1.46
spoVG	1.06
purR	0.9181
sspF	1.03
yabG	3.9
yabF	1.67
ybaE	1.51
rplQ	0.918
rpsK	1.04
rpmJ	0.9977
map	1.05
secY	1.01
yabC	1.31
yabB	1.11
yaaT	1.14
yaaR	1.16
tmk	1.57
ycnG	1.41
yczG	0.7788
ycnD	0.7508
yclQ	1.35
yclO	1.55
yclM	0.3379
rapJ	1.12
ycdC	1.65
natB	0.7921
yccH	0.8747
yccF	2.46
yczB	1.01
yclK	0.5786
yclI	1.06
gerKB	0.725
gerKA	1.01
yclE	0.2544
yclC	1.14
cwlJ	0.56
ycbO	0.7499
ycbL	0.658
yczA	1.4
ycbH	1.57
ycbF	0.8693
ycnF	0.9737
ycnE	0.9324
ycnC	0.0
yclP	1.02
yclN	1.57
rapC	1.04
ycdD	1.5
ycdA	1.69
natA	0.8171
yccG	0.8148
lipA	1.34
phoD	1.05
yclJ	0.6874
yclH	0.7383
gerKC	2.28
yczF	0.0
yclD	1.24
yclB	1.14
ycbP	2.01
ycbN	0.4807
ycbK	1.46
ycbJ	0.8996
ycbG	2.0
ycbE	0.8745
ydiF	0.9936
ydiD	3.53
ydiB	5.65
ydhU	0.0
ydhS	0.4035
ydhQ	0.7296
yddF	1.22
yddC	1.37
yddA	1.5
ydcS	1.27
ydcQ	0.6162
ydcO	2.03
ydhO	0.9165
ydhM	1.7
ydhK	0.0
ydhI	1.79
ydhG	1.37
ydhF	1.07
ydcN	1.99
ydcL	2.57
ydcH	1.51
ydcF	1.7
sigB	5.08
rsbU	1.24
ydiE	0.0
ydiC	2.81
ydiA	6.34
ydhT	0.0
ydhR	0.6816
ydhP	1.18
yddD	1.63
yddB	1.63
ydcT	0.9935
ydcR	1.53
ydcP	1.65
sacV	1.52
ydhN	0.0
ydhJ	2.76
ydhH	1.82
phoB	1.4
ydhE	0.4323
ydcM	2.62
ydcK	0.0
ydcG	2.18
rsbX	7.81
rsbW	4.23
rsbT	1.47
yfjF	1.25
acoR	0.9138
acoC	1.07
acoA	0.7427
yfjM	0.6213
yfjO	1.54
yesT	0.6138
yesR	0.5729
yesP	0.5633
yesM	0.0
yesK	0.5314
cotJB	0.6923
yfjQ	1.48
yfjS	1.08
yfkA	1.9
yfkC	1.36
yfkE	5.6
yfkJ	2.75
yesF	0.7494
yeeK	1.01
rapH	0.0
yezA	3.45
yeeC	7.0
yeeA	0.0
yfjU	0.8255
acoL	0.0
acoB	0.0
yfjL	1.06
yfjN	0.0
yfjP	0.6921
yesS	0.1635
yesQ	1.07
yesO	0.5124
yesL	0.7487
yesJ	0.4251
cotJA	1.44
yfjR	0.6965
yfjT	0.7311
yfkB	1.66
yfkD	9.13
yfkH	6.67
yfkK	0.6007
yesE	0.7836
yeeI	0.0
yeeG	8.5
yeeD	2.93
yeeB	11.71
yefC	0.7202
yhfD	1.17
yhfB	0.604
yhgD	2.8
hemH	1.07
pbpF	2.32
yhgB	0.8687
yhcN	3.58
yhcL	1.29
yhcJ	0.8907
yhcI	1.38
yhcG	1.35
yhcE	1.53
ecsC	0.6789
ecsA	0.7945
serC	0.4117
yhaH	0.6172
yhaI	0.731
yhaK	2.65
yhcB	3.48
yhbJ	2.97
yhbH	0.6687
yhbF	0.6112
yhbD	0.8843
yhbA	7.03
yhfC	0.7896
yhgE	0.0
hemY	0.0
hemE	0.5893
yhgC	1.34
yhfA	1.12
yhcM	0.1913
yhcK	2.16
cspB	0.5074
yhcH	1.32
yhcF	1.14
yhcC	3.57
ecsB	0.7571
hit	0.5629
yhaG	0.6355
hpr	0.2146
yhaJ	1.63
prsA	0.7676
yhcA	0.7768
yhbI	3.87
prkA	1.1
yhbE	0.8677
cspR	2.33
yhzB	4.8
yjkA	0.6923
yjiC	0.7428
yjiA	0.8378
yjhA	1.17
yjgB	2.21
yjfC	1.18
carA	0.02142
argB	0.03328
argC	0.06505
yitY	0.6747
yitW	0.0
yitU	0.8378
yjfA	0.0
cotT	1.24
yjdJ	2.9
yjdG	1.37
yjdE	0.776
yjdC	1.53
yitT	3.45
nprB	0.4975
yitQ	0.6053
yitO	0.6668
yitM	0.2675
yitK	0.3044
yjjA	0.0
yjiB	0.0
yjhB	0.9917
yjgD	5.26
yjgA	1.51
yjfB	2.78
argD	0.01909
argJ	0.03315
yitZ	1.05
yitX	0.6326
yitV	0.6525
ipi	2.7
yjeA	0.8146
yjdK	0.6137
yjdI	0.0
yjdF	1.25
yjdD	1.25
yjdB	1.29
yitS	0.5664
yitR	0.5626
yitP	0.9332
yitN	0.5279
yitL	0.542
yitJ	0.1555
yknV	1.09
moaE	0.6875
moeA	1.03
mobA	1.05
ykuV	1.94
ykuT	7.23
ykoE	0.1413
ykoC	0.234
ispA	0.6977
yknA	5.32
ykmA	1.38
proA	0.3532
ykuR	0.281
ykuP	2.86
ykuN	3.52
ykuL	2.98
ykuK	1.09
ykuI	1.22
ykkE	1.03
ykkC	1.53
ykkA	1.72
ykzH	1.06
ykhA	1.36
ykgB	0.8421
yknU	0.0
mobB	0.4849
moeB	0.0
ykuW	0.0
ykuU	2.02
ykuS	0.2865
ykoD	0.1734
ispU	0.6042
metC	0.0
ykzA	7.67
yklA	0.3184
proB	0.4048
ykuQ	0.805
ykuO	3.66
ykuM	1.21
ykzF	0.9309
ykuJ	1.23
ykuH	1.68
ykkD	2.73
ykkB	1.43
ykjA	2.76
hmp	1.8
ykgA	3.21
ykfD	1.27
fliR	1.79
fliZ	1.67
fliM	1.61
flgE	1.56
fliK	1.53
fliJ	1.15
ylmA	0.2846
sigE	1.03
ftsZ	0.9931
sbp	0.9246
ylxW	1.11
murB	2.65
fliH	1.18
fliF	1.29
flgC	1.25
codY	2.99
clpQ	3.76
gid	3.82
spoVE	1.75
mraY	1.4
pbpB	1.82
ylxA	0.4914
yllA	1.05
ylbP	0.6439
fliQ	1.04
fliY	0.7153
fliL	0.8853
ylxG	0.8741
ylxF	1.38
fliI	0.9884
sigG	0.9705
spoIIGA	0.9439
ftsA	0.9678
ylxX	1.13
divIB	1.27
murG	2.42
fliG	1.17
fliE	0.0
flgB	1.13
clpY	0.0
codV	4.22
topA	0.0
murE	1.87
ftsL	0.6001
yllB	0.0
ylbQ	0.8385
ylbO	3.03
yoxD	2.15
proH	0.0
gltC	0.6452
yogA	0.6485
ggt	1.02
yoeC	1.05
glnR	0.0
ynbA	1.07
cwlC	1.43
nrdF	2.2
ymaA	2.95
ymzC	1.01
yoeA	1.61
pbp	0.7854
yngK	0.0
yngJ	0.0
yngH	0.0
yngF	1.07
miaA	0.0
ymaG	0.0
ymaD	1.09
aprX	2.14
ymzB	1.71
pksN	0.6116
rtp	0.0
proJ	0.0
gltB	0.06502
yofA	0.9544
yoeD	0.6339
yoeB	0.1431
ynbB	1.09
spoVK	0.9145
ymaB	3.53
nrdE	2.57
ymzA	1.07
ymaH	0.6074
yoxA	0.5958
yngL	0.0
ynzE	0.0
yngI	0.0
yngG	0.0
yngE	0.0
ymaF	0.7062
ebrB	0.0
ymaC	0.0
ymaE	0.3012
pksS	0.0
pksJ	0.0
yoqR	0.0
yoqT	1.44
yoqV	4.86
yoqY	2.43
yorA	2.04
yorC	1.13
yojC	0.0
yojF	0.7549
yojI	2.85
yojK	0.6043
yojM	2.06
yojO	1.25
yorE	1.33
yorG	1.35
yorI	0.0
yorK	0.0
yorN	1.0
yorP	0.0
yocS	0.4186
sodF	0.0
dhaS	0.0
yozO	0.3171
yozN	0.9974
yocL	0.7143
yoqS	0.0
yoqU	0.0
yoqW	0.0
yoqZ	0.0
yorB	0.7726
yorD	0.7522
yojE	1.42
yojH	1.98
yojJ	1.35
yojL	8.72
yojN	1.1
odhB	0.4385
yorF	1.38
yorH	0.0
yorJ	0.0
yorM	0.0
yorO	0.0
yorQ	0.0
yocR	2.37
sqhC	0.0
yozC	0.3785
yocN	1.39
yocM	0.3029
yocK	0.0
qcrC	0.5688
ypjB	0.0
ypjD	1.86
ypjF	1.12
ypjH	1.15
birA	1.16
yolC	1.23
uvrX	0.0
sunA	0.6256
yolI	0.0
yolK	0.4218
yomB	1.2
panC	1.48
ypmB	0.6226
asnS	0.9087
nth	2.74
yppB	2.2
yomD	0.0
yomF	0.0
yomH	0.0
yomK	0.0
yozP	0.0
yomN	0.0
ypjA	0.0
ypjC	0.0
dapB	0.0
ypjG	0.0
papS	1.23
panB	1.56
yolD	2.15
yolF	0.631
sunT	0.0
yolJ	0.4255
yomA	0.806
yomC	1.48
panD	1.32
ypmA	0.0
aspB	0.7754
dnaD	0.0
ypoC	2.84
yppC	1.33
yomE	0.0
yomG	0.0
yomJ	0.0
yomL	0.0
yomM	3.2
yomO	1.63
yqhL	1.45
yqhN	1.53
yqhP	1.27
yqhS	1.19
efp	0.0
spoIIIAA	0.9009
yqkL	1.55
drm	1.35
dacF	0.8117
spoIIAB	0.4625
spoVAA	0.0
spoVAC	0.9737
spoIIIAC	0.0
spoIIIAE	0.0
spoIIIAH	0.8089
accC	0.6762
yqhZ	1.03
yqiB	2.82
spoVAE	0.9859
lysA	0.2645
ppiB	0.6514
ypuB	1.07
ypzC	0.8215
ypuD	0.8977
yqhM	0.0
yqhO	0.0
yqhR	0.0
yqhT	1.43
yqhV	0.0
spoIIIAB	0.9225
ripX	1.7
pnp	1.21
spoIIAA	0.6585
sigF	0.5716
spoVAB	0.8574
spoVAD	1.36
spoIIIAD	0.0
spoIIIAF	0.8652
accB	0.4456
yqhY	0.6914
folD	1.33
yqiC	2.2
spoVAF	1.55
ypuA	2.29
ypzD	1.12
ypuC	1.24
sipS	0.9786
ypuE	0.8388
yrkB	1.39
yrkD	0.6969
yrkF	0.0
yrkH	1.43
yrkJ	1.33
yrkL	0.6638
yqeN	1.05
gpr	1.3
yqxA	0.8889
dnaK	0.8679
yqeT	1.4
yrkN	1.16
yrkP	2.0
yrkR	1.79
spoIIIC	1.24
yqaC	1.16
yqaF	0.9143
yqeV	0.0
rpsU	1.05
yqeZ	0.0
yqfB	0.2818
yqfD	0.0
yqfF	1.4
yrkC	1.39
yrkE	0.0
yrkG	0.0
yrkI	0.693
yrkK	0.645
yrkM	0.9802
rpsT	1.33
spoIIP	0.0
hemN	1.94
grpE	0.8037
dnaJ	0.9242
yqeU	1.53
yrkO	0.9557
yrkQ	3.0
yrkS	1.28
yqaB	1.74
yqaE	0.7955
yqdA	0.7076
yqeW	2.36
yqeY	1.28
yqfA	0.2847
yqfC	0.7975
phoH	0.0
yqfG	1.01
yshE	1.01
ysiA	0.5232
etfB	0.4918
xsa	0.0
uvrC	1.81
lysC	0.4164
relA	1.11
yrvJ	2.53
hisS	0.5888
yrvM	3.11
yrzC	1.75
yrvP	1.78
sdhC	0.6493
sdhB	0.6826
gerE	0.5518
racE	1.34
rph	1.28
ysnB	0.9376
yrrB	2.59
yrrD	1.76
glnM	1.41
glnQ	0.6941
yrzB	1.43
lcfA	1.1
ysiB	0.0
etfA	0.0
trxA	1.07
ask	0.4776
yslB	0.7265
yrvI	0.7617
yrzK	0.8545
aspS	0.6146
yrvN	1.16
yrvO	2.02
yrrA	1.71
sdhA	0.9141
ysmA	0.4496
ysmB	0.0
gerM	1.2
ysnA	1.03
ysnE	0.9291
yrrC	0.0
glnP	0.9809
glnH	0.7556
yrrI	1.12
yrrK	1.45
yrrL	1.9
ytkC	0.0
ytlC	1.78
ytlA	0.5379
ytmB	0.7687
metK	2.51
ytnA	3.14
ytsP	0.9225
ytwP	0.6777
nifZ	1.39
sspA	1.29
ytcJ	1.08
yteI	0.671
ytpA	2.22
ytqA	1.56
ytrA	0.989
ytrC	1.23
ytrE	0.7778
ytsA	0.6407
ytfI	0.7743
ytxK	0.9662
moaB	1.42
argH	0.04977
ytkK	0.7698
ytlI	0.7335
ytlD	0.0
ytlB	0.0
ytmA	1.07
pckA	1.6
asnB	3.07
ytoA	2.56
ytvP	0.4584
braB	0.0
ytbJ	1.37
ytcI	0.9129
ytdI	1.06
yteJ	0.6053
ytqB	1.65
ytzC	0.799
ytrB	1.58
ytrD	1.16
ytrF	0.7831
ytsB	0.7844
ytgI	0.5125
ackA	3.01
argG	0.05005
ytzD	0.04826
ytkL	0.987
ytmI	0.8174
yurW	0.9606
yurU	0.8763
yurS	1.42
yurQ	2.28
yurO	0.2198
yurM	0.3545
yufB	1.09
yufD	1.47
yufU	0.9926
yufS	1.51
yufQ	0.376
yufO	0.0
yurK	0.3015
yurI	0.6779
yurF	0.7369
yurD	0.9929
yunM	1.43
yunK	0.6415
yufM	0.8643
yuxK	0.8184
yuxJ	0.9785
kapB	0.4409
patB	0.5836
yugF	1.46
yurV	0.7099
yurT	0.8163
yurR	1.17
yurP	0.1527
yurN	0.2244
yurL	0.167
yufC	0.9358
yufV	0.8956
yufT	1.25
yufR	0.8526
yufP	0.3234
yufN	0.3706
yurJ	0.3219
yurH	0.9215
yurE	0.9015
yurB	0.4047
yunL	1.08
yunJ	1.14
yufL	1.4
pbpD	1.33
kapD	1.1
kinB	0.7804
yugE	1.45
yugG	0.676
yvcJ	0.9165
yvcL	0.9416
yvcN	0.9401
yvcQ	0.9472
yvcS	0.7899
yvdA	1.14
yvaO	0.6248
yvzC	0.0
yvaL	0.4674
yvaJ	0.0
yvaG	2.44
yvaE	1.42
yvdC	0.9653
yvdE	0.8863
yvdG	0.8233
yvdI	0.738
yvdK	1.95
yvdM	0.0
yvaC	0.0
yvaA	9.63
yvgY	0.4684
yvgW	0.0
yvgU	0.6939
yvgS	34.07
yvcK	0.8836
crh	0.5591
yvcP	1.07
yvcR	0.0
yvcT	0.771
yvdB	0.9153
yvaN	0.6754
yvaM	0.5918
yvaK	1.52
yvaI	1.31
yvaF	1.41
yvaD	1.75
yvdD	0.924
yvdF	0.9436
yvdH	0.9834
yvdJ	2.21
yvdL	2.28
clpP	0.8571
yvaB	0.0
yvgZ	0.631
yvgX	0.0
yvgV	1.21
yvgT	1.65
yvgQ	0.4861
atpF	0.6204
atpA	0.9665
atpD	1.02
ywmA	1.27
ywmB	2.58
spoIID	7.03
ywtE	1.35
ywtG	2.26
gerBB	1.05
pmi	1.36
tagC	1.34
tagA	0.7169
ywmE	3.24
narA	1.66
ywmF	0.0
ureA	0.3931
ureC	0.5658
ywnB	0.7827
tagF	2.42
ggaA	4.74
lytR	0.7233
lytC	2.99
tuaB	1.2
tuaD	1.11
atpH	0.6002
atpG	0.347
atpC	1.18
ywzB	0.9215
murA	5.54
ywmC	1.12
ywtF	1.34
gerBC	0.0
gerBA	2.27
lytD	2.44
tagB	1.57
tagE	2.87
narQ	1.8
rapB	0.7583
ywmG	7.6
ureB	0.3576
ywnA	0.8854
ywnC	1.4
tagG	3.31
yvyH	0.9865
lytB	0.0
tuaA	2.34
tuaC	1.65
tuaE	1.34
yxkA	2.73
yxkC	1.55
aldY	4.62
msmX	0.9635
yxzE	1.07
yxkJ	1.42
spsD	0.8748
spsG	1.44
spsJ	1.88
yweA	0.1969
rocA	0.3621
rocC	0.6817
cydB	0.03822
cydD	0.0
yxlA	5.15
yxlC	1.03
yxlE	1.02
yxlG	1.27
ywfB	0.6641
ywfD	0.3584
ywfF	0.4066
ywfH	0.5879
pta	0.9135
ywfL	0.9137
galE	0.6781
yxkD	1.73
yxkF	0.7632
yxkH	4.06
yxkI	2.05
cydA	0.1114
spsE	1.08
spsI	1.14
spsK	1.03
yweB	0.6992
rocB	0.48
ywfA	0.8935
cydC	0.0
yxkO	2.31
sigY	1.13
yxlD	0.995
yxlF	0.8238
yxlH	1.6
ywfC	0.4281
ywfE	0.4047
ywfG	0.7402
ywfI	0.4087
ywfK	0.8455
ywfM	0.4011
yyaH	1.51
yyaJ	2.0
yyaL	1.66
yyaN	1.27
tetL	0.9406
yyaP	1.39
yxbD	1.07
yxbF	1.35
yxcA	0.9937
yxcC	5.49
yxcE	1.45
iolR	2.42
yyaR	2.94
yyaT	1.41
yybB	1.29
yybD	1.59
yybF	0.7212
yybI	1.84
iolB	0.8217
iolD	0.6033
iolF	0.9467
iolH	0.8633
iolJ	1.02
yxdK	1.34
yyaI	1.52
yyaK	0.0
yyaM	2.79
yyaO	1.45
tetB	1.19
yyaQ	1.15
aldX	0.7824
yxbG	2.74
htpG	0.8888
yxcD	1.17
iolS	1.68
iolA	1.05
yyaS	2.1
yybA	0.9907
yybC	1.59
yybE	0.8208
yybG	1.79
yybJ	1.64
iolC	0.9862
iolE	0.8607
iolG	1.27
iolI	0.9015
yxdJ	0.975
yxdL	2.0
yeeF	1.19
purQ	0.1508
ydgJ	1.53
pbpC	0.6546
srfAC	0.55
ycgI	0.0
yknT	1.24
ptsI	0.0
ykvU	0.841
ykzE	0.5439
yjdH	0.9486
yhdN	6.25
yczC	2.22
lmrA	7.57
ybgB	0.9947
ybdD	1.01
fus	1.05
yfiX	1.07
yfkF	0.0
treA	0.0
yflP	0.3698
yesY	0.7086
yddN	1.54
yerP	3.13
ydjD	0.0
yddE	0.0
yclG	1.01
nasB	2.47
ycdB	2.96
patA	0.0
ykvW	9.49
ykrP	1.17
ykoY	2.05
yhaP	1.11
yhbB	1.8
yccC	1.94
ybgE	0.2478
ybgA	1.2
rpmD	0.8692
rpoB	7.47
clpC	0.0
yfiB	0.0
yfkI	6.46
yflH	1.0
yetM	0.8806
cotJC	0.0
yddK	0.0
yabD	2.09
yurG	0.8265
ytqD	0.8136
acuB	0.8601
dnaE	0.9528
levR	1.33
yqzC	1.39
yaaO	1.38
ypbG	1.36
ypvA	0.0
cgeB	0.8913
yloB	1.27
glcT	1.02
yjcD	0.6988
metS	1.17
ythC	0.8986
ytpB	1.84
ytoI	0.6978
yrhJ	1.3
yqxH	0.7029
bmrU	2.45
yaaN	0.663
qcrB	0.6376
yosO	1.74
ylqF	1.87
spoVD	1.99
yjgC	0.0
yjaX	1.28
rplO	0.8576
rplR	0.8898
rpsH	0.8986
rplE	0.916
rplN	0.8988
rpmC	1.01
xpaC	0.71
bofA	1.54
recR	1.6
dnaX	1.93
yaaI	5.89
rpsC	1.0
rpsS	1.06
rplW	1.02
rplC	1.17
ybaC	1.98
rpsG	1.03
serS	0.5203
yaaD	0.7532
guaB	0.7797
gyrB	3.09
recF	2.97
rpsE	0.5969
rplF	0.6225
rpsN	0.4756
rplX	0.754
rpsQ	0.9313
rplP	1.01
csfB	5.99
yaaL	1.49
yaaK	1.33
yaaJ	2.75
yaaH	7.91
rplV	1.07
rplB	1.03
rplD	1.12
rpsJ	1.39
tufA	0.8146
rpsL	1.07
yaaE	0.7026
dacA	1.79
yaaC	10.15
yaaB	2.47
yaaA	5.12
yclA	1.57
yckJ	3.49
yczE	5.03
ycxD	3.26
ycxB	2.8
srfAD	0.4828
ycbD	0.7933
ycbA	0.7659
ybgH	1.22
ybgF	0.2555
ybfP	0.6023
ybfN	0.9166
yckH	1.15
yckF	1.42
nucA	0.5161
yckE	1.02
yckC	2.16
yckA	1.36
ybfM	1.95
ybfK	0.7308
purT	0.5181
ybfH	1.74
ybfF	1.16
ybfB	0.5878
yckK	2.43
yckI	2.48
sfp	2.5
ycxC	2.48
ycxA	1.44
comS	0.5091
ycbB	0.9517
ybgJ	0.0
ybgG	0.5381
ybfT	0.3612
ybfO	0.6653
psd	2.3
yckG	1.45
tlpC	1.68
nin	0.5721
yckD	1.03
yckB	1.44
yciC	1.0
pssA	1.65
ybfJ	0.4864
ybfI	1.66
ybfG	1.22
ybfE	1.1
ybfA	0.64
ydhD	0.9174
ydgK	2.52
ydgH	1.48
dinB	1.66
expZ	0.9506
ydgD	1.39
rsbS	1.46
ydcE	1.31
dal	1.3
ydcB	1.43
ydbS	0.6851
murF	2.08
ydgB	0.0
ydfT	1.37
ydfR	0.0
ydfQ	0.8074
ydfO	0.4974
ydfM	1.56
ydbP	0.8196
ydbM	0.9771
ydbK	1.11
ydbI	0.8676
ydbF	0.8449
ydbD	6.56
ydhC	1.43
ydgI	1.06
ydgG	0.0
ydgF	0.6855
ydgE	0.9415
ydgC	1.35
rsbR	1.75
ydcD	1.04
ydcC	1.48
ydbT	0.9827
ydbR	1.11
ddlA	1.09
ydgA	1.36
ydfS	1.5
ydzH	0.0
ydfP	0.6906
ydfN	0.4282
ydfL	1.85
ydbN	1.09
ydbL	0.6842
ydbJ	1.34
ydbG	0.991
ydbE	0.8037
ydbC	0.57
yfkM	12.02
treR	1.93
yfkQ	5.41
yfkS	2.3
yflA	6.25
yflC	0.88
yefB	12.58
yerQ	4.56
yerN	0.7573
yerL	0.7822
sapB	2.12
yerH	1.11
yflE	3.96
yflG	0.4262
yflJ	1.06
yflL	0.6715
yflN	0.0
citT	0.3942
yerF	1.31
yerD	1.77
yerA	0.4403
yezC	0.3268
purH	0.1352
purM	0.1404
yfkO	1.33
treP	0.0
yfkR	0.0
yfkT	4.12
yflB	0.8805
yflD	0.9934
yefA	10.99
yerO	1.24
yerM	0.8528
opuE	3.53
yerI	0.7795
yflF	0.7322
yflI	0.9312
yflK	0.8524
yflM	0.7583
citM	0.5303
citSc	0.0
yerE	1.24
yerB	0.7362
yecA	0.7777
purD	0.1515
purN	0.1872
purF	0.1613
yhaL	1.28
yhaN	1.11
yhaS	1.24
yhaU	1.82
yhaW	2.7
yhaY	0.5441
ygaO	1.22
ygaN	0.6905
ygbA	2.39
katA	0.0
ygaK	1.99
ygaJ	0.7483
yheA	1.05
yheD	0.9252
sspB	1.17
yheG	0.8048
yheK	5.84
yheN	1.18
ygaI	0.2712
ygaH	1.45
ygaF	0.6157
ygaE	3.32
ygaC	0.699
sspE	1.35
yhaM	0.0
yhaO	1.0
yhaT	1.38
yhaV	2.49
yhaX	1.17
yhaZ	1.46
yhzA	1.4
ygcA	1.13
ygaL	1.04
senS	0.3527
thiA	0.2383
ygzA	1.19
yheB	1.31
yheE	0.6258
yheF	0.8047
yheI	0.9074
yheM	0.262
yhdZ	1.54
ygxA	3.24
ygaG	1.17
gsaB	0.9414
ygaD	2.97
ygaB	1.51
yfhR	2.76
yjdA	2.46
yjcR	1.04
yjcP	0.9082
yjcN	0.8159
yjcL	1.19
yjcJ	0.1959
yitI	0.4405
yitG	1.25
yitE	0.8769
yitC	0.904
yitA	0.4587
yisX	1.19
yjcH	0.7284
yjcF	0.4933
yjcC	0.0
yjcA	0.9572
cotW	1.57
cotY	0.8565
yisV	0.7552
yisT	0.817
degA	1.35
yisQ	1.86
yisO	1.19
yjcS	2.05
yjcQ	0.6791
yjcO	0.0
yjcM	3.85
yjcK	1.33
yjcI	0.1917
yitH	0.3514
yitF	3.19
yitD	0.8865
yitB	1.43
yisY	0.6071
yisW	0.4315
yjcG	0.5149
yjcE	5.06
yjcB	1.26
cotV	1.82
cotX	1.83
cotZ	0.8268
yisU	1.21
yisS	0.9187
yisR	1.67
yisP	1.87
yisN	1.19
yisL	1.47
ykuG	0.0
ykuE	1.84
ykuC	1.81
kinA	1.37
ykwD	0.9339
ykwB	0.4377
ykfC	1.52
ykfA	0.9292
dppD	0.34
dppB	0.5129
ykeA	0.2231
ykcC	0.1394
splA	0.5926
ykvZ	2.35
ykvV	1.06
ykvS	3.07
ykvQ	1.44
ykvO	1.49
ykcA	1.05
ykaA	2.93
spoIISA	0.7276
xhlB	0.6611
xkdY	1.17
xkdW	1.17
ykuF	0.7142
ykuD	0.0
ykyB	6.81
ykwC	0.5526
splB	0.5845
ykfB	1.09
dppE	0.2661
dppC	0.0
dppA	0.2699
htrA	0.1379
ykcB	0.0
ptsG	0.8592
ykvY	0.8394
ykvT	1.16
ykvR	1.45
ykvP	2.14
ykvN	1.26
ykbA	1.57
ykaB	3.71
xlyA	0.8068
xhlA	1.24
xkdX	1.87
xkdV	1.28
smf	1.78
sucC	0.6315
ylqG	1.71
rplS	1.32
ylqE	0.0
ylqC	0.4616
rpmF	0.7216
ylbM	0.69
ylbK	2.0
ylbI	1.37
ylbG	1.02
ylbE	1.64
ylxM	0.1714
ftsY	2.53
rncS	1.14
fabG	0.6301
plsX	0.6362
ylpB	1.39
ylbC	2.84
ylbA	1.02
ctaF	0.3786
ctaD	0.5072
ctaB	0.3153
ylaO	0.3838
sucD	0.4802
ylqH	1.96
rnh	1.75
trmD	0.747
ylqD	0.5104
rpsP	0.4832
ylbN	1.5
ylbL	1.9
ylbJ	3.48
ylbH	1.39
ylbF	1.34
ylbD	2.0
ylqB	1.57
acpA	0.4137
fabD	0.7387
ylpC	0.5993
ylpA	1.08
ylbB	2.44
ctaG	0.9893
ctaE	0.3602
ctaC	0.2097
ctaA	0.3774
ylaN	1.1
yngD	1.27
yngA	0.0
ynfF	0.6976
bglC	0.8657
ynfC	0.8196
grlB	1.24
pksI	0.3323
pksG	0.3814
pksE	0.7544
pksC	1.6
pksA	0.5491
mutL	0.0
yneS	0.3633
yneQ	0.9354
tlp	1.79
citB	0.0
cotL	0.7141
yneK	0.6526
cotE	0.6831
ymcB	0.0
tdh	1.85
ymdB	1.77
pbpX	3.77
cinA	1.36
yngC	0.0
xynD	0.7682
ynfE	0.0
alsT	2.86
grlA	0.8665
yneT	0.4592
pksH	0.0
pksF	0.4394
pksD	0.7388
pksB	0.8203
ymcC	0.7641
mutS	1.31
yneR	0.5695
yneP	0.8875
yneN	0.9786
cotK	0.7012
cotM	1.03
yneJ	0.9679
ymcA	1.4
kbl	1.42
spoVS	1.4
ymdA	0.9587
recA	1.02
pgsA	0.0
yorR	1.08
yorT	0.77
yorV	0.0
yorX	0.7918
yorZ	1.03
yosB	0.0
yocJ	0.8751
yocH	3.69
yocF	1.17
yocD	1.12
yocB	2.8
yocA	1.37
yosD	1.39
yosF	0.8587
yosH	1.2
yosJ	0.7594
yosL	1.17
yosP	1.8
yobW	1.35
yobU	0.7759
yobS	0.496
yobQ	0.3691
yobO	1.0
yobM	0.4695
yorS	1.5
mtbP	0.8383
yorW	0.6943
yorY	1.07
yosA	0.6988
yosC	1.19
yocI	0.0
yocG	1.14
yocE	0.3954
yocC	2.54
yozB	0.2898
yozA	1.07
yosE	1.22
yosG	1.27
yosI	0.894
yosK	0.8127
yosM	0.9367
yosQ	1.28
yobV	2.01
yobT	0.4969
yobR	0.4193
csaA	0.3434
yobN	0.9603
yobL	0.9095
yppD	0.9824
yppF	0.7681
ypqE	0.8038
yprB	1.88
ypsA	1.88
ypsC	8.16
yomP	0.9394
yomR	0.0
yomT	0.0
yomV	2.77
yomX	2.61
yomZ	1.04
kduD	1.15
kdgR	1.56
kdgA	1.09
ypwA	0.7263
pbuX	0.2634
ypbQ	1.04
yonB	1.26
yonD	0.0
yonF	0.0
yonH	0.0
yonK	0.0
yonO	0.9183
yppE	0.8671
yppG	0.0
cotD	1.35
ypsB	2.09
yptA	5.64
yomQ	1.01
yomS	1.32
yomU	1.64
yomW	2.12
yomY	0.0
yonA	1.55
kduI	1.01
kdgK	1.47
kdgT	1.01
xpt	0.2585
bcsA	1.22
ypbS	0.6228
yonC	1.08
yonE	1.87
yonG	1.5
yonI	1.81
yonN	1.29
yonP	0.8436
yqiD	2.76
yqxC	1.58
recN	2.64
spo0A	0.6724
yqiH	0.8691
yqiK	0.6947
ribG	0.644
ribA	0.6594
ribT	0.5991
ypuG	2.75
ypuI	2.24
spmA	1.56
mmgB	0.7361
mmgD	0.7055
yqiQ	1.03
yqiR	0.0
yqiT	0.9121
yqiV	1.28
ypuL	0.8438
resB	0.7072
resD	0.6745
sigX	1.05
aroC	1.08
ypzE	0.4602
yqiE	1.23
ahrC	1.34
spoIVB	1.82
yqiG	1.04
yqiI	0.9455
ribB	0.5768
ribH	0.5583
ypuF	1.31
ypuH	2.2
dacB	2.79
spmB	2.18
mmgC	0.0
mmgE	0.8261
yqzF	0.5792
yqiS	1.11
yqiU	1.2
bfmBAA	1.05
resA	0.6823
resC	0.6459
resE	1.03
ypuN	1.44
serA	0.719
ypaA	1.08
yqaG	0.7696
yqaI	0.0
yqaK	0.0
yqaM	1.47
yqaO	1.38
yqaQ	0.8189
dgkA	0.8178
bex	1.02
glyQ	1.14
yqzB	1.64
yqxD	3.59
sigA	3.72
yqaS	1.67
yqbA	2.88
yqbC	1.22
yqbE	1.77
yqbG	2.66
yqbI	1.1
yqfN	1.39
yqfP	1.57
yqfR	1.16
yqfT	2.42
yqfV	2.66
yqfX	0.0
yqaH	0.0
yqaJ	1.01
yqaL	0.8129
yqaN	0.8708
yqaP	0.9184
yqaR	0.5212
cdd	0.8232
yqxN	1.03
glyS	0.0
yqfL	1.69
dnaG	3.57
cccA	0.8431
yqaT	1.26
yqbB	2.41
yqbD	2.14
yqbF	1.86
yqbH	1.54
yqbJ	1.31
yqfO	1.44
yqfQ	1.35
yqfS	1.84
yqfU	2.33
yqfW	1.09
yqfZ	1.18
ysnD	0.7929
ilvN	0.04967
leuA	0.03725
leuC	0.06493
ysoA	0.2549
clpX	1.65
yrrM	2.98
yrrO	2.58
greA	1.76
yrrS	0.897
yrrT	1.21
yrhA	1.3
ysxD	2.12
hemX	0.9179
hemD	0.8796
hemL	1.23
ysxE	0.0
yrhD	1.53
yrhG	3.19
yrhH	1.27
yrhK	0.7806
yrhM	0.9518
yrhO	1.43
ilvB	0.08086
ilvC	0.0
leuB	0.03065
leuD	0.04006
tig	1.55
lonB	1.06
yrrN	2.75
udk	1.7
yrrR	1.42
yrzA	1.15
yrrU	1.08
yrhB	1.3
ysxC	1.26
hemA	1.15
hemC	0.9801
hemB	1.1
spoVID	4.23
yrhF	1.6
yrzI	4.99
yrhI	1.38
yrhL	0.0
sigV	0.8813
levD	0.4969
ytsC	0.8829
yttA	0.5182
ytvA	0.9489
leuS	0.0
melA	1.18
amyD	1.32
ytmJ	0.7238
ytmL	0.6641
hisP	0.7013
ytnJ	0.8341
hipO	0.7961
ytqI	0.7308
msmR	0.8307
bioW	0.0
bioF	0.02541
bioB	0.04705
ytbQ	0.5344
ytcQ	1.12
ytsJ	0.6769
pfk	2.15
ytwI	0.9209
citC	0.3496
phoP	0.6424
yttB	2.82
ytvB	1.15
ytwF	0.6592
amyC	1.69
msmE	1.14
ytmK	0.8756
ytmM	1.25
ytnI	0.7494
ribR	0.8281
ytpI	1.09
ytrI	0.2493
ytaP	0.6271
bioA	0.02473
bioD	0.022
bioI	0.09279
ytcP	0.5153
ytdP	0.0
yttI	1.41
ytvI	1.97
citZ	0.5599
citH	0.4067
phoR	0.7242
mutM	0.9151
yunI	1.09
yunG	0.5553
yunE	0.8323
yunC	0.5982
yunA	1.12
yutC	0.6299
yugH	0.8051
yuzA	5.67
yugK	0.0
yugM	1.04
yugO	1.46
yugS	1.25
yutE	1.14
yutG	0.4835
hom	0.04923
thrB	0.04294
yutI	1.13
yutJ	3.24
yugU	1.87
mcpB	1.07
mcpA	0.8898
yuxG	1.04
yulC	0.769
yulE	0.6308
yunH	0.9068
yunF	0.8375
yunD	0.5242
yunB	0.8985
yutB	1.15
yutD	1.2
yugI	1.83
yugJ	4.77
pgi	1.26
yugN	1.04
yugP	0.6596
yugT	1.95
yutF	1.22
yutH	0.6597
thrC	0.04552
yuxL	0.0
yuzD	1.39
yuzB	0.9475
tgl	2.85
tlpA	0.7103
tlpB	0.0
yulB	0.8292
yulD	0.7771
yulF	0.7028
yvdO	2.99
yvdQ	2.18
yveA	1.22
racX	0.4298
yveG	1.15
slr	0.2715
yvgO	0.0
yvgM	0.7085
yvgK	0.628
yvsG	2.14
fhuD	0.0
fhuG	0.921
yveN	0.4065
yveP	0.6709
yveR	0.468
yveT	0.5285
yvfB	0.7081
yvfF	0.8863
yvrP	0.4797
yvrN	0.3883
yvrL	0.8679
yvrI	1.39
yvrG	0.0
yvrD	0.0
yvdP	0.0
yvdT	1.86
pbpE	0.4117
yveF	0.0
padC	1.45
yveL	0.32
yvgN	0.9326
yvgL	1.03
yvgJ	2.54
yvsH	2.56
fhuB	1.95
fhuC	1.19
yveO	0.4839
yveQ	0.5333
yveS	0.6194
yvfA	0.6306
yvfD	0.5891
yvfG	1.56
yvrO	0.3884
yvrM	0.506
yvrK	1.29
yvrH	1.59
yvrE	2.69
yvrC	0.6132
mta	1.11
ywnF	1.81
spoIIQ	1.36
ywoA	1.27
nrgA	1.5
ywoC	1.5
tuaF	1.29
tuaH	1.41
yvhJ	1.34
degS	1.04
comFA	0.3094
comFC	0.3139
ywoE	2.13
ywoG	1.0
usd	0.0
mbl	1.26
flhP	1.16
ywpB	1.89
flgM	0.6725
flgK	0.9178
yviE	1.55
csrA	1.48
yvyC	1.4
fliS	1.56
ywnE	1.8
ywnH	0.9755
ywnJ	1.37
nrgB	1.26
ywoB	1.35
ywoD	2.13
tuaG	1.65
tagO	0.6281
yvyE	1.32
yviA	0.733
comFB	0.3446
yvyF	0.7076
ywoF	0.766
ywoH	2.67
spoIIID	0.8775
flhO	1.15
rapD	1.68
ywpC	1.59
yvyG	0.9347
flgL	1.31
yviF	1.59
hag	0.9785
fliD	1.99
fliT	1.74
katX	11.57
yxzF	1.07
licB	0.7924
licA	0.6478
ywaA	0.1944
dltD	1.95
ywfN	1.27
ywfO	1.93
ywgB	1.03
thrZ	0.06873
ywhB	0.3395
ywhD	0.3464
dltB	1.9
ywaB	0.8417
ywaD	0.8121
ywaE	0.7063
gspA	15.79
sacX	2.75
ywhF	3.79
ywhH	0.794
rapF	0.3311
ywhL	1.76
ywhN	1.98
ywhP	1.27
yxlJ	1.18
licR	2.61
licC	0.9528
licH	0.2517
dltE	1.75
dltC	1.67
ywzC	2.05
ywgA	1.85
mmr	3.12
ywhA	0.0632
ywhC	0.3467
ywhE	0.0
dltA	1.97
ywaC	1.09
tyrZ	1.12
ywaF	1.97
sacY	2.43
epr	0.671
ywhG	5.02
phrF	0.3264
ywhK	2.23
ywhM	3.24
ywhO	2.05
ywhQ	0.802
yybK	1.76
yybM	1.61
yybO	4.6
yybQ	0.9681
cotF	2.07
yybT	3.82
yxdM	1.12
yxeB	3.36
yxeD	1.36
yxeG	3.37
yxeI	1.47
yxeK	0.6531
yycA	1.94
yycC	0.8129
yycD	1.65
yycE	0.9336
yycF	2.64
yycH	3.11
yxeM	0.6943
yxeO	1.19
yxeQ	1.71
yxxB	1.64
nupC	0.4073
hutM	1.31
yybL	0.0
yybN	0.6596
yybP	1.5
yybR	1.85
yybS	7.01
rplI	1.8
yxeA	1.47
yxeC	0.8641
yxeE	2.84
yxeH	2.07
yxeJ	0.0
yxeL	1.18
yycB	0.9249
yyzB	1.75
dnaC	4.09
purA	1.79
yycG	3.56
yycI	2.54
yxeN	1.27
yxeP	1.59
yxeR	1.83
deoR	0.7525
pdp	0.5243
hutG	1.55
lysS	2.38
mfd	3.52
gyrA	2.46
lytA	2.46
yvlD	1.08
yukF	1.46
rsbV	0.0
ydbO	0.0
ycsG	0.0
phrC	0.6203
lmrB	5.48
pcp	0.8575
ytfJ	0.0
ytzA	2.13
yraA	0.8695
yqfY	1.23
yonJ	2.74
yodB	0.536
ycbM	0.0
ybfS	0.7121
ybfQ	0.717
ybeC	0.4853
ybdG	2.21
ybbA	0.0
ftsH	1.9
yabK	2.61
ywjF	1.28
ywlC	2.21
yveK	0.2856
glgP	1.6
ydcA	0.0
ycnB	2.71
yceH	0.6107
ycbU	0.7919
ycbR	0.5868
accA	1.42
yrhP	1.4
yqbO	0.0
ypqA	0.9721
yosW	0.0
ppsD	3.01
ycbC	0.6913
gltP	1.68
mpr	0.3694
ybdN	1.77
ybdB	1.34
yabE	0.0
yaaG	1.8
yisD	1.73
yhjP	1.28
yhfR	0.2044
yheH	0.725
yfhQ	4.37
ydcI	0.6808
dnaN	5.28
srfAB	0.6768
opuAA	6.11
ybdO	1.67
yabN	1.93
asnH	1.06
ywbN	0.7337
yaaF	2.3
addB	1.08
yhjB	1.96
yheC	1.59
yheL	2.06
yesN	0.9271
yclF	0.1004
dnaA	0.0
amhX	0.3994
ycbT	1.48
feuC	1.42
gidA	2.97
yxnB	0.8044
spsF	1.19
