ybeF	0.8478
glpQ	0.7671
ybdT	1.03
ybxH	0.9741
ybdM	1.28
ybdK	1.3
ybxF	0.2501
rplJ	0.05453
rplK	0.2912
rpmG	0.9839
yacP	0.3704
rplL	0.1761
ybdE	4.65
ybcT	4.79
ybcQ	8.49
ybcO	6.38
ybcL	1.44
ybcH	0.9177
cysE	0.6061
yacN	1.16
yacL	1.28
sms	1.5
yacH	1.66
glpT	0.869
ybyB	1.97
ybxI	1.53
csgA	1.02
ybdL	1.01
ybdJ	1.84
ybxB	0.5192
rplA	0.3589
nusG	0.9225
sigH	1.22
yacO	0.6773
ybdA	7.2
ybcS	7.61
ybcP	9.63
ybcM	1.27
ybcI	1.33
ybcF	1.21
gltX	1.23
yacM	1.52
yacK	2.15
yacI	2.9
ctsR	2.05
ydbB	1.09
ydbA	0.0
ydaS	1.1
ydaQ	0.8796
mutT	0.0
ydaN	0.8323
yciB	1.36
nasA	1.13
nasD	0.8316
nasF	0.8416
ycgS	0.9843
ycgQ	0.9129
ydaL	1.05
ydaJ	0.9441
lrpC	0.8288
ydaH	0.8308
ydaF	1.22
ydaD	0.9857
ycgO	0.7226
ycgM	1.01
cah	1.04
ycgJ	1.05
tmrB	1.17
ycgH	1.11
gsiB	1.65
ydaT	0.9189
ydaR	0.9006
ydaP	1.01
ydaO	0.9817
ydaM	1.15
yciA	1.79
nasC	1.35
nasE	0.6753
ycgT	1.22
ycgR	1.28
ycgP	1.43
ydaK	1.16
ydzA	1.02
ydaG	1.36
ydaE	1.35
ydaC	1.87
ycgN	1.15
ycgL	1.19
ycgK	1.46
aroI	1.5
nadE	1.56
ycgG	1.39
purL	4.21
purC	3.83
purK	4.29
yebG	0.6874
yebE	1.41
yebC	1.09
ydfK	1.08
ydfJ	1.34
ydfH	0.9572
ydfF	0.9748
ydfD	1.1
ydfB	1.19
guaA	0.5868
yeaD	1.01
yeaB	1.2
yeaA	0.6621
ydjO	1.1
ydjM	1.27
ydeT	0.8988
ydeR	1.17
ydeP	0.8248
ydzF	1.07
ydeM	0.937
ydeK	1.12
yexA	4.99
purB	5.37
purE	4.39
yebF	1.24
yebD	1.5
yebB	1.79
nap	1.13
ydfI	1.25
ydfG	1.53
ydfE	1.23
ydfC	1.31
ydfA	1.28
yebA	0.0
yeaC	1.19
gabP	1.83
ydjP	0.8252
ydjN	1.17
ydjL	1.27
ydeS	1.09
ydeQ	1.47
ydeO	0.8979
ydeN	1.44
ydeL	1.47
ydeJ	1.88
yfhS	0.6133
yfhO	0.7859
yfhM	0.7925
yfhK	1.2
yfhI	0.9573
yfhG	0.8413
yflS	1.17
yflT	0.9383
yfmC	0.4852
yfmE	0.7329
yfmG	1.86
yfmI	1.35
yfhE	0.9568
yfhC	0.9078
yfhA	0.7125
yfiY	0.5536
yfiV	1.02
yfiT	1.05
yfmK	1.14
yfmM	0.7947
yfmO	1.03
yfmQ	0.5231
yfmS	0.8703
yfnA	0.645
yfhP	0.9678
csbB	1.21
yfhL	1.02
yfhJ	1.19
yfhH	1.01
yfhF	1.15
pel	2.13
yfmA	1.2
yfmD	1.01
yfmF	1.17
yfmH	3.73
yfmJ	1.8
yfhD	1.02
yfhB	1.69
yfiZ	0.9675
yfiW	1.21
yfiU	1.11
yfiS	1.33
yfmL	1.01
yfmN	1.08
yfmP	0.8403
yfmR	1.22
yfmT	0.0
yfnD	1.4
yisK	1.23
yisI	1.09
yisG	1.24
yisE	1.14
yisB	0.6225
addA	0.0
yhdY	0.9477
yhdW	0.6521
yhdU	1.02
yhdS	0.9033
yhdQ	0.8105
yhdO	0.8561
yhjQ	1.04
yhjM	1.89
yhjK	3.41
yhjI	1.97
yhjG	1.15
yhjE	0.9855
yhdL	0.8136
yhdJ	0.9878
yhdH	0.7668
yhdF	0.9067
citR	0.8965
phoA	1.05
yisJ	1.12
yisH	1.13
yisF	1.26
yisC	1.15
sbcD	1.05
yhjR	1.06
yhdX	2.42
yhdV	1.06
yhdT	2.13
yhdR	1.31
yhdP	1.19
yhdM	0.8508
yhjO	1.79
yhjL	4.02
yhjJ	5.43
yhjH	1.62
sipV	0.9286
yhjD	1.45
yhdK	0.8388
yhdI	1.25
yhdG	0.0
citA	1.32
lytE	1.2
spoVR	1.51
xkdU	1.05
xkdS	0.9697
xkdQ	1.17
xkdN	0.9297
xkdK	1.09
xkdI	0.8182
yjbX	1.53
yjbV	1.2
yjbT	1.5
yjbR	1.45
tenA	1.43
yjbP	1.14
xkdG	1.12
xkdE	0.9499
xpf	0.9962
xkdD	0.9144
xkdB	1.05
xkdA	0.9265
yjbN	1.21
yjbL	0.8819
yjbJ	0.8609
yjbH	1.13
yjbF	1.62
yjbE	1.18
xkdT	1.05
xkdR	0.0
xkdP	1.04
xkdM	0.0
xkdJ	0.0
xkdH	0.0
yjbW	1.17
yjbU	1.46
yjbS	1.77
tenI	1.87
yjbQ	1.3
yjbO	1.26
xkdF	1.16
xtmA	1.31
xtrA	1.35
xkdC	1.48
xre	1.43
yjqC	1.24
yjbM	1.47
yjbK	1.12
yjbI	1.57
yjbG	3.12
mecA	1.71
yjbD	2.37
ylaM	1.02
ylaK	1.08
ylaH	0.7241
ylaF	1.17
ylaD	0.0
ylaB	0.9778
ykvM	0.4455
ykvK	0.4572
ykvI	0.9272
motA	0.4713
ykvE	0.5704
eag	0.9636
nprE	1.08
ykzC	0.8908
ykzI	0.8347
yktA	0.6455
slp	0.7342
pdhC	0.4848
ykvA	0.9578
ykrY	0.8289
ykrW	0.9364
ykrU	1.04
ykrS	0.896
ykrQ	1.15
ylaL	1.58
ylaJ	0.0
ylaG	0.8335
ylaE	0.0
ylaC	0.0
ylaA	0.0
ykvL	0.0
ykvJ	0.0
clpE	0.0
motB	0.0
ykvD	0.0
spo0E	1.33
yktD	0.9786
yktC	1.22
yktB	1.14
cad	0.8749
pdhD	0.6525
pdhB	0.7236
ykrZ	1.2
ykrX	1.16
ykrV	0.9863
ykrT	1.92
dat	1.89
ykrM	1.35
ymfM	1.02
ymfK	0.8298
ymfI	0.857
ymfF	0.6502
ymfD	0.8309
spoIIIE	0.0
yloW	0.6893
yloU	0.5563
spoVM	0.8382
yloR	0.7514
ymfA	0.608
dapG	0.8479
spoVFB	0.885
ymxH	1.21
ylxY	0.7791
ribC	0.7343
fmt	0.6026
priA	0.0
yloH	0.8359
yloC	0.6762
ylnF	0.758
ylnD	0.7951
ymfL	1.03
ymfJ	0.0
ymfH	1.07
ymfE	0.8691
ymfC	0.8411
ymfB	1.18
yloV	0.9762
rpmB	0.625
yloS	0.0
yloQ	0.0
yloO	0.0
yloM	1.08
dapA	1.05
asd	1.26
spoVFA	1.05
ymxG	1.11
rpsO	0.4533
truB	0.6705
def	0.9225
yloI	1.37
yloD	1.11
yloA	1.14
ylnE	0.9542
ylnC	1.1
yobK	1.07
yobI	1.09
yozL	1.17
yobH	1.12
rapK	1.96
yobF	0.8712
yneI	1.11
ynzD	0.9351
yneE	4.68
ynzC	0.6986
yneA	1.15
yndN	0.818
yozI	0.8826
yobD	0.8148
pps	1.07
yobA	1.09
yoaZ	1.08
yoaV	1.09
yndL	0.9476
yndJ	0.8573
yndG	1.39
yndD	1.32
yndB	1.22
ynzA	1.28
yobJ	0.467
yozM	0.0
yozK	0.0
phrK	2.71
yozJ	0.0
yobE	0.0
ccdA	0.0
yneF	1.41
tkt	1.7
yneB	1.34
lexA	1.03
yndM	1.33
yozH	0.9156
xynA	0.0
yobB	0.0
penP	0.0
yoaW	0.0
yoaU	0.0
yndK	1.11
yndH	1.51
yndE	1.56
ynzB	1.66
yndA	1.49
cotC	1.3
yonR	0.5047
yonT	0.8118
yonV	0.6744
yopA	0.916
yopC	0.5905
yopE	0.6861
yosR	1.18
yosT	0.8696
yosV	0.9896
yosZ	1.14
yotB	1.02
yotD	0.8886
yopG	0.8835
yopI	0.9312
yopK	0.5447
yopM	0.7043
yopO	0.722
yopQ	0.99
yotF	1.06
yotH	1.09
yotJ	0.7997
yotL	0.9926
yotN	0.8527
yodV	1.02
yonS	0.0
yonU	0.0
yonX	0.0
yopB	0.662
yopD	0.0
yopF	0.0
yosS	0.0
yosU	0.0
yosX	0.0
sspC	1.12
yotC	0.0
yotE	1.06
yopH	1.28
yopJ	0.0
yopL	0.0
yopN	0.0
yopP	0.0
yopR	0.0
yotG	0.0
yotI	0.0
yotK	0.0
yotM	0.0
yodU	1.38
cgeA	0.0
fer	1.12
recQ	0.904
ypbE	0.8175
ypbH	0.8798
ypdA	1.1
sleB	0.9295
ypcP	0.96
ypdP	0.9708
ypeQ	0.8029
degR	0.6651
ypfP	0.9657
bsaA	1.26
ypfA	0.8852
cmk	0.7382
ypgA	1.21
yphB	0.9077
gpsA	0.5717
yphF	0.7744
ypgR	1.47
yphP	1.05
ypjP	1.04
thyB	1.25
ypkP	0.9256
yplP	0.5632
ypbB	0.0
ypbD	0.0
ypbF	0.0
ypcA	1.49
ypdC	0.0
ypeB	0.0
ypdQ	0.0
ypeP	0.0
ypzA	0.0
cspD	0.9952
metB	1.08
ypgQ	1.33
ypfB	1.25
ypfD	2.87
yphA	0.0
yphC	0.0
yphE	0.0
spoIVA	0.0
ilvD	0.7064
ypiP	0.0
ypjQ	1.69
dfrA	1.26
yplQ	1.11
ilvA	0.8328
yqgA	0.7563
yqgC	0.8373
yqgE	1.06
yqgG	0.9638
yqgI	1.06
yqgK	0.9695
bfmBAB	0.3105
bmrR	0.8161
yqiW	1.03
yqiY	0.2204
yqjA	0.5281
yqjC	0.7744
yqgL	0.9259
yqgN	0.8752
yqgP	0.8493
glcK	0.9844
yqgU	0.9707
yqgW	2.96
yqjE	1.14
yqjG	0.9925
yqjI	2.56
yqjK	1.2
yqjM	1.09
yqjO	0.8526
yqgB	0.0
sodA	0.0
pbpA	0.7534
yqgH	0.0
yqgJ	0.0
yqzD	0.0
bfmBB	0.0
bmr	0.0
yqiX	0.2534
yqiZ	0.427
yqjB	0.7854
yqjD	1.3
yqgM	1.22
yqgO	0.0
yqgQ	0.0
yqgT	0.0
yqgV	0.0
yqgX	1.5
yqjF	0.0
yqjH	0.0
yqjJ	2.24
yqjL	1.71
yqjN	1.78
yqjP	1.27
levE	0.6971
levG	0.8817
adhA	1.18
yraC	0.9921
yraE	1.3
yraF	1.15
yqbK	1.39
yqbM	1.06
yqbN	1.16
yqbQ	1.09
yqbS	1.08
yqcA	1.08
yraH	1.31
yraJ	2.5
yraL	1.58
yraM	1.09
yraO	1.08
sigZ	1.06
yqcD	1.23
yqxG	1.16
yqxI	2.76
yqcF	1.69
yqzI	0.9554
rapE	1.44
levF	1.15
sacC	0.0
yraB	0.0
yraD	0.0
adhB	0.0
yraG	0.0
yqbL	0.0
yqdB	0.0
yqbP	0.0
yqbR	0.0
yqbT	1.37
yqcB	1.19
yraI	2.47
yraK	1.5
csn	2.33
yraN	0.0
yrpG	0.0
yrpE	1.32
yqcE	0.0
cwlA	0.0
yqxJ	0.0
yqcG	1.8
phrE	3.15
yqcI	1.31
ytaF	0.8393
ytbE	0.8841
ytcD	0.8032
ytcF	0.4846
dnaB	0.7613
ytxB	0.6775
folC	0.5833
spoIIB	11.26
ysxA	0.7415
mreC	0.6604
minC	0.636
spoIVFA	0.8889
thrS	0.3163
lytS	0.9981
ysbA	0.8737
yscB	0.8943
infC	0.2755
rplT	0.2553
rplU	0.4452
spo0B	0.6818
p`eB	0.6301
pheB	0.7251
yrxA	0.4788
nadB	0.1228
nadA	0.1235
ytaG	0.8973
ytbD	0.0
gapB	0.0
ytcG	0.0
dnaI	1.19
ytxC	0.0
comC	0.0
maf	1.31
mreB	0.7701
mreD	0.6711
minD	0.8189
spoIVFB	1.01
ysaA	1.49
lytT	1.12
ysbB	1.15
yscA	0.4114
rpmI	0.3387
ysdA	0.0
ysxB	0.6174
obg	0.926
pheA	0.0
nifS	0.7088
nadC	0.2427
yrbA	0.2952
yubA	0.6765
yubC	0.8433
yubE	0.7118
yubG	0.9132
yuaB	1.72
gbsA	1.1
yteP	0.8663
yteR	0.8298
yteT	1.01
yteV	1.22
ytfP	0.9429
ytzG	0.6395
yuaD	1.03
yuaG	0.3442
yuaJ	0.7458
glgD	5.41
ytaB	1.75
ytxN	1.54
ytzE	4.25
ythQ	0.8891
ytjP	1.22
ytlP	1.11
ytlR	0.9829
ytmP	0.9859
yubB	0.0
yubD	1.03
yubF	0.7535
yuaA	0.0
yuaC	2.71
gbsB	1.42
yteQ	0.0
yteS	0.0
yteU	0.0
opuD	0.0
ytgP	1.12
ytzF	0.0
yuaF	0.4793
yuaI	0.4989
glgB	2.0
glgA	4.45
ytaA	0.0
cotS	1.6
ythP	0.9695
ytiP	1.16
ytkP	1.3
ytlQ	1.42
amyX	1.18
ytzH	1.14
yvrB	0.798
yvqK	0.5093
yvqI	1.04
yvqG	0.7195
yvqE	0.7146
gerAC	0.8414
yutL	0.983
paiA	1.13
yumD	6.27
yumC	0.576
yuiA	0.4956
yuiC	0.6069
gerAA	0.9889
yuxN	1.23
yvqA	0.9773
yvtB	1.1
yusZ	1.08
yusW	1.01
yuiE	1.35
yuiG	0.6462
yuiI	0.7532
dhbC	0.7878
dhbB	0.8498
yukL	1.03
yvrA	1.31
yvqJ	1.11
yvqH	1.31
yvqF	1.04
yvqC	0.0
gerAB	1.29
yutM	0.0
paiB	0.0
yuzG	0.0
yumB	0.0
yuiB	0.0
yuiD	0.0
citG	1.8
yvqB	1.37
yvtA	0.9993
mrgA	2.45
yusX	1.25
yusV	0.9898
yuiF	1.26
yuiH	1.06
dhbA	1.14
dhbE	0.9288
yukM	1.54
yukJ	5.39
yvyD	1.07
cccB	0.6984
ftsX	0.478
yvzD	0.3126
yvkA	0.7366
yvkC	0.0
yvfH	0.9991
lacR	0.0
yvfM	0.9127
yvfO	1.0
yvfS	1.06
yvfU	1.37
uvrB	1.24
yvzB	0.9938
yvlA	0.5386
yvlC	0.7804
yvmB	0.9395
cypX	1.06
yvfW	1.46
yvbX	0.8238
yvbV	1.07
yvbT	0.7636
araE	0.9181
gap	0.486
yvjA	1.24
ftsE	0.8517
yvjB	0.7944
yvjD	0.6579
yvkB	0.9605
csbA	0.0
yvfI	0.0
yvfL	0.0
lacA	1.4
yvfR	0.0
yvfT	0.0
yvfV	1.7
uvrA	1.35
yvkN	0.9783
yvlB	0.8021
yvmA	0.9507
yvmC	0.9798
yvnA	1.07
yvbY	2.01
yvbW	0.9858
yvbU	1.11
araR	0.0
yvbQ	0.7392
pgk	0.6952
ywhR	0.6095
sbo	0.9211
argS	0.9276
fnr	0.7686
ywiD	1.03
narH	1.02
ywpD	1.22
ywpF	1.22
ywpH	3.3
ywqB	1.15
ywqD	0.9891
ywqF	1.16
narI	1.07
ywjA	0.9341
ywjC	0.8779
ywjE	0.0
rpoE	1.09
ywjG	0.9181
ywqH	1.75
ywqJ	1.8
ywqL	1.56
ywqN	1.32
ywrA	1.09
ywrC	0.893
ywiA	0.9868
ywiB	0.8339
narK	1.13
ywiC	0.9364
narG	0.0
narJ	0.0
ywpE	0.0
ywpG	1.46
ywpJ	0.0
ywqC	1.39
ywqE	0.0
ywqG	1.29
ywiE	1.26
ywjB	0.7537
ywjD	1.3
acdA	1.28
ctrA	0.0
spo0F	2.74
ywqI	1.92
ywqK	2.01
ywqM	1.48
ywqO	1.23
ywrB	1.27
ywrD	1.45
hutI	0.8518
hutP	0.9028
yxiB	0.6835
yxiD	0.9064
yxxE	0.6489
bglH	1.23
ywbA	0.9878
ywbC	0.8092
ywbE	1.14
ywbG	0.982
ywbI	0.7054
thiC	0.7988
yxxF	1.13
yxiF	0.7061
yxiG	0.7033
yxzG	0.9552
yxiJ	0.6112
yxiL	0.7099
ywbO	1.04
ywcB	0.897
ywcD	0.7298
ywzA	0.975
qoxB	0.3891
qoxD	0.374
hutU	1.16
yxiA	1.29
yxiC	0.9419
yxxD	0.8982
bglP	1.36
yxiE	1.99
ywbB	0.0
ywbD	1.05
ywbF	1.43
ywbH	0.8421
thiK	0.9532
ywbM	0.8487
yxxG	0.0
yxzC	0.7141
yxiH	0.7979
yxiI	0.8276
yxiK	0.8176
yxiM	1.05
ywcA	1.08
ywcC	1.2
galT	0.0
qoxA	0.526
qoxC	0.4131
ywcE	1.48
ytrP	1.29
yprA	0.0
yloN	0.0
yerG	0.0
wprA	0.0
yycJ	0.6725
rocR	1.18
rocE	1.12
phrG	4.41
yycN	1.23
yycP	1.09
topB	0.0
polA	0.0
mmgA	0.0
ileS	0.0
dinG	0.0
carB	0.0
yycR	2.35
yydA	0.8286
yydC	1.02
fbp	1.34
yydG	0.8647
yydI	0.8821
ytsD	1.08
yrvE	0.0
yloP	0.0
ykuA	0.0
ydhL	0.0
valS	0.0
yyxA	0.0
rocD	0.0
rocF	0.0
rapG	2.7
yycO	0.0
yycQ	1.25
smc	0.0
murD	0.0
lonA	0.0
hrcA	0.0
cheA	0.0
alaS	0.0
yycS	1.23
yydB	1.07
yydD	1.17
yydF	2.07
yydH	1.05
yydJ	1.02
yveM	0.9306
yutK	0.7751
yueB	0.5688
yufK	0.7441
ytpQ	0.6513
ytmO	1.04
yndF	0.9476
pksL	2.42
mcpC	0.8254
yisZ	0.7366
ydbH	1.62
ybxG	1.15
ysdB	0.0
yrhE	1.05
yqcC	0.8818
ponA	0.7732
yomI	1.02
cgeC	0.8077
wapA	1.23
ppsA	0.0
pksM	2.4
yetO	0.8373
rpoC	0.4966
dra	0.7791
yvfQ	1.16
yukA	1.08
yuxO	1.05
glgC	3.19
yttP	1.24
pykA	1.08
pksP	0.0
pksK	2.54
oppD	1.12
srfAA	2.77
yccK	0.0
secE	0.9501
rpmA	0.5981
yrpC	1.31
yqgS	1.05
ypbR	1.34
yorL	1.21
odhA	1.93
dhbF	0.0
pksR	2.01
yfkN	2.13
gutR	1.5
yxeF	0.0
galK	0.0
rbcL	1.34
aceF	0.7559
kdtA	0.6595
tufA_E	0.4592
yazC	0.4031
yrhC	1.05
yerC	0.932
yshA	0.5926
yoqX	0.0
yacF	1.14
yhcD	0.7601
yetG	0.6905
ywnG	0.0
ywqA	0.8208
degU	1.6
yvnB	1.08
cysS	0.7674
yqjU	0.9518
ylaI	1.09
yuaE	1.15
yqaD	1.25
yozD	1.18
yazB	1.13
yfnB	1.17
ywmD	1.0
glcR	1.54
ggaB	0.9398
prfB	1.23
yvoD	1.36
ybcD	0.8118
ndhF	0.6583
adaA	1.06
ybbU	1.06
ybbT	0.8885
ybbP	0.8395
folK	1.23
sul	1.54
pabA	1.26
cysK	1.85
yacC	1.05
sigW	0.4589
ybbJ	1.29
ybbH	1.37
ybbE	0.9159
ybbC	1.68
feuA	1.27
yabT	3.34
yabR	0.0
yabQ	0.0
yabO	0.0
spoVT	0.0
ybcC	0.6238
adaB	1.25
alkA	1.09
glmS	1.17
ybbR	1.08
ybbM	0.6654
folA	1.65
pabC	1.56
pabB	1.75
yacD	1.58
yacB	1.5
ybbK	1.41
ybbI	1.53
ybbF	1.58
ybbD	1.66
ybbB	1.35
feuB	1.27
yabS	3.29
divIC	1.68
yabP	1.16
yabM	1.41
spoVC	1.26
ydaB	0.9942
ycsN	1.06
yczI	0.9703
ycsO	0.2995
ycsI	0.5763
ycsE	0.8933
ycgF	0.7972
mdr	0.5616
lctE	2.71
ycgB	0.9244
opuAC	0.8757
yceK	0.7735
yczH	1.01
ycsA	1.04
mtlA	1.09
ycnK	0.618
ycnI	0.7054
ycxE	1.21
yceI	0.3086
yceF	0.5404
yceD	0.4978
yceB	0.9998
ycdI	0.7985
ycdG	1.07
ydaA	1.25
yczJ	1.38
ycsK	0.7418
ycsJ	0.6659
ycsF	0.5334
ycsD	0.9394
ycgE	1.12
lctP	1.37
amyE	1.4
ycgA	1.24
opuAB	1.21
yceJ	0.917
sipU	1.08
mtlD	0.9995
ycnL	0.856
ycnJ	0.8159
gdh	1.08
ycnH	1.02
yceG	0.756
yceE	0.5886
yceC	0.6153
yceA	0.9397
ycdH	1.28
ycdF	1.38
ydjJ	0.7242
ydjH	0.2274
ydjF	0.2486
gutB	0.826
ydjB	0.7739
ydiR	0.6653
ydeI	1.08
ydeG	0.6855
ydeE	1.08
ydeC	1.19
ydeB	1.15
ydeA	1.26
ydiP	1.04
ydiN	1.11
groEL	4.18
ydiL	1.52
ydiJ	3.62
ydiH	2.21
yddS	1.15
yddQ	1.09
lrpA	1.05
phrI	1.38
yddJ	1.55
yddH	1.22
ydjI	0.3407
ydjG	0.3111
ydjE	1.62
ydjC	0.9856
ydiS	0.9506
ydiQ	1.06
ydeH	1.31
ydeF	1.14
ydeD	1.42
ydzE	1.19
cspC	1.33
yddT	1.81
ydiO	1.42
ydiM	1.48
groES	8.95
ydiK	1.36
ydiI	2.83
ydiG	1.22
yddR	1.44
lrpB	1.39
yddM	1.3
rapI	1.24
yddI	1.65
yddG	0.0
yfiR	1.04
lipB	0.8869
yfiN	0.9812
yfiL	1.04
yfiJ	0.8382
yfiH	0.9215
yfnE	1.01
yfnG	0.8656
yfnI	0.677
yetL	0.923
yetJ	0.6886
yezB	1.02
yfiF	1.12
yfiD	0.7913
glvC	0.9792
glvA	1.08
yfjB	1.04
yfjD	0.9926
yetH	0.0
lplD	1.07
lplB	1.05
yetA	0.0
yesX	1.17
yesV	1.28
yfiQ	0.9905
yfiO	0.7836
yfiM	1.23
yfiK	0.9895
yfiI	1.19
yfiG	0.0
yfnF	1.26
yfnH	1.19
yetN	0.9857
yetK	0.9848
yezD	1.08
yetI	1.21
yfiE	1.22
yfiC	1.21
yfiA	1.27
yfjA	1.17
yfjC	1.27
yfjE	1.21
yetF	1.22
lplC	1.29
lplA	1.18
yesZ	1.14
yesW	1.41
yesU	1.56
yhjC	0.6691
yhxD	1.01
yhzC	1.1
yhfW	0.9214
yhfU	0.7266
yhfS	0.6665
ygxB	0.9156
yhdD	0.5881
yhdB	0.7658
yhcZ	0.9247
yhxB	0.9003
glpK	0.7875
yhfO	0.9722
yhfN	0.0
yhfL	1.07
yhfJ	1.26
yhfH	1.06
yhfF	1.74
glpP	2.04
yhcX	1.32
yhcV	1.25
yhcT	1.02
yhcR	0.0
yhcP	0.958
yhjA	3.79
comK	1.79
yhxC	1.28
yhfV	0.7329
yhfT	0.7516
yhfP	1.16
yhdE	0.6155
yhdC	1.1
yhdA	1.15
yhcY	1.11
glpD	1.07
glpF	1.19
aprE	1.66
yhfM	1.14
yhfK	1.52
yhfI	1.26
gltT	1.26
yhfE	2.32
yhxA	2.89
yhcW	1.45
yhcU	1.47
yhcS	2.21
yhcQ	1.44
yhcO	1.31
yjqB	0.6907
xlyB	1.01
phrA	1.85
yjoB	0.4864
yjnA	1.03
yjmI	1.09
yjbC	0.5749
oppF	0.7474
oppB	0.8779
trpS	0.685
appC	1.49
appA	1.9
yjmG	0.9932
yjmE	0.8965
yjmC	0.8931
yjmA	0.8591
yjlC	0.6704
yjlA	0.7426
appD	1.57
yjaY	0.8669
yjzA	0.7174
yjaV	0.8373
yjzD	1.34
argF	0.1438
yjqA	0.7248
yjpA	0.9634
rapA	1.82
yjoA	1.56
yjmJ	1.1
yjmH	1.27
yjbB	1.25
oppC	0.9585
oppA	1.17
yjbA	1.34
appB	2.02
appF	2.67
yjmF	1.22
yjmD	1.02
yjmB	1.12
yjlD	0.7895
yjlB	1.09
yjkB	1.0
yjaZ	1.09
yjzB	1.03
med	0.9983
yjaU	1.01
yjzC	0.9334
pdhA	0.46
ykrB	0.0
ykzG	0.4404
adeC	0.6807
ykqA	0.5549
abh	0.6376
ykrL	0.0
sspD	0.0
ykoZ	1.06
ykoV	0.8311
ykoT	0.9416
ykoQ	0.9105
ykpC	0.0
ykpB	1.08
ykoA	0.6571
fruA	0.5939
yknZ	0.5877
yknX	0.5418
ykoN	1.09
ykoL	0.9952
tnrA	1.03
ykzD	0.9961
ykoI	0.9156
ykoG	0.9783
ykyA	0.7053
ykrA	1.08
ykqC	0.9417
ykqB	1.01
kinC	0.9461
mreBH	0.8844
ykrK	1.19
ykrI	1.31
ykoX	1.09
ykoU	1.02
ykoS	1.09
ykoP	1.04
ampS	1.04
ykpA	0.965
sipT	0.8076
fruR	0.7258
yknY	0.8551
yknW	0.8045
ykoM	1.3
ykzB	1.19
ykoK	1.13
ykoJ	1.55
ykoH	1.19
ykoF	1.39
rbfA	0.3406
infB	0.0
ylxR	0.3851
ylxS	0.49
yluC	0.5966
cdsA	0.5501
ylnB	0.6583
cysH	0.5034
pyrF	0.143
pyrDII	0.125
pyrC	0.2607
pyrP	0.3229
frr	0.6004
tsf	0.4097
ylxL	0.3487
cheD	0.3377
cheW	0.3906
cheB	0.3865
ylyB	0.7198
ylyA	0.693
divIVA	1.21
ylmG	1.12
ylmE	1.2
ylmC	0.9741
ylxP	0.4078
ylxQ	0.3801
nusA	0.5981
proS	0.8214
yluB	0.6225
yluA	0.76
ylnA	0.6761
pyrE	0.2108
pyrD	0.2226
pyrAA	0.2274
pyrB	0.2686
pyrR	0.4185
smbA	0.7775
rpsB	0.3585
sigD	0.4507
cheC	0.5522
ylxH	0.5402
lsp	0.9265
ylmH	1.12
ylmF	1.55
ylmD	1.07
ylmB	1.21
yoaT	0.0
yoaS	0.0
yozF	0.0
yoaP	0.0
yoaN	0.0
pelB	0.0
yncM	9.78
ynzH	0.0
yncE	0.0
yncC	0.0
xylB	0.0
xylR	0.0
yoaJ	0.8058
yoaH	0.6104
yoaF	0.4576
yoaD	0.672
yoaB	0.5804
yoxB	0.0
ynaJ	0.0
ynaG	0.0
ynaE	0.9705
ynaC	1.01
ynzG	0.0
ynxB	0.0
yozG	1.01
yoaR	1.06
yoaQ	1.0
yoaO	1.04
yoaM	1.09
yoaK	1.43
thyA	1.15
yncF	1.37
yncD	1.3
yncB	1.03
xylA	1.08
xynB	1.13
yoaI	0.9504
yoaG	0.7487
yoaE	1.05
yoaC	0.8012
yoaA	1.02
yoxC	1.13
ynaI	1.23
ynaF	1.11
ynaD	1.45
ynaB	1.3
ynzF	1.85
glnA	1.2
yopS	0.0
yopU	0.0
yopW	0.0
yopY	0.0
yoqA	0.0
yoqC	0.0
cgeD	0.0
yodT	0.0
yodR	0.0
yodP	0.0
yozE	0.0
yodM	0.0
yoqE	0.7963
yoqG	0.8995
yoqI	0.0
yoqK	0.0
yoqM	0.0
yoqO	0.0
deoD	0.0
yodI	0.0
ctpA	0.8954
yodE	0.8662
yodC	0.9785
yojA	0.0
yopT	0.6068
yopV	0.8603
yopX	0.9701
yopZ	1.06
yoqB	1.51
yoqD	1.07
cgeE	0.8328
yodS	1.42
argE	1.45
yodO	2.92
yodN	1.29
yodL	3.08
yoqF	1.19
yoqH	1.18
yoqJ	1.2
yoqL	1.02
yoqN	1.25
yoqP	1.14
yodJ	1.11
yodH	1.01
yodF	0.578
yodD	1.22
yodA	1.19
yojB	1.12
hbs	0.6977
mtrB	0.4285
gerCB	0.0
ndk	0.0
aroF	0.0
aroH	0.4879
ypmP	0.0
ypmR	0.0
ypmT	0.0
ypoP	0.0
yppQ	0.0
yokA	1.05
trpD	0.658
trpF	0.5373
trpA	0.3968
tyrA	0.5511
ypiA	1.07
ypiF	1.27
yokC	0.9317
yokE	0.7632
yokG	1.67
yokI	0.7861
yokK	1.17
yolA	0.676
mtrA	0.5744
gerCA	0.7673
gerCC	0.9184
cheR	0.9225
aroB	0.6469
trpE	0.9817
ypmQ	1.05
ypmS	0.9315
ypnP	0.9243
yppP	1.3
ypqP	1.15
yokB	1.16
trpC	0.7329
trpB	0.7028
hisC	0.6278
aroE	0.8993
ypiB	2.45
qcrA	2.65
yokD	1.06
yokF	0.9613
yokH	1.38
yokJ	1.16
yokL	1.26
yolB	0.7341
yqgY	2.04
yqhA	0.0
yqxL	0.0
comGB	0.0
comGD	0.0
comGF	0.0
yqjQ	0.0
yqjS	0.0
yqjV	0.0
yqjW	0.0
yqjY	0.0
yqkA	0.8322
yqzE	1.41
yqxM	1.18
cotN	2.45
sinI	0.0
yqhH	0.0
yqhJ	0.5792
yqkC	0.9304
yqkE	0.9192
yqkG	0.0
ansA	1.22
yqkI	0.9818
yqkK	0.9309
yqgZ	1.01
yqhB	1.29
comGA	3.63
comGC	2.8
comGE	2.87
comGG	1.82
yqjR	1.07
yqjT	1.1
yqzH	1.04
yqjX	1.22
yqjZ	1.17
yqkB	1.04
yqzG	1.72
sipW	1.73
sinR	1.66
yqhG	1.07
yqhI	0.8782
yqhK	0.5191
yqkD	1.12
yqkF	1.51
ansR	1.16
ansB	1.14
yqkJ	1.51
spoIIM	1.66
yrpD	2.9
aadK	0.0
yrdB	0.0
yrdD	0.0
yrdF	0.0
azlC	0.0
yqcJ	0.0
yqcL	0.0
spoIVCA	0.9764
nucB	0.0
yqeC	0.0
yqeE	0.0
brnQ	0.9475
gltR	0.9881
czcD	0.0
yrdQ	0.0
yrkA	0.0
blt	0.6645
yqeG	0.6255
aroD	0.5079
yqeJ	0.432
yqeL	0.3992
comER	1.26
comEB	1.15
yrpB	1.24
yrdA	1.47
yrdC	0.7641
cypA	1.02
azlB	1.04
azlD	1.31
yqcK	1.12
yqcM	1.11
spoIVCB	1.19
yqeB	0.9831
yqeD	0.9806
yqeF	0.9504
yrdK	1.17
yrdN	1.25
trkA	0.0
yrdR	1.16
bltD	1.11
bltR	1.06
yqeH	0.761
yqeI	0.4482
yqeK	0.4873
yqeM	0.9325
comEA	1.71
comEC	1.5
ysdC	1.25
araA	0.0
araD	0.0
araM	0.8715
araP	0.0
abfA	0.0
yrbB	0.2408
yrbD	0.5661
yrzG	0.6576
yrbE	0.6323
bofC	0.7007
ruvB	0.7954
ysfE	0.8746
ysfC	0.882
ysfA	0.6869
pheS	0.845
ysgB	0.8633
yshC	0.9754
tgt	0.8599
yrzE	0.8985
spoVB	0.9107
yrvB	0.821
yrvC	0.9969
abnA	1.07
araB	0.9847
araL	0.9691
araN	0.939
araQ	1.03
cstA	0.0
yrbC	0.6188
yrzH	0.8931
yrzF	0.9714
csbX	0.9129
ruvA	0.7565
queA	1.06
ysfD	0.9126
ysfB	1.03
ysgA	0.4771
pheT	0.6809
yshB	0.9116
yshD	1.08
yrbF	0.8518
yrbG	0.9401
yrzD	1.05
secF	1.15
yrvD	1.17
apt	0.7213
ytxO	1.31
ytcB	0.0
ytdA	0.0
menF	0.9155
ytxM	0.0
menE	1.02
ytmQ	0.0
malS	1.37
ytoP	1.05
ytpP	0.8694
ytpS	0.8007
murC	0.8657
ytgA	0.8105
ytgC	1.01
ythB	1.12
ytiA	1.29
ytjA	1.18
ytkA	1.43
ytxH	2.39
aroA	0.7282
ytxD	1.06
acuC	1.03
acsA	1.31
rpsD	0.3688
ytcC	1.25
ytcA	1.09
yteA	1.39
menD	0.9052
menB	1.01
ytfD	1.16
ytnP	1.57
ytzB	1.31
ytoQ	2.16
ytpR	1.03
ytpT	1.12
ytxG	2.25
ytgB	1.03
ytgD	1.19
ythA	1.42
ytiB	1.52
ytjB	2.58
dps	1.88
ytxJ	2.67
ccpA	0.8415
ytxE	1.18
acuA	1.2
tyrS	0.7288
yusU	0.7617
yusS	0.0
yusQ	0.8701
yusO	0.4933
yusM	0.9535
yusK	1.1
yuxI	4.38
yukE	3.19
yukC	1.08
yueC	0.6483
yueE	0.7452
yuzE	0.0
yusI	0.8854
yusG	1.49
yusE	1.02
yusC	0.7462
yusA	1.06
yurY	1.25
yueG	0.8135
yueI	0.7009
yueK	1.26
yuzC	1.04
comQ	1.52
comP	0.8391
yusT	1.04
yusR	1.19
yusP	1.02
yusN	1.01
yusL	0.0
yusJ	1.36
ald	3.53
yukD	1.29
yukB	1.41
yueD	0.8486
yuzF	1.07
yueF	1.03
yusH	2.33
yusF	1.51
yusD	1.41
yusB	0.8462
yurZ	1.34
yurX	1.46
yueH	0.7962
yueJ	1.58
yuxH	1.1
degQ	2.18
comX	1.88
comA	1.4
yvoA	0.8536
nagA	0.0
lgt	1.16
yvpA	0.7472
hisZ	0.5339
hisD	0.464
tpi	0.4593
eno	0.497
yvbJ	0.7077
yvbH	0.7941
yvbF	0.0
opuCB	0.5757
hisH	0.4476
hisF	0.3897
yvcA	0.8098
yvzA	0.7848
yvcD	1.05
trxB	0.9445
opuCD	1.13
yvaZ	1.95
yvaX	2.45
yvaV	1.05
opuBC	0.7593
yvaQ	0.9051
nagB	1.06
yvoB	1.35
yvpB	1.01
hisG	0.7071
hisB	0.5108
pgm	0.5412
yvbK	1.32
yvbI	0.857
yvbG	1.01
opuCA	0.8998
opuCC	0.6405
hisA	0.5436
hisI	0.5649
yvcB	1.18
yvcC	0.0
yvcE	1.38
yvcI	0.9383
yvbA	2.61
yvaY	4.18
yvaW	3.07
opuBB	0.9814
opuBD	0.0
yvaP	1.66
fbaA	0.9665
murZ	0.9912
rpmE	0.4693
ywkB	1.08
ywkD	0.0
ywkE	0.0
ywrE	0.0
cotG	0.0
cotB	1.03
ywrK	1.02
alsS	1.99
ywrO	0.9725
ywlA	0.8598
ywlB	1.41
ywlE	0.7823
ywlG	0.9754
upp	2.15
atpB	0.6018
ywsB	1.21
rbsC	0.9608
rbsD	1.02
rbsR	1.02
ywtA	1.23
ywtC	0.7753
ywjH	1.36
ywjI	1.39
ywkA	1.25
ywkC	6.64
prfA	1.1
ywkF	0.8113
ywrF	1.47
cotH	1.22
ywrJ	1.23
alsR	1.34
alsD	1.71
ywsA	1.34
spoIIR	1.6
ywlD	1.2
ywlF	1.06
glyA	4.81
atpI	0.8407
atpE	0.6303
rbsB	1.2
rbsA	1.25
rbsK	1.22
ywsC	1.6
ywtB	1.43
ywtD	1.86
deaD	0.0
yxiP	0.8234
bglS	1.13
katB	1.17
yxiT	1.33
yxjB	0.8575
ywcF	0.0
ywcH	0.0
ywcI	52.14
ywcJ	2.62
sacA	0.0
thiD	0.8379
yxjD	0.9143
yxjF	0.9389
yxjH	0.7788
yxjJ	0.7161
yxjL	1.0
yxjN	1.04
ywdD	1.23
ywdF	0.9581
ywdH	1.19
ywdJ	1.03
ywdL	1.26
spsB	1.4
yxiO	0.7642
licT	1.47
yxiQ	1.24
yxiS	0.7497
yxjA	1.08
yxjC	1.12
ywcG	1.7
vpr	5.18
sacT	71.04
sacP	1.47
ywdA	1.16
ywdC	1.28
yxjE	1.08
yxjG	0.8343
yxjI	0.7778
pepT	2.55
yxjM	1.2
yxjO	1.19
ywdE	1.36
ung	1.0
ywdI	1.13
ywdK	1.14
spsA	1.68
spsC	1.66
rnpA	0.6819
jag	0.7151
gidB	0.5327
yydK	0.0
bglA	0.0
ahpC	2.11
gntP	0.0
gntR	0.0
yxaB	1.04
yyaB	1.01
spo0J	1.26
yyaD	1.14
yyaF	1.07
ssb	0.3883
exoA	1.07
yxaD	0.0
yxaF	0.0
yxaH	1.16
yxaJ	0.9287
yxaM	1.33
yxbB	0.0
rpmH	0.9704
spoIIIJ	0.7648
thdF	0.8204
yyaA	0.8773
yyzE	0.9868
ahpF	2.15
gntZ	1.18
gntK	1.38
yxaA	1.55
yxaC	1.14
soj	1.33
yyaC	1.28
yyaE	1.17
rpsF	0.5037
rpsR	0.5128
yyaG	1.38
yxnA	1.29
yxaG	1.1
yxaI	0.4257
yxaL	1.52
yxbA	1.82
yxbC	3.68
gltA	0.5028
ppsE	1.53
ebrA	0.8749
ymfG	0.8113
bpr	2.34
cheV	0.675
rho	0.6457
tagD	0.9663
yvfE	1.39
yvgP	0.5984
yurC	0.0
aapA	0.0
spoIIS	0.9525
xtmB	0.972
yhjN	1.09
yhaA	0.9754
yheJ	0.9604
yfmB	0.8472
yqhQ	0.0
yosN	0.0
pnpA	0.9375
flhA	0.6664
fliP	0.5294
fruB	0.0
ppsC	1.77
yngB	0.8069
pyrAB	0.1671
polC	0.8626
pycA	1.06
ptsH	0.3396
tdk	0.9551
yvfC	1.39
yvfK	1.39
yusY	1.23
ysnF	1.23
lepA	0.5388
xkdO	0.9591
yirY	1.0
yhfQ	0.7897
yhaQ	0.9071
yfkL	1.27
yfnC	1.21
spoIIIAG	1.6
yojG	0.9249
flhF	0.6848
flhB	1.11
cheY	0.7001
moaD	1.97
hprT	0.9889
yvoF	1.02
yvdS	0.9788
sacB	1.03
ffh	0.3345
ssuC	1.12
yvfP	0.7749
ctc	1.08
ppsB	2.24
yvgR	0.5486
ydjK	0.9874
spoIIE	0.0
ywbL	0.8298
sigL	1.11
yacA	1.5
yvdR	1.15
yveB	1.42
yqxK	0.9809
yhaR	1.25
pnbA	1.36
ytnM	1.47
prs	1.15
ykoW	0.9682
cotA	1.26
ydjA	1.04
hutH	1.21
secA	1.26
ybaS	0.9718
ybaN	1.03
gerD	1.09
cwlD	0.9708
ybaJ	1.09
rplM	0.3342
gcaD	1.09
yabJ	1.64
yabH	0.9296
veg	1.2
ksgA	0.9908
ybaF	0.4066
ybxA	0.338
rpoA	0.1614
rpsM	0.1457
infA	0.1082
adk	0.1054
abrB	0.8041
yazA	0.8586
yabA	1.09
holB	1.21
yaaQ	1.46
ybaR	1.25
kbaA	1.32
ybaL	1.22
ybaK	1.16
rpsI	0.4308
truA	0.4159
spoVG	4.31
purR	1.41
sspF	1.08
yabG	1.55
yabF	1.07
ybaE	0.412
rplQ	0.2466
rpsK	0.184
rpmJ	0.1763
map	0.1105
secY	0.138
yabC	1.15
yabB	1.28
yaaT	1.24
yaaR	1.77
tmk	1.74
ycnG	0.9306
yczG	0.7764
ycnD	0.6795
yclQ	0.4494
yclO	0.4372
yclM	0.6248
rapJ	0.8534
ycdC	0.7687
natB	1.01
yccH	0.9729
yccF	1.01
yczB	0.8885
yclK	0.8273
yclI	0.8076
gerKB	0.8025
gerKA	0.9661
yclE	0.9754
yclC	0.9557
cwlJ	0.9779
ycbO	0.9815
ycbL	1.27
yczA	0.9712
ycbH	0.0
ycbF	0.9007
ycnF	0.7867
ycnE	0.6992
ycnC	0.8377
yclP	0.6706
yclN	0.9403
rapC	1.71
ycdD	1.16
ycdA	0.7207
natA	1.04
yccG	1.28
lipA	1.34
phoD	1.19
yclJ	1.01
yclH	1.05
gerKC	1.01
yczF	1.03
yclD	1.15
yclB	1.2
ycbP	1.35
ycbN	1.29
ycbK	1.24
ycbJ	1.46
ycbG	0.927
ycbE	1.05
ydiF	0.9815
ydiD	0.4899
ydiB	0.5959
ydhU	1.41
ydhS	1.25
ydhQ	1.19
yddF	0.0
yddC	1.32
yddA	1.16
ydcS	0.9147
ydcQ	1.18
ydcO	1.13
ydhO	1.21
ydhM	1.54
ydhK	1.04
ydhI	1.21
ydhG	0.9268
ydhF	0.9905
ydcN	1.28
ydcL	1.16
ydcH	0.9059
ydcF	0.9937
sigB	0.8582
rsbU	0.7599
ydiE	0.9309
ydiC	0.7164
ydiA	0.8309
ydhT	1.41
ydhR	1.24
ydhP	1.44
yddD	1.09
yddB	1.05
ydcT	1.23
ydcR	1.25
ydcP	1.34
sacV	1.25
ydhN	1.54
ydhJ	1.32
ydhH	1.32
phoB	1.46
ydhE	1.21
ydcM	1.65
ydcK	0.0
ydcG	1.13
rsbX	1.02
rsbW	1.18
rsbT	1.26
yfjF	0.9486
acoR	0.7979
acoC	1.03
acoA	0.9394
yfjM	0.7242
yfjO	0.7218
yesT	0.9962
yesR	0.7134
yesP	1.07
yesM	1.03
yesK	1.1
cotJB	1.39
yfjQ	0.8929
yfjS	1.01
yfkA	0.8697
yfkC	0.714
yfkE	0.9535
yfkJ	0.7422
yesF	1.22
yeeK	1.01
rapH	2.13
yezA	1.0
yeeC	0.9532
yeeA	0.763
yfjU	1.1
acoL	0.9675
acoB	1.14
yfjL	0.9181
yfjN	0.811
yfjP	1.11
yesS	1.2
yesQ	1.18
yesO	1.1
yesL	1.13
yesJ	1.15
cotJA	1.32
yfjR	1.13
yfjT	0.8719
yfkB	1.12
yfkD	1.32
yfkH	1.55
yfkK	0.0
yesE	0.0
yeeI	0.0
yeeG	1.59
yeeD	0.0
yeeB	1.26
yefC	1.13
yhfD	0.9431
yhfB	0.9674
yhgD	0.6971
hemH	0.7266
pbpF	0.6762
yhgB	0.8785
yhcN	1.05
yhcL	0.9891
yhcJ	0.5655
yhcI	0.8721
yhcG	0.747
yhcE	0.7715
ecsC	1.08
ecsA	1.17
serC	1.42
yhaH	1.12
yhaI	0.9787
yhaK	0.9119
yhcB	0.53
yhbJ	0.5375
yhbH	1.27
yhbF	0.8391
yhbD	1.37
yhbA	0.9101
yhfC	1.23
yhgE	0.7037
hemY	0.9609
hemE	1.03
yhgC	1.53
yhfA	1.17
yhcM	0.8287
yhcK	1.03
cspB	0.7214
yhcH	0.8973
yhcF	0.9541
yhcC	0.3652
ecsB	1.09
hit	1.25
yhaG	0.9823
hpr	1.06
yhaJ	1.2
prsA	1.46
yhcA	0.7538
yhbI	1.55
prkA	1.61
yhbE	1.05
cspR	0.6987
yhzB	1.41
yjkA	0.7272
yjiC	1.18
yjiA	0.6005
yjhA	0.3836
yjgB	1.05
yjfC	0.8742
carA	0.1326
argB	0.2653
argC	0.1751
yitY	0.6155
yitW	0.8722
yitU	1.03
yjfA	1.03
cotT	1.2
yjdJ	0.8557
yjdG	0.9073
yjdE	0.7436
yjdC	1.27
yitT	0.9211
nprB	1.04
yitQ	1.13
yitO	1.15
yitM	2.68
yitK	1.06
yjjA	0.8819
yjiB	1.2
yjhB	0.756
yjgD	0.6045
yjgA	1.01
yjfB	0.9749
argD	0.2174
argJ	0.1723
yitZ	0.7896
yitX	0.9323
yitV	0.6985
ipi	1.19
yjeA	0.9751
yjdK	0.8199
yjdI	0.0
yjdF	1.06
yjdD	1.11
yjdB	1.37
yitS	1.01
yitR	1.34
yitP	1.46
yitN	2.12
yitL	1.09
yitJ	1.26
yknV	0.0
moaE	0.8098
moeA	0.0
mobA	0.0
ykuV	0.0
ykuT	0.0
ykoE	0.7103
ykoC	0.7479
ispA	0.9436
yknA	1.01
ykmA	0.8945
proA	0.6723
ykuR	0.9072
ykuP	0.7368
ykuN	1.01
ykuL	1.26
ykuK	0.6684
ykuI	0.9104
ykkE	0.7436
ykkC	0.8055
ykkA	0.964
ykzH	1.06
ykhA	0.905
ykgB	1.55
yknU	0.0
mobB	1.01
moeB	1.12
ykuW	1.76
ykuU	1.36
ykuS	0.938
ykoD	0.8977
ispU	1.06
metC	0.9512
ykzA	1.25
yklA	0.6628
proB	0.8345
ykuQ	1.05
ykuO	1.02
ykuM	0.9879
ykzF	1.56
ykuJ	0.6974
ykuH	0.9089
ykkD	1.05
ykkB	1.31
ykjA	1.34
hmp	1.25
ykgA	0.0
ykfD	1.83
fliR	0.0
fliZ	0.0
fliM	0.0
flgE	0.6326
fliK	0.0
fliJ	0.5265
ylmA	0.0
sigE	0.0
ftsZ	1.59
sbp	0.0
ylxW	0.5709
murB	0.5503
fliH	0.7894
fliF	0.8947
flgC	0.9156
codY	0.5696
clpQ	0.5033
gid	0.7197
spoVE	0.6226
mraY	0.5976
pbpB	1.24
ylxA	1.02
yllA	0.942
ylbP	1.19
fliQ	0.4998
fliY	0.6183
fliL	0.7361
ylxG	0.6875
ylxF	0.7229
fliI	0.8185
sigG	2.33
spoIIGA	3.84
ftsA	1.43
ylxX	0.8491
divIB	0.7947
murG	0.6571
fliG	1.12
fliE	0.0
flgB	0.0
clpY	0.7407
codV	0.4997
topA	1.34
murE	0.0
ftsL	0.0
yllB	1.2
ylbQ	0.9858
ylbO	1.65
yoxD	0.0
proH	0.0
gltC	0.0
yogA	0.0
ggt	0.0
yoeC	0.0
glnR	0.5376
ynbA	0.0
cwlC	0.0
nrdF	0.501
ymaA	0.0
ymzC	0.9633
yoeA	1.54
pbp	1.76
yngK	1.04
yngJ	1.12
yngH	1.06
yngF	0.9923
miaA	0.9973
ymaG	1.17
ymaD	0.9885
aprX	1.13
ymzB	1.12
pksN	1.86
rtp	0.9131
proJ	0.9811
gltB	0.5853
yofA	0.9259
yoeD	1.02
yoeB	1.75
ynbB	0.8926
spoVK	0.963
ymaB	0.7592
nrdE	0.8814
ymzA	1.05
ymaH	2.98
yoxA	1.92
yngL	0.0
ynzE	1.13
yngI	1.68
yngG	0.0
yngE	1.11
ymaF	1.1
ebrB	0.0
ymaC	0.0
ymaE	0.0
pksS	3.74
pksJ	3.64
yoqR	0.0
yoqT	0.0
yoqV	0.0
yoqY	0.0
yorA	0.0
yorC	0.0
yojC	0.0
yojF	0.0
yojI	0.0
yojK	0.0
yojM	0.0
yojO	0.7914
yorE	0.6159
yorG	0.668
yorI	1.09
yorK	1.07
yorN	0.9509
yorP	0.9412
yocS	0.8202
sodF	1.29
dhaS	8.06
yozO	0.4416
yozN	0.6674
yocL	0.6406
yoqS	0.9114
yoqU	1.03
yoqW	0.0
yoqZ	1.15
yorB	1.92
yorD	0.8218
yojE	1.22
yojH	0.7666
yojJ	1.06
yojL	2.15
yojN	1.03
odhB	1.96
yorF	0.7426
yorH	0.0
yorJ	0.0
yorM	0.0
yorO	0.0
yorQ	0.0
yocR	1.21
sqhC	1.36
yozC	0.0
yocN	0.0
yocM	0.0
yocK	0.7912
qcrC	2.99
ypjB	0.0
ypjD	0.0
ypjF	0.0
ypjH	0.0
birA	0.5275
yolC	0.0
uvrX	0.0
sunA	1.53
yolI	0.0
yolK	0.0
yomB	0.7985
panC	0.5217
ypmB	0.8639
asnS	0.9086
nth	0.8925
yppB	0.6826
yomD	0.9311
yomF	1.02
yomH	1.01
yomK	0.6572
yozP	1.32
yomN	0.9427
ypjA	0.94
ypjC	0.9314
dapB	1.06
ypjG	0.9538
papS	0.9282
panB	0.5977
yolD	1.35
yolF	2.14
sunT	0.0
yolJ	0.6202
yomA	0.8802
yomC	1.13
panD	0.6129
ypmA	0.0
aspB	1.21
dnaD	0.0
ypoC	0.0
yppC	1.16
yomE	0.0
yomG	0.0
yomJ	0.0
yomL	0.0
yomM	0.0
yomO	0.0
yqhL	0.3799
yqhN	0.0
yqhP	0.0
yqhS	0.0
efp	0.0
spoIIIAA	0.0
yqkL	0.0
drm	0.0
dacF	0.0
spoIIAB	11.54
spoVAA	0.0
spoVAC	0.0
spoIIIAC	1.17
spoIIIAE	1.35
spoIIIAH	2.2
accC	1.04
yqhZ	1.78
yqiB	0.9418
spoVAE	1.03
lysA	0.8697
ppiB	1.15
ypuB	1.11
ypzC	0.8665
ypuD	0.7434
yqhM	0.6684
yqhO	0.9212
yqhR	1.14
yqhT	1.3
yqhV	1.22
spoIIIAB	1.49
ripX	1.37
pnp	1.7
spoIIAA	12.57
sigF	12.99
spoVAB	1.35
spoVAD	1.52
spoIIIAD	1.34
spoIIIAF	0.0
accB	0.0
yqhY	0.0
folD	2.91
yqiC	0.0
spoVAF	1.28
ypuA	0.0
ypzD	0.0
ypuC	0.0
sipS	0.0
ypuE	1.09
yrkB	0.0
yrkD	0.0
yrkF	0.0
yrkH	0.0
yrkJ	0.0
yrkL	0.0
yqeN	0.0
gpr	0.0
yqxA	0.0
dnaK	0.4726
yqeT	0.0
yrkN	0.9985
yrkP	0.987
yrkR	0.8611
spoIIIC	1.1
yqaC	1.25
yqaF	0.9129
yqeV	0.3079
rpsU	0.9135
yqeZ	0.4188
yqfB	0.5534
yqfD	0.9585
yqfF	0.8906
yrkC	1.01
yrkE	1.18
yrkG	1.09
yrkI	0.9855
yrkK	1.04
yrkM	0.8362
rpsT	0.7581
spoIIP	1.01
hemN	0.7007
grpE	0.4584
dnaJ	0.4653
yqeU	0.5075
yrkO	0.0
yrkQ	0.0
yrkS	0.0
yqaB	0.0
yqaE	0.0
yqdA	0.0
yqeW	1.06
yqeY	1.17
yqfA	0.6158
yqfC	0.0
phoH	1.49
yqfG	1.17
yshE	0.6162
ysiA	0.0
etfB	0.8962
xsa	0.0
uvrC	0.8772
lysC	0.8034
relA	0.6608
yrvJ	0.0
hisS	0.0
yrvM	0.6053
yrzC	0.6591
yrvP	0.5329
sdhC	1.47
sdhB	1.34
gerE	1.16
racE	0.9797
rph	0.8959
ysnB	0.8367
yrrB	0.5558
yrrD	0.8172
glnM	0.8412
glnQ	0.6481
yrzB	0.9952
lcfA	1.09
ysiB	0.9386
etfA	1.12
trxA	1.35
ask	0.9692
yslB	1.12
yrvI	0.9345
yrzK	0.6803
aspS	0.686
yrvN	0.8936
yrvO	0.9871
yrrA	0.8486
sdhA	1.67
ysmA	0.0
ysmB	0.0
gerM	1.52
ysnA	1.16
ysnE	1.17
yrrC	0.0
glnP	0.0
glnH	0.0
yrrI	0.0
yrrK	1.11
yrrL	0.0
ytkC	1.07
ytlC	0.0
ytlA	0.0
ytmB	0.0
metK	0.0
ytnA	0.0
ytsP	0.0
ytwP	0.8559
nifZ	0.0
sspA	0.0
ytcJ	0.7987
yteI	0.4875
ytpA	0.7482
ytqA	0.7837
ytrA	0.6927
ytrC	0.7674
ytrE	0.582
ytsA	0.7959
ytfI	0.7719
ytxK	1.16
moaB	0.7671
argH	0.1879
ytkK	0.6802
ytlI	0.9558
ytlD	1.04
ytlB	0.9498
ytmA	1.04
pckA	1.2
asnB	0.6444
ytoA	0.8259
ytvP	0.817
braB	0.8306
ytbJ	0.9514
ytcI	0.0
ytdI	2.51
yteJ	0.5453
ytqB	0.8129
ytzC	0.0
ytrB	0.0
ytrD	0.0
ytrF	0.7232
ytsB	1.17
ytgI	2.3
ackA	0.6174
argG	0.2442
ytzD	0.0
ytkL	1.01
ytmI	1.56
yurW	0.8531
yurU	0.8828
yurS	0.0
yurQ	0.0
yurO	1.57
yurM	1.56
yufB	0.0
yufD	0.0
yufU	0.0
yufS	0.0
yufQ	0.7343
yufO	0.0
yurK	1.45
yurI	1.35
yurF	0.8435
yurD	1.01
yunM	1.05
yunK	0.8844
yufM	0.8158
yuxK	0.911
yuxJ	0.8338
kapB	0.7884
patB	0.9475
yugF	1.02
yurV	0.9371
yurT	0.7632
yurR	1.02
yurP	3.56
yurN	1.69
yurL	2.09
yufC	0.8131
yufV	0.6931
yufT	0.0
yufR	1.14
yufP	0.8934
yufN	1.36
yurJ	1.85
yurH	0.0
yurE	0.0
yurB	1.29
yunL	0.0
yunJ	1.21
yufL	1.03
pbpD	1.21
kapD	1.31
kinB	0.0
yugE	0.0
yugG	0.9307
yvcJ	0.7249
yvcL	0.0
yvcN	0.7993
yvcQ	0.0
yvcS	0.0
yvdA	0.0
yvaO	0.0
yvzC	0.0
yvaL	1.23
yvaJ	0.0
yvaG	1.01
yvaE	0.88
yvdC	1.18
yvdE	1.06
yvdG	1.1
yvdI	1.03
yvdK	1.16
yvdM	0.9554
yvaC	0.0
yvaA	1.61
yvgY	0.7725
yvgW	0.0
yvgU	1.36
yvgS	0.863
yvcK	0.9988
crh	0.9941
yvcP	1.21
yvcR	0.9961
yvcT	1.95
yvdB	1.3
yvaN	1.04
yvaM	0.853
yvaK	1.23
yvaI	0.8626
yvaF	1.22
yvaD	1.12
yvdD	1.11
yvdF	0.0
yvdH	0.0
yvdJ	0.0
yvdL	1.26
clpP	1.59
yvaB	0.0
yvgZ	1.08
yvgX	0.0
yvgV	1.62
yvgT	1.2
yvgQ	0.3608
atpF	0.4586
atpA	0.3924
atpD	0.423
ywmA	0.0
ywmB	0.0
spoIID	0.0
ywtE	0.0
ywtG	1.04
gerBB	0.725
pmi	0.0
tagC	0.8163
tagA	0.8503
ywmE	0.759
narA	0.7513
ywmF	1.07
ureA	1.64
ureC	1.61
ywnB	0.9076
tagF	0.0
ggaA	0.6668
lytR	0.9302
lytC	0.7224
tuaB	0.8956
tuaD	0.9018
atpH	0.6114
atpG	0.4431
atpC	0.4324
ywzB	0.7681
murA	0.8818
ywmC	0.843
ywtF	0.7125
gerBC	1.09
gerBA	1.14
lytD	1.1
tagB	0.9248
tagE	1.09
narQ	0.8601
rapB	1.49
ywmG	0.0
ureB	0.0
ywnA	0.0
ywnC	0.0
tagG	0.0
yvyH	0.0
lytB	0.8763
tuaA	0.0
tuaC	1.72
tuaE	1.96
yxkA	0.8185
yxkC	0.4442
aldY	0.0
msmX	1.6
yxzE	0.0
yxkJ	0.0
spsD	0.7628
spsG	1.13
spsJ	1.01
yweA	2.17
rocA	0.9721
rocC	0.9906
cydB	1.05
cydD	0.9476
yxlA	0.0
yxlC	0.9667
yxlE	0.8598
yxlG	1.01
ywfB	2.19
ywfD	2.73
ywfF	1.77
ywfH	2.3
pta	1.2
ywfL	1.24
galE	1.25
yxkD	0.877
yxkF	1.27
yxkH	0.9831
yxkI	0.9684
cydA	1.13
spsE	1.16
spsI	1.12
spsK	0.9807
yweB	1.13
rocB	1.41
ywfA	1.35
cydC	0.0
yxkO	0.0
sigY	0.0
yxlD	0.0
yxlF	0.0
yxlH	0.0
ywfC	3.59
ywfE	0.0
ywfG	0.0
ywfI	0.0
ywfK	2.09
ywfM	3.2
yyaH	1.41
yyaJ	1.13
yyaL	1.01
yyaN	0.0
tetL	0.0
yyaP	0.0
yxbD	1.33
yxbF	0.9488
yxcA	0.9017
yxcC	0.0
yxcE	0.0
iolR	0.0
yyaR	0.8877
yyaT	0.8451
yybB	1.21
yybD	0.8518
yybF	0.0
yybI	0.9708
iolB	1.15
iolD	1.0
iolF	0.9743
iolH	0.9454
iolJ	1.02
yxdK	1.03
yyaI	1.47
yyaK	0.8377
yyaM	1.28
yyaO	1.28
tetB	1.16
yyaQ	1.07
aldX	1.3
yxbG	1.61
htpG	1.85
yxcD	1.12
iolS	1.78
iolA	1.15
yyaS	1.1
yybA	0.0
yybC	1.07
yybE	0.3914
yybG	0.0
yybJ	0.0
iolC	1.87
iolE	0.0
iolG	0.0
iolI	0.0
yxdJ	0.0
yxdL	0.0
yeeF	1.32
purQ	4.95
ydgJ	0.8988
pbpC	0.7501
srfAC	1.11
ycgI	0.8887
yknT	0.7876
ptsI	0.0
ykvU	1.56
ykzE	0.0
yjdH	0.0
yhdN	0.9986
yczC	0.0
lmrA	0.0
ybgB	0.0
ybdD	3.02
fus	0.2975
yfiX	0.0
yfkF	1.18
treA	0.0
yflP	1.07
yesY	1.17
yddN	1.03
yerP	0.8607
ydjD	1.14
yddE	1.11
yclG	1.24
nasB	1.17
ycdB	1.04
patA	1.08
ykvW	0.4888
ykrP	1.02
ykoY	1.09
yhaP	0.7752
yhbB	1.35
yccC	1.09
ybgE	0.0
ybgA	0.6688
rpmD	0.1437
rpoB	0.9653
clpC	0.0
yfiB	1.24
yfkI	1.22
yflH	0.9308
yetM	0.0
cotJC	0.0
yddK	0.0
yabD	1.27
yurG	0.988
ytqD	0.7301
acuB	0.8246
dnaE	0.8845
levR	0.0
yqzC	0.6552
yaaO	1.31
ypbG	0.6387
ypvA	0.7084
cgeB	0.9454
yloB	0.8526
glcT	0.4531
yjcD	0.8241
metS	1.22
ythC	1.2
ytpB	0.8767
ytoI	1.14
yrhJ	1.14
yqxH	1.4
bmrU	0.9347
yaaN	1.45
qcrB	2.22
yosO	1.09
ylqF	1.04
spoVD	1.96
yjgC	0.0
yjaX	1.37
rplO	0.0
rplR	0.1036
rpsH	0.0
rplE	0.0
rplN	0.0
rpmC	0.1908
xpaC	1.04
bofA	0.9991
recR	0.961
dnaX	1.12
yaaI	0.0
rpsC	0.0
rpsS	0.0
rplW	0.0
rplC	0.2621
ybaC	0.8362
rpsG	0.3073
serS	0.8974
yaaD	1.57
guaB	2.21
gyrB	0.8326
recF	0.7661
rpsE	0.1058
rplF	0.0
rpsN	0.1409
rplX	0.1465
rpsQ	0.1833
rplP	0.2002
csfB	1.58
yaaL	0.9689
yaaK	1.38
yaaJ	1.34
yaaH	1.81
rplV	0.0
rplB	0.2588
rplD	0.3081
rpsJ	0.4162
tufA	0.6276
rpsL	0.3742
yaaE	1.91
dacA	1.16
yaaC	3.37
yaaB	1.19
yaaA	0.0
yclA	0.9839
yckJ	0.9338
yczE	0.9635
ycxD	0.8617
ycxB	1.06
srfAD	0.8578
ycbD	0.8332
ycbA	0.7671
ybgH	0.8738
ybgF	0.6281
ybfP	0.8568
ybfN	0.1308
yckH	1.29
yckF	1.39
nucA	1.75
yckE	1.55
yckC	1.1
yckA	1.16
ybfM	0.7444
ybfK	0.6536
purT	0.855
ybfH	1.82
ybfF	1.06
ybfB	0.8214
yckK	0.7713
yckI	0.7258
sfp	1.37
ycxC	1.18
ycxA	1.19
comS	0.0
ycbB	0.9699
ybgJ	1.07
ybgG	0.8517
ybfT	1.0
ybfO	1.24
psd	0.7275
yckG	1.69
tlpC	1.53
nin	1.69
yckD	1.45
yckB	1.56
yciC	1.9
pssA	1.18
ybfJ	1.49
ybfI	4.92
ybfG	0.0
ybfE	0.0
ybfA	0.0
ydhD	0.8673
ydgK	0.0
ydgH	0.0
dinB	1.32
expZ	0.7243
ydgD	0.7139
rsbS	0.7436
ydcE	0.9402
dal	0.5611
ydcB	0.5767
ydbS	0.6205
murF	0.855
ydgB	1.06
ydfT	1.04
ydfR	1.0
ydfQ	1.12
ydfO	0.9487
ydfM	0.9073
ydbP	0.8079
ydbM	0.8587
ydbK	0.8142
ydbI	0.8334
ydbF	0.9134
ydbD	1.88
ydhC	0.8524
ydgI	0.9222
ydgG	0.9317
ydgF	0.9224
ydgE	0.9395
ydgC	0.8178
rsbR	1.0
ydcD	1.02
ydcC	1.13
ydbT	0.7217
ydbR	0.7446
ddlA	0.8794
ydgA	1.19
ydfS	1.38
ydzH	1.54
ydfP	1.2
ydfN	1.24
ydfL	1.85
ydbN	1.02
ydbL	1.25
ydbJ	1.18
ydbG	0.0
ydbE	0.0
ydbC	0.0
yfkM	1.15
treR	0.7119
yfkQ	1.01
yfkS	1.0
yflA	1.03
yflC	0.7533
yefB	0.0
yerQ	0.4539
yerN	0.5561
yerL	0.6297
sapB	0.8686
yerH	0.4595
yflE	1.23
yflG	0.7403
yflJ	0.7886
yflL	1.0
yflN	0.0
citT	0.9071
yerF	0.7701
yerD	1.15
yerA	0.9857
yezC	1.78
purH	3.2
purM	3.27
yfkO	1.09
treP	1.21
yfkR	1.19
yfkT	1.11
yflB	0.9435
yflD	0.8627
yefA	0.9609
yerO	0.8264
yerM	0.6468
opuE	0.9104
yerI	1.47
yflF	1.33
yflI	0.8731
yflK	1.13
yflM	1.13
citM	1.22
citSc	0.0
yerE	1.13
yerB	1.37
yecA	3.86
purD	3.6
purN	4.01
purF	5.15
yhaL	1.05
yhaN	0.99
yhaS	0.0
yhaU	0.8301
yhaW	0.8838
yhaY	0.0
ygaO	0.0
ygaN	1.14
ygbA	1.19
katA	0.0
ygaK	1.43
ygaJ	0.0
yheA	0.6216
yheD	1.11
sspB	1.09
yheG	0.9087
yheK	0.9617
yheN	0.6915
ygaI	0.6602
ygaH	1.12
ygaF	0.9673
ygaE	0.9598
ygaC	1.04
sspE	0.696
yhaM	1.03
yhaO	1.21
yhaT	1.05
yhaV	1.03
yhaX	1.15
yhaZ	1.23
yhzA	2.28
ygcA	1.18
ygaL	1.2
senS	1.45
thiA	2.16
ygzA	0.9886
yheB	1.42
yheE	1.34
yheF	0.0
yheI	1.53
yheM	2.25
yhdZ	1.31
ygxA	2.22
ygaG	1.52
gsaB	1.47
ygaD	1.86
ygaB	0.0
yfhR	1.32
yjdA	0.0
yjcR	0.0
yjcP	0.612
yjcN	0.6575
yjcL	0.9775
yjcJ	0.0
yitI	1.23
yitG	1.15
yitE	0.0
yitC	0.9678
yitA	0.0
yisX	0.0
yjcH	1.18
yjcF	1.1
yjcC	1.11
yjcA	1.1
cotW	0.8529
cotY	1.09
yisV	1.07
yisT	1.18
degA	1.18
yisQ	1.12
yisO	1.1
yjcS	0.9599
yjcQ	0.9162
yjcO	0.0
yjcM	0.9885
yjcK	1.33
yjcI	1.29
yitH	1.43
yitF	1.18
yitD	0.9805
yitB	1.06
yisY	1.12
yisW	1.1
yjcG	1.64
yjcE	1.29
yjcB	1.76
cotV	1.2
cotX	1.39
cotZ	1.49
yisU	1.52
yisS	1.75
yisR	0.0
yisP	0.0
yisN	0.0
yisL	2.02
ykuG	0.0
ykuE	1.04
ykuC	0.8029
kinA	1.01
ykwD	0.9889
ykwB	0.8992
ykfC	1.16
ykfA	1.41
dppD	0.8171
dppB	0.8924
ykeA	0.7772
ykcC	0.8833
splA	0.5941
ykvZ	0.9149
ykvV	1.37
ykvS	1.07
ykvQ	0.9538
ykvO	0.9739
ykcA	0.9187
ykaA	0.6287
spoIISA	0.8429
xhlB	1.17
xkdY	1.24
xkdW	1.29
ykuF	0.0
ykuD	0.0
ykyB	1.37
ykwC	1.8
splB	0.7536
ykfB	1.38
dppE	1.97
dppC	0.0
dppA	1.09
htrA	1.13
ykcB	1.23
ptsG	0.2004
ykvY	1.13
ykvT	0.8056
ykvR	1.12
ykvP	1.02
ykvN	1.24
ykbA	1.32
ykaB	0.9513
xlyA	0.0
xhlA	0.0
xkdX	0.0
xkdV	0.8932
smf	1.21
sucC	1.09
ylqG	0.2981
rplS	0.2729
ylqE	0.2774
ylqC	0.0
rpmF	0.4041
ylbM	0.8842
ylbK	0.6816
ylbI	0.7049
ylbG	0.6856
ylbE	0.811
ylxM	0.2649
ftsY	0.6115
rncS	0.5162
fabG	0.751
plsX	0.851
ylpB	0.9341
ylbC	1.07
ylbA	3.74
ctaF	1.13
ctaD	1.34
ctaB	0.7744
ylaO	0.8753
sucD	2.13
ylqH	0.0
rnh	0.0
trmD	0.65
ylqD	0.0
rpsP	0.3057
ylbN	0.2661
ylbL	0.0
ylbJ	0.9818
ylbH	0.7653
ylbF	0.0
ylbD	1.06
ylqB	1.22
acpA	0.9162
fabD	0.9378
ylpC	0.9689
ylpA	1.17
ylbB	0.0
ctaG	1.79
ctaE	1.98
ctaC	2.17
ctaA	0.0
ylaN	2.08
yngD	0.0
yngA	0.9292
ynfF	1.09
bglC	0.7434
ynfC	0.7171
grlB	0.0
pksI	1.81
pksG	2.42
pksE	2.92
pksC	1.41
pksA	0.9461
mutL	0.8565
yneS	0.5953
yneQ	0.7655
tlp	1.2
citB	0.0
cotL	1.11
yneK	1.08
cotE	1.31
ymcB	1.06
tdh	1.75
ymdB	0.8484
pbpX	1.01
cinA	1.09
yngC	0.0
xynD	0.0
ynfE	0.0
alsT	0.0
grlA	0.0
yneT	0.0
pksH	0.0
pksF	0.0
pksD	0.0
pksB	0.0
ymcC	0.0
mutS	1.05
yneR	1.05
yneP	1.19
yneN	2.25
cotK	1.64
cotM	1.56
yneJ	1.51
ymcA	2.51
kbl	0.0
spoVS	5.03
ymdA	1.27
recA	2.47
pgsA	0.0
yorR	0.0
yorT	0.0
yorV	0.9662
yorX	0.869
yorZ	0.7024
yosB	0.5921
yocJ	0.5033
yocH	0.5918
yocF	0.5716
yocD	0.7732
yocB	1.59
yocA	1.11
yosD	1.0
yosF	0.0
yosH	0.9348
yosJ	0.7101
yosL	0.8524
yosP	0.526
yobW	0.9868
yobU	1.08
yobS	1.11
yobQ	0.814
yobO	1.3
yobM	1.03
yorS	0.8706
mtbP	0.0
yorW	0.0
yorY	0.0
yosA	0.0
yosC	0.0
yocI	0.0
yocG	0.0
yocE	0.5376
yocC	0.0
yozB	0.5519
yozA	0.9661
yosE	1.44
yosG	1.41
yosI	1.01
yosK	1.74
yosM	1.03
yosQ	0.0
yobV	1.25
yobT	0.0
yobR	0.0
csaA	0.0
yobN	0.0
yobL	0.0
yppD	0.0
yppF	0.0
ypqE	1.44
yprB	0.8087
ypsA	0.7279
ypsC	0.5756
yomP	0.7596
yomR	0.8368
yomT	0.7787
yomV	0.8539
yomX	0.7707
yomZ	0.8796
kduD	1.13
kdgR	0.9089
kdgA	0.9557
ypwA	1.55
pbuX	2.18
ypbQ	1.1
yonB	0.7846
yonD	0.0
yonF	1.08
yonH	0.9943
yonK	0.9709
yonO	0.9085
yppE	0.0
yppG	0.0
cotD	0.0
ypsB	0.0
yptA	0.0
yomQ	0.0
yomS	0.0
yomU	0.0
yomW	0.0
yomY	0.0
yonA	0.0
kduI	1.61
kdgK	1.3
kdgT	1.51
xpt	3.46
bcsA	1.22
ypbS	1.04
yonC	0.0
yonE	0.0
yonG	0.0
yonI	0.0
yonN	0.0
yonP	0.0
yqiD	1.02
yqxC	0.7472
recN	0.8389
spo0A	2.1
yqiH	0.7386
yqiK	0.692
ribG	0.7997
ribA	1.21
ribT	0.9041
ypuG	0.6538
ypuI	0.7441
spmA	1.09
mmgB	1.02
mmgD	0.9694
yqiQ	0.7701
yqiR	0.7347
yqiT	0.4827
yqiV	0.4238
ypuL	0.6113
resB	1.13
resD	0.8413
sigX	1.0
aroC	1.01
ypzE	1.82
yqiE	0.8115
ahrC	0.0
spoIVB	0.0
yqiG	0.9134
yqiI	0.0
ribB	1.03
ribH	0.0
ypuF	0.0
ypuH	0.0
dacB	0.0
spmB	0.0
mmgC	1.32
mmgE	0.8283
yqzF	0.9953
yqiS	0.5507
yqiU	0.4791
bfmBAA	0.7296
resA	1.35
resC	1.44
resE	1.07
ypuN	0.0
serA	1.17
ypaA	0.0
yqaG	0.0
yqaI	0.0
yqaK	0.0
yqaM	0.0
yqaO	0.0
yqaQ	1.13
dgkA	0.5696
bex	0.7242
glyQ	0.7167
yqzB	0.796
yqxD	0.6327
sigA	0.9158
yqaS	1.09
yqbA	1.09
yqbC	0.8842
yqbE	0.993
yqbG	0.9712
yqbI	1.16
yqfN	0.8571
yqfP	0.8579
yqfR	0.5947
yqfT	0.8636
yqfV	0.8472
yqfX	1.13
yqaH	1.64
yqaJ	1.22
yqaL	1.25
yqaN	1.05
yqaP	1.19
yqaR	0.7345
cdd	0.8826
yqxN	0.7922
glyS	0.9747
yqfL	1.27
dnaG	0.8944
cccA	1.86
yqaT	1.44
yqbB	1.15
yqbD	0.9297
yqbF	0.9228
yqbH	1.54
yqbJ	0.0
yqfO	1.3
yqfQ	1.64
yqfS	1.05
yqfU	0.0
yqfW	0.0
yqfZ	0.0
ysnD	0.0
ilvN	0.5678
leuA	0.4518
leuC	0.4408
ysoA	0.5284
clpX	0.7255
yrrM	0.4233
yrrO	0.3559
greA	0.5353
yrrS	0.7954
yrrT	0.8841
yrhA	0.8805
ysxD	1.0
hemX	0.9008
hemD	0.7483
hemL	0.9906
ysxE	1.04
yrhD	0.6782
yrhG	1.06
yrhH	0.8418
yrhK	1.08
yrhM	1.15
yrhO	0.9688
ilvB	0.6406
ilvC	0.6839
leuB	0.5202
leuD	0.5506
tig	0.6453
lonB	1.16
yrrN	0.4634
udk	0.4322
yrrR	0.991
yrzA	1.03
yrrU	0.9849
yrhB	1.02
ysxC	0.9305
hemA	1.26
hemC	1.02
hemB	0.9085
spoVID	2.03
yrhF	1.31
yrzI	0.0
yrhI	0.0
yrhL	0.0
sigV	0.0
levD	0.0
ytsC	0.0
yttA	0.0
ytvA	0.0
leuS	0.8442
melA	0.0
amyD	0.0
ytmJ	0.0
ytmL	0.0
hisP	0.925
ytnJ	1.12
hipO	0.9477
ytqI	0.8026
msmR	0.0
bioW	0.1935
bioF	0.2817
bioB	0.2928
ytbQ	0.851
ytcQ	0.7411
ytsJ	0.6714
pfk	0.7882
ytwI	0.6096
citC	1.19
phoP	1.3
yttB	0.8912
ytvB	1.07
ytwF	0.8695
amyC	0.9803
msmE	1.51
ytmK	1.02
ytmM	0.9622
ytnI	1.14
ribR	1.01
ytpI	1.01
ytrI	1.04
ytaP	0.8905
bioA	0.3542
bioD	0.3091
bioI	0.4271
ytcP	0.9929
ytdP	0.0
yttI	1.42
ytvI	1.19
citZ	1.84
citH	1.68
phoR	0.0
mutM	0.0
yunI	0.0
yunG	0.0
yunE	0.0
yunC	0.0
yunA	0.0
yutC	1.55
yugH	0.7886
yuzA	0.0
yugK	1.5
yugM	1.36
yugO	1.13
yugS	1.0
yutE	0.0
yutG	0.628
hom	0.2595
thrB	0.3095
yutI	1.56
yutJ	1.06
yugU	1.02
mcpB	0.5903
mcpA	0.4712
yuxG	1.09
yulC	0.9518
yulE	1.24
yunH	0.9691
yunF	1.05
yunD	0.8551
yunB	0.8729
yutB	1.21
yutD	1.15
yugI	0.3951
yugJ	1.41
pgi	1.66
yugN	1.62
yugP	1.24
yugT	1.28
yutF	1.12
yutH	0.9761
thrC	0.3582
yuxL	1.26
yuzD	1.14
yuzB	1.14
tgl	0.0
tlpA	0.0
tlpB	1.3
yulB	0.0
yulD	0.0
yulF	0.0
yvdO	0.0
yvdQ	0.0
yveA	0.0
racX	0.0
yveG	0.0
slr	0.0
yvgO	0.0
yvgM	0.0
yvgK	1.11
yvsG	0.0
fhuD	0.7046
fhuG	0.9081
yveN	1.29
yveP	1.31
yveR	1.07
yveT	1.08
yvfB	1.1
yvfF	1.14
yvrP	1.3
yvrN	1.03
yvrL	1.21
yvrI	0.9312
yvrG	1.02
yvrD	0.9931
yvdP	1.05
yvdT	0.8978
pbpE	0.9046
yveF	1.05
padC	1.01
yveL	1.05
yvgN	2.02
yvgL	0.9573
yvgJ	0.9945
yvsH	0.5466
fhuB	1.15
fhuC	0.7894
yveO	1.56
yveQ	1.18
yveS	1.26
yvfA	1.16
yvfD	1.51
yvfG	0.9176
yvrO	1.63
yvrM	2.19
yvrK	0.0
yvrH	0.0
yvrE	0.0
yvrC	1.43
mta	0.0
ywnF	0.0
spoIIQ	0.0
ywoA	0.0
nrgA	0.0
ywoC	0.0
tuaF	0.0
tuaH	0.0
yvhJ	0.9136
degS	1.23
comFA	2.62
comFC	1.53
ywoE	0.7669
ywoG	0.8691
usd	0.7438
mbl	0.5437
flhP	0.5981
ywpB	0.7485
flgM	0.8439
flgK	1.23
yviE	1.26
csrA	1.15
yvyC	0.6838
fliS	0.799
ywnE	1.01
ywnH	1.17
ywnJ	0.9772
nrgB	1.78
ywoB	1.1
ywoD	0.9699
tuaG	1.01
tagO	0.6976
yvyE	0.9819
yviA	1.3
comFB	2.11
yvyF	1.23
ywoF	1.38
ywoH	1.36
spoIIID	1.47
flhO	0.6364
rapD	1.1
ywpC	1.2
yvyG	1.44
flgL	1.99
yviF	0.0
hag	0.0
fliD	1.32
fliT	1.15
katX	0.0
yxzF	0.0
licB	0.0
licA	0.0
ywaA	0.7488
dltD	0.0
ywfN	0.0
ywfO	0.0
ywgB	0.0
thrZ	0.2287
ywhB	0.0
ywhD	0.4613
dltB	0.0
ywaB	0.7617
ywaD	0.9468
ywaE	0.7532
gspA	1.2
sacX	1.04
ywhF	0.5301
ywhH	1.17
rapF	1.23
ywhL	1.4
ywhN	0.0
ywhP	0.9507
yxlJ	1.1
licR	1.41
licC	1.14
licH	1.04
dltE	0.7687
dltC	0.3873
ywzC	0.8925
ywgA	1.12
mmr	1.1
ywhA	0.4893
ywhC	0.5227
ywhE	1.49
dltA	0.577
ywaC	1.14
tyrZ	1.17
ywaF	1.39
sacY	1.58
epr	0.9439
ywhG	1.12
phrF	2.86
ywhK	0.0
ywhM	0.0
ywhO	0.0
ywhQ	0.0
yybK	0.0
yybM	0.0
yybO	0.0
yybQ	2.01
cotF	0.0
yybT	0.0
yxdM	0.0
yxeB	0.0
yxeD	0.0
yxeG	0.0
yxeI	0.0
yxeK	0.0
yycA	0.0
yycC	0.8191
yycD	1.09
yycE	1.26
yycF	0.9767
yycH	0.6646
yxeM	0.4756
yxeO	0.715
yxeQ	0.6248
yxxB	1.11
nupC	0.7016
hutM	1.08
yybL	0.5571
yybN	0.9805
yybP	0.9525
yybR	0.9214
yybS	0.9251
rplI	0.9501
yxeA	1.16
yxeC	0.8369
yxeE	0.9893
yxeH	1.08
yxeJ	1.72
yxeL	0.0
yycB	1.48
yyzB	1.3
dnaC	1.39
purA	5.74
yycG	1.13
yycI	0.8015
yxeN	1.37
yxeP	1.18
yxeR	0.0
deoR	0.0
pdp	0.0
hutG	0.0
lysS	0.0
mfd	0.0
gyrA	0.0
lytA	0.0
yvlD	0.0
yukF	0.0
rsbV	0.0
ydbO	0.0
ycsG	0.0
phrC	0.0
lmrB	0.0
pcp	0.0
ytfJ	0.0
ytzA	0.8749
yraA	1.29
yqfY	0.9116
yonJ	0.8539
yodB	0.8546
ycbM	0.9507
ybfS	0.6508
ybfQ	0.7385
ybeC	0.0
ybdG	1.66
ybbA	1.35
ftsH	0.9968
yabK	0.0
ywjF	0.0
ywlC	0.0
yveK	0.9775
glgP	5.42
ydcA	0.6939
ycnB	0.8159
yceH	0.5578
ycbU	1.4
ycbR	1.42
accA	1.92
yrhP	1.16
yqbO	1.87
ypqA	1.8
yosW	0.0
ppsD	3.41
ycbC	0.0
gltP	0.0
mpr	0.0
ybdN	0.0
ybdB	0.0
yabE	0.0
yaaG	0.0
yisD	0.0
yhjP	0.0
yhfR	0.0
yheH	0.0
yfhQ	0.0
ydcI	0.0
dnaN	0.8886
srfAB	1.31
opuAA	0.9938
ybdO	0.7091
yabN	0.838
asnH	1.24
ywbN	0.6845
yaaF	1.29
addB	1.15
yhjB	0.0
yheC	1.1
yheL	1.18
yesN	0.0
yclF	0.7398
dnaA	1.53
amhX	1.14
ycbT	0.0
feuC	0.0
gidA	1.19
yxnB	0.0
spsF	0.0
