ybeF	0.9171
glpQ	1.08
ybdT	0.891
ybxH	0.9712
ybdM	1.13
ybdK	1.04
ybxF	0.9587
rplJ	1.01
rplK	1.13
rpmG	1.15
yacP	0.8269
rplL	1.04
ybdE	1.36
ybcT	1.52
ybcQ	1.73
ybcO	1.47
ybcL	1.07
ybcH	0.7642
cysE	0.983
yacN	0.9604
yacL	0.7841
sms	0.702
yacH	0.8069
glpT	1.08
ybyB	0.9663
ybxI	1.05
csgA	0.9836
ybdL	1.01
ybdJ	1.07
ybxB	1.2
rplA	1.3
nusG	1.17
sigH	1.1
yacO	0.8574
ybdA	1.6
ybcS	1.72
ybcP	1.68
ybcM	1.6
ybcI	0.9982
ybcF	0.8866
gltX	1.13
yacM	0.9218
yacK	0.7606
yacI	0.8446
ctsR	0.7955
ydbB	0.8867
ydbA	1.16
ydaS	0.8972
ydaQ	0.9516
mutT	1.34
ydaN	1.08
yciB	1.62
nasA	1.07
nasD	0.6573
nasF	0.8467
ycgS	1.01
ycgQ	1.01
ydaL	1.03
ydaJ	1.0
lrpC	0.9844
ydaH	0.909
ydaF	1.01
ydaD	0.9249
ycgO	0.9785
ycgM	0.9904
cah	1.11
ycgJ	1.07
tmrB	1.13
ycgH	1.05
gsiB	1.05
ydaT	0.9594
ydaR	1.12
ydaP	0.9565
ydaO	0.921
ydaM	1.03
yciA	1.51
nasC	0.9481
nasE	0.4558
ycgT	1.18
ycgR	0.9548
ycgP	1.08
ydaK	0.9857
ydzA	0.9251
ydaG	1.15
ydaE	1.07
ydaC	1.15
ycgN	1.06
ycgL	1.05
ycgK	1.14
aroI	1.15
nadE	1.06
ycgG	1.01
purL	1.83
purC	1.84
purK	2.21
yebG	0.9748
yebE	1.23
yebC	1.02
ydfK	1.12
ydfJ	1.1
ydfH	1.07
ydfF	1.15
ydfD	1.09
ydfB	1.11
guaA	1.16
yeaD	0.9623
yeaB	0.9711
yeaA	0.5515
ydjO	0.8073
ydjM	1.66
ydeT	1.03
ydeR	1.02
ydeP	0.9886
ydzF	0.9876
ydeM	1.0
ydeK	1.05
yexA	1.77
purB	2.19
purE	2.11
yebF	0.9147
yebD	1.31
yebB	1.33
nap	1.06
ydfI	1.03
ydfG	1.04
ydfE	1.21
ydfC	1.12
ydfA	1.14
yebA	0.0
yeaC	1.02
gabP	1.24
ydjP	0.6051
ydjN	1.27
ydjL	1.21
ydeS	1.09
ydeQ	1.11
ydeO	0.9853
ydeN	1.21
ydeL	1.22
ydeJ	1.07
yfhS	0.9983
yfhO	1.05
yfhM	0.7639
yfhK	0.9357
yfhI	1.01
yfhG	0.9805
yflS	1.36
yflT	1.21
yfmC	1.57
yfmE	1.27
yfmG	1.34
yfmI	1.36
yfhE	1.02
yfhC	1.25
yfhA	1.06
yfiY	1.09
yfiV	0.9403
yfiT	0.9192
yfmK	1.11
yfmM	1.04
yfmO	0.9597
yfmQ	0.758
yfmS	0.8407
yfnA	1.07
yfhP	1.06
csbB	1.12
yfhL	0.8831
yfhJ	1.08
yfhH	1.1
yfhF	1.12
pel	2.32
yfmA	1.15
yfmD	1.27
yfmF	1.15
yfmH	1.18
yfmJ	1.27
yfhD	1.11
yfhB	1.23
yfiZ	1.06
yfiW	1.04
yfiU	1.15
yfiS	1.1
yfmL	1.26
yfmN	1.02
yfmP	0.8048
yfmR	1.07
yfmT	0.0
yfnD	1.14
yisK	0.9692
yisI	1.04
yisG	0.9498
yisE	0.8515
yisB	0.7583
addA	0.0
yhdY	1.06
yhdW	1.12
yhdU	1.14
yhdS	1.06
yhdQ	1.24
yhdO	0.9238
yhjQ	1.06
yhjM	1.38
yhjK	1.11
yhjI	1.05
yhjG	0.8494
yhjE	0.8765
yhdL	0.9927
yhdJ	1.07
yhdH	0.9759
yhdF	1.02
citR	0.9912
phoA	1.01
yisJ	1.08
yisH	0.9951
yisF	1.07
yisC	0.9518
sbcD	0.8693
yhjR	1.04
yhdX	1.06
yhdV	1.15
yhdT	1.25
yhdR	1.12
yhdP	1.23
yhdM	1.04
yhjO	1.14
yhjL	1.26
yhjJ	1.12
yhjH	1.16
sipV	0.9435
yhjD	1.12
yhdK	1.04
yhdI	0.9707
yhdG	0.0
citA	1.11
lytE	1.07
spoVR	1.22
xkdU	1.02
xkdS	0.9862
xkdQ	1.04
xkdN	1.14
xkdK	1.15
xkdI	1.1
yjbX	0.9258
yjbV	1.13
yjbT	1.29
yjbR	1.46
tenA	1.52
yjbP	1.21
xkdG	1.07
xkdE	1.04
xpf	1.08
xkdD	0.9289
xkdB	1.03
xkdA	0.9884
yjbN	1.06
yjbL	1.1
yjbJ	0.9214
yjbH	1.16
yjbF	1.13
yjbE	1.05
xkdT	1.07
xkdR	1.02
xkdP	1.1
xkdM	1.06
xkdJ	1.04
xkdH	0.9197
yjbW	0.6161
yjbU	1.25
yjbS	1.46
tenI	1.47
yjbQ	1.13
yjbO	1.08
xkdF	1.05
xtmA	1.14
xtrA	1.02
xkdC	1.11
xre	1.2
yjqC	1.08
yjbM	1.18
yjbK	1.16
yjbI	1.09
yjbG	1.07
mecA	1.2
yjbD	0.7523
ylaM	0.9685
ylaK	1.01
ylaH	0.7389
ylaF	1.11
ylaD	0.0
ylaB	0.9978
ykvM	1.01
ykvK	1.02
ykvI	1.13
motA	0.7924
ykvE	1.22
eag	1.03
nprE	1.22
ykzC	1.24
ykzI	1.1
yktA	0.972
slp	1.08
pdhC	1.06
ykvA	1.06
ykrY	1.26
ykrW	1.44
ykrU	1.14
ykrS	1.42
ykrQ	1.34
ylaL	1.15
ylaJ	1.08
ylaG	0.9415
ylaE	1.19
ylaC	1.06
ylaA	1.08
ykvL	1.01
ykvJ	1.05
clpE	0.9577
motB	0.7332
ykvD	1.06
spo0E	1.02
yktD	1.15
yktC	1.34
yktB	1.11
cad	1.31
pdhD	1.11
pdhB	1.39
ykrZ	1.13
ykrX	1.45
ykrV	1.24
ykrT	1.35
dat	1.17
ykrM	1.18
ymfM	1.18
ymfK	1.16
ymfI	1.01
ymfF	0.9917
ymfD	0.9999
spoIIIE	0.0
yloW	0.9829
yloU	0.9694
spoVM	1.05
yloR	0.877
ymfA	0.9446
dapG	1.16
spoVFB	1.02
ymxH	0.9925
ylxY	1.17
ribC	1.05
fmt	0.8132
priA	0.0
yloH	1.18
yloC	1.06
ylnF	0.7753
ylnD	0.8997
ymfL	1.29
ymfJ	1.05
ymfH	1.08
ymfE	1.12
ymfC	1.07
ymfB	0.9473
yloV	1.04
rpmB	1.06
yloS	1.0
yloQ	0.9357
yloO	0.9191
yloM	0.9506
dapA	1.07
asd	1.28
spoVFA	1.07
ymxG	1.07
rpsO	1.09
truB	1.04
def	1.05
yloI	1.12
yloD	1.21
yloA	1.01
ylnE	0.8033
ylnC	0.9531
yobK	0.8766
yobI	0.9399
yozL	1.23
yobH	1.22
rapK	1.57
yobF	1.35
yneI	1.12
ynzD	1.41
yneE	1.54
ynzC	1.15
yneA	1.17
yndN	1.04
yozI	1.16
yobD	1.24
pps	1.07
yobA	1.18
yoaZ	1.14
yoaV	1.18
yndL	1.08
yndJ	1.08
yndG	1.08
yndD	1.12
yndB	1.02
ynzA	1.13
yobJ	0.7322
yozM	1.22
yozK	1.23
phrK	1.42
yozJ	1.32
yobE	1.19
ccdA	1.33
yneF	1.4
tkt	1.13
yneB	1.15
lexA	0.8511
yndM	1.19
yozH	1.14
xynA	0.9321
yobB	1.4
penP	1.74
yoaW	1.37
yoaU	1.28
yndK	1.08
yndH	1.2
yndE	1.26
ynzB	1.21
yndA	1.22
cotC	1.11
yonR	0.9599
yonT	0.9144
yonV	0.6922
yopA	0.9084
yopC	1.03
yopE	1.09
yosR	0.9866
yosT	1.0
yosV	1.08
yosZ	1.01
yotB	1.06
yotD	1.0
yopG	0.993
yopI	1.17
yopK	0.6235
yopM	0.8359
yopO	0.8057
yopQ	1.13
yotF	1.03
yotH	1.06
yotJ	1.02
yotL	1.02
yotN	0.9784
yodV	1.07
yonS	1.21
yonU	0.8026
yonX	0.9952
yopB	1.03
yopD	0.9716
yopF	0.9837
yosS	1.12
yosU	1.0
yosX	0.9792
sspC	0.9776
yotC	1.04
yotE	0.9192
yopH	0.9934
yopJ	0.9485
yopL	0.7086
yopN	0.9118
yopP	0.9007
yopR	1.28
yotG	1.08
yotI	1.15
yotK	1.15
yotM	1.15
yodU	1.15
cgeA	0.0
fer	0.8811
recQ	0.9811
ypbE	1.04
ypbH	1.29
ypdA	1.34
sleB	1.19
ypcP	1.02
ypdP	1.1
ypeQ	1.11
degR	0.839
ypfP	1.3
bsaA	1.15
ypfA	1.2
cmk	1.49
ypgA	1.14
yphB	1.03
gpsA	0.8678
yphF	1.2
ypgR	1.05
yphP	1.14
ypjP	1.2
thyB	1.12
ypkP	0.9952
yplP	0.4133
ypbB	1.14
ypbD	0.9871
ypbF	1.14
ypcA	1.14
ypdC	1.0
ypeB	1.05
ypdQ	1.13
ypeP	1.19
ypzA	0.9597
cspD	0.8511
metB	1.39
ypgQ	1.11
ypfB	1.18
ypfD	1.47
yphA	1.19
yphC	1.02
yphE	1.17
spoIVA	1.13
ilvD	1.06
ypiP	1.06
ypjQ	1.05
dfrA	0.966
yplQ	0.5973
ilvA	0.8095
yqgA	1.18
yqgC	1.05
yqgE	1.18
yqgG	1.14
yqgI	1.1
yqgK	1.02
bfmBAB	0.6706
bmrR	0.9931
yqiW	1.07
yqiY	1.42
yqjA	1.18
yqjC	0.9816
yqgL	1.15
yqgN	0.955
yqgP	1.1
glcK	1.11
yqgU	1.07
yqgW	1.4
yqjE	0.9579
yqjG	0.8568
yqjI	1.54
yqjK	1.19
yqjM	1.15
yqjO	1.1
yqgB	1.16
sodA	1.17
pbpA	1.24
yqgH	1.06
yqgJ	0.974
yqzD	1.15
bfmBB	0.7049
bmr	1.06
yqiX	1.6
yqiZ	1.4
yqjB	1.05
yqjD	0.9812
yqgM	1.15
yqgO	0.9712
yqgQ	1.09
yqgT	1.25
yqgV	0.9899
yqgX	1.19
yqjF	1.19
yqjH	1.13
yqjJ	1.6
yqjL	1.17
yqjN	1.26
yqjP	1.18
levE	0.8504
levG	0.9453
adhA	1.07
yraC	1.12
yraE	1.09
yraF	1.21
yqbK	1.1
yqbM	1.12
yqbN	1.19
yqbQ	1.07
yqbS	1.04
yqcA	1.06
yraH	1.03
yraJ	1.07
yraL	1.23
yraM	1.1
yraO	1.14
sigZ	1.19
yqcD	1.12
yqxG	1.18
yqxI	1.46
yqcF	1.15
yqzI	1.16
rapE	1.07
levF	0.951
sacC	0.8621
yraB	1.0
yraD	1.13
adhB	1.11
yraG	1.11
yqbL	1.1
yqdB	1.13
yqbP	1.16
yqbR	1.09
yqbT	1.18
yqcB	1.06
yraI	1.12
yraK	1.24
csn	1.27
yraN	1.28
yrpG	1.19
yrpE	1.4
yqcE	1.21
cwlA	1.26
yqxJ	1.36
yqcG	1.46
phrE	1.28
yqcI	1.28
ytaF	0.9473
ytbE	1.02
ytcD	1.08
ytcF	1.41
dnaB	1.18
ytxB	0.9904
folC	0.8888
spoIIB	1.46
ysxA	1.02
mreC	1.18
minC	1.05
spoIVFA	1.0
thrS	1.27
lytS	1.04
ysbA	1.02
yscB	0.8779
infC	1.0
rplT	0.9577
rplU	0.9657
spo0B	0.9082
p`eB	0.9088
pheB	0.8792
yrxA	1.0
nadB	0.9965
nadA	0.9091
ytaG	0.9264
ytbD	0.9862
gapB	0.9551
ytcG	1.13
dnaI	1.15
ytxC	0.9681
comC	1.14
maf	1.03
mreB	1.08
mreD	1.13
minD	0.9141
spoIVFB	1.04
ysaA	1.18
lytT	1.1
ysbB	1.09
yscA	1.11
rpmI	0.9435
ysdA	0.9689
ysxB	1.05
obg	0.9654
pheA	0.9908
nifS	1.3
nadC	1.01
yrbA	0.9125
yubA	1.08
yubC	1.11
yubE	1.24
yubG	1.05
yuaB	1.25
gbsA	0.9229
yteP	1.08
yteR	1.02
yteT	0.965
yteV	1.06
ytfP	0.975
ytzG	0.8907
yuaD	0.9295
yuaG	0.2734
yuaJ	1.15
glgD	1.11
ytaB	1.01
ytxN	0.9941
ytzE	1.1
ythQ	0.9507
ytjP	1.06
ytlP	1.08
ytlR	1.01
ytmP	1.08
yubB	1.11
yubD	0.9827
yubF	1.22
yuaA	1.07
yuaC	1.05
gbsB	0.8742
yteQ	1.0
yteS	1.01
yteU	1.15
opuD	1.14
ytgP	1.3
ytzF	0.9871
yuaF	0.3264
yuaI	0.2793
glgB	0.689
glgA	1.12
ytaA	1.17
cotS	1.17
ythP	1.09
ytiP	1.39
ytkP	1.04
ytlQ	1.17
amyX	1.22
ytzH	1.29
yvrB	1.04
yvqK	0.8796
yvqI	1.19
yvqG	0.9176
yvqE	0.9017
gerAC	1.0
yutL	0.9853
paiA	1.07
yumD	1.53
yumC	1.15
yuiA	0.5562
yuiC	0.6662
gerAA	1.04
yuxN	0.9853
yvqA	1.04
yvtB	0.85
yusZ	1.04
yusW	1.0
yuiE	1.01
yuiG	1.13
yuiI	0.8224
dhbC	0.7736
dhbB	0.6338
yukL	0.67
yvrA	1.08
yvqJ	1.1
yvqH	1.12
yvqF	0.9207
yvqC	0.9527
gerAB	0.9712
yutM	1.09
paiB	1.11
yuzG	1.02
yumB	1.0
yuiB	0.7298
yuiD	0.9958
citG	1.16
yvqB	1.07
yvtA	0.8936
mrgA	0.6365
yusX	1.09
yusV	1.35
yuiF	1.12
yuiH	0.963
dhbA	0.8739
dhbE	0.8213
yukM	0.7845
yukJ	0.908
yvyD	0.5626
cccB	0.8422
ftsX	1.34
yvzD	0.9048
yvkA	1.03
yvkC	0.0
yvfH	1.01
lacR	0.0
yvfM	1.05
yvfO	1.04
yvfS	1.07
yvfU	0.8029
uvrB	1.05
yvzB	0.8083
yvlA	0.5201
yvlC	0.7312
yvmB	0.9221
cypX	0.9443
yvfW	0.9118
yvbX	0.9334
yvbV	1.02
yvbT	0.9861
araE	0.9187
gap	0.7614
yvjA	1.07
ftsE	1.41
yvjB	0.6978
yvjD	0.8832
yvkB	1.14
csbA	0.9574
yvfI	0.9605
yvfL	1.13
lacA	0.9948
yvfR	1.11
yvfT	1.03
yvfV	1.15
uvrA	1.05
yvkN	0.9208
yvlB	0.5825
yvmA	0.9868
yvmC	1.14
yvnA	1.19
yvbY	1.0
yvbW	0.9878
yvbU	0.9154
araR	0.0
yvbQ	1.22
pgk	0.8046
ywhR	0.8446
sbo	0.9887
argS	1.05
fnr	0.8325
ywiD	1.02
narH	0.8978
ywpD	1.11
ywpF	1.09
ywpH	1.22
ywqB	1.3
ywqD	1.21
ywqF	1.13
narI	0.9285
ywjA	1.04
ywjC	1.05
ywjE	0.0
rpoE	1.69
ywjG	0.9616
ywqH	1.3
ywqJ	1.55
ywqL	1.22
ywqN	1.13
ywrA	0.984
ywrC	0.7503
ywiA	0.9942
ywiB	1.04
narK	1.04
ywiC	0.9612
narG	0.0
narJ	1.03
ywpE	1.04
ywpG	1.26
ywpJ	0.0
ywqC	1.69
ywqE	1.19
ywqG	1.28
ywiE	1.1
ywjB	0.9946
ywjD	1.26
acdA	1.28
ctrA	0.0
spo0F	1.35
ywqI	1.57
ywqK	1.58
ywqM	1.25
ywqO	1.03
ywrB	0.9017
ywrD	1.09
hutI	0.9466
hutP	1.19
yxiB	1.18
yxiD	1.27
yxxE	1.03
bglH	1.1
ywbA	1.1
ywbC	0.9291
ywbE	1.18
ywbG	1.06
ywbI	0.9358
thiC	0.8295
yxxF	1.07
yxiF	0.6832
yxiG	0.6627
yxzG	0.7188
yxiJ	0.6082
yxiL	0.6367
ywbO	0.8646
ywcB	0.9844
ywcD	0.9646
ywzA	0.9031
qoxB	0.9937
qoxD	0.8109
hutU	1.01
yxiA	1.06
yxiC	1.18
yxxD	1.08
bglP	0.9492
yxiE	0.9909
ywbB	1.06
ywbD	0.9599
ywbF	1.31
ywbH	1.12
thiK	0.9448
ywbM	1.25
yxxG	0.0
yxzC	0.8456
yxiH	0.8409
yxiI	0.8686
yxiK	0.9781
yxiM	1.0
ywcA	1.19
ywcC	1.16
galT	0.0
qoxA	1.18
qoxC	0.9958
ywcE	1.19
ytrP	1.02
yprA	0.0
yloN	0.0
yerG	0.0
wprA	0.0
yycJ	0.819
rocR	1.18
rocE	1.02
phrG	1.0
yycN	1.06
yycP	1.03
topB	0.0
polA	0.0
mmgA	0.0
ileS	0.0
dinG	0.0
carB	0.0
yycR	0.9613
yydA	0.9296
yydC	0.8654
fbp	1.17
yydG	1.31
yydI	1.07
ytsD	0.0
yrvE	0.0
yloP	0.0
ykuA	0.0
ydhL	0.0
valS	0.0
yyxA	0.8624
rocD	0.9408
rocF	1.08
rapG	1.1
yycO	1.06
yycQ	1.03
smc	0.0
murD	0.0
lonA	0.0
hrcA	0.0
cheA	0.0
alaS	0.0
yycS	1.23
yydB	0.9465
yydD	1.05
yydF	1.15
yydH	1.14
yydJ	1.19
yveM	1.12
yutK	0.991
yueB	0.8674
yufK	1.02
ytpQ	0.9346
ytmO	0.9104
yndF	1.08
pksL	0.8833
mcpC	0.8143
yisZ	0.8686
ydbH	1.27
ybxG	1.02
ysdB	0.9035
yrhE	1.02
yqcC	1.02
ponA	1.05
yomI	0.9108
cgeC	0.8704
wapA	0.8743
ppsA	1.21
pksM	0.9614
yetO	0.9028
rpoC	0.9063
dra	0.9819
yvfQ	1.05
yukA	1.17
yuxO	0.9873
glgC	1.1
yttP	1.01
pykA	0.9816
pksP	0.9291
pksK	0.8408
oppD	0.9658
srfAA	1.24
yccK	1.06
secE	0.9693
rpmA	0.9835
yrpC	1.37
yqgS	1.51
ypbR	1.62
yorL	1.43
odhA	1.78
dhbF	0.9549
pksR	1.07
yfkN	1.23
gutR	1.17
yxeF	0.0
galK	0.0
rbcL	0.6799
aceF	0.9339
kdtA	0.8854
tufA_E	0.698
yazC	0.8859
yrhC	0.9669
yerC	0.9655
yshA	0.8675
yoqX	1.02
yacF	0.908
yhcD	0.9001
yetG	0.9147
ywnG	0.9643
ywqA	0.8472
degU	1.11
yvnB	1.17
cysS	0.9443
yqjU	0.9007
ylaI	0.9679
yuaE	0.7949
yqaD	1.1
yozD	1.02
yazB	1.1
yfnB	1.18
ywmD	1.19
glcR	1.12
ggaB	1.37
prfB	0.8944
yvoD	0.993
ybcD	0.6822
ndhF	0.5513
adaA	1.12
ybbU	1.11
ybbT	1.09
ybbP	1.13
folK	0.9869
sul	1.09
pabA	1.05
cysK	1.12
yacC	1.1
sigW	0.7772
ybbJ	1.13
ybbH	1.06
ybbE	0.745
ybbC	0.967
feuA	1.04
yabT	1.01
yabR	0.8704
yabQ	0.8104
yabO	0.9425
spoVT	0.8213
ybcC	0.4986
adaB	1.09
alkA	1.01
glmS	1.73
ybbR	1.36
ybbM	0.7714
folA	1.08
pabC	0.9919
pabB	1.08
yacD	1.07
yacB	1.13
ybbK	1.22
ybbI	1.38
ybbF	1.26
ybbD	1.35
ybbB	1.42
feuB	1.13
yabS	1.1
divIC	0.8287
yabP	1.01
yabM	1.08
spoVC	1.17
ydaB	0.9975
ycsN	0.9197
yczI	1.03
ycsO	0.7584
ycsI	0.8152
ycsE	1.03
ycgF	0.9225
mdr	0.8453
lctE	1.17
ycgB	0.9772
opuAC	1.13
yceK	1.0
yczH	0.9402
ycsA	0.9363
mtlA	0.9373
ycnK	0.7312
ycnI	0.7158
ycxE	0.8588
yceI	0.8273
yceF	0.5688
yceD	0.5013
yceB	1.01
ycdI	1.26
ycdG	0.9703
ydaA	0.9842
yczJ	1.16
ycsK	0.8991
ycsJ	0.7118
ycsF	0.7205
ycsD	0.8564
ycgE	0.9399
lctP	0.7636
amyE	1.06
ycgA	0.9571
opuAB	1.3
yceJ	1.03
sipU	1.17
mtlD	1.15
ycnL	1.03
ycnJ	0.9674
gdh	1.22
ycnH	1.12
yceG	0.8661
yceE	0.5461
yceC	0.5003
yceA	1.31
ycdH	2.27
ycdF	1.06
ydjJ	0.6451
ydjH	0.348
ydjF	0.3593
gutB	0.892
ydjB	0.9961
ydiR	0.9047
ydeI	1.14
ydeG	0.9294
ydeE	1.03
ydeC	1.04
ydeB	0.897
ydeA	1.0
ydiP	1.0
ydiN	0.9827
groEL	1.29
ydiL	1.02
ydiJ	1.07
ydiH	1.08
yddS	1.14
yddQ	1.04
lrpA	1.13
phrI	0.8357
yddJ	1.26
yddH	0.9443
ydjI	0.3761
ydjG	0.3716
ydjE	0.9935
ydjC	0.9841
ydiS	0.9001
ydiQ	0.0
ydeH	0.0
ydeF	1.09
ydeD	1.09
ydzE	0.8874
cspC	0.6055
yddT	1.21
ydiO	1.28
ydiM	1.44
groES	2.11
ydiK	1.36
ydiI	1.18
ydiG	1.26
yddR	1.17
lrpB	1.2
yddM	1.12
rapI	1.07
yddI	1.19
yddG	0.9382
yfiR	0.9913
lipB	1.41
yfiN	0.9738
yfiL	0.9455
yfiJ	0.9664
yfiH	0.9374
yfnE	0.9842
yfnG	1.04
yfnI	1.19
yetL	1.03
yetJ	0.9598
yezB	0.9458
yfiF	0.9614
yfiD	0.8204
glvC	1.0
glvA	1.05
yfjB	1.21
yfjD	1.01
yetH	0.0
lplD	0.9886
lplB	0.9883
yetA	0.0
yesX	0.9684
yesV	0.9535
yfiQ	1.03
yfiO	0.0
yfiM	0.0
yfiK	0.8423
yfiI	0.9493
yfiG	0.0
yfnF	0.0
yfnH	1.02
yetN	0.9947
yetK	0.8917
yezD	0.0
yetI	0.812
yfiE	0.9206
yfiC	1.27
yfiA	1.39
yfjA	1.52
yfjC	1.41
yfjE	1.08
yetF	1.26
lplC	1.15
lplA	1.28
yesZ	1.03
yesW	1.08
yesU	1.02
yhjC	0.8448
yhxD	0.9989
yhzC	0.9132
yhfW	1.01
yhfU	1.23
yhfS	1.0
ygxB	1.03
yhdD	0.9748
yhdB	1.04
yhcZ	1.05
yhxB	1.0
glpK	1.54
yhfO	1.07
yhfN	0.6276
yhfL	0.9316
yhfJ	0.9151
yhfH	0.6016
yhfF	0.9694
glpP	1.14
yhcX	1.09
yhcV	0.998
yhcT	1.06
yhcR	0.0
yhcP	1.04
yhjA	1.45
comK	0.0
yhxC	0.0
yhfV	0.8434
yhfT	1.14
yhfP	0.968
yhdE	0.942
yhdC	0.0
yhdA	1.06
yhcY	1.09
glpD	1.28
glpF	1.38
aprE	1.22
yhfM	1.44
yhfK	1.23
yhfI	1.24
gltT	1.2
yhfE	1.15
yhxA	1.28
yhcW	1.22
yhcU	1.2
yhcS	1.12
yhcQ	1.21
yhcO	1.12
yjqB	0.9119
xlyB	0.9142
phrA	0.7898
yjoB	0.6251
yjnA	0.9473
yjmI	0.8719
yjbC	0.5272
oppF	0.957
oppB	1.07
trpS	0.9064
appC	1.01
appA	1.07
yjmG	0.9128
yjmE	0.945
yjmC	0.9325
yjmA	0.8937
yjlC	1.08
yjlA	1.02
appD	1.41
yjaY	0.9904
yjzA	0.8319
yjaV	1.08
yjzD	1.15
argF	0.7872
yjqA	0.8401
yjpA	0.0
rapA	0.9673
yjoA	0.9683
yjmJ	0.9619
yjmH	1.03
yjbB	1.09
oppC	1.07
oppA	1.08
yjbA	1.16
appB	1.23
appF	1.58
yjmF	1.02
yjmD	1.57
yjmB	1.41
yjlD	1.44
yjlB	1.22
yjkB	1.11
yjaZ	1.31
yjzB	1.09
med	0.9303
yjaU	1.25
yjzC	1.03
pdhA	1.23
ykrB	0.9724
ykzG	0.9167
adeC	1.28
ykqA	0.8831
abh	0.6787
ykrL	0.7093
sspD	1.0
ykoZ	1.17
ykoV	1.02
ykoT	1.01
ykoQ	0.9896
ykpC	0.8746
ykpB	0.742
ykoA	0.8349
fruA	0.8553
yknZ	0.6201
yknX	0.7028
ykoN	1.08
ykoL	1.16
tnrA	1.08
ykzD	1.17
ykoI	0.9861
ykoG	1.14
ykyA	1.07
ykrA	1.14
ykqC	0.9181
ykqB	1.11
kinC	0.972
mreBH	0.9568
ykrK	1.16
ykrI	1.19
ykoX	1.11
ykoU	1.08
ykoS	0.9133
ykoP	1.01
ampS	1.18
ykpA	1.32
sipT	1.14
fruR	1.08
yknY	0.7712
yknW	0.7308
ykoM	0.9879
ykzB	1.24
ykoK	1.34
ykoJ	1.12
ykoH	1.3
ykoF	1.43
rbfA	0.8158
infB	0.9622
ylxR	1.05
ylxS	1.13
yluC	0.9006
cdsA	1.01
ylnB	0.9368
cysH	0.9194
pyrF	0.7784
pyrDII	0.7437
pyrC	1.19
pyrP	1.3
frr	1.09
tsf	1.12
ylxL	0.6791
cheD	0.6534
cheW	0.6232
cheB	0.5966
ylyB	1.55
ylyA	1.08
divIVA	1.02
ylmG	1.11
ylmE	1.05
ylmC	1.02
ylxP	0.8887
ylxQ	0.9832
nusA	1.07
proS	0.8349
yluB	0.9907
yluA	1.03
ylnA	0.9389
pyrE	0.7871
pyrD	0.7823
pyrAA	1.1
pyrB	1.15
pyrR	1.3
smbA	1.16
rpsB	1.09
sigD	0.8084
cheC	0.7829
ylxH	0.738
lsp	1.26
ylmH	1.2
ylmF	1.09
ylmD	1.12
ylmB	1.2
yoaT	1.14
yoaS	1.21
yozF	1.09
yoaP	1.19
yoaN	1.01
pelB	1.15
yncM	1.84
ynzH	1.23
yncE	1.33
yncC	1.09
xylB	1.16
xylR	1.05
yoaJ	0.9186
yoaH	0.985
yoaF	0.8276
yoaD	1.65
yoaB	1.09
yoxB	1.05
ynaJ	1.11
ynaG	1.06
ynaE	1.16
ynaC	1.09
ynzG	1.07
ynxB	1.04
yozG	1.16
yoaR	1.11
yoaQ	1.14
yoaO	1.01
yoaM	1.1
yoaK	1.33
thyA	1.31
yncF	1.18
yncD	0.9936
yncB	1.27
xylA	1.08
xynB	0.9701
yoaI	1.16
yoaG	1.04
yoaE	1.38
yoaC	1.47
yoaA	1.45
yoxC	1.3
ynaI	1.34
ynaF	1.2
ynaD	1.02
ynaB	1.14
ynzF	1.17
glnA	1.08
yopS	0.7179
yopU	0.6243
yopW	0.7825
yopY	0.8194
yoqA	0.8638
yoqC	0.9816
cgeD	0.919
yodT	1.22
yodR	0.9684
yodP	0.998
yozE	0.989
yodM	1.03
yoqE	0.9841
yoqG	0.9017
yoqI	0.956
yoqK	1.01
yoqM	1.0
yoqO	1.06
deoD	1.1
yodI	0.9506
ctpA	1.04
yodE	1.0
yodC	1.11
yojA	0.9385
yopT	0.6857
yopV	0.8226
yopX	0.8331
yopZ	0.7464
yoqB	1.04
yoqD	0.9722
cgeE	0.8673
yodS	0.8802
argE	0.9454
yodO	1.14
yodN	1.27
yodL	1.06
yoqF	1.04
yoqH	1.17
yoqJ	1.11
yoqL	1.11
yoqN	1.31
yoqP	1.45
yodJ	1.0
yodH	1.2
yodF	1.17
yodD	1.03
yodA	1.16
yojB	1.1
hbs	0.8407
mtrB	1.01
gerCB	1.33
ndk	1.29
aroF	1.02
aroH	0.92
ypmP	0.9596
ypmR	1.08
ypmT	0.9499
ypoP	0.8877
yppQ	0.9356
yokA	1.66
trpD	0.7685
trpF	0.6118
trpA	0.998
tyrA	0.9258
ypiA	0.9045
ypiF	0.7958
yokC	1.25
yokE	1.12
yokG	1.07
yokI	0.8614
yokK	1.1
yolA	0.7736
mtrA	1.05
gerCA	1.62
gerCC	1.34
cheR	1.2
aroB	0.9338
trpE	0.9763
ypmQ	0.9312
ypmS	1.0
ypnP	1.07
yppP	0.9779
ypqP	1.37
yokB	0.6454
trpC	0.7869
trpB	0.6446
hisC	0.8918
aroE	0.8672
ypiB	0.9454
qcrA	1.32
yokD	1.02
yokF	1.32
yokH	1.16
yokJ	0.9936
yokL	1.21
yolB	1.01
yqgY	1.22
yqhA	1.16
yqxL	1.23
comGB	1.35
comGD	1.17
comGF	1.2
yqjQ	1.01
yqjS	0.9964
yqjV	1.11
yqjW	1.13
yqjY	1.16
yqkA	1.16
yqzE	1.13
yqxM	1.44
cotN	1.35
sinI	1.07
yqhH	1.14
yqhJ	1.27
yqkC	0.8619
yqkE	1.08
yqkG	0.9945
ansA	1.07
yqkI	1.13
yqkK	1.01
yqgZ	1.01
yqhB	1.1
comGA	1.35
comGC	1.21
comGE	1.23
comGG	1.31
yqjR	0.9761
yqjT	0.9624
yqzH	0.9895
yqjX	1.15
yqjZ	1.2
yqkB	1.18
yqzG	1.23
sipW	1.64
sinR	1.11
yqhG	1.09
yqhI	1.4
yqhK	1.13
yqkD	1.16
yqkF	1.12
ansR	1.05
ansB	1.01
yqkJ	1.21
spoIIM	1.32
yrpD	1.64
aadK	1.2
yrdB	1.14
yrdD	1.16
yrdF	1.13
azlC	1.16
yqcJ	1.15
yqcL	1.04
spoIVCA	1.13
nucB	1.07
yqeC	1.04
yqeE	1.03
brnQ	1.09
gltR	1.15
czcD	1.1
yrdQ	0.9609
yrkA	0.7102
blt	0.7555
yqeG	1.16
aroD	1.01
yqeJ	0.8903
yqeL	0.7567
comER	1.04
comEB	1.05
yrpB	1.11
yrdA	1.35
yrdC	1.06
cypA	1.07
azlB	1.15
azlD	1.11
yqcK	1.09
yqcM	1.11
spoIVCB	1.13
yqeB	1.12
yqeD	1.03
yqeF	1.08
yrdK	1.03
yrdN	1.18
trkA	0.0
yrdR	1.08
bltD	1.08
bltR	1.16
yqeH	1.19
yqeI	0.9291
yqeK	0.8267
yqeM	0.9625
comEA	1.07
comEC	1.15
ysdC	1.01
araA	0.9573
araD	1.06
araM	0.9952
araP	0.8943
abfA	0.9114
yrbB	0.7254
yrbD	0.9564
yrzG	0.9683
yrbE	1.08
bofC	1.04
ruvB	1.03
ysfE	1.0
ysfC	0.9494
ysfA	1.01
pheS	0.8928
ysgB	0.9114
yshC	0.9698
tgt	0.9198
yrzE	0.9477
spoVB	0.9976
yrvB	0.8755
yrvC	1.02
abnA	0.9747
araB	1.04
araL	0.9826
araN	0.9786
araQ	0.9908
cstA	0.0
yrbC	1.03
yrzH	1.01
yrzF	0.9708
csbX	1.08
ruvA	1.06
queA	1.0
ysfD	0.9633
ysfB	0.9482
ysgA	0.9424
pheT	0.8248
yshB	0.0
yshD	0.9518
yrbF	0.8838
yrbG	1.13
yrzD	0.9246
secF	0.9428
yrvD	1.22
apt	1.02
ytxO	1.1
ytcB	1.06
ytdA	1.16
menF	1.23
ytxM	0.9234
menE	0.8866
ytmQ	0.0
malS	0.9397
ytoP	1.06
ytpP	0.9196
ytpS	1.11
murC	0.9948
ytgA	0.902
ytgC	0.9435
ythB	0.9498
ytiA	1.42
ytjA	1.15
ytkA	0.9466
ytxH	0.9728
aroA	1.1
ytxD	1.02
acuC	1.09
acsA	1.09
rpsD	0.9214
ytcC	1.04
ytcA	1.01
yteA	1.04
menD	0.9599
menB	0.9401
ytfD	0.9535
ytnP	0.9949
ytzB	1.03
ytoQ	1.06
ytpR	0.8713
ytpT	1.21
ytxG	1.0
ytgB	0.9819
ytgD	1.08
ythA	1.03
ytiB	1.22
ytjB	1.04
dps	0.8517
ytxJ	0.9712
ccpA	1.23
ytxE	1.18
acuA	1.18
tyrS	1.04
yusU	0.9807
yusS	1.02
yusQ	0.9867
yusO	0.8885
yusM	0.9874
yusK	1.03
yuxI	0.9659
yukE	1.11
yukC	1.66
yueC	0.901
yueE	1.03
yuzE	1.12
yusI	0.9922
yusG	1.03
yusE	1.32
yusC	1.57
yusA	1.72
yurY	1.76
yueG	1.0
yueI	0.9981
yueK	1.09
yuzC	1.07
comQ	1.18
comP	1.0
yusT	0.9873
yusR	0.9666
yusP	1.03
yusN	1.07
yusL	0.0
yusJ	1.13
ald	0.9395
yukD	1.28
yukB	1.27
yueD	0.9454
yuzF	1.09
yueF	1.1
yusH	0.9942
yusF	1.43
yusD	1.32
yusB	1.65
yurZ	1.15
yurX	1.68
yueH	0.9607
yueJ	1.23
yuxH	0.965
degQ	1.28
comX	1.4
comA	1.26
yvoA	0.9682
nagA	0.9684
lgt	0.8886
yvpA	1.02
hisZ	1.02
hisD	1.03
tpi	0.7311
eno	0.6725
yvbJ	1.06
yvbH	1.21
yvbF	0.0
opuCB	1.36
hisH	0.9099
hisF	0.8929
yvcA	1.36
yvzA	1.47
yvcD	1.18
trxB	1.25
opuCD	1.12
yvaZ	1.34
yvaX	2.95
yvaV	1.14
opuBC	1.05
yvaQ	1.02
nagB	0.8949
yvoB	1.02
yvpB	1.13
hisG	1.0
hisB	0.9976
pgm	0.744
yvbK	1.16
yvbI	1.14
yvbG	1.12
opuCA	1.42
opuCC	1.35
hisA	0.915
hisI	0.9306
yvcB	1.48
yvcC	0.0
yvcE	2.8
yvcI	0.9875
yvbA	1.47
yvaY	1.66
yvaW	3.0
opuBB	1.26
opuBD	0.0
yvaP	1.16
fbaA	0.9374
murZ	1.03
rpmE	0.7635
ywkB	1.1
ywkD	0.9402
ywkE	0.9488
ywrE	0.8048
cotG	1.08
cotB	1.09
ywrK	0.8903
alsS	1.15
ywrO	0.8225
ywlA	0.9743
ywlB	0.9407
ywlE	0.9683
ywlG	1.19
upp	1.06
atpB	1.58
ywsB	0.9829
rbsC	1.07
rbsD	1.04
rbsR	1.07
ywtA	1.07
ywtC	1.08
ywjH	0.8791
ywjI	0.9338
ywkA	1.1
ywkC	1.17
prfA	1.07
ywkF	0.8787
ywrF	1.12
cotH	1.1
ywrJ	1.16
alsR	1.11
alsD	1.12
ywsA	1.02
spoIIR	1.06
ywlD	1.11
ywlF	1.11
glyA	1.83
atpI	1.68
atpE	1.11
rbsB	1.25
rbsA	1.12
rbsK	1.14
ywsC	1.18
ywtB	1.22
ywtD	1.31
deaD	0.715
yxiP	1.06
bglS	0.9973
katB	1.08
yxiT	1.04
yxjB	0.9911
ywcF	1.14
ywcH	1.01
ywcI	1.93
ywcJ	1.15
sacA	1.06
thiD	1.02
yxjD	0.923
yxjF	0.9515
yxjH	1.17
yxjJ	0.8238
yxjL	1.1
yxjN	0.9702
ywdD	1.06
ywdF	1.06
ywdH	1.03
ywdJ	1.01
ywdL	1.07
spsB	1.01
yxiO	0.9387
licT	1.1
yxiQ	1.05
yxiS	0.9076
yxjA	1.15
yxjC	0.9885
ywcG	0.9587
vpr	1.39
sacT	2.0
sacP	1.06
ywdA	1.05
ywdC	1.1
yxjE	1.05
yxjG	1.11
yxjI	0.763
pepT	1.32
yxjM	1.17
yxjO	1.08
ywdE	1.26
ung	1.04
ywdI	1.15
ywdK	0.9663
spsA	1.13
spsC	1.12
rnpA	1.29
jag	0.9616
gidB	0.9728
yydK	1.09
bglA	1.23
ahpC	1.97
gntP	1.16
gntR	1.35
yxaB	1.07
yyaB	1.01
spo0J	1.07
yyaD	0.9932
yyaF	0.9399
ssb	0.9511
exoA	0.9804
yxaD	0.9706
yxaF	1.0
yxaH	1.2
yxaJ	1.04
yxaM	1.27
yxbB	1.31
rpmH	1.06
spoIIIJ	1.08
thdF	1.25
yyaA	0.9758
yyzE	1.07
ahpF	1.99
gntZ	1.09
gntK	1.29
yxaA	1.07
yxaC	1.16
soj	1.09
yyaC	1.15
yyaE	0.9893
rpsF	1.13
rpsR	1.06
yyaG	1.24
yxnA	1.26
yxaG	1.23
yxaI	1.2
yxaL	1.15
yxbA	1.41
yxbC	1.52
gltA	0.9128
ppsE	1.03
ebrA	1.04
ymfG	0.9682
bpr	1.01
cheV	0.7702
rho	0.8414
tagD	1.02
yvfE	0.8513
yvgP	0.6819
yurC	0.0
aapA	1.05
spoIIS	0.8923
xtmB	0.9932
yhjN	1.01
yhaA	1.06
yheJ	0.9972
yfmB	1.02
yqhQ	0.9026
yosN	0.8881
pnpA	1.07
flhA	0.7017
fliP	0.6999
fruB	0.993
ppsC	0.9162
yngB	0.8619
pyrAB	0.8803
polC	0.961
pycA	0.9615
ptsH	0.8773
tdk	0.0
yvfC	0.9033
yvfK	0.9386
yusY	0.9189
ysnF	1.07
lepA	1.04
xkdO	0.9996
yirY	0.7928
yhfQ	1.39
yhaQ	1.01
yfkL	1.11
yfnC	1.09
spoIIIAG	1.21
yojG	0.9745
flhF	0.7619
flhB	0.7836
cheY	0.6841
moaD	1.14
hprT	0.8483
yvoF	0.8199
yvdS	0.9634
sacB	0.9097
ffh	0.737
ssuC	1.01
yvfP	0.9305
ctc	1.07
ppsB	0.8972
yvgR	0.6811
ydjK	0.9029
spoIIE	0.0
ywbL	1.21
sigL	0.8845
yacA	0.9246
yvdR	0.9352
yveB	1.07
yqxK	1.0
yhaR	0.9441
pnbA	0.9772
ytnM	1.02
prs	1.36
ykoW	1.18
cotA	1.09
ydjA	1.06
hutH	0.9397
secA	0.9618
ybaS	0.9589
ybaN	0.8058
gerD	0.8492
cwlD	0.8028
ybaJ	1.02
rplM	1.17
gcaD	1.5
yabJ	1.07
yabH	1.12
veg	0.5822
ksgA	1.05
ybaF	0.5361
ybxA	0.612
rpoA	0.9261
rpsM	0.9438
infA	0.8645
adk	0.863
abrB	0.8849
yazA	0.9964
yabA	1.07
holB	1.09
yaaQ	1.1
ybaR	1.0
kbaA	0.8576
ybaL	0.9342
ybaK	0.8406
rpsI	1.06
truA	0.5306
spoVG	1.18
purR	1.15
sspF	0.6693
yabG	1.01
yabF	1.04
ybaE	0.596
rplQ	1.01
rpsK	1.0
rpmJ	0.8449
map	0.9444
secY	0.8373
yabC	1.06
yabB	1.07
yaaT	1.11
yaaR	1.25
tmk	1.18
ycnG	0.9255
yczG	0.9673
ycnD	0.9123
yclQ	1.21
yclO	1.11
yclM	1.08
rapJ	0.9574
ycdC	0.9483
natB	1.03
yccH	1.05
yccF	1.13
yczB	0.9668
yclK	1.02
yclI	0.945
gerKB	0.8895
gerKA	0.9468
yclE	1.21
yclC	0.919
cwlJ	0.9213
ycbO	0.9475
ycbL	1.02
yczA	0.8587
ycbH	0.8397
ycbF	0.8412
ycnF	0.9858
ycnE	0.9165
ycnC	1.11
yclP	1.31
yclN	1.22
rapC	1.38
ycdD	0.996
ycdA	0.9147
natA	1.01
yccG	1.06
lipA	1.33
phoD	0.9385
yclJ	1.05
yclH	1.07
gerKC	0.9506
yczF	0.9416
yclD	0.9715
yclB	1.01
ycbP	0.9962
ycbN	1.08
ycbK	0.982
ycbJ	1.05
ycbG	0.9365
ycbE	0.8877
ydiF	0.9674
ydiD	0.8363
ydiB	0.9499
ydhU	0.8403
ydhS	0.8401
ydhQ	0.8702
yddF	0.0
yddC	1.08
yddA	1.11
ydcS	1.09
ydcQ	1.14
ydcO	0.9631
ydhO	0.9749
ydhM	0.86
ydhK	0.9846
ydhI	1.03
ydhG	0.9085
ydhF	0.9432
ydcN	1.13
ydcL	1.33
ydcH	0.9783
ydcF	0.8778
sigB	0.7603
rsbU	0.9113
ydiE	0.924
ydiC	0.9167
ydiA	0.9083
ydhT	0.7873
ydhR	0.8448
ydhP	0.9811
yddD	0.9744
yddB	1.02
ydcT	1.09
ydcR	1.04
ydcP	0.9981
sacV	0.9299
ydhN	0.8519
ydhJ	1.13
ydhH	1.03
phoB	0.9837
ydhE	0.9426
ydcM	1.32
ydcK	0.0
ydcG	1.09
rsbX	1.0
rsbW	0.8326
rsbT	1.11
yfjF	1.01
acoR	1.04
acoC	0.9473
acoA	0.9536
yfjM	0.928
yfjO	0.9728
yesT	0.8431
yesR	0.8697
yesP	0.9678
yesM	0.9443
yesK	0.8673
cotJB	0.9068
yfjQ	0.9538
yfjS	0.9259
yfkA	1.1
yfkC	0.9616
yfkE	0.8971
yfkJ	0.6681
yesF	0.8993
yeeK	0.9366
rapH	0.9679
yezA	1.02
yeeC	1.01
yeeA	1.02
yfjU	1.02
acoL	0.8535
acoB	1.0
yfjL	0.8149
yfjN	0.9833
yfjP	1.04
yesS	1.12
yesQ	0.8928
yesO	0.9636
yesL	0.988
yesJ	0.8153
cotJA	0.8899
yfjR	0.9211
yfjT	0.9908
yfkB	1.1
yfkD	0.8544
yfkH	0.9896
yfkK	0.9178
yesE	0.9229
yeeI	0.0
yeeG	1.03
yeeD	1.19
yeeB	0.9841
yefC	1.19
yhfD	0.8675
yhfB	0.8059
yhgD	1.03
hemH	0.868
pbpF	0.9628
yhgB	0.9198
yhcN	0.9381
yhcL	0.948
yhcJ	0.8469
yhcI	0.9369
yhcG	1.03
yhcE	1.04
ecsC	0.9197
ecsA	1.1
serC	1.78
yhaH	0.9751
yhaI	1.04
yhaK	1.23
yhcB	0.7758
yhbJ	1.0
yhbH	0.9915
yhbF	0.8248
yhbD	1.03
yhbA	0.9519
yhfC	0.9719
yhgE	0.9842
hemY	0.939
hemE	0.8944
yhgC	1.21
yhfA	0.9596
yhcM	0.8839
yhcK	1.06
cspB	0.7283
yhcH	1.04
yhcF	0.9804
yhcC	0.6383
ecsB	1.01
hit	1.11
yhaG	1.15
hpr	0.9229
yhaJ	1.02
prsA	0.9781
yhcA	0.8458
yhbI	0.958
prkA	1.05
yhbE	0.9466
cspR	1.07
yhzB	1.15
yjkA	0.8972
yjiC	0.9825
yjiA	0.9701
yjhA	0.861
yjgB	0.9114
yjfC	0.9907
carA	0.959
argB	1.09
argC	1.42
yitY	1.03
yitW	0.859
yitU	1.05
yjfA	1.08
cotT	1.07
yjdJ	1.08
yjdG	0.8862
yjdE	1.03
yjdC	1.07
yitT	1.04
nprB	0.9251
yitQ	1.02
yitO	0.9923
yitM	1.1
yitK	1.02
yjjA	1.1
yjiB	1.06
yjhB	1.02
yjgD	1.09
yjgA	1.03
yjfB	0.8914
argD	1.04
argJ	1.25
yitZ	1.1
yitX	0.9488
yitV	0.8971
ipi	0.9988
yjeA	1.52
yjdK	1.09
yjdI	0.9659
yjdF	0.8429
yjdD	0.997
yjdB	1.13
yitS	0.988
yitR	0.9913
yitP	1.24
yitN	1.13
yitL	1.02
yitJ	1.19
yknV	0.8391
moaE	0.8597
moeA	0.9841
mobA	0.9762
ykuV	1.06
ykuT	1.06
ykoE	1.34
ykoC	1.41
ispA	1.13
yknA	1.27
ykmA	0.9951
proA	1.03
ykuR	0.8828
ykuP	1.07
ykuN	1.11
ykuL	1.18
ykuK	1.02
ykuI	1.05
ykkE	1.05
ykkC	0.9499
ykkA	0.8771
ykzH	0.9377
ykhA	1.07
ykgB	1.02
yknU	0.0
mobB	0.89
moeB	1.02
ykuW	1.26
ykuU	1.07
ykuS	0.8885
ykoD	1.29
ispU	1.13
metC	1.57
ykzA	0.9345
yklA	0.7037
proB	1.07
ykuQ	0.9368
ykuO	1.15
ykuM	1.07
ykzF	1.12
ykuJ	0.9676
ykuH	1.34
ykkD	1.01
ykkB	1.06
ykjA	1.03
hmp	0.8898
ykgA	1.11
ykfD	0.9541
fliR	0.618
fliZ	0.6165
fliM	0.585
flgE	0.562
fliK	0.6021
fliJ	0.663
ylmA	1.09
sigE	1.17
ftsZ	0.8734
sbp	0.8412
ylxW	0.7809
murB	0.7264
fliH	0.7303
fliF	0.9092
flgC	0.8444
codY	0.8407
clpQ	0.8647
gid	0.9743
spoVE	0.821
mraY	1.02
pbpB	0.9879
ylxA	0.8661
yllA	1.04
ylbP	0.9716
fliQ	0.6951
fliY	0.5978
fliL	0.6716
ylxG	0.5995
ylxF	0.7039
fliI	0.999
sigG	1.11
spoIIGA	1.09
ftsA	0.9166
ylxX	0.8158
divIB	0.8037
murG	0.8477
fliG	0.799
fliE	0.863
flgB	0.9
clpY	0.8504
codV	0.938
topA	1.31
murE	1.18
ftsL	0.8424
yllB	0.9612
ylbQ	1.07
ylbO	0.9961
yoxD	0.7887
proH	1.02
gltC	0.9272
yogA	0.8953
ggt	0.927
yoeC	0.8162
glnR	0.8677
ynbA	1.03
cwlC	0.9364
nrdF	0.8909
ymaA	1.05
ymzC	1.01
yoeA	1.13
pbp	0.9854
yngK	0.899
yngJ	0.897
yngH	0.9524
yngF	1.09
miaA	1.1
ymaG	0.9657
ymaD	0.9888
aprX	0.9795
ymzB	1.04
pksN	0.9413
rtp	0.9981
proJ	1.07
gltB	0.8114
yofA	0.8985
yoeD	0.8057
yoeB	0.478
ynbB	0.9535
spoVK	1.01
ymaB	0.8049
nrdE	1.01
ymzA	1.01
ymaH	1.1
yoxA	1.05
yngL	0.9967
ynzE	0.9639
yngI	1.3
yngG	0.9257
yngE	0.8946
ymaF	1.01
ebrB	1.08
ymaC	1.14
ymaE	1.12
pksS	1.39
pksJ	1.04
yoqR	0.9846
yoqT	0.9339
yoqV	1.06
yoqY	0.9673
yorA	0.8407
yorC	0.8921
yojC	0.9237
yojF	0.919
yojI	1.0
yojK	1.02
yojM	0.9679
yojO	1.03
yorE	0.6797
yorG	0.5735
yorI	0.8582
yorK	0.8469
yorN	0.8928
yorP	0.8381
yocS	0.8482
sodF	0.9798
dhaS	1.04
yozO	0.5361
yozN	0.6007
yocL	0.6843
yoqS	1.01
yoqU	0.9954
yoqW	0.6772
yoqZ	0.9683
yorB	0.9009
yorD	0.8811
yojE	1.03
yojH	1.05
yojJ	1.06
yojL	1.24
yojN	1.08
odhB	1.22
yorF	0.6261
yorH	0.8437
yorJ	0.8712
yorM	0.9516
yorO	0.8705
yorQ	0.845
yocR	1.08
sqhC	1.11
yozC	0.937
yocN	0.7202
yocM	0.5437
yocK	0.5973
qcrC	1.23
ypjB	1.04
ypjD	1.16
ypjF	1.0
ypjH	1.04
birA	0.804
yolC	1.08
uvrX	1.11
sunA	0.9503
yolI	1.27
yolK	0.9016
yomB	1.15
panC	0.7266
ypmB	0.9606
asnS	0.8613
nth	0.8808
yppB	1.12
yomD	0.9654
yomF	0.8949
yomH	0.9854
yomK	0.9633
yozP	1.01
yomN	0.7337
ypjA	1.12
ypjC	1.2
dapB	1.23
ypjG	0.9869
papS	0.889
panB	0.8038
yolD	1.11
yolF	1.01
sunT	0.0
yolJ	1.12
yomA	1.17
yomC	0.9729
panD	0.8164
ypmA	0.0
aspB	1.01
dnaD	0.9154
ypoC	0.8908
yppC	0.9658
yomE	1.01
yomG	0.9862
yomJ	1.0
yomL	1.21
yomM	0.8585
yomO	0.7796
yqhL	1.2
yqhN	1.14
yqhP	0.8966
yqhS	0.9964
efp	1.11
spoIIIAA	0.9773
yqkL	1.5
drm	1.12
dacF	1.12
spoIIAB	1.47
spoVAA	1.19
spoVAC	1.17
spoIIIAC	1.14
spoIIIAE	0.9855
spoIIIAH	0.9533
accC	1.15
yqhZ	1.22
yqiB	1.08
spoVAE	0.9724
lysA	1.14
ppiB	1.08
ypuB	1.06
ypzC	1.06
ypuD	0.9825
yqhM	1.08
yqhO	1.01
yqhR	1.13
yqhT	1.14
yqhV	1.07
spoIIIAB	0.9992
ripX	1.15
pnp	1.02
spoIIAA	1.39
sigF	1.44
spoVAB	1.05
spoVAD	1.01
spoIIIAD	1.08
spoIIIAF	1.0
accB	1.08
yqhY	0.9887
folD	1.24
yqiC	0.8769
spoVAF	1.01
ypuA	1.07
ypzD	1.15
ypuC	1.26
sipS	1.06
ypuE	1.47
yrkB	0.9405
yrkD	1.04
yrkF	1.04
yrkH	1.04
yrkJ	1.1
yrkL	1.05
yqeN	0.9715
gpr	0.936
yqxA	0.9936
dnaK	1.06
yqeT	1.12
yrkN	1.07
yrkP	1.01
yrkR	1.09
spoIIIC	1.02
yqaC	1.04
yqaF	1.03
yqeV	0.8075
rpsU	0.9665
yqeZ	0.4326
yqfB	0.5322
yqfD	0.9539
yqfF	1.06
yrkC	0.9695
yrkE	1.16
yrkG	1.02
yrkI	1.1
yrkK	1.12
yrkM	0.8665
rpsT	1.09
spoIIP	0.0
hemN	1.09
grpE	1.02
dnaJ	1.21
yqeU	1.04
yrkO	1.01
yrkQ	1.03
yrkS	0.8825
yqaB	1.07
yqaE	0.9874
yqdA	0.8826
yqeW	0.9756
yqeY	0.912
yqfA	0.5324
yqfC	0.8924
phoH	1.1
yqfG	0.9409
yshE	0.7358
ysiA	0.82
etfB	0.8898
xsa	0.8829
uvrC	0.8761
lysC	0.7778
relA	0.9473
yrvJ	0.9879
hisS	1.06
yrvM	0.9225
yrzC	1.08
yrvP	0.8302
sdhC	1.46
sdhB	1.11
gerE	0.9458
racE	1.18
rph	0.8838
ysnB	0.8963
yrrB	0.8156
yrrD	0.9616
glnM	0.8976
glnQ	1.09
yrzB	0.9071
lcfA	0.9507
ysiB	0.9819
etfA	0.9226
trxA	0.942
ask	1.17
yslB	0.88
yrvI	0.8276
yrzK	0.9477
aspS	0.873
yrvN	1.06
yrvO	0.9832
yrrA	0.8653
sdhA	1.19
ysmA	1.04
ysmB	0.0
gerM	0.8985
ysnA	0.8296
ysnE	0.8929
yrrC	0.0
glnP	0.8095
glnH	1.11
yrrI	1.07
yrrK	0.984
yrrL	0.0
ytkC	1.07
ytlC	1.05
ytlA	0.9666
ytmB	0.7272
metK	1.05
ytnA	0.9294
ytsP	0.8348
ytwP	1.01
nifZ	0.9635
sspA	0.9054
ytcJ	0.8488
yteI	0.7659
ytpA	0.8739
ytqA	0.8968
ytrA	0.9804
ytrC	1.01
ytrE	0.924
ytsA	0.9978
ytfI	0.94
ytxK	0.9785
moaB	0.9928
argH	1.19
ytkK	1.02
ytlI	1.01
ytlD	0.9471
ytlB	1.13
ytmA	0.9177
pckA	0.9832
asnB	1.14
ytoA	0.9579
ytvP	1.03
braB	1.18
ytbJ	0.9034
ytcI	0.0
ytdI	1.12
yteJ	0.744
ytqB	0.934
ytzC	1.02
ytrB	1.03
ytrD	1.0
ytrF	0.9303
ytsB	1.03
ytgI	1.09
ackA	1.09
argG	1.39
ytzD	1.15
ytkL	0.9531
ytmI	1.04
yurW	1.35
yurU	1.18
yurS	0.8651
yurQ	0.7535
yurO	0.4054
yurM	0.5667
yufB	0.757
yufD	0.8612
yufU	0.8353
yufS	0.9065
yufQ	0.9103
yufO	0.0
yurK	0.5285
yurI	0.8799
yurF	0.9136
yurD	0.95
yunM	0.8822
yunK	1.1
yufM	0.9992
yuxK	1.24
yuxJ	0.9666
kapB	0.8542
patB	0.8597
yugF	0.937
yurV	1.42
yurT	0.7992
yurR	0.8829
yurP	0.6128
yurN	0.6186
yurL	0.533
yufC	0.8373
yufV	0.799
yufT	0.0
yufR	0.9193
yufP	0.9009
yufN	0.929
yurJ	0.5998
yurH	1.08
yurE	0.9049
yurB	0.882
yunL	0.9056
yunJ	0.9142
yufL	1.11
pbpD	1.37
kapD	1.04
kinB	1.04
yugE	0.965
yugG	0.9663
yvcJ	0.8232
yvcL	0.8651
yvcN	0.8149
yvcQ	1.06
yvcS	0.9054
yvdA	0.8912
yvaO	0.9258
yvzC	0.8769
yvaL	0.8706
yvaJ	0.0
yvaG	0.9712
yvaE	0.9643
yvdC	0.8379
yvdE	0.9712
yvdG	1.04
yvdI	0.9497
yvdK	0.9807
yvdM	0.8455
yvaC	0.0
yvaA	1.0
yvgY	0.7893
yvgW	0.0
yvgU	1.14
yvgS	0.8281
yvcK	0.8986
crh	0.8487
yvcP	1.07
yvcR	1.01
yvcT	1.08
yvdB	0.971
yvaN	1.09
yvaM	0.9958
yvaK	0.8761
yvaI	0.89
yvaF	0.9888
yvaD	0.9668
yvdD	0.8566
yvdF	1.02
yvdH	0.9755
yvdJ	0.9683
yvdL	0.901
clpP	0.8723
yvaB	0.0
yvgZ	0.8799
yvgX	0.0
yvgV	1.12
yvgT	1.03
yvgQ	0.4875
atpF	1.01
atpA	0.8986
atpD	0.7403
ywmA	1.02
ywmB	1.34
spoIID	0.9244
ywtE	0.9252
ywtG	0.9668
gerBB	0.7223
pmi	0.9087
tagC	1.1
tagA	1.04
ywmE	0.8929
narA	0.8551
ywmF	1.02
ureA	0.8904
ureC	0.8986
ywnB	0.9804
tagF	0.0
ggaA	1.35
lytR	1.04
lytC	1.01
tuaB	0.9333
tuaD	0.9354
atpH	1.05
atpG	0.9064
atpC	0.7509
ywzB	1.04
murA	1.31
ywmC	0.907
ywtF	1.04
gerBC	1.14
gerBA	1.08
lytD	1.15
tagB	1.24
tagE	1.38
narQ	0.934
rapB	1.15
ywmG	0.855
ureB	0.8563
ywnA	0.803
ywnC	0.8403
tagG	1.06
yvyH	1.03
lytB	1.03
tuaA	1.13
tuaC	1.04
tuaE	1.09
yxkA	0.9461
yxkC	0.9567
aldY	0.9719
msmX	0.8594
yxzE	0.7705
yxkJ	0.8033
spsD	0.9146
spsG	0.9433
spsJ	0.9935
yweA	1.2
rocA	0.6685
rocC	0.9626
cydB	0.9475
cydD	0.8788
yxlA	0.0
yxlC	0.9174
yxlE	0.9083
yxlG	0.8939
ywfB	1.35
ywfD	1.3
ywfF	1.1
ywfH	1.25
pta	1.04
ywfL	1.13
galE	0.8922
yxkD	1.01
yxkF	1.03
yxkH	0.9498
yxkI	1.02
cydA	0.9682
spsE	0.9738
spsI	0.921
spsK	0.9052
yweB	1.03
rocB	0.8594
ywfA	1.04
cydC	0.8606
yxkO	0.8904
sigY	0.8881
yxlD	0.8383
yxlF	0.8607
yxlH	0.9389
ywfC	1.3
ywfE	1.16
ywfG	1.09
ywfI	0.9546
ywfK	1.19
ywfM	0.9507
yyaH	0.9352
yyaJ	0.9766
yyaL	0.959
yyaN	0.9704
tetL	0.9405
yyaP	0.938
yxbD	1.07
yxbF	0.9051
yxcA	0.9819
yxcC	0.9884
yxcE	0.9687
iolR	1.03
yyaR	1.05
yyaT	0.9946
yybB	0.9758
yybD	1.04
yybF	0.9877
yybI	1.01
iolB	1.0
iolD	1.04
iolF	0.9394
iolH	0.9811
iolJ	0.0
yxdK	0.9107
yyaI	0.9443
yyaK	0.966
yyaM	1.18
yyaO	0.9933
tetB	0.9806
yyaQ	0.9975
aldX	1.06
yxbG	0.9977
htpG	1.13
yxcD	1.03
iolS	1.15
iolA	0.9812
yyaS	1.14
yybA	0.9459
yybC	0.9514
yybE	0.7594
yybG	0.841
yybJ	0.741
iolC	1.06
iolE	0.9788
iolG	1.09
iolI	1.03
yxdJ	0.9333
yxdL	1.0
yeeF	1.28
purQ	1.53
ydgJ	0.8561
pbpC	0.9569
srfAC	1.04
ycgI	0.9186
yknT	0.955
ptsI	0.0
ykvU	0.9027
ykzE	0.9345
yjdH	0.78
yhdN	1.02
yczC	1.06
lmrA	0.9977
ybgB	0.8806
ybdD	1.14
fus	0.9481
yfiX	0.8255
yfkF	0.9744
treA	0.0
yflP	0.9259
yesY	0.9229
yddN	1.1
yerP	1.25
ydjD	0.8869
yddE	0.9744
yclG	0.0
nasB	0.9929
ycdB	1.02
patA	1.15
ykvW	0.904
ykrP	0.9216
ykoY	1.08
yhaP	1.01
yhbB	1.01
yccC	0.9626
ybgE	0.7552
ybgA	0.7972
rpmD	0.8145
rpoB	1.01
clpC	0.7505
yfiB	0.8496
yfkI	0.9765
yflH	0.8631
yetM	0.9865
cotJC	0.0
yddK	0.0
yabD	0.9701
yurG	0.8299
ytqD	0.9143
acuB	0.9377
dnaE	0.818
levR	1.18
yqzC	0.9273
yaaO	0.9614
ypbG	0.8567
ypvA	1.04
cgeB	0.9581
yloB	0.8445
glcT	1.03
yjcD	0.992
metS	1.15
ythC	1.08
ytpB	0.8904
ytoI	0.9004
yrhJ	0.8437
yqxH	1.03
bmrU	1.05
yaaN	0.6872
qcrB	1.13
yosO	0.9392
ylqF	1.1
spoVD	1.04
yjgC	0.9737
yjaX	1.15
rplO	0.8143
rplR	0.6844
rpsH	0.6727
rplE	0.825
rplN	0.7168
rpmC	0.6549
xpaC	0.7729
bofA	1.02
recR	0.9842
dnaX	1.14
yaaI	0.9585
rpsC	0.9057
rpsS	0.9153
rplW	1.06
rplC	1.09
ybaC	0.7786
rpsG	0.9319
serS	0.8573
yaaD	1.34
guaB	1.47
gyrB	0.7866
recF	0.8126
rpsE	0.8693
rplF	0.0
rpsN	0.7565
rplX	0.8317
rpsQ	0.8513
rplP	0.8637
csfB	1.12
yaaL	0.9481
yaaK	1.12
yaaJ	0.9667
yaaH	1.02
rplV	0.0
rplB	0.8935
rplD	1.03
rpsJ	1.29
tufA	0.8832
rpsL	0.9762
yaaE	1.32
dacA	1.34
yaaC	1.08
yaaB	0.7512
yaaA	0.9718
yclA	0.9396
yckJ	0.8769
yczE	0.9149
ycxD	0.8013
ycxB	0.9096
srfAD	0.9853
ycbD	0.8036
ycbA	0.7858
ybgH	0.8197
ybgF	0.778
ybfP	0.7762
ybfN	0.7581
yckH	0.8902
yckF	0.9728
nucA	0.9468
yckE	1.08
yckC	0.9605
yckA	0.9532
ybfM	0.7372
ybfK	0.7057
purT	0.9329
ybfH	1.02
ybfF	1.02
ybfB	0.905
yckK	0.8796
yckI	0.9295
sfp	1.04
ycxC	0.9953
ycxA	0.917
comS	1.02
ycbB	0.9376
ybgJ	0.9152
ybgG	0.9035
ybfT	0.8433
ybfO	0.8668
psd	0.7797
yckG	0.9868
tlpC	0.9694
nin	0.9295
yckD	0.989
yckB	1.03
yciC	1.23
pssA	0.8209
ybfJ	0.7667
ybfI	0.9845
ybfG	1.03
ybfE	0.9914
ybfA	0.9267
ydhD	0.9285
ydgK	0.9788
ydgH	0.0
dinB	0.9471
expZ	0.9528
ydgD	0.911
rsbS	1.04
ydcE	1.01
dal	1.02
ydcB	0.816
ydbS	0.6354
murF	0.8019
ydgB	0.9487
ydfT	0.945
ydfR	0.0
ydfQ	1.03
ydfO	0.9542
ydfM	1.11
ydbP	0.8032
ydbM	0.8303
ydbK	0.7838
ydbI	0.9667
ydbF	0.9381
ydbD	0.9041
ydhC	1.05
ydgI	0.9683
ydgG	0.9624
ydgF	0.9384
ydgE	0.0
ydgC	0.8039
rsbR	1.04
ydcD	1.01
ydcC	0.8146
ydbT	0.7334
ydbR	0.7223
ddlA	0.8978
ydgA	0.9984
ydfS	0.8899
ydzH	0.989
ydfP	0.8997
ydfN	0.91
ydfL	1.15
ydbN	1.07
ydbL	0.8998
ydbJ	0.8935
ydbG	0.9091
ydbE	1.0
ydbC	0.882
yfkM	0.8746
treR	0.8952
yfkQ	1.03
yfkS	0.8809
yflA	0.945
yflC	0.9835
yefB	1.01
yerQ	1.04
yerN	0.8771
yerL	1.07
sapB	0.9825
yerH	0.6916
yflE	1.47
yflG	0.8251
yflJ	0.8775
yflL	0.9201
yflN	0.0
citT	0.8414
yerF	0.9374
yerD	0.9117
yerA	1.03
yezC	1.05
purH	1.09
purM	1.13
yfkO	0.9153
treP	0.0
yfkR	0.0
yfkT	0.0
yflB	0.0
yflD	0.0
yefA	1.08
yerO	0.9958
yerM	1.02
opuE	0.9783
yerI	0.9425
yflF	0.9804
yflI	0.8619
yflK	0.9147
yflM	1.0
citM	0.6845
citSc	0.0
yerE	0.9603
yerB	0.8412
yecA	1.08
purD	1.15
purN	1.22
purF	1.1
yhaL	0.9837
yhaN	0.9867
yhaS	1.02
yhaU	1.05
yhaW	1.09
yhaY	1.33
ygaO	1.33
ygaN	1.06
ygbA	1.31
katA	1.91
ygaK	1.17
ygaJ	0.9886
yheA	0.8441
yheD	1.07
sspB	0.9407
yheG	0.9003
yheK	0.9638
yheN	0.9697
ygaI	0.6934
ygaH	0.9466
ygaF	0.9632
ygaE	1.07
ygaC	0.8074
sspE	0.9946
yhaM	0.8955
yhaO	0.9903
yhaT	1.11
yhaV	0.9847
yhaX	1.12
yhaZ	1.07
yhzA	1.33
ygcA	1.03
ygaL	1.16
senS	1.28
thiA	1.64
ygzA	0.8036
yheB	1.04
yheE	0.9288
yheF	0.915
yheI	0.9913
yheM	0.9936
yhdZ	1.05
ygxA	0.9898
ygaG	1.08
gsaB	0.7925
ygaD	0.8863
ygaB	1.11
yfhR	0.9259
yjdA	0.942
yjcR	0.8979
yjcP	0.8819
yjcN	0.8742
yjcL	1.21
yjcJ	0.9686
yitI	0.9067
yitG	0.9201
yitE	0.9638
yitC	0.9266
yitA	0.9397
yisX	0.9408
yjcH	1.19
yjcF	0.8609
yjcC	1.06
yjcA	0.9885
cotW	1.01
cotY	1.1
yisV	0.9701
yisT	0.8325
degA	0.9287
yisQ	0.9848
yisO	0.9159
yjcS	0.9978
yjcQ	0.8946
yjcO	0.0
yjcM	1.48
yjcK	1.09
yjcI	1.19
yitH	1.04
yitF	0.9245
yitD	1.06
yitB	0.8916
yisY	0.9839
yisW	0.9688
yjcG	0.9108
yjcE	0.9663
yjcB	0.9543
cotV	1.07
cotX	0.9474
cotZ	0.0
yisU	0.91
yisS	0.9404
yisR	0.9809
yisP	0.9144
yisN	1.01
yisL	1.05
ykuG	1.03
ykuE	0.9767
ykuC	1.03
kinA	1.11
ykwD	0.9012
ykwB	0.8484
ykfC	0.7548
ykfA	0.7569
dppD	0.7685
dppB	0.9243
ykeA	0.8914
ykcC	0.8767
splA	0.8089
ykvZ	1.02
ykvV	0.8799
ykvS	1.22
ykvQ	1.12
ykvO	1.08
ykcA	0.9455
ykaA	1.28
spoIISA	1.0
xhlB	1.16
xkdY	1.06
xkdW	0.9416
ykuF	0.9478
ykuD	0.0
ykyB	1.51
ykwC	1.33
splB	0.0
ykfB	0.7512
dppE	0.6889
dppC	0.0
dppA	0.7414
htrA	0.9239
ykcB	0.9961
ptsG	0.9178
ykvY	0.8409
ykvT	1.04
ykvR	1.1
ykvP	0.9991
ykvN	0.9517
ykbA	1.13
ykaB	1.3
xlyA	1.1
xhlA	1.01
xkdX	0.9614
xkdV	1.13
smf	1.28
sucC	1.45
ylqG	0.8262
rplS	0.8874
ylqE	0.7761
ylqC	0.7534
rpmF	0.8509
ylbM	1.03
ylbK	0.9604
ylbI	1.06
ylbG	1.19
ylbE	1.02
ylxM	0.8829
ftsY	0.7642
rncS	0.7627
fabG	0.7716
plsX	0.8729
ylpB	0.9342
ylbC	1.15
ylbA	1.07
ctaF	0.8761
ctaD	1.01
ctaB	0.8877
ylaO	0.0
sucD	1.34
ylqH	0.9864
rnh	0.0
trmD	0.8859
ylqD	0.8818
rpsP	0.8812
ylbN	0.9283
ylbL	0.0
ylbJ	1.0
ylbH	1.1
ylbF	1.07
ylbD	1.01
ylqB	0.8343
acpA	0.8637
fabD	0.7723
ylpC	0.7905
ylpA	0.8614
ylbB	0.9428
ctaG	0.9028
ctaE	0.942
ctaC	1.07
ctaA	0.8656
ylaN	0.9765
yngD	0.9796
yngA	0.9744
ynfF	0.9464
bglC	0.8311
ynfC	0.7836
grlB	0.9409
pksI	0.8763
pksG	0.8529
pksE	1.28
pksC	1.37
pksA	1.0
mutL	0.9292
yneS	0.8903
yneQ	1.09
tlp	1.09
citB	0.0
cotL	1.29
yneK	1.23
cotE	0.9362
ymcB	0.8444
tdh	1.05
ymdB	0.9268
pbpX	1.14
cinA	0.981
yngC	0.827
xynD	0.0
ynfE	1.05
alsT	0.8751
grlA	0.9068
yneT	0.9313
pksH	0.0
pksF	0.8924
pksD	1.23
pksB	1.11
ymcC	1.09
mutS	1.11
yneR	0.8437
yneP	1.05
yneN	1.18
cotK	1.05
cotM	1.01
yneJ	0.8417
ymcA	0.8906
kbl	0.994
spoVS	1.04
ymdA	0.8632
recA	0.8676
pgsA	1.07
yorR	0.7323
yorT	0.8967
yorV	0.8035
yorX	0.8517
yorZ	0.8635
yosB	0.8547
yocJ	0.6908
yocH	1.12
yocF	0.5206
yocD	1.26
yocB	1.09
yocA	0.993
yosD	1.01
yosF	1.05
yosH	0.9424
yosJ	0.9353
yosL	0.9855
yosP	0.8865
yobW	1.04
yobU	1.02
yobS	1.09
yobQ	1.08
yobO	0.9082
yobM	0.969
yorS	0.8777
mtbP	0.0
yorW	0.0
yorY	0.0
yosA	0.0
yosC	0.0
yocI	0.9413
yocG	0.5117
yocE	0.237
yocC	0.8911
yozB	0.9308
yozA	0.8621
yosE	0.9497
yosG	0.861
yosI	0.9468
yosK	0.9234
yosM	0.8134
yosQ	0.8703
yobV	0.9734
yobT	0.8985
yobR	1.08
csaA	1.03
yobN	1.1
yobL	0.0
yppD	0.9954
yppF	1.13
ypqE	1.0
yprB	1.07
ypsA	1.13
ypsC	1.42
yomP	0.6873
yomR	0.6694
yomT	0.7923
yomV	0.7199
yomX	0.7173
yomZ	0.7261
kduD	1.09
kdgR	1.03
kdgA	1.17
ypwA	1.1
pbuX	1.54
ypbQ	1.17
yonB	0.514
yonD	0.0
yonF	0.8396
yonH	0.8551
yonK	0.9483
yonO	0.0
yppE	1.13
yppG	0.0
cotD	1.18
ypsB	1.22
yptA	0.0
yomQ	0.8952
yomS	0.6906
yomU	0.4804
yomW	0.6926
yomY	0.613
yonA	0.5292
kduI	0.9932
kdgK	1.11
kdgT	1.12
xpt	1.48
bcsA	0.8355
ypbS	1.16
yonC	0.5591
yonE	0.7788
yonG	0.859
yonI	0.7285
yonN	0.469
yonP	1.01
yqiD	0.8604
yqxC	0.809
recN	0.8963
spo0A	1.0
yqiH	0.874
yqiK	1.06
ribG	1.99
ribA	1.9
ribT	1.23
ypuG	1.22
ypuI	1.06
spmA	1.11
mmgB	1.01
mmgD	0.9528
yqiQ	0.8233
yqiR	0.8982
yqiT	0.5944
yqiV	0.6198
ypuL	1.0
resB	1.23
resD	0.8326
sigX	1.14
aroC	0.0
ypzE	1.14
yqiE	0.9826
ahrC	0.9088
spoIVB	1.06
yqiG	0.9398
yqiI	0.0
ribB	2.34
ribH	1.77
ypuF	0.0
ypuH	1.16
dacB	1.07
spmB	0.9877
mmgC	0.9021
mmgE	0.8806
yqzF	1.1
yqiS	0.5834
yqiU	0.5819
bfmBAA	0.7234
resA	1.17
resC	0.9316
resE	0.7286
ypuN	1.06
serA	1.17
ypaA	1.36
yqaG	0.92
yqaI	0.9769
yqaK	0.9707
yqaM	1.07
yqaO	0.9455
yqaQ	0.9649
dgkA	0.8674
bex	0.9818
glyQ	0.9403
yqzB	1.09
yqxD	1.11
sigA	0.8645
yqaS	1.1
yqbA	1.13
yqbC	1.34
yqbE	1.0
yqbG	1.1
yqbI	1.03
yqfN	1.12
yqfP	1.09
yqfR	0.924
yqfT	0.976
yqfV	0.0
yqfX	1.05
yqaH	0.0
yqaJ	0.0
yqaL	0.0
yqaN	1.17
yqaP	1.14
yqaR	0.0
cdd	1.04
yqxN	0.9615
glyS	1.02
yqfL	0.9724
dnaG	1.04
cccA	1.15
yqaT	1.08
yqbB	0.971
yqbD	1.0
yqbF	1.02
yqbH	0.999
yqbJ	0.9678
yqfO	0.9824
yqfQ	1.01
yqfS	0.8038
yqfU	0.7617
yqfW	0.9056
yqfZ	1.02
ysnD	0.7793
ilvN	0.7608
leuA	0.6843
leuC	0.6268
ysoA	0.7755
clpX	0.9666
yrrM	1.02
yrrO	1.01
greA	0.9625
yrrS	1.01
yrrT	0.9954
yrhA	0.8704
ysxD	1.11
hemX	1.01
hemD	0.8767
hemL	0.8137
ysxE	0.8834
yrhD	0.8272
yrhG	1.02
yrhH	0.7937
yrhK	0.9944
yrhM	1.11
yrhO	0.0
ilvB	0.92
ilvC	0.8318
leuB	0.0
leuD	0.7179
tig	1.06
lonB	1.1
yrrN	1.1
udk	0.9251
yrrR	0.9801
yrzA	0.8923
yrrU	0.8935
yrhB	0.8125
ysxC	0.9869
hemA	1.01
hemC	0.9216
hemB	0.7759
spoVID	0.8191
yrhF	1.11
yrzI	1.03
yrhI	0.8964
yrhL	1.05
sigV	1.11
levD	0.8532
ytsC	0.8206
yttA	1.09
ytvA	0.9959
leuS	0.8264
melA	0.9204
amyD	0.987
ytmJ	0.8702
ytmL	0.9612
hisP	0.9835
ytnJ	0.9239
hipO	0.8827
ytqI	0.8214
msmR	0.973
bioW	0.8924
bioF	0.9123
bioB	0.8717
ytbQ	0.7877
ytcQ	0.9265
ytsJ	0.9098
pfk	1.18
ytwI	0.8666
citC	1.06
phoP	0.9849
yttB	1.21
ytvB	0.6796
ytwF	0.7531
amyC	1.09
msmE	1.02
ytmK	0.8906
ytmM	0.0
ytnI	0.8569
ribR	0.9859
ytpI	0.9013
ytrI	0.9101
ytaP	0.8548
bioA	0.7759
bioD	0.8433
bioI	0.8047
ytcP	0.9308
ytdP	0.0
yttI	1.09
ytvI	0.9153
citZ	1.05
citH	0.9321
phoR	1.01
mutM	0.8497
yunI	0.8964
yunG	0.8717
yunE	0.8174
yunC	0.7595
yunA	0.9274
yutC	0.9626
yugH	0.8134
yuzA	0.9265
yugK	0.952
yugM	1.07
yugO	0.9748
yugS	0.9761
yutE	0.9349
yutG	0.7001
hom	0.5786
thrB	0.6117
yutI	1.05
yutJ	1.23
yugU	0.8985
mcpB	0.9038
mcpA	0.7956
yuxG	1.0
yulC	0.9714
yulE	1.04
yunH	0.968
yunF	0.7868
yunD	0.8482
yunB	0.9141
yutB	1.17
yutD	0.8944
yugI	1.07
yugJ	0.0
pgi	1.26
yugN	1.06
yugP	0.9069
yugT	0.9112
yutF	0.7771
yutH	0.7537
thrC	0.5267
yuxL	0.8026
yuzD	0.8992
yuzB	0.8961
tgl	0.866
tlpA	0.0
tlpB	0.8449
yulB	0.8792
yulD	0.9212
yulF	0.9649
yvdO	0.8921
yvdQ	0.8064
yveA	0.9127
racX	0.8072
yveG	0.8605
slr	0.9375
yvgO	0.8686
yvgM	1.08
yvgK	0.8687
yvsG	1.02
fhuD	1.52
fhuG	0.9464
yveN	1.03
yveP	0.8577
yveR	0.8467
yveT	0.8076
yvfB	0.8307
yvfF	1.06
yvrP	1.3
yvrN	1.05
yvrL	1.08
yvrI	0.9965
yvrG	1.04
yvrD	0.0
yvdP	0.9582
yvdT	0.0
pbpE	0.8102
yveF	0.8721
padC	1.04
yveL	1.04
yvgN	0.9355
yvgL	0.0
yvgJ	1.11
yvsH	1.01
fhuB	0.9934
fhuC	0.9952
yveO	0.8459
yveQ	0.7794
yveS	0.8058
yvfA	0.7425
yvfD	0.817
yvfG	0.8131
yvrO	1.07
yvrM	1.04
yvrK	0.9636
yvrH	1.04
yvrE	0.812
yvrC	0.9741
mta	0.0
ywnF	0.987
spoIIQ	0.845
ywoA	0.6692
nrgA	0.8332
ywoC	0.8764
tuaF	0.832
tuaH	0.9219
yvhJ	1.2
degS	0.9152
comFA	1.06
comFC	1.05
ywoE	0.8949
ywoG	1.1
usd	0.9577
mbl	0.8817
flhP	0.7701
ywpB	0.9668
flgM	0.9201
flgK	0.9956
yviE	0.8624
csrA	0.0
yvyC	0.7719
fliS	0.814
ywnE	1.04
ywnH	0.0
ywnJ	0.8733
nrgB	0.8993
ywoB	1.03
ywoD	0.8736
tuaG	0.9047
tagO	0.8279
yvyE	0.9994
yviA	0.9025
comFB	0.9707
yvyF	0.9083
ywoF	1.09
ywoH	0.9423
spoIIID	0.7386
flhO	0.7256
rapD	0.9951
ywpC	0.8142
yvyG	0.8868
flgL	0.9285
yviF	0.7203
hag	0.8115
fliD	0.8007
fliT	0.7715
katX	0.9186
yxzF	1.01
licB	0.8465
licA	0.8459
ywaA	0.9435
dltD	0.6894
ywfN	0.9967
ywfO	1.1
ywgB	1.04
thrZ	1.19
ywhB	0.7045
ywhD	1.02
dltB	0.0
ywaB	0.9071
ywaD	0.9465
ywaE	0.746
gspA	0.0
sacX	0.0
ywhF	1.23
ywhH	1.17
rapF	1.72
ywhL	0.9857
ywhN	0.0
ywhP	0.9949
yxlJ	0.9324
licR	1.08
licC	0.9283
licH	0.9804
dltE	0.7653
dltC	0.7041
ywzC	1.1
ywgA	0.9883
mmr	1.08
ywhA	0.9689
ywhC	0.936
ywhE	1.07
dltA	0.8268
ywaC	0.6606
tyrZ	0.9017
ywaF	1.03
sacY	0.9817
epr	0.7686
ywhG	0.9141
phrF	1.13
ywhK	1.03
ywhM	0.9199
ywhO	0.8479
ywhQ	0.7893
yybK	0.8395
yybM	1.03
yybO	0.7263
yybQ	1.21
cotF	0.9215
yybT	0.9405
yxdM	0.8951
yxeB	1.17
yxeD	0.9598
yxeG	0.8543
yxeI	0.9177
yxeK	0.9368
yycA	0.0
yycC	1.08
yycD	1.22
yycE	0.0
yycF	0.9487
yycH	0.878
yxeM	0.7703
yxeO	0.5511
yxeQ	0.4665
yxxB	0.8528
nupC	0.8306
hutM	0.0
yybL	0.9569
yybN	1.01
yybP	0.0
yybR	0.0
yybS	0.0
rplI	0.9696
yxeA	0.946
yxeC	0.0
yxeE	0.0
yxeH	0.8381
yxeJ	0.0
yxeL	0.7127
yycB	1.03
yyzB	1.01
dnaC	1.11
purA	1.69
yycG	0.9373
yycI	0.702
yxeN	0.5194
yxeP	0.5116
yxeR	0.7094
deoR	0.8914
pdp	0.7768
hutG	0.9585
lysS	0.9185
mfd	0.0
gyrA	0.8148
lytA	0.9258
yvlD	0.6805
yukF	0.9329
rsbV	0.09271
ydbO	0.0
ycsG	0.0
phrC	1.35
lmrB	0.9992
pcp	0.8418
ytfJ	0.976
ytzA	0.8339
yraA	0.9342
yqfY	1.02
yonJ	0.8176
yodB	0.8696
ycbM	0.9842
ybfS	0.9564
ybfQ	0.0
ybeC	0.0
ybdG	1.11
ybbA	1.01
ftsH	0.896
yabK	0.0
ywjF	1.1
ywlC	1.01
yveK	1.01
glgP	0.9862
ydcA	0.8339
ycnB	0.9804
yceH	0.7211
ycbU	0.95
ycbR	0.8025
accA	1.03
yrhP	0.0
yqbO	1.1
ypqA	1.12
yosW	0.9053
ppsD	0.8439
ycbC	0.0
gltP	0.8689
mpr	0.7319
ybdN	1.08
ybdB	1.32
yabE	1.63
yaaG	0.8784
yisD	0.9174
yhjP	0.8554
yhfR	0.9346
yheH	0.8987
yfhQ	1.02
ydcI	0.9647
dnaN	1.18
srfAB	1.06
opuAA	1.09
ybdO	1.0
yabN	0.8806
asnH	1.18
ywbN	0.9807
yaaF	0.9714
addB	0.8523
yhjB	0.9819
yheC	0.9622
yheL	0.0
yesN	0.8467
yclF	0.738
dnaA	1.53
amhX	0.7112
ycbT	0.8573
feuC	0.8475
gidA	0.9942
yxnB	1.21
spsF	0.9447
