ybeF	0.9749
glpQ	0.8134
ybdT	1.51
ybxH	0.8659
ybdM	0.0
ybdK	0.7605
ybxF	0.3413
rplJ	0.14
rplK	0.2775
rpmG	1.13
yacP	0.6227
rplL	0.2628
ybdE	0.0
ybcT	1.62
ybcQ	1.05
ybcO	1.19
ybcL	0.0
ybcH	0.6587
cysE	0.6969
yacN	1.22
yacL	1.93
sms	1.85
yacH	1.25
glpT	0.6665
ybyB	2.55
ybxI	1.17
csgA	0.7507
ybdL	0.9727
ybdJ	0.8572
ybxB	0.2068
rplA	0.2384
nusG	0.4423
sigH	1.09
yacO	0.6672
ybdA	1.87
ybcS	1.08
ybcP	0.9926
ybcM	0.3833
ybcI	0.7718
ybcF	0.6132
gltX	1.29
yacM	1.64
yacK	1.62
yacI	1.43
ctsR	1.08
ydbB	1.33
ydbA	1.5
ydaS	1.45
ydaQ	1.83
mutT	1.26
ydaN	0.9699
yciB	1.17
nasA	0.0
nasD	0.4415
nasF	0.8645
ycgS	2.12
ycgQ	1.0
ydaL	0.0
ydaJ	0.0
lrpC	0.9545
ydaH	0.0
ydaF	3.79
ydaD	1.12
ycgO	1.25
ycgM	1.25
cah	1.53
ycgJ	1.21
tmrB	0.0
ycgH	0.0
gsiB	2.75
ydaT	1.14
ydaR	1.35
ydaP	1.32
ydaO	0.9929
ydaM	0.8739
yciA	1.28
nasC	1.05
nasE	0.3899
ycgT	0.8308
ycgR	0.9917
ycgP	1.46
ydaK	0.0
ydzA	0.5285
ydaG	3.93
ydaE	0.0
ydaC	1.23
ycgN	1.36
ycgL	0.7979
ycgK	1.18
aroI	1.33
nadE	0.7818
ycgG	0.8211
purL	0.2239
purC	0.2648
purK	0.4754
yebG	1.25
yebE	0.0
yebC	0.0
ydfK	0.0
ydfJ	0.0
ydfH	1.42
ydfF	1.57
ydfD	0.0
ydfB	0.0
guaA	0.6917
yeaD	0.0
yeaB	0.9297
yeaA	0.7591
ydjO	0.7735
ydjM	1.12
ydeT	1.28
ydeR	0.0
ydeP	0.0
ydzF	1.01
ydeM	1.11
ydeK	1.42
yexA	0.4372
purB	0.1102
purE	0.0
yebF	1.05
yebD	0.0
yebB	0.3723
nap	0.8471
ydfI	1.54
ydfG	1.46
ydfE	0.0
ydfC	0.0
ydfA	1.0
yebA	0.0
yeaC	0.9431
gabP	1.73
ydjP	0.7531
ydjN	0.8018
ydjL	0.938
ydeS	1.03
ydeQ	1.02
ydeO	0.9047
ydeN	1.21
ydeL	1.41
ydeJ	1.4
yfhS	0.7079
yfhO	0.8582
yfhM	1.31
yfhK	2.18
yfhI	0.9561
yfhG	1.05
yflS	1.33
yflT	1.05
yfmC	0.6493
yfmE	1.16
yfmG	1.34
yfmI	1.99
yfhE	0.0
yfhC	1.27
yfhA	0.3859
yfiY	0.2595
yfiV	1.07
yfiT	0.9408
yfmK	1.14
yfmM	0.0
yfmO	0.6636
yfmQ	0.6256
yfmS	1.15
yfnA	0.0
yfhP	1.48
csbB	1.03
yfhL	1.09
yfhJ	1.12
yfhH	0.8381
yfhF	1.09
pel	1.2
yfmA	0.0
yfmD	0.945
yfmF	0.9067
yfmH	1.29
yfmJ	1.64
yfhD	1.27
yfhB	1.62
yfiZ	0.725
yfiW	0.8595
yfiU	1.35
yfiS	1.04
yfmL	1.19
yfmN	0.0
yfmP	0.9427
yfmR	0.9359
yfmT	0.0
yfnD	1.18
yisK	2.14
yisI	1.2
yisG	0.0
yisE	0.0
yisB	0.6027
addA	0.0
yhdY	0.9986
yhdW	1.42
yhdU	1.25
yhdS	1.58
yhdQ	1.83
yhdO	1.01
yhjQ	0.0
yhjM	1.89
yhjK	1.18
yhjI	0.0
yhjG	1.04
yhjE	1.04
yhdL	0.7966
yhdJ	1.93
yhdH	1.05
yhdF	1.78
citR	1.03
phoA	1.22
yisJ	0.0
yisH	0.0
yisF	1.15
yisC	0.9708
sbcD	1.07
yhjR	0.0
yhdX	2.29
yhdV	1.32
yhdT	2.13
yhdR	1.49
yhdP	1.92
yhdM	0.7655
yhjO	0.803
yhjL	2.64
yhjJ	1.54
yhjH	1.03
sipV	0.8469
yhjD	0.8837
yhdK	0.9381
yhdI	0.9575
yhdG	0.0
citA	1.85
lytE	1.74
spoVR	0.925
xkdU	0.0
xkdS	0.0
xkdQ	0.0
xkdN	0.0
xkdK	0.7942
xkdI	1.29
yjbX	1.14
yjbV	0.7924
yjbT	0.975
yjbR	0.8691
tenA	0.7977
yjbP	1.18
xkdG	0.0
xkdE	0.878
xpf	0.0
xkdD	1.19
xkdB	0.92
xkdA	0.0
yjbN	0.9681
yjbL	0.6295
yjbJ	2.31
yjbH	1.42
yjbF	1.11
yjbE	0.754
xkdT	0.8
xkdR	0.0
xkdP	0.0
xkdM	0.0
xkdJ	0.8178
xkdH	0.8779
yjbW	0.9962
yjbU	0.7683
yjbS	0.9035
tenI	0.8339
yjbQ	0.8954
yjbO	1.11
xkdF	0.9869
xtmA	0.0
xtrA	0.0
xkdC	1.17
xre	0.8357
yjqC	0.9814
yjbM	0.8068
yjbK	1.35
yjbI	1.5
yjbG	1.75
mecA	2.38
yjbD	0.9636
ylaM	0.0
ylaK	0.0
ylaH	1.08
ylaF	1.57
ylaD	0.0
ylaB	0.0
ykvM	0.6356
ykvK	0.8305
ykvI	0.0
motA	1.41
ykvE	0.5778
eag	1.01
nprE	0.0
ykzC	1.55
ykzI	0.0
yktA	1.21
slp	0.0
pdhC	0.3154
ykvA	1.42
ykrY	0.9739
ykrW	2.02
ykrU	1.49
ykrS	1.23
ykrQ	1.47
ylaL	1.42
ylaJ	1.14
ylaG	0.8676
ylaE	0.7346
ylaC	1.17
ylaA	0.0
ykvL	0.5048
ykvJ	0.8128
clpE	1.16
motB	1.63
ykvD	0.0
spo0E	1.42
yktD	0.7852
yktC	1.47
yktB	0.8793
cad	0.5682
pdhD	0.3033
pdhB	0.09153
ykrZ	0.8739
ykrX	1.15
ykrV	1.92
ykrT	1.25
dat	2.35
ykrM	2.12
ymfM	1.25
ymfK	1.2
ymfI	0.0
ymfF	0.8678
ymfD	1.15
spoIIIE	1.55
yloW	1.45
yloU	1.2
spoVM	0.0
yloR	0.8275
ymfA	1.1
dapG	0.798
spoVFB	0.5778
ymxH	0.0
ylxY	0.5224
ribC	0.7318
fmt	0.9991
priA	0.0
yloH	0.7304
yloC	0.7489
ylnF	0.6341
ylnD	0.5134
ymfL	1.27
ymfJ	0.0
ymfH	1.1
ymfE	0.0
ymfC	1.57
ymfB	1.09
yloV	1.03
rpmB	0.8595
yloS	0.8008
yloQ	0.7559
yloO	0.0
yloM	1.16
dapA	0.7521
asd	1.55
spoVFA	1.28
ymxG	0.7717
rpsO	0.5507
truB	0.4959
def	0.75
yloI	0.9079
yloD	0.8196
yloA	0.886
ylnE	0.6399
ylnC	0.4915
yobK	1.03
yobI	0.0
yozL	0.0
yobH	0.0
rapK	1.25
yobF	2.11
yneI	1.35
ynzD	0.8641
yneE	2.27
ynzC	0.8372
yneA	0.0
yndN	0.8744
yozI	1.37
yobD	1.26
pps	0.0
yobA	0.0
yoaZ	0.8669
yoaV	0.0
yndL	1.6
yndJ	0.6414
yndG	0.818
yndD	0.902
yndB	0.7797
ynzA	1.2
yobJ	0.6554
yozM	1.5
yozK	0.0
phrK	1.26
yozJ	0.0
yobE	1.72
ccdA	1.74
yneF	1.17
tkt	1.21
yneB	1.19
lexA	1.45
yndM	1.22
yozH	1.3
xynA	0.7019
yobB	1.61
penP	1.92
yoaW	1.76
yoaU	0.0
yndK	0.0
yndH	0.7319
yndE	1.13
ynzB	0.0
yndA	1.12
cotC	0.9987
yonR	0.8309
yonT	0.0
yonV	0.0
yopA	1.7
yopC	1.15
yopE	0.9268
yosR	0.0
yosT	0.0
yosV	0.0
yosZ	0.0
yotB	0.0
yotD	0.0
yopG	0.9834
yopI	1.02
yopK	1.31
yopM	0.9486
yopO	0.0
yopQ	1.17
yotF	0.0
yotH	0.0
yotJ	0.0
yotL	0.0
yotN	1.28
yodV	1.35
yonS	0.5886
yonU	0.923
yonX	0.0
yopB	0.0
yopD	1.27
yopF	0.8604
yosS	0.9069
yosU	1.32
yosX	0.0
sspC	0.0
yotC	0.0
yotE	0.0
yopH	0.9832
yopJ	1.02
yopL	0.8698
yopN	0.0
yopP	1.22
yopR	1.14
yotG	0.0
yotI	0.0
yotK	0.0
yotM	0.0
yodU	1.12
cgeA	1.13
fer	1.68
recQ	1.44
ypbE	1.29
ypbH	2.33
ypdA	0.8092
sleB	0.0
ypcP	0.9624
ypdP	1.26
ypeQ	1.56
degR	1.84
ypfP	1.54
bsaA	1.74
ypfA	0.7599
cmk	0.7078
ypgA	1.54
yphB	0.9491
gpsA	1.01
yphF	1.46
ypgR	1.69
yphP	1.16
ypjP	1.2
thyB	0.8273
ypkP	0.822
yplP	1.38
ypbB	1.25
ypbD	1.37
ypbF	1.11
ypcA	1.08
ypdC	1.19
ypeB	0.0
ypdQ	1.25
ypeP	1.48
ypzA	1.33
cspD	1.49
metB	1.41
ypgQ	2.11
ypfB	0.9437
ypfD	1.78
yphA	0.0
yphC	0.9381
yphE	1.11
spoIVA	1.2
ilvD	1.58
ypiP	0.8126
ypjQ	1.48
dfrA	0.8812
yplQ	1.44
ilvA	2.22
yqgA	0.8444
yqgC	1.22
yqgE	0.8124
yqgG	1.14
yqgI	1.22
yqgK	1.08
bfmBAB	1.43
bmrR	0.9601
yqiW	1.12
yqiY	0.0
yqjA	0.8447
yqjC	1.29
yqgL	1.98
yqgN	0.8868
yqgP	1.19
glcK	1.13
yqgU	0.7629
yqgW	1.85
yqjE	0.9425
yqjG	1.24
yqjI	1.72
yqjK	1.19
yqjM	0.9604
yqjO	1.22
yqgB	1.11
sodA	1.48
pbpA	0.0
yqgH	0.0
yqgJ	1.33
yqzD	0.6522
bfmBB	1.46
bmr	1.45
yqiX	0.07647
yqiZ	0.1789
yqjB	1.11
yqjD	0.9219
yqgM	1.29
yqgO	0.7805
yqgQ	1.09
yqgT	0.6181
yqgV	0.7855
yqgX	0.9093
yqjF	0.0
yqjH	1.24
yqjJ	1.31
yqjL	1.52
yqjN	1.18
yqjP	1.16
levE	0.0
levG	1.02
adhA	0.0
yraC	0.0
yraE	0.0
yraF	0.0
yqbK	1.1
yqbM	0.0
yqbN	0.0
yqbQ	0.0
yqbS	0.0
yqcA	0.0
yraH	0.0
yraJ	1.32
yraL	0.9748
yraM	0.9266
yraO	0.0
sigZ	0.0
yqcD	0.0
yqxG	0.0
yqxI	0.9725
yqcF	1.45
yqzI	1.47
rapE	1.74
levF	0.8677
sacC	1.11
yraB	1.21
yraD	0.0
adhB	1.06
yraG	0.0
yqbL	0.0
yqdB	1.22
yqbP	0.0
yqbR	0.0
yqbT	1.16
yqcB	0.0
yraI	1.24
yraK	1.32
csn	1.1
yraN	1.02
yrpG	1.16
yrpE	1.37
yqcE	0.0
cwlA	1.17
yqxJ	1.08
yqcG	0.0
phrE	1.71
yqcI	1.04
ytaF	0.9589
ytbE	0.0
ytcD	1.05
ytcF	0.8485
dnaB	0.8824
ytxB	0.7243
folC	1.04
spoIIB	2.03
ysxA	0.4671
mreC	0.7129
minC	0.767
spoIVFA	0.0
thrS	0.5232
lytS	0.9599
ysbA	0.0
yscB	3.19
infC	0.2935
rplT	0.3776
rplU	0.5019
spo0B	0.8035
p`eB	0.9664
pheB	1.11
yrxA	1.21
nadB	0.0
nadA	0.0
ytaG	0.7226
ytbD	1.14
gapB	1.11
ytcG	0.9887
dnaI	0.9032
ytxC	0.6886
comC	1.07
maf	0.6453
mreB	0.696
mreD	0.6165
minD	0.9537
spoIVFB	1.12
ysaA	1.32
lytT	0.9698
ysbB	0.0
yscA	0.4992
rpmI	0.2982
ysdA	0.6779
ysxB	0.4799
obg	1.07
pheA	1.15
nifS	1.09
nadC	1.57
yrbA	1.49
yubA	0.9922
yubC	0.0
yubE	0.6693
yubG	0.9757
yuaB	1.34
gbsA	0.9976
yteP	0.0
yteR	1.01
yteT	1.28
yteV	1.68
ytfP	1.4
ytzG	0.0
yuaD	1.45
yuaG	1.01
yuaJ	0.5161
glgD	1.82
ytaB	0.0
ytxN	0.0
ytzE	1.99
ythQ	0.8282
ytjP	0.9694
ytlP	1.05
ytlR	1.15
ytmP	0.7811
yubB	0.8856
yubD	1.18
yubF	0.0
yuaA	0.8306
yuaC	1.07
gbsB	0.9675
yteQ	1.11
yteS	0.9225
yteU	1.11
opuD	1.24
ytgP	0.4353
ytzF	0.6356
yuaF	0.7992
yuaI	1.01
glgB	1.65
glgA	2.18
ytaA	0.0
cotS	0.8279
ythP	0.8419
ytiP	0.6788
ytkP	1.02
ytlQ	1.23
amyX	1.18
ytzH	0.8059
yvrB	1.15
yvqK	0.9128
yvqI	1.1
yvqG	1.23
yvqE	1.23
gerAC	0.8849
yutL	1.91
paiA	0.0
yumD	0.4124
yumC	0.9309
yuiA	3.42
yuiC	1.45
gerAA	0.0
yuxN	1.44
yvqA	1.29
yvtB	1.23
yusZ	1.33
yusW	1.14
yuiE	1.41
yuiG	1.06
yuiI	0.6582
dhbC	0.6893
dhbB	0.5953
yukL	0.9707
yvrA	1.11
yvqJ	1.23
yvqH	1.17
yvqF	1.11
yvqC	1.13
gerAB	0.8696
yutM	1.78
paiB	1.31
yuzG	0.8753
yumB	1.5
yuiB	3.51
yuiD	1.57
citG	1.56
yvqB	1.48
yvtA	0.9539
mrgA	1.32
yusX	1.93
yusV	0.5076
yuiF	0.4295
yuiH	0.9054
dhbA	0.0
dhbE	0.7155
yukM	1.46
yukJ	2.68
yvyD	2.27
cccB	0.5284
ftsX	0.8098
yvzD	0.9746
yvkA	1.03
yvkC	1.01
yvfH	0.0
lacR	0.0
yvfM	1.18
yvfO	0.0
yvfS	1.32
yvfU	1.37
uvrB	0.0
yvzB	1.79
yvlA	0.6666
yvlC	0.9512
yvmB	0.9412
cypX	1.04
yvfW	1.35
yvbX	0.9898
yvbV	1.39
yvbT	0.9545
araE	0.8886
gap	0.7988
yvjA	1.14
ftsE	0.828
yvjB	1.14
yvjD	1.37
yvkB	1.17
csbA	1.11
yvfI	0.0
yvfL	1.14
lacA	1.0
yvfR	1.1
yvfT	1.13
yvfV	1.45
uvrA	0.0
yvkN	1.28
yvlB	0.8294
yvmA	0.8535
yvmC	0.6546
yvnA	1.25
yvbY	1.73
yvbW	0.0
yvbU	0.8726
araR	0.0
yvbQ	0.6996
pgk	0.6911
ywhR	0.4547
sbo	1.91
argS	1.28
fnr	0.3181
ywiD	1.32
narH	0.0
ywpD	1.51
ywpF	1.66
ywpH	1.21
ywqB	1.03
ywqD	0.8146
ywqF	1.1
narI	1.05
ywjA	1.26
ywjC	0.0
ywjE	0.0
rpoE	0.7075
ywjG	0.9005
ywqH	1.44
ywqJ	1.43
ywqL	1.15
ywqN	1.13
ywrA	0.8734
ywrC	0.8773
ywiA	0.5536
ywiB	0.9572
narK	1.16
ywiC	2.1
narG	0.0
narJ	0.9001
ywpE	0.9572
ywpG	0.9854
ywpJ	0.0
ywqC	0.6993
ywqE	0.94
ywqG	1.13
ywiE	0.9788
ywjB	0.6325
ywjD	0.0
acdA	1.04
ctrA	0.2429
spo0F	2.56
ywqI	1.38
ywqK	1.2
ywqM	0.9363
ywqO	0.0
ywrB	0.9318
ywrD	0.8641
hutI	1.52
hutP	2.85
yxiB	1.18
yxiD	1.3
yxxE	1.19
bglH	1.38
ywbA	1.39
ywbC	1.63
ywbE	1.45
ywbG	0.0
ywbI	0.8411
thiC	0.9231
yxxF	1.15
yxiF	0.8667
yxiG	0.9814
yxzG	0.7574
yxiJ	0.6303
yxiL	0.6323
ywbO	0.4182
ywcB	0.0
ywcD	1.06
ywzA	0.8598
qoxB	0.4168
qoxD	0.4432
hutU	1.1
yxiA	2.52
yxiC	1.45
yxxD	1.18
bglP	0.9234
yxiE	0.8989
ywbB	0.0
ywbD	1.45
ywbF	0.9309
ywbH	0.5937
thiK	0.957
ywbM	0.5305
yxxG	0.0
yxzC	0.8479
yxiH	0.9176
yxiI	0.7389
yxiK	0.6438
yxiM	3.39
ywcA	1.02
ywcC	1.13
galT	0.0
qoxA	0.3529
qoxC	0.4484
ywcE	0.9871
ytrP	1.24
yprA	1.18
yloN	1.05
yerG	0.8394
wprA	1.2
yycJ	0.7161
rocR	1.47
rocE	1.9
phrG	1.85
yycN	0.0
yycP	1.11
topB	1.01
polA	1.21
mmgA	1.26
ileS	6.22
dinG	0.7858
carB	0.2531
yycR	1.41
yydA	1.24
yydC	1.43
fbp	1.35
yydG	0.6571
yydI	0.9141
ytsD	0.9752
yrvE	0.5215
yloP	0.8341
ykuA	1.33
ydhL	1.11
valS	0.9036
yyxA	0.8721
rocD	1.79
rocF	1.24
rapG	1.6
yycO	1.11
yycQ	1.19
smc	0.7326
murD	0.7904
lonA	1.65
hrcA	0.6035
cheA	0.5708
alaS	0.7848
yycS	1.16
yydB	1.45
yydD	1.38
yydF	1.1
yydH	0.9639
yydJ	0.957
yveM	1.72
yutK	1.35
yueB	0.4441
yufK	1.42
ytpQ	1.11
ytmO	0.0
yndF	0.0
pksL	0.9724
mcpC	3.24
yisZ	0.8238
ydbH	3.33
ybxG	0.9141
ysdB	1.72
yrhE	1.03
yqcC	0.0
ponA	1.03
yomI	0.0
cgeC	0.0
wapA	0.9865
ppsA	0.985
pksM	1.08
yetO	1.0
rpoC	0.7756
dra	1.2
yvfQ	1.02
yukA	0.6306
yuxO	1.31
glgC	0.0
yttP	1.87
pykA	0.8432
pksP	1.18
pksK	1.35
oppD	1.59
srfAA	1.81
yccK	1.48
secE	1.03
rpmA	0.5062
yrpC	0.0
yqgS	0.7098
ypbR	1.3
yorL	1.2
odhA	1.61
dhbF	1.41
pksR	1.11
yfkN	1.66
gutR	1.3
yxeF	0.0
galK	0.0
rbcL	0.0
aceF	0.0
kdtA	0.0
tufA_E	0.7312
yazC	0.6387
yrhC	0.0
yerC	0.0
yshA	0.9138
yoqX	0.0
yacF	1.07
yhcD	0.0
yetG	0.8158
ywnG	0.0
ywqA	0.7292
degU	2.28
yvnB	0.0
cysS	0.7379
yqjU	1.28
ylaI	1.02
yuaE	1.54
yqaD	0.0
yozD	0.0
yazB	0.7661
yfnB	1.5
ywmD	0.9292
glcR	0.9036
ggaB	0.8802
prfB	0.7619
yvoD	1.14
ybcD	1.05
ndhF	1.69
adaA	0.0
ybbU	0.8909
ybbT	0.8308
ybbP	0.8483
folK	0.7864
sul	0.8732
pabA	1.41
cysK	1.56
yacC	0.8756
sigW	0.5325
ybbJ	0.0
ybbH	1.21
ybbE	1.07
ybbC	0.0
feuA	0.5723
yabT	0.8842
yabR	1.32
yabQ	0.8628
yabO	0.7659
spoVT	0.6563
ybcC	1.07
adaB	0.0
alkA	1.63
glmS	0.4545
ybbR	0.8321
ybbM	0.9875
folA	0.7645
pabC	0.8881
pabB	1.85
yacD	1.09
yacB	0.731
ybbK	1.38
ybbI	0.0
ybbF	1.39
ybbD	1.2
ybbB	0.8635
feuB	1.03
yabS	1.06
divIC	1.26
yabP	0.8895
yabM	0.8428
spoVC	1.08
ydaB	0.9537
ycsN	1.68
yczI	2.46
ycsO	0.4439
ycsI	0.6776
ycsE	1.31
ycgF	0.9293
mdr	1.97
lctE	0.3295
ycgB	3.25
opuAC	0.8331
yceK	0.0
yczH	1.4
ycsA	0.8494
mtlA	0.9738
ycnK	0.09711
ycnI	0.1722
ycxE	0.0
yceI	0.998
yceF	1.29
yceD	1.11
yceB	0.9242
ycdI	0.2679
ycdG	1.15
ydaA	1.08
yczJ	2.7
ycsK	0.0
ycsJ	0.9896
ycsF	0.468
ycsD	2.32
ycgE	0.0
lctP	0.2052
amyE	2.24
ycgA	5.74
opuAB	0.8949
yceJ	0.6528
sipU	1.11
mtlD	1.03
ycnL	0.9459
ycnJ	0.1762
gdh	0.8352
ycnH	1.38
yceG	1.32
yceE	1.28
yceC	1.01
yceA	0.3087
ycdH	0.5401
ycdF	1.39
ydjJ	0.9135
ydjH	0.787
ydjF	0.7951
gutB	0.0
ydjB	0.0
ydiR	0.8571
ydeI	1.78
ydeG	1.26
ydeE	0.0
ydeC	1.23
ydeB	1.31
ydeA	0.0
ydiP	1.64
ydiN	0.0
groEL	1.27
ydiL	0.8873
ydiJ	1.31
ydiH	1.04
yddS	1.01
yddQ	0.7621
lrpA	0.0
phrI	1.34
yddJ	2.73
yddH	0.0
ydjI	0.8297
ydjG	0.8292
ydjE	1.25
ydjC	0.0
ydiS	0.884
ydiQ	1.79
ydeH	1.13
ydeF	1.96
ydeD	1.04
ydzE	0.0
cspC	1.88
yddT	1.6
ydiO	1.43
ydiM	0.0
groES	1.27
ydiK	1.04
ydiI	1.16
ydiG	1.04
yddR	0.0
lrpB	0.0
yddM	1.46
rapI	1.42
yddI	0.0
yddG	0.0
yfiR	1.61
lipB	0.5567
yfiN	0.9592
yfiL	0.7888
yfiJ	1.1
yfiH	1.12
yfnE	0.0
yfnG	0.9197
yfnI	0.5002
yetL	1.15
yetJ	0.9048
yezB	1.22
yfiF	0.0
yfiD	1.12
glvC	0.0
glvA	0.0
yfjB	1.17
yfjD	1.01
yetH	2.39
lplD	0.9575
lplB	0.8568
yetA	0.0
yesX	0.96
yesV	1.05
yfiQ	1.21
yfiO	1.48
yfiM	0.0
yfiK	0.6314
yfiI	1.02
yfiG	1.09
yfnF	0.0
yfnH	0.8836
yetN	0.8982
yetK	0.886
yezD	0.0
yetI	1.02
yfiE	0.9089
yfiC	1.02
yfiA	1.36
yfjA	1.07
yfjC	1.05
yfjE	1.17
yetF	0.0
lplC	1.2
lplA	1.21
yesZ	0.9805
yesW	1.02
yesU	1.1
yhjC	2.04
yhxD	1.1
yhzC	5.32
yhfW	1.39
yhfU	0.9515
yhfS	0.9144
ygxB	2.18
yhdD	2.97
yhdB	1.18
yhcZ	1.49
yhxB	1.3
glpK	1.15
yhfO	1.2
yhfN	0.0
yhfL	3.49
yhfJ	0.8487
yhfH	3.8
yhfF	1.76
glpP	2.19
yhcX	1.33
yhcV	0.0
yhcT	0.869
yhcR	1.7
yhcP	1.44
yhjA	1.47
comK	1.43
yhxC	1.36
yhfV	1.76
yhfT	0.9207
yhfP	1.28
yhdE	1.25
yhdC	0.0
yhdA	1.47
yhcY	1.29
glpD	1.24
glpF	0.8612
aprE	1.58
yhfM	0.0
yhfK	1.16
yhfI	0.9097
gltT	1.94
yhfE	1.79
yhxA	1.76
yhcW	1.1
yhcU	0.0
yhcS	1.91
yhcQ	0.8928
yhcO	0.0
yjqB	0.8517
xlyB	1.04
phrA	1.28
yjoB	0.7601
yjnA	1.1
yjmI	1.32
yjbC	1.23
oppF	1.8
oppB	1.58
trpS	1.19
appC	2.55
appA	1.68
yjmG	1.06
yjmE	0.0
yjmC	0.0
yjmA	1.03
yjlC	0.358
yjlA	1.24
appD	3.16
yjaY	0.774
yjzA	0.6685
yjaV	0.0
yjzD	1.35
argF	0.1431
yjqA	0.9863
yjpA	1.37
rapA	2.16
yjoA	1.19
yjmJ	0.936
yjmH	1.78
yjbB	1.28
oppC	1.49
oppA	2.61
yjbA	1.6
appB	2.59
appF	2.83
yjmF	1.47
yjmD	0.9667
yjmB	0.9622
yjlD	0.4558
yjlB	0.0
yjkB	1.33
yjaZ	1.1
yjzB	1.02
med	0.8044
yjaU	1.11
yjzC	1.23
pdhA	0.3371
ykrB	0.8746
ykzG	0.8764
adeC	2.28
ykqA	1.05
abh	1.3
ykrL	1.28
sspD	0.9962
ykoZ	1.15
ykoV	0.0
ykoT	1.4
ykoQ	0.9545
ykpC	0.0
ykpB	1.54
ykoA	0.0
fruA	0.4929
yknZ	1.04
yknX	0.6603
ykoN	1.13
ykoL	0.0
tnrA	1.38
ykzD	0.0
ykoI	0.6467
ykoG	0.5906
ykyA	1.6
ykrA	0.7978
ykqC	1.14
ykqB	1.25
kinC	1.21
mreBH	0.9388
ykrK	1.37
ykrI	1.34
ykoX	0.7143
ykoU	1.35
ykoS	1.47
ykoP	1.51
ampS	1.06
ykpA	0.9371
sipT	0.8752
fruR	0.7506
yknY	0.941
yknW	0.8719
ykoM	1.26
ykzB	1.0
ykoK	1.26
ykoJ	1.23
ykoH	0.6266
ykoF	0.5698
rbfA	0.6972
infB	0.0
ylxR	0.6095
ylxS	0.5643
yluC	1.01
cdsA	0.9671
ylnB	0.561
cysH	0.9287
pyrF	0.4181
pyrDII	0.2496
pyrC	0.6005
pyrP	0.8717
frr	0.2475
tsf	0.2293
ylxL	0.5338
cheD	0.6628
cheW	0.5118
cheB	0.5305
ylyB	0.0
ylyA	0.0
divIVA	1.69
ylmG	1.78
ylmE	1.6
ylmC	2.0
ylxP	0.3935
ylxQ	0.3433
nusA	0.4601
proS	0.9633
yluB	0.896
yluA	0.9304
ylnA	0.7771
pyrE	0.1943
pyrD	0.2301
pyrAA	0.0
pyrB	0.4163
pyrR	0.4804
smbA	0.3447
rpsB	0.2636
sigD	0.5583
cheC	0.8188
ylxH	0.7167
lsp	0.8554
ylmH	1.49
ylmF	1.97
ylmD	1.68
ylmB	2.11
yoaT	0.9331
yoaS	0.9966
yozF	0.0
yoaP	1.07
yoaN	1.21
pelB	0.9395
yncM	2.18
ynzH	0.9824
yncE	0.9918
yncC	1.2
xylB	1.2
xylR	1.15
yoaJ	0.0
yoaH	2.42
yoaF	1.32
yoaD	0.9902
yoaB	0.6022
yoxB	0.0
ynaJ	0.0
ynaG	1.61
ynaE	0.0
ynaC	1.38
ynzG	0.0
ynxB	0.0
yozG	1.07
yoaR	0.0
yoaQ	0.0
yoaO	1.19
yoaM	1.56
yoaK	0.8928
thyA	1.23
yncF	0.9608
yncD	0.8872
yncB	0.6275
xylA	0.0
xynB	1.12
yoaI	0.0
yoaG	0.939
yoaE	1.56
yoaC	1.06
yoaA	2.41
yoxC	0.8739
ynaI	1.84
ynaF	1.06
ynaD	1.37
ynaB	1.22
ynzF	1.47
glnA	0.9303
yopS	1.33
yopU	1.25
yopW	0.0
yopY	0.976
yoqA	1.41
yoqC	0.9485
cgeD	1.17
yodT	0.7969
yodR	0.825
yodP	0.8696
yozE	2.02
yodM	1.33
yoqE	0.0
yoqG	0.0
yoqI	0.0
yoqK	0.0
yoqM	0.9869
yoqO	0.0
deoD	0.4674
yodI	0.0
ctpA	0.0
yodE	0.0
yodC	1.67
yojA	0.9582
yopT	1.12
yopV	0.0
yopX	1.12
yopZ	0.0
yoqB	1.56
yoqD	0.0
cgeE	1.56
yodS	1.63
argE	0.8208
yodO	1.23
yodN	0.0
yodL	1.94
yoqF	0.0
yoqH	0.0
yoqJ	0.0
yoqL	0.0
yoqN	0.9473
yoqP	0.0
yodJ	1.5
yodH	0.0
yodF	2.21
yodD	1.05
yodA	0.0
yojB	0.0
hbs	1.5
mtrB	0.9963
gerCB	0.8784
ndk	1.07
aroF	1.06
aroH	0.9462
ypmP	2.22
ypmR	1.69
ypmT	1.67
ypoP	0.8755
yppQ	2.02
yokA	1.34
trpD	0.9493
trpF	0.5982
trpA	0.5504
tyrA	0.5486
ypiA	1.41
ypiF	1.66
yokC	0.0
yokE	0.0
yokG	1.5
yokI	0.9872
yokK	1.18
yolA	0.8302
mtrA	1.01
gerCA	0.6446
gerCC	0.832
cheR	1.18
aroB	1.02
trpE	0.9863
ypmQ	1.89
ypmS	1.67
ypnP	0.8661
yppP	1.6
ypqP	1.09
yokB	1.45
trpC	0.6669
trpB	0.7117
hisC	0.577
aroE	0.6122
ypiB	2.47
qcrA	0.9455
yokD	1.79
yokF	0.4615
yokH	1.31
yokJ	0.9164
yokL	1.05
yolB	0.9755
yqgY	1.88
yqhA	0.8991
yqxL	0.0
comGB	0.64
comGD	0.6121
comGF	0.4622
yqjQ	1.29
yqjS	1.4
yqjV	1.16
yqjW	1.35
yqjY	1.04
yqkA	1.05
yqzE	0.5059
yqxM	0.759
cotN	0.8501
sinI	1.65
yqhH	0.0
yqhJ	2.37
yqkC	1.42
yqkE	1.4
yqkG	0.592
ansA	0.8691
yqkI	0.0
yqkK	0.0
yqgZ	3.44
yqhB	1.61
comGA	0.6952
comGC	0.6275
comGE	0.6056
comGG	0.4248
yqjR	1.39
yqjT	1.46
yqzH	0.9114
yqjX	0.0
yqjZ	1.06
yqkB	1.15
yqzG	0.9091
sipW	0.9609
sinR	1.76
yqhG	0.9934
yqhI	2.46
yqhK	2.25
yqkD	1.06
yqkF	1.04
ansR	1.03
ansB	1.02
yqkJ	1.21
spoIIM	0.0
yrpD	1.22
aadK	1.67
yrdB	1.79
yrdD	0.0
yrdF	0.0
azlC	1.02
yqcJ	0.0
yqcL	1.07
spoIVCA	1.36
nucB	0.0
yqeC	1.0
yqeE	0.0
brnQ	0.9122
gltR	0.0
czcD	0.0
yrdQ	0.0
yrkA	1.53
blt	0.0
yqeG	0.7591
aroD	0.7897
yqeJ	0.7005
yqeL	0.6818
comER	0.9146
comEB	0.932
yrpB	4.59
yrdA	1.28
yrdC	1.22
cypA	1.06
azlB	1.02
azlD	0.0
yqcK	0.0
yqcM	1.01
spoIVCB	0.0
yqeB	0.8018
yqeD	0.0
yqeF	1.05
yrdK	1.07
yrdN	0.0
trkA	0.0
yrdR	0.0
bltD	0.0
bltR	0.8964
yqeH	0.9359
yqeI	0.7602
yqeK	0.7081
yqeM	0.9845
comEA	0.8082
comEC	0.9697
ysdC	1.17
araA	0.8405
araD	0.0
araM	0.7405
araP	0.0
abfA	1.1
yrbB	0.7633
yrbD	0.0
yrzG	1.39
yrbE	0.0
bofC	0.0
ruvB	1.26
ysfE	1.81
ysfC	1.09
ysfA	1.09
pheS	1.11
ysgB	1.52
yshC	1.26
tgt	1.01
yrzE	0.0
spoVB	0.9826
yrvB	0.8738
yrvC	0.9439
abnA	0.9981
araB	1.06
araL	0.0
araN	1.14
araQ	0.0
cstA	1.52
yrbC	1.07
yrzH	0.0
yrzF	1.03
csbX	1.5
ruvA	1.0
queA	1.16
ysfD	1.15
ysfB	0.0
ysgA	0.8352
pheT	0.0
yshB	1.03
yshD	0.0
yrbF	0.8281
yrbG	0.0
yrzD	0.8696
secF	0.997
yrvD	0.9258
apt	0.7624
ytxO	0.0
ytcB	0.0
ytdA	0.0
menF	0.6191
ytxM	0.5347
menE	1.04
ytmQ	0.0
malS	1.55
ytoP	1.86
ytpP	0.9408
ytpS	0.6099
murC	0.8671
ytgA	0.5598
ytgC	0.8209
ythB	0.997
ytiA	1.28
ytjA	1.25
ytkA	0.9936
ytxH	2.56
aroA	2.0
ytxD	0.9443
acuC	0.8673
acsA	1.38
rpsD	0.2603
ytcC	1.24
ytcA	0.7868
yteA	0.0
menD	0.8222
menB	0.9247
ytfD	1.22
ytnP	1.34
ytzB	1.77
ytoQ	1.73
ytpR	1.14
ytpT	0.9908
ytxG	2.19
ytgB	0.6343
ytgD	0.8379
ythA	0.9527
ytiB	1.27
ytjB	1.64
dps	2.17
ytxJ	2.77
ccpA	0.78
ytxE	0.9462
acuA	0.8015
tyrS	0.6416
yusU	0.9075
yusS	1.37
yusQ	1.07
yusO	0.9233
yusM	0.0
yusK	1.11
yuxI	3.56
yukE	2.29
yukC	0.746
yueC	0.6142
yueE	3.41
yuzE	1.59
yusI	0.6972
yusG	1.16
yusE	1.02
yusC	0.6376
yusA	0.5978
yurY	0.7775
yueG	1.16
yueI	1.02
yueK	1.08
yuzC	0.9336
comQ	1.64
comP	1.55
yusT	1.31
yusR	1.09
yusP	1.03
yusN	1.03
yusL	0.0
yusJ	0.7211
ald	2.24
yukD	0.939
yukB	0.7865
yueD	0.7106
yuzF	2.42
yueF	2.32
yusH	1.0
yusF	1.28
yusD	1.07
yusB	0.6003
yurZ	0.8906
yurX	0.7316
yueH	0.8758
yueJ	1.19
yuxH	0.7989
degQ	2.55
comX	1.34
comA	1.02
yvoA	1.75
nagA	1.67
lgt	1.39
yvpA	1.1
hisZ	0.1712
hisD	0.119
tpi	0.7949
eno	1.08
yvbJ	1.02
yvbH	1.57
yvbF	1.05
opuCB	0.0
hisH	0.07145
hisF	0.1009
yvcA	0.609
yvzA	0.6349
yvcD	1.12
trxB	0.9103
opuCD	1.1
yvaZ	2.84
yvaX	0.831
yvaV	0.9479
opuBC	0.6732
yvaQ	3.68
nagB	2.0
yvoB	1.16
yvpB	1.23
hisG	0.3486
hisB	0.07467
pgm	0.7807
yvbK	1.54
yvbI	1.15
yvbG	1.22
opuCA	1.06
opuCC	0.5408
hisA	0.09805
hisI	0.1593
yvcB	0.8898
yvcC	0.0
yvcE	0.914
yvcI	1.01
yvbA	1.77
yvaY	1.05
yvaW	1.05
opuBB	0.8592
opuBD	0.0
yvaP	1.47
fbaA	0.9247
murZ	0.8727
rpmE	0.483
ywkB	0.0
ywkD	0.8809
ywkE	0.8629
ywrE	0.0
cotG	0.0
cotB	0.0
ywrK	0.9603
alsS	1.82
ywrO	0.0
ywlA	0.0
ywlB	1.04
ywlE	1.57
ywlG	1.81
upp	0.864
atpB	0.1062
ywsB	1.68
rbsC	0.7996
rbsD	0.9118
rbsR	1.06
ywtA	0.0
ywtC	0.8598
ywjH	1.12
ywjI	0.8312
ywkA	1.04
ywkC	1.35
prfA	0.8987
ywkF	0.8213
ywrF	2.38
cotH	0.0
ywrJ	0.0
alsR	1.11
alsD	1.48
ywsA	0.0
spoIIR	0.9687
ywlD	0.9292
ywlF	1.86
glyA	0.8889
atpI	0.1112
atpE	0.1356
rbsB	0.8625
rbsA	1.03
rbsK	1.0
ywsC	1.3
ywtB	0.8712
ywtD	1.73
deaD	0.8659
yxiP	1.72
bglS	0.0
katB	1.17
yxiT	1.71
yxjB	0.7739
ywcF	1.19
ywcH	1.15
ywcI	1.54
ywcJ	0.0
sacA	0.9836
thiD	1.57
yxjD	0.9825
yxjF	0.0
yxjH	1.25
yxjJ	1.73
yxjL	1.06
yxjN	1.16
ywdD	1.15
ywdF	1.03
ywdH	1.71
ywdJ	0.8886
ywdL	0.0
spsB	0.0
yxiO	1.29
licT	2.56
yxiQ	1.15
yxiS	0.9861
yxjA	1.31
yxjC	1.28
ywcG	1.38
vpr	6.08
sacT	3.35
sacP	1.49
ywdA	1.99
ywdC	1.55
yxjE	1.02
yxjG	1.24
yxjI	0.9726
pepT	1.71
yxjM	1.21
yxjO	1.04
ywdE	1.4
ung	0.9629
ywdI	0.9927
ywdK	0.4635
spsA	0.0
spsC	1.09
rnpA	0.8612
jag	0.9555
gidB	0.6327
yydK	1.03
bglA	1.08
ahpC	0.6948
gntP	0.7983
gntR	0.0
yxaB	1.8
yyaB	2.53
spo0J	2.46
yyaD	0.7769
yyaF	0.8858
ssb	0.4205
exoA	0.0
yxaD	0.0
yxaF	0.0
yxaH	1.16
yxaJ	0.0
yxaM	1.56
yxbB	2.97
rpmH	0.6858
spoIIIJ	0.8439
thdF	0.7405
yyaA	0.9115
yyzE	0.0
ahpF	1.15
gntZ	0.752
gntK	1.15
yxaA	1.38
yxaC	0.9802
soj	1.8
yyaC	1.14
yyaE	0.9377
rpsF	0.3587
rpsR	0.6918
yyaG	1.17
yxnA	1.11
yxaG	0.0
yxaI	1.11
yxaL	0.424
yxbA	2.84
yxbC	3.98
gltA	0.0
ppsE	1.01
ebrA	0.0
ymfG	0.9337
bpr	0.0
cheV	0.0
rho	0.4047
tagD	1.23
yvfE	1.35
yvgP	0.0
yurC	0.0
aapA	1.39
spoIIS	1.37
xtmB	0.0
yhjN	0.0
yhaA	2.22
yheJ	0.0
yfmB	1.5
yqhQ	1.48
yosN	0.0
pnpA	0.0
flhA	0.6543
fliP	0.7343
fruB	0.4213
ppsC	0.0
yngB	0.9631
pyrAB	0.0
polC	0.7811
pycA	2.25
ptsH	0.5762
tdk	0.416
yvfC	1.58
yvfK	1.21
yusY	2.13
ysnF	1.35
lepA	0.0
xkdO	0.8772
yirY	0.5099
yhfQ	0.3821
yhaQ	0.5938
yfkL	0.0
yfnC	1.1
spoIIIAG	0.0
yojG	0.7385
flhF	0.8877
flhB	1.05
cheY	0.9063
moaD	1.24
hprT	1.28
yvoF	0.8892
yvdS	1.48
sacB	0.0
ffh	0.7505
ssuC	0.0
yvfP	0.9328
ctc	0.7102
ppsB	0.8806
yvgR	0.7636
ydjK	0.0
spoIIE	0.0
ywbL	0.5991
sigL	1.61
yacA	1.12
yvdR	0.7481
yveB	0.0
yqxK	0.7062
yhaR	1.21
pnbA	1.17
ytnM	0.8015
prs	0.4965
ykoW	1.14
cotA	1.02
ydjA	1.13
hutH	1.25
secA	1.1
ybaS	1.16
ybaN	0.742
gerD	0.0
cwlD	1.13
ybaJ	1.65
rplM	0.3799
gcaD	0.522
yabJ	0.701
yabH	1.13
veg	1.98
ksgA	0.8705
ybaF	0.3345
ybxA	0.3154
rpoA	0.4133
rpsM	0.3387
infA	0.3437
adk	0.3626
abrB	0.8663
yazA	1.06
yabA	1.98
holB	1.44
yaaQ	1.53
ybaR	0.823
kbaA	0.7318
ybaL	1.27
ybaK	0.0
rpsI	0.5034
truA	0.3497
spoVG	2.36
purR	0.7639
sspF	0.9156
yabG	0.0
yabF	0.6932
ybaE	0.3369
rplQ	0.3884
rpsK	0.4261
rpmJ	0.3678
map	0.3902
secY	0.4185
yabC	1.12
yabB	0.9854
yaaT	1.67
yaaR	1.46
tmk	0.7985
ycnG	1.23
yczG	1.43
ycnD	0.9658
yclQ	0.4367
yclO	0.4253
yclM	1.26
rapJ	1.38
ycdC	1.1
natB	0.0
yccH	0.9095
yccF	0.5511
yczB	0.0
yclK	1.13
yclI	1.77
gerKB	1.34
gerKA	1.06
yclE	0.634
yclC	0.0
cwlJ	0.0
ycbO	0.0
ycbL	1.08
yczA	0.0
ycbH	0.9835
ycbF	1.13
ycnF	0.9808
ycnE	0.948
ycnC	0.8612
yclP	0.4329
yclN	1.21
rapC	2.6
ycdD	0.0
ycdA	0.8219
natA	0.9027
yccG	0.9218
lipA	0.6265
phoD	0.9409
yclJ	1.08
yclH	0.8454
gerKC	1.07
yczF	0.0
yclD	1.02
yclB	1.01
ycbP	1.06
ycbN	0.9114
ycbK	0.8352
ycbJ	1.03
ycbG	1.17
ycbE	0.9566
ydiF	1.23
ydiD	1.03
ydiB	0.9944
ydhU	0.0
ydhS	1.85
ydhQ	1.47
yddF	0.0
yddC	0.0
yddA	0.0
ydcS	0.0
ydcQ	0.9898
ydcO	0.0
ydhO	1.73
ydhM	0.0
ydhK	0.0
ydhI	0.0
ydhG	1.23
ydhF	0.0
ydcN	1.61
ydcL	1.54
ydcH	0.929
ydcF	1.47
sigB	1.49
rsbU	1.45
ydiE	1.02
ydiC	0.9464
ydiA	0.8434
ydhT	1.04
ydhR	0.9074
ydhP	0.9582
yddD	0.8934
yddB	0.9381
ydcT	0.879
ydcR	1.0
ydcP	0.8254
sacV	0.8062
ydhN	0.0
ydhJ	1.03
ydhH	0.0
phoB	1.19
ydhE	0.8289
ydcM	1.35
ydcK	0.0
ydcG	0.9906
rsbX	1.43
rsbW	1.37
rsbT	1.4
yfjF	0.9692
acoR	1.03
acoC	0.0
acoA	0.0
yfjM	1.03
yfjO	1.14
yesT	1.4
yesR	1.14
yesP	1.23
yesM	0.0
yesK	0.9027
cotJB	0.0
yfjQ	0.5125
yfjS	1.73
yfkA	0.0
yfkC	0.801
yfkE	0.9672
yfkJ	1.06
yesF	0.0
yeeK	1.06
rapH	0.0
yezA	0.0
yeeC	1.71
yeeA	0.0
yfjU	0.0
acoL	0.7875
acoB	0.9005
yfjL	0.8674
yfjN	0.0
yfjP	1.76
yesS	0.967
yesQ	0.0
yesO	0.9029
yesL	1.07
yesJ	1.0
cotJA	0.9395
yfjR	1.86
yfjT	1.14
yfkB	0.4571
yfkD	0.7036
yfkH	1.36
yfkK	2.31
yesE	1.22
yeeI	0.0
yeeG	0.0
yeeD	2.2
yeeB	1.4
yefC	0.0
yhfD	0.0
yhfB	0.9954
yhgD	0.7094
hemH	0.3146
pbpF	0.9885
yhgB	1.19
yhcN	0.0
yhcL	1.18
yhcJ	0.7688
yhcI	0.9775
yhcG	1.14
yhcE	0.9433
ecsC	1.21
ecsA	1.32
serC	1.49
yhaH	1.53
yhaI	1.54
yhaK	1.15
yhcB	0.4381
yhbJ	0.7594
yhbH	1.14
yhbF	1.05
yhbD	1.14
yhbA	0.9843
yhfC	1.31
yhgE	0.8646
hemY	0.3941
hemE	0.3065
yhgC	1.65
yhfA	1.11
yhcM	1.95
yhcK	0.7094
cspB	1.82
yhcH	0.954
yhcF	1.04
yhcC	0.4043
ecsB	1.22
hit	1.03
yhaG	1.22
hpr	2.9
yhaJ	0.9703
prsA	1.14
yhcA	1.83
yhbI	0.6076
prkA	0.9783
yhbE	1.1
cspR	0.7346
yhzB	1.3
yjkA	0.9543
yjiC	2.1
yjiA	0.0
yjhA	0.9756
yjgB	0.0
yjfC	0.0
carA	0.0
argB	0.2043
argC	0.2
yitY	0.6917
yitW	0.0
yitU	1.47
yjfA	0.0
cotT	0.8236
yjdJ	0.0
yjdG	1.02
yjdE	0.9378
yjdC	0.0
yitT	1.1
nprB	1.21
yitQ	1.05
yitO	0.8646
yitM	1.26
yitK	1.77
yjjA	1.8
yjiB	1.46
yjhB	1.04
yjgD	0.7235
yjgA	0.0
yjfB	1.67
argD	0.1376
argJ	0.2457
yitZ	0.8546
yitX	0.963
yitV	0.6505
ipi	0.0
yjeA	0.2607
yjdK	0.0
yjdI	1.41
yjdF	0.6511
yjdD	1.15
yjdB	0.0
yitS	1.7
yitR	0.9333
yitP	0.9811
yitN	1.07
yitL	1.04
yitJ	1.13
yknV	0.9925
moaE	1.13
moeA	1.01
mobA	0.8656
ykuV	1.18
ykuT	0.8401
ykoE	0.5899
ykoC	0.7359
ispA	1.25
yknA	1.32
ykmA	1.02
proA	1.36
ykuR	0.9662
ykuP	1.08
ykuN	0.0
ykuL	1.62
ykuK	0.881
ykuI	1.11
ykkE	1.36
ykkC	1.52
ykkA	1.34
ykzH	0.7314
ykhA	1.24
ykgB	1.31
yknU	0.0
mobB	0.998
moeB	0.9987
ykuW	1.82
ykuU	1.0
ykuS	0.9669
ykoD	0.5767
ispU	0.6006
metC	0.0
ykzA	1.49
yklA	0.784
proB	1.16
ykuQ	1.08
ykuO	0.0
ykuM	1.03
ykzF	1.68
ykuJ	0.944
ykuH	0.8411
ykkD	0.0
ykkB	1.34
ykjA	1.02
hmp	1.02
ykgA	0.8659
ykfD	1.17
fliR	0.7073
fliZ	0.839
fliM	0.9993
flgE	1.2
fliK	1.34
fliJ	1.39
ylmA	2.36
sigE	1.48
ftsZ	2.29
sbp	0.807
ylxW	1.16
murB	0.7316
fliH	2.02
fliF	1.74
flgC	1.54
codY	0.4098
clpQ	0.4452
gid	0.3875
spoVE	0.4936
mraY	0.4011
pbpB	0.8937
ylxA	1.09
yllA	1.08
ylbP	1.19
fliQ	0.7204
fliY	0.8463
fliL	1.04
ylxG	1.07
ylxF	1.38
fliI	1.69
sigG	1.21
spoIIGA	1.18
ftsA	1.66
ylxX	1.13
divIB	1.01
murG	0.6603
fliG	1.97
fliE	1.55
flgB	1.24
clpY	0.4365
codV	0.3577
topA	1.02
murE	0.534
ftsL	1.0
yllB	0.0
ylbQ	1.23
ylbO	0.7541
yoxD	0.4635
proH	0.7713
gltC	1.1
yogA	0.9758
ggt	1.42
yoeC	0.0
glnR	0.6343
ynbA	1.14
cwlC	0.0
nrdF	1.36
ymaA	1.14
ymzC	0.7783
yoeA	2.12
pbp	2.24
yngK	0.9674
yngJ	1.2
yngH	1.0
yngF	0.0
miaA	0.8868
ymaG	0.0
ymaD	0.7952
aprX	1.08
ymzB	1.56
pksN	1.09
rtp	2.18
proJ	0.6873
gltB	0.8069
yofA	0.9648
yoeD	1.19
yoeB	1.5
ynbB	1.17
spoVK	0.9355
ymaB	0.9039
nrdE	1.19
ymzA	1.01
ymaH	1.98
yoxA	2.07
yngL	0.9303
ynzE	0.9553
yngI	1.51
yngG	1.06
yngE	1.25
ymaF	1.11
ebrB	0.0
ymaC	1.03
ymaE	1.67
pksS	2.17
pksJ	0.0
yoqR	0.0
yoqT	0.0
yoqV	0.0
yoqY	0.0
yorA	0.0
yorC	0.0
yojC	0.0
yojF	0.7168
yojI	0.0
yojK	1.18
yojM	1.71
yojO	0.8221
yorE	0.0
yorG	0.0
yorI	1.34
yorK	0.0
yorN	0.0
yorP	0.0
yocS	2.61
sodF	0.0
dhaS	2.37
yozO	0.7107
yozN	0.9928
yocL	1.09
yoqS	0.0
yoqU	0.0
yoqW	0.0
yoqZ	0.0
yorB	0.9925
yorD	0.6767
yojE	1.02
yojH	0.0
yojJ	1.15
yojL	1.95
yojN	1.02
odhB	1.63
yorF	0.0
yorH	0.0
yorJ	0.0
yorM	1.07
yorO	1.01
yorQ	1.44
yocR	2.49
sqhC	0.7448
yozC	1.26
yocN	1.07
yocM	0.9568
yocK	0.9621
qcrC	0.8657
ypjB	0.8017
ypjD	0.6598
ypjF	0.7748
ypjH	0.7895
birA	0.7082
yolC	2.2
uvrX	0.0
sunA	1.64
yolI	0.0
yolK	0.0
yomB	0.0
panC	0.2513
ypmB	0.9688
asnS	0.8923
nth	0.8591
yppB	0.7342
yomD	1.0
yomF	0.0
yomH	0.0
yomK	2.86
yozP	0.0
yomN	0.0
ypjA	0.0
ypjC	0.9102
dapB	0.6481
ypjG	0.7929
papS	0.7784
panB	0.3308
yolD	0.0
yolF	2.59
sunT	0.0
yolJ	0.3475
yomA	0.0
yomC	0.0
panD	0.4565
ypmA	0.0
aspB	1.01
dnaD	0.8221
ypoC	0.9749
yppC	1.08
yomE	0.0
yomG	0.0
yomJ	2.1
yomL	1.43
yomM	0.0
yomO	0.0
yqhL	0.5889
yqhN	0.7201
yqhP	1.9
yqhS	0.9572
efp	0.9522
spoIIIAA	1.13
yqkL	2.12
drm	1.13
dacF	1.09
spoIIAB	3.84
spoVAA	0.0
spoVAC	0.0
spoIIIAC	0.0
spoIIIAE	1.02
spoIIIAH	1.22
accC	0.9486
yqhZ	0.3781
yqiB	0.4657
spoVAE	0.9961
lysA	1.72
ppiB	0.6064
ypuB	0.9811
ypzC	1.85
ypuD	1.09
yqhM	0.9646
yqhO	1.1
yqhR	0.7864
yqhT	0.9344
yqhV	0.0
spoIIIAB	0.0
ripX	0.9353
pnp	1.2
spoIIAA	3.13
sigF	3.29
spoVAB	1.17
spoVAD	0.0
spoIIIAD	0.0
spoIIIAF	1.16
accB	0.8683
yqhY	0.8905
folD	0.5105
yqiC	0.3886
spoVAF	1.08
ypuA	0.5616
ypzD	0.0
ypuC	1.2
sipS	1.36
ypuE	0.8368
yrkB	0.0
yrkD	1.12
yrkF	0.0
yrkH	0.0
yrkJ	0.0
yrkL	1.68
yqeN	0.8292
gpr	0.0
yqxA	0.0
dnaK	0.5221
yqeT	0.3489
yrkN	0.0
yrkP	0.0
yrkR	0.0
spoIIIC	1.09
yqaC	2.23
yqaF	0.8713
yqeV	0.0
rpsU	0.8193
yqeZ	0.0
yqfB	0.7549
yqfD	0.0
yqfF	1.04
yrkC	0.9318
yrkE	0.0
yrkG	0.0
yrkI	0.0
yrkK	1.61
yrkM	1.02
rpsT	1.17
spoIIP	0.0
hemN	0.5986
grpE	0.3517
dnaJ	0.0
yqeU	0.3576
yrkO	1.2
yrkQ	0.0
yrkS	1.1
yqaB	0.0
yqaE	1.59
yqdA	0.0
yqeW	0.9663
yqeY	0.9844
yqfA	0.7931
yqfC	0.9108
phoH	1.29
yqfG	1.07
yshE	1.01
ysiA	1.15
etfB	1.24
xsa	0.0
uvrC	1.08
lysC	0.5831
relA	1.92
yrvJ	1.22
hisS	0.9416
yrvM	0.5632
yrzC	0.3936
yrvP	0.4963
sdhC	1.01
sdhB	1.19
gerE	1.25
racE	0.6644
rph	1.01
ysnB	1.2
yrrB	0.4001
yrrD	0.9137
glnM	0.0
glnQ	0.5739
yrzB	1.03
lcfA	1.71
ysiB	1.37
etfA	1.23
trxA	1.3
ask	1.44
yslB	1.54
yrvI	2.02
yrzK	0.0
aspS	1.2
yrvN	1.48
yrvO	0.46
yrrA	0.4908
sdhA	1.4
ysmA	1.0
ysmB	0.0
gerM	0.9996
ysnA	1.24
ysnE	0.0
yrrC	0.0
glnP	1.19
glnH	0.9725
yrrI	1.01
yrrK	1.0
yrrL	0.8102
ytkC	0.9257
ytlC	0.938
ytlA	0.7522
ytmB	1.51
metK	0.4541
ytnA	0.7846
ytsP	1.11
ytwP	1.22
nifZ	0.9362
sspA	0.871
ytcJ	1.41
yteI	0.6183
ytpA	0.988
ytqA	0.8785
ytrA	0.0
ytrC	0.0
ytrE	0.7376
ytsA	1.35
ytfI	0.892
ytxK	0.7978
moaB	0.6277
argH	0.1652
ytkK	0.7941
ytlI	0.9632
ytlD	1.13
ytlB	0.0
ytmA	0.9709
pckA	1.34
asnB	0.5577
ytoA	1.22
ytvP	2.71
braB	0.0
ytbJ	0.8633
ytcI	1.17
ytdI	2.8
yteJ	0.6533
ytqB	0.8575
ytzC	0.7335
ytrB	1.05
ytrD	1.03
ytrF	0.907
ytsB	1.14
ytgI	1.88
ackA	0.4861
argG	0.1641
ytzD	0.1983
ytkL	1.04
ytmI	1.14
yurW	0.897
yurU	0.8964
yurS	1.45
yurQ	1.48
yurO	4.78
yurM	4.51
yufB	1.35
yufD	1.12
yufU	0.9169
yufS	0.0
yufQ	1.77
yufO	0.0
yurK	4.23
yurI	1.95
yurF	1.34
yurD	0.0
yunM	1.05
yunK	0.748
yufM	1.64
yuxK	1.33
yuxJ	0.7474
kapB	0.9907
patB	1.43
yugF	0.6143
yurV	0.8093
yurT	1.19
yurR	1.38
yurP	5.09
yurN	4.44
yurL	4.28
yufC	1.21
yufV	0.8802
yufT	1.07
yufR	1.36
yufP	1.62
yufN	1.91
yurJ	4.87
yurH	1.2
yurE	1.26
yurB	0.9043
yunL	1.1
yunJ	1.09
yufL	1.02
pbpD	1.45
kapD	1.32
kinB	1.35
yugE	0.8941
yugG	1.01
yvcJ	1.17
yvcL	1.15
yvcN	1.15
yvcQ	0.8478
yvcS	1.02
yvdA	1.25
yvaO	1.08
yvzC	0.0
yvaL	1.46
yvaJ	0.0
yvaG	1.21
yvaE	1.44
yvdC	1.15
yvdE	1.16
yvdG	1.23
yvdI	0.0
yvdK	1.01
yvdM	0.9865
yvaC	0.0
yvaA	1.21
yvgY	0.9408
yvgW	0.0
yvgU	0.7176
yvgS	1.17
yvcK	1.13
crh	1.01
yvcP	1.08
yvcR	1.07
yvcT	1.48
yvdB	1.29
yvaN	1.2
yvaM	0.6588
yvaK	1.0
yvaI	1.29
yvaF	2.06
yvaD	1.17
yvdD	1.38
yvdF	1.15
yvdH	1.24
yvdJ	1.48
yvdL	1.21
clpP	1.27
yvaB	0.0
yvgZ	1.09
yvgX	0.0
yvgV	0.5593
yvgT	1.03
yvgQ	0.4122
atpF	0.1382
atpA	0.1446
atpD	0.2299
ywmA	0.951
ywmB	0.3839
spoIID	0.0
ywtE	1.28
ywtG	1.45
gerBB	0.8948
pmi	1.13
tagC	0.9063
tagA	0.9397
ywmE	0.0
narA	1.33
ywmF	0.0
ureA	2.44
ureC	2.45
ywnB	0.9316
tagF	0.4575
ggaA	1.03
lytR	1.37
lytC	0.7017
tuaB	1.08
tuaD	1.0
atpH	0.1542
atpG	0.1416
atpC	0.2574
ywzB	0.2894
murA	0.5022
ywmC	1.22
ywtF	1.38
gerBC	0.0
gerBA	1.19
lytD	1.76
tagB	0.9003
tagE	0.636
narQ	1.08
rapB	1.92
ywmG	2.63
ureB	2.74
ywnA	1.16
ywnC	0.5741
tagG	0.6748
yvyH	1.38
lytB	0.0
tuaA	1.27
tuaC	1.18
tuaE	1.12
yxkA	1.01
yxkC	1.38
aldY	1.17
msmX	1.6
yxzE	1.1
yxkJ	1.08
spsD	0.6808
spsG	0.0
spsJ	0.0
yweA	2.58
rocA	2.36
rocC	0.8773
cydB	0.1539
cydD	0.1334
yxlA	0.9096
yxlC	1.29
yxlE	1.22
yxlG	1.41
ywfB	3.15
ywfD	2.07
ywfF	1.52
ywfH	2.96
pta	0.8981
ywfL	0.9787
galE	1.3
yxkD	1.03
yxkF	1.35
yxkH	0.5404
yxkI	0.9796
cydA	0.3022
spsE	0.8289
spsI	1.17
spsK	1.41
yweB	0.9426
rocB	1.75
ywfA	1.33
cydC	0.0
yxkO	0.8429
sigY	1.17
yxlD	1.28
yxlF	1.12
yxlH	1.22
ywfC	2.76
ywfE	2.23
ywfG	1.39
ywfI	0.4012
ywfK	1.34
ywfM	0.9281
yyaH	1.13
yyaJ	1.29
yyaL	1.85
yyaN	0.0
tetL	1.26
yyaP	1.64
yxbD	2.24
yxbF	1.02
yxcA	0.0
yxcC	1.66
yxcE	1.05
iolR	2.47
yyaR	0.0
yyaT	0.0
yybB	1.77
yybD	0.0
yybF	0.5496
yybI	2.61
iolB	0.0
iolD	1.43
iolF	0.9398
iolH	0.9527
iolJ	0.9944
yxdK	0.9644
yyaI	1.18
yyaK	2.24
yyaM	0.0
yyaO	1.79
tetB	1.34
yyaQ	1.18
aldX	0.904
yxbG	1.02
htpG	1.68
yxcD	1.29
iolS	1.73
iolA	1.81
yyaS	0.0
yybA	1.58
yybC	0.871
yybE	0.473
yybG	1.11
yybJ	0.6802
iolC	1.2
iolE	1.03
iolG	1.07
iolI	1.2
yxdJ	1.21
yxdL	1.0
yeeF	1.27
purQ	0.1196
ydgJ	0.0
pbpC	0.8799
srfAC	1.13
ycgI	0.0
yknT	1.25
ptsI	0.0
ykvU	0.0
ykzE	0.0
yjdH	0.0
yhdN	2.35
yczC	0.4702
lmrA	0.6678
ybgB	1.8
ybdD	1.72
fus	0.4473
yfiX	0.8249
yfkF	0.0
treA	0.0
yflP	0.7932
yesY	1.08
yddN	0.0
yerP	1.08
ydjD	0.0
yddE	0.0
yclG	0.0
nasB	1.13
ycdB	0.0
patA	0.0
ykvW	3.73
ykrP	1.07
ykoY	0.9123
yhaP	0.5449
yhbB	0.9056
yccC	0.0
ybgE	2.39
ybgA	1.98
rpmD	0.5577
rpoB	0.836
clpC	2.53
yfiB	0.0
yfkI	1.39
yflH	1.17
yetM	0.9323
cotJC	0.0
yddK	0.0
yabD	1.35
yurG	2.03
ytqD	1.52
acuB	0.0
dnaE	1.12
levR	1.0
yqzC	0.8191
yaaO	0.9078
ypbG	0.8107
ypvA	0.6237
cgeB	0.8868
yloB	0.0
glcT	0.8852
yjcD	1.38
metS	1.12
ythC	0.584
ytpB	1.1
ytoI	1.53
yrhJ	1.23
yqxH	0.0
bmrU	0.0
yaaN	1.54
qcrB	1.05
yosO	0.0
ylqF	0.8387
spoVD	1.14
yjgC	0.9677
yjaX	0.8144
rplO	0.4013
rplR	0.3918
rpsH	0.3388
rplE	0.3452
rplN	0.2897
rpmC	0.3226
xpaC	1.26
bofA	0.8842
recR	0.7487
dnaX	0.7858
yaaI	0.0
rpsC	0.2881
rpsS	0.224
rplW	0.3222
rplC	0.3217
ybaC	0.8006
rpsG	0.3175
serS	0.718
yaaD	0.4996
guaB	2.03
gyrB	1.01
recF	1.01
rpsE	0.438
rplF	0.3964
rpsN	0.2857
rplX	0.3259
rpsQ	0.2968
rplP	0.2944
csfB	0.0
yaaL	0.7348
yaaK	0.9754
yaaJ	1.06
yaaH	0.8788
rplV	0.2463
rplB	0.3262
rplD	0.3837
rpsJ	0.3684
tufA	0.686
rpsL	0.2516
yaaE	0.5235
dacA	0.1935
yaaC	0.0
yaaB	1.02
yaaA	0.7704
yclA	0.0
yckJ	0.6458
yczE	0.9113
ycxD	1.36
ycxB	1.18
srfAD	1.04
ycbD	1.05
ycbA	0.0
ybgH	0.0
ybgF	1.89
ybfP	0.713
ybfN	0.0
yckH	0.7428
yckF	1.66
nucA	1.03
yckE	1.18
yckC	0.4948
yckA	0.578
ybfM	0.5439
ybfK	0.9924
purT	1.1
ybfH	1.16
ybfF	0.0
ybfB	0.8012
yckK	0.5019
yckI	0.6864
sfp	1.0
ycxC	1.12
ycxA	1.63
comS	1.2
ycbB	0.8811
ybgJ	0.0
ybgG	1.76
ybfT	5.61
ybfO	0.9059
psd	0.4972
yckG	1.77
tlpC	1.18
nin	1.02
yckD	0.0
yckB	0.7409
yciC	0.5181
pssA	0.908
ybfJ	1.51
ybfI	2.13
ybfG	0.8767
ybfE	0.0
ybfA	1.09
ydhD	1.06
ydgK	0.9416
ydgH	0.9432
dinB	1.22
expZ	2.19
ydgD	0.6517
rsbS	1.61
ydcE	0.9896
dal	1.14
ydcB	0.0
ydbS	0.6819
murF	0.4546
ydgB	0.0
ydfT	0.0
ydfR	0.0
ydfQ	0.0
ydfO	0.0
ydfM	0.0
ydbP	1.19
ydbM	0.8126
ydbK	0.6781
ydbI	0.9802
ydbF	0.9549
ydbD	1.22
ydhC	0.7655
ydgI	0.737
ydgG	0.9759
ydgF	1.49
ydgE	1.48
ydgC	0.6
rsbR	1.38
ydcD	0.8243
ydcC	0.8267
ydbT	0.9012
ydbR	0.7705
ddlA	0.6544
ydgA	0.0
ydfS	0.0
ydzH	0.0
ydfP	0.8166
ydfN	0.0
ydfL	0.0
ydbN	0.7022
ydbL	0.4261
ydbJ	0.7666
ydbG	1.18
ydbE	1.12
ydbC	1.35
yfkM	1.93
treR	0.4434
yfkQ	0.0
yfkS	0.0
yflA	1.88
yflC	1.1
yefB	0.0
yerQ	0.439
yerN	0.7695
yerL	0.7262
sapB	3.21
yerH	0.6998
yflE	0.5691
yflG	1.01
yflJ	0.0
yflL	1.43
yflN	0.0
citT	0.9206
yerF	0.9531
yerD	0.9873
yerA	1.03
yezC	0.0
purH	0.1114
purM	0.08348
yfkO	0.7997
treP	0.7193
yfkR	0.9773
yfkT	0.0
yflB	0.8778
yflD	1.18
yefA	0.6413
yerO	1.15
yerM	0.6706
opuE	1.0
yerI	0.6819
yflF	1.22
yflI	0.53
yflK	1.15
yflM	1.11
citM	1.55
citSc	0.0
yerE	0.8829
yerB	0.5652
yecA	0.6508
purD	0.1232
purN	0.2637
purF	0.1202
yhaL	0.4224
yhaN	0.7231
yhaS	0.0
yhaU	1.18
yhaW	0.0
yhaY	0.8051
ygaO	0.7499
ygaN	1.64
ygbA	0.0
katA	0.6742
ygaK	0.0
ygaJ	3.4
yheA	0.9001
yheD	1.37
sspB	0.8668
yheG	1.01
yheK	1.55
yheN	1.25
ygaI	0.6893
ygaH	1.15
ygaF	1.08
ygaE	0.6293
ygaC	1.43
sspE	0.6537
yhaM	1.45
yhaO	1.1
yhaT	1.05
yhaV	0.8211
yhaX	1.32
yhaZ	0.9911
yhzA	1.08
ygcA	0.8341
ygaL	0.6887
senS	0.0
thiA	0.4363
ygzA	0.6313
yheB	0.9654
yheE	2.05
yheF	0.8483
yheI	1.55
yheM	2.33
yhdZ	1.28
ygxA	1.67
ygaG	1.25
gsaB	0.7753
ygaD	0.7639
ygaB	2.07
yfhR	0.8398
yjdA	2.17
yjcR	0.0
yjcP	1.83
yjcN	1.22
yjcL	6.96
yjcJ	1.81
yitI	1.46
yitG	1.04
yitE	0.9596
yitC	0.0
yitA	0.6109
yisX	1.81
yjcH	1.56
yjcF	1.24
yjcC	0.0
yjcA	0.0
cotW	0.0
cotY	0.0
yisV	1.22
yisT	1.34
degA	1.11
yisQ	1.1
yisO	0.9389
yjcS	1.97
yjcQ	1.77
yjcO	0.0
yjcM	0.6343
yjcK	7.81
yjcI	1.9
yitH	1.37
yitF	0.969
yitD	0.994
yitB	0.8499
yisY	0.9319
yisW	0.8274
yjcG	1.28
yjcE	0.0
yjcB	0.0
cotV	0.6935
cotX	0.0
cotZ	0.0
yisU	1.15
yisS	1.22
yisR	1.19
yisP	1.08
yisN	1.36
yisL	1.47
ykuG	0.0
ykuE	0.0
ykuC	0.9027
kinA	2.2
ykwD	1.22
ykwB	2.29
ykfC	2.32
ykfA	2.47
dppD	1.0
dppB	2.08
ykeA	1.19
ykcC	0.965
splA	0.0
ykvZ	0.0
ykvV	1.55
ykvS	1.37
ykvQ	0.0
ykvO	0.0
ykcA	1.54
ykaA	0.3877
spoIISA	1.65
xhlB	1.13
xkdY	0.7213
xkdW	0.5491
ykuF	1.07
ykuD	0.0
ykyB	1.8
ykwC	1.15
splB	1.16
ykfB	1.32
dppE	0.8125
dppC	0.0
dppA	1.67
htrA	0.9197
ykcB	0.0
ptsG	0.1415
ykvY	1.05
ykvT	0.7312
ykvR	1.52
ykvP	0.0
ykvN	0.9131
ykbA	1.01
ykaB	0.6208
xlyA	1.65
xhlA	0.8773
xkdX	0.8473
xkdV	0.5584
smf	1.34
sucC	1.36
ylqG	1.18
rplS	0.4187
ylqE	0.0
ylqC	0.7529
rpmF	0.3879
ylbM	1.68
ylbK	0.8586
ylbI	0.6906
ylbG	0.7038
ylbE	0.0
ylxM	0.5814
ftsY	0.7947
rncS	0.3812
fabG	0.7591
plsX	0.9596
ylpB	1.61
ylbC	0.8174
ylbA	1.34
ctaF	0.3998
ctaD	0.7871
ctaB	0.686
ylaO	2.34
sucD	1.36
ylqH	1.2
rnh	1.4
trmD	0.5986
ylqD	0.7
rpsP	0.7308
ylbN	0.2556
ylbL	0.9301
ylbJ	0.8971
ylbH	0.5806
ylbF	0.7316
ylbD	0.9635
ylqB	1.44
acpA	0.7163
fabD	0.8543
ylpC	1.02
ylpA	1.72
ylbB	0.6617
ctaG	0.9933
ctaE	0.5342
ctaC	0.711
ctaA	0.3161
ylaN	2.04
yngD	0.0
yngA	0.0
ynfF	1.33
bglC	0.8791
ynfC	2.76
grlB	1.16
pksI	1.36
pksG	1.85
pksE	2.04
pksC	2.29
pksA	1.01
mutL	0.0
yneS	1.15
yneQ	0.9552
tlp	0.0
citB	0.0
cotL	0.0
yneK	1.33
cotE	0.0
ymcB	0.0
tdh	1.79
ymdB	0.6398
pbpX	0.6355
cinA	0.8834
yngC	1.16
xynD	1.06
ynfE	0.0
alsT	0.5164
grlA	0.9261
yneT	1.99
pksH	1.51
pksF	1.88
pksD	1.45
pksB	1.46
ymcC	0.9108
mutS	0.5731
yneR	1.77
yneP	0.8164
yneN	1.61
cotK	1.64
cotM	1.08
yneJ	1.66
ymcA	0.0
kbl	1.02
spoVS	2.3
ymdA	1.36
recA	1.28
pgsA	0.884
yorR	0.0
yorT	0.0
yorV	0.0
yorX	0.0
yorZ	0.0
yosB	0.0
yocJ	1.13
yocH	1.11
yocF	1.37
yocD	1.63
yocB	1.92
yocA	0.9003
yosD	0.0
yosF	0.0
yosH	0.0
yosJ	1.17
yosL	0.0
yosP	1.24
yobW	0.0
yobU	1.03
yobS	0.8398
yobQ	0.7507
yobO	1.76
yobM	1.32
yorS	0.0
mtbP	0.0
yorW	0.0
yorY	0.0
yosA	0.0
yosC	0.0
yocI	1.45
yocG	1.65
yocE	1.05
yocC	0.9764
yozB	0.1966
yozA	0.833
yosE	0.0
yosG	0.0
yosI	0.0
yosK	1.43
yosM	0.0
yosQ	0.0
yobV	0.9211
yobT	1.04
yobR	0.8505
csaA	1.05
yobN	0.9966
yobL	1.0
yppD	0.0
yppF	1.87
ypqE	0.903
yprB	1.13
ypsA	0.553
ypsC	0.3684
yomP	0.0
yomR	0.0
yomT	0.0
yomV	0.0
yomX	0.0
yomZ	0.0
kduD	1.11
kdgR	1.05
kdgA	0.0
ypwA	1.42
pbuX	0.1841
ypbQ	0.0
yonB	0.0
yonD	0.0
yonF	0.0
yonH	0.0
yonK	0.0
yonO	0.0
yppE	1.2
yppG	0.0
cotD	0.6906
ypsB	1.1
yptA	0.5736
yomQ	0.0
yomS	0.0
yomU	0.0
yomW	0.0
yomY	0.9819
yonA	0.9546
kduI	0.9629
kdgK	1.14
kdgT	0.9442
xpt	0.3852
bcsA	0.0
ypbS	2.05
yonC	0.0
yonE	1.39
yonG	0.0
yonI	0.0
yonN	0.9413
yonP	0.0
yqiD	0.4288
yqxC	0.7759
recN	1.12
spo0A	2.58
yqiH	1.01
yqiK	1.58
ribG	0.8223
ribA	0.6791
ribT	1.31
ypuG	0.546
ypuI	0.6423
spmA	1.08
mmgB	0.0
mmgD	1.13
yqiQ	1.09
yqiR	0.0
yqiT	1.86
yqiV	1.45
ypuL	0.8396
resB	0.3405
resD	0.3347
sigX	1.31
aroC	1.38
ypzE	1.23
yqiE	0.849
ahrC	0.9473
spoIVB	0.9471
yqiG	0.885
yqiI	1.28
ribB	0.5505
ribH	0.672
ypuF	0.6904
ypuH	0.5933
dacB	0.0
spmB	1.6
mmgC	1.26
mmgE	0.8672
yqzF	1.02
yqiS	2.02
yqiU	1.71
bfmBAA	1.18
resA	0.3289
resC	0.3094
resE	0.4241
ypuN	1.38
serA	1.27
ypaA	1.09
yqaG	1.09
yqaI	0.0
yqaK	0.0
yqaM	0.0
yqaO	0.0
yqaQ	0.0
dgkA	0.8944
bex	0.9822
glyQ	0.6533
yqzB	0.6818
yqxD	1.03
sigA	1.89
yqaS	2.41
yqbA	0.0
yqbC	1.84
yqbE	0.9513
yqbG	0.0
yqbI	0.0
yqfN	0.7366
yqfP	0.7412
yqfR	0.7843
yqfT	0.0
yqfV	0.855
yqfX	0.0
yqaH	0.0
yqaJ	0.0
yqaL	0.0
yqaN	0.9259
yqaP	1.35
yqaR	2.26
cdd	0.8491
yqxN	1.03
glyS	0.6547
yqfL	0.7752
dnaG	1.47
cccA	0.7997
yqaT	1.11
yqbB	0.0
yqbD	1.05
yqbF	0.0
yqbH	0.0
yqbJ	0.0
yqfO	1.01
yqfQ	1.19
yqfS	0.9115
yqfU	0.9141
yqfW	0.9776
yqfZ	0.9064
ysnD	1.72
ilvN	1.92
leuA	1.63
leuC	1.83
ysoA	1.39
clpX	1.43
yrrM	0.0
yrrO	0.4583
greA	1.36
yrrS	1.11
yrrT	0.6715
yrhA	0.9965
ysxD	1.08
hemX	0.3904
hemD	0.2552
hemL	0.606
ysxE	0.8347
yrhD	0.764
yrhG	2.03
yrhH	0.897
yrhK	0.0
yrhM	0.0
yrhO	1.45
ilvB	1.62
ilvC	1.22
leuB	2.0
leuD	2.64
tig	0.5688
lonB	0.8405
yrrN	0.2377
udk	0.2812
yrrR	1.01
yrzA	0.8994
yrrU	0.7816
yrhB	0.942
ysxC	1.61
hemA	0.5289
hemC	0.3666
hemB	0.2979
spoVID	0.6114
yrhF	0.8207
yrzI	1.9
yrhI	1.36
yrhL	0.0
sigV	0.0
levD	0.0
ytsC	1.01
yttA	2.34
ytvA	1.21
leuS	0.0
melA	1.02
amyD	0.0
ytmJ	1.17
ytmL	0.0
hisP	1.03
ytnJ	1.21
hipO	1.17
ytqI	1.43
msmR	1.04
bioW	0.4811
bioF	0.5921
bioB	0.5215
ytbQ	1.16
ytcQ	1.27
ytsJ	1.04
pfk	0.638
ytwI	0.629
citC	0.9858
phoP	1.42
yttB	0.7365
ytvB	0.9514
ytwF	0.9267
amyC	1.06
msmE	1.33
ytmK	0.8697
ytmM	0.9386
ytnI	1.08
ribR	0.0
ytpI	1.11
ytrI	1.7
ytaP	1.13
bioA	0.631
bioD	0.5956
bioI	0.3906
ytcP	0.0
ytdP	0.0
yttI	0.9171
ytvI	0.7158
citZ	1.56
citH	1.35
phoR	1.88
mutM	1.38
yunI	1.15
yunG	1.68
yunE	1.31
yunC	1.63
yunA	1.02
yutC	0.8927
yugH	1.14
yuzA	0.0
yugK	1.08
yugM	1.35
yugO	1.27
yugS	1.64
yutE	1.24
yutG	1.12
hom	1.8
thrB	2.31
yutI	1.52
yutJ	1.08
yugU	1.6
mcpB	4.48
mcpA	3.12
yuxG	0.9785
yulC	1.18
yulE	0.0
yunH	1.26
yunF	1.46
yunD	1.18
yunB	0.9777
yutB	1.38
yutD	0.9123
yugI	0.4726
yugJ	1.22
pgi	1.01
yugN	1.8
yugP	1.2
yugT	1.13
yutF	1.23
yutH	1.13
thrC	2.03
yuxL	0.0
yuzD	1.14
yuzB	1.06
tgl	0.9205
tlpA	2.77
tlpB	4.24
yulB	1.24
yulD	0.0
yulF	1.1
yvdO	1.14
yvdQ	1.46
yveA	0.0
racX	1.2
yveG	1.31
slr	1.1
yvgO	1.3
yvgM	1.22
yvgK	1.31
yvsG	0.8613
fhuD	0.0
fhuG	0.6574
yveN	1.55
yveP	1.46
yveR	1.47
yveT	1.39
yvfB	1.39
yvfF	1.09
yvrP	0.9504
yvrN	1.11
yvrL	0.9554
yvrI	1.33
yvrG	1.14
yvrD	1.04
yvdP	0.8411
yvdT	2.7
pbpE	1.02
yveF	0.0
padC	0.0
yveL	1.54
yvgN	0.9648
yvgL	1.15
yvgJ	0.6084
yvsH	0.3552
fhuB	0.649
fhuC	0.6057
yveO	1.5
yveQ	1.48
yveS	1.54
yvfA	1.25
yvfD	1.38
yvfG	0.6344
yvrO	0.9949
yvrM	1.38
yvrK	1.14
yvrH	1.22
yvrE	1.32
yvrC	0.984
mta	0.888
ywnF	1.41
spoIIQ	1.05
ywoA	1.33
nrgA	1.28
ywoC	1.07
tuaF	0.0
tuaH	0.9903
yvhJ	0.5935
degS	1.92
comFA	1.33
comFC	1.11
ywoE	1.05
ywoG	0.8087
usd	0.0
mbl	0.6719
flhP	1.65
ywpB	1.06
flgM	1.92
flgK	2.15
yviE	1.27
csrA	1.3
yvyC	1.42
fliS	2.3
ywnE	0.9132
ywnH	0.6626
ywnJ	0.8078
nrgB	1.82
ywoB	0.9384
ywoD	0.8555
tuaG	1.04
tagO	1.19
yvyE	0.5852
yviA	0.9086
comFB	1.18
yvyF	1.61
ywoF	0.9406
ywoH	0.7828
spoIIID	0.0
flhO	1.42
rapD	1.5
ywpC	1.12
yvyG	2.09
flgL	2.33
yviF	1.25
hag	1.27
fliD	2.14
fliT	2.19
katX	0.9463
yxzF	1.23
licB	0.0
licA	1.29
ywaA	2.33
dltD	0.6591
ywfN	0.9959
ywfO	1.6
ywgB	0.9865
thrZ	0.3009
ywhB	0.9144
ywhD	0.7787
dltB	0.6189
ywaB	0.9992
ywaD	1.2
ywaE	1.32
gspA	6.9
sacX	1.17
ywhF	0.6654
ywhH	1.63
rapF	1.33
ywhL	0.553
ywhN	0.4216
ywhP	0.5919
yxlJ	1.1
licR	2.0
licC	1.25
licH	1.45
dltE	0.5857
dltC	0.5164
ywzC	0.4508
ywgA	1.57
mmr	1.01
ywhA	0.4074
ywhC	0.6658
ywhE	1.13
dltA	0.8471
ywaC	1.03
tyrZ	0.9947
ywaF	0.7363
sacY	0.9282
epr	3.17
ywhG	0.6958
phrF	1.6
ywhK	1.05
ywhM	0.8148
ywhO	0.3376
ywhQ	0.6292
yybK	0.8488
yybM	1.21
yybO	0.8134
yybQ	1.57
cotF	0.868
yybT	0.8508
yxdM	0.8512
yxeB	0.6857
yxeD	0.0
yxeG	0.8431
yxeI	1.14
yxeK	1.51
yycA	0.9507
yycC	0.9872
yycD	0.0
yycE	1.05
yycF	1.03
yycH	0.7708
yxeM	0.9712
yxeO	1.11
yxeQ	0.7867
yxxB	1.47
nupC	1.06
hutM	1.44
yybL	0.0
yybN	1.05
yybP	0.9559
yybR	0.0
yybS	0.5601
rplI	0.8645
yxeA	0.0
yxeC	0.9665
yxeE	1.2
yxeH	1.28
yxeJ	0.0
yxeL	1.42
yycB	1.06
yyzB	1.05
dnaC	0.6392
purA	0.2659
yycG	1.19
yycI	0.6274
yxeN	1.2
yxeP	1.03
yxeR	1.05
deoR	1.43
pdp	1.13
hutG	1.32
lysS	1.0
mfd	1.06
gyrA	0.6608
lytA	0.7083
yvlD	0.0
yukF	1.42
rsbV	0.0
ydbO	0.0
ycsG	0.0
phrC	2.17
lmrB	1.15
pcp	0.626
ytfJ	0.0
ytzA	0.8898
yraA	0.0
yqfY	1.21
yonJ	0.0
yodB	1.37
ycbM	0.0
ybfS	2.01
ybfQ	0.9826
ybeC	1.16
ybdG	1.05
ybbA	0.0
ftsH	1.39
yabK	1.24
ywjF	1.06
ywlC	1.12
yveK	1.38
glgP	1.32
ydcA	1.49
ycnB	0.8372
yceH	1.3
ycbU	1.89
ycbR	1.2
accA	1.03
yrhP	1.78
yqbO	1.27
ypqA	0.0
yosW	0.0
ppsD	0.9555
ycbC	1.07
gltP	1.58
mpr	1.3
ybdN	1.5
ybdB	1.38
yabE	1.04
yaaG	0.6227
yisD	1.12
yhjP	1.02
yhfR	0.9664
yheH	1.48
yfhQ	0.7609
ydcI	0.9605
dnaN	0.5436
srfAB	1.33
opuAA	0.9049
ybdO	3.16
yabN	0.9865
asnH	2.36
ywbN	0.7006
yaaF	0.5833
addB	1.11
yhjB	2.49
yheC	0.0
yheL	1.12
yesN	0.0
yclF	1.77
dnaA	0.6097
amhX	2.52
ycbT	1.43
feuC	0.8061
gidA	0.7473
yxnB	1.79
spsF	1.18
