ybeF	0.8499
glpQ	0.6937
ybdT	0.9202
ybxH	0.8494
ybdM	0.8613
ybdK	0.8218
ybxF	1.03
rplJ	1.06
rplK	1.07
rpmG	0.8947
yacP	0.6835
rplL	0.9505
ybdE	0.8148
ybcT	0.7995
ybcQ	0.8026
ybcO	0.8809
ybcL	0.943
ybcH	1.07
cysE	1.26
yacN	2.46
yacL	2.76
sms	2.19
yacH	1.28
glpT	0.8497
ybyB	1.17
ybxI	0.862
csgA	0.9023
ybdL	0.9614
ybdJ	0.9103
ybxB	0.993
rplA	1.26
nusG	0.9937
sigH	0.9897
yacO	0.7966
ybdA	0.8127
ybcS	0.8945
ybcP	0.9676
ybcM	0.9973
ybcI	1.16
ybcF	1.55
gltX	1.99
yacM	2.59
yacK	2.92
yacI	1.26
ctsR	1.24
ydbB	1.02
ydbA	1.21
ydaS	1.3
ydaQ	1.14
mutT	0.0
ydaN	0.8776
yciB	0.9833
nasA	0.768
nasD	0.6765
nasF	0.8064
ycgS	1.09
ycgQ	1.46
ydaL	0.9935
ydaJ	1.11
lrpC	1.3
ydaH	3.05
ydaF	1.19
ydaD	1.09
ycgO	0.8623
ycgM	1.01
cah	1.08
ycgJ	0.9853
tmrB	0.947
ycgH	0.9102
gsiB	2.43
ydaT	1.13
ydaR	1.1
ydaP	1.4
ydaO	0.9536
ydaM	1.01
yciA	0.9754
nasC	0.781
nasE	0.6268
ycgT	0.9574
ycgR	1.29
ycgP	0.9522
ydaK	1.02
ydzA	1.05
ydaG	1.16
ydaE	1.08
ydaC	0.9906
ycgN	1.05
ycgL	1.13
ycgK	1.08
aroI	1.15
nadE	1.22
ycgG	1.01
purL	0.3962
purC	0.4113
purK	0.5121
yebG	0.7535
yebE	1.01
yebC	2.16
ydfK	1.04
ydfJ	1.04
ydfH	1.01
ydfF	1.06
ydfD	0.9732
ydfB	0.948
guaA	0.7213
yeaD	0.8017
yeaB	0.8093
yeaA	0.7083
ydjO	1.01
ydjM	1.04
ydeT	1.15
ydeR	1.13
ydeP	1.19
ydzF	1.2
ydeM	1.09
ydeK	1.17
yexA	0.4228
purB	0.4398
purE	0.5736
yebF	0.7895
yebD	0.8865
yebB	0.0
nap	0.0
ydfI	0.8803
ydfG	1.21
ydfE	1.02
ydfC	0.9496
ydfA	1.39
yebA	0.905
yeaC	0.7712
gabP	0.8559
ydjP	0.8249
ydjN	0.8766
ydjL	0.9874
ydeS	1.03
ydeQ	1.09
ydeO	1.06
ydeN	1.3
ydeL	1.15
ydeJ	1.16
yfhS	1.11
yfhO	0.9543
yfhM	0.864
yfhK	0.9306
yfhI	0.8864
yfhG	0.8351
yflS	0.8536
yflT	0.851
yfmC	0.6072
yfmE	0.8586
yfmG	0.7566
yfmI	0.4761
yfhE	0.9355
yfhC	0.7639
yfhA	0.4657
yfiY	0.3536
yfiV	1.01
yfiT	0.9009
yfmK	0.9519
yfmM	0.9126
yfmO	0.6912
yfmQ	0.4253
yfmS	0.7974
yfnA	0.8022
yfhP	1.03
csbB	1.09
yfhL	0.9827
yfhJ	1.14
yfhH	0.9369
yfhF	0.0
pel	1.1
yfmA	0.8777
yfmD	0.8294
yfmF	0.894
yfmH	0.9413
yfmJ	0.9089
yfhD	0.8981
yfhB	0.9079
yfiZ	0.7692
yfiW	1.01
yfiU	0.9794
yfiS	1.03
yfmL	1.0
yfmN	0.9958
yfmP	0.917
yfmR	1.14
yfmT	1.33
yfnD	1.12
yisK	0.8779
yisI	0.9726
yisG	0.9805
yisE	1.02
yisB	1.11
addA	1.01
yhdY	0.9889
yhdW	1.05
yhdU	1.05
yhdS	1.09
yhdQ	1.17
yhdO	0.793
yhjQ	1.18
yhjM	1.14
yhjK	1.0
yhjI	1.12
yhjG	1.27
yhjE	1.96
yhdL	3.24
yhdJ	1.23
yhdH	0.9982
yhdF	1.04
citR	1.23
phoA	1.83
yisJ	1.04
yisH	1.04
yisF	1.04
yisC	1.07
sbcD	1.16
yhjR	0.0
yhdX	0.0
yhdV	1.19
yhdT	1.18
yhdR	1.25
yhdP	1.63
yhdM	3.06
yhjO	1.04
yhjL	1.34
yhjJ	1.1
yhjH	1.12
sipV	1.13
yhjD	1.47
yhdK	2.95
yhdI	1.16
yhdG	1.05
citA	1.2
lytE	1.38
spoVR	1.14
xkdU	0.9093
xkdS	0.9108
xkdQ	0.9241
xkdN	0.904
xkdK	0.8283
xkdI	0.8736
yjbX	0.7755
yjbV	0.8349
yjbT	0.861
yjbR	0.8169
tenA	0.9532
yjbP	0.9841
xkdG	1.03
xkdE	0.9596
xpf	0.9438
xkdD	0.9494
xkdB	1.09
xkdA	1.13
yjbN	1.11
yjbL	1.23
yjbJ	1.09
yjbH	1.7
yjbF	1.2
yjbE	1.49
xkdT	1.03
xkdR	0.908
xkdP	0.9597
xkdM	0.9392
xkdJ	0.8372
xkdH	0.7183
yjbW	0.7777
yjbU	0.8707
yjbS	0.9956
tenI	0.9537
yjbQ	1.27
yjbO	1.21
xkdF	0.9371
xtmA	1.01
xtrA	0.9984
xkdC	1.08
xre	1.11
yjqC	1.16
yjbM	1.32
yjbK	1.2
yjbI	1.43
yjbG	1.79
mecA	2.11
yjbD	4.12
ylaM	0.8264
ylaK	0.8497
ylaH	0.8193
ylaF	0.8684
ylaD	0.0
ylaB	1.02
ykvM	1.03
ykvK	0.9693
ykvI	0.9298
motA	0.7996
ykvE	1.14
eag	0.8841
nprE	1.24
ykzC	1.4
ykzI	1.01
yktA	0.9868
slp	0.8754
pdhC	0.9386
ykvA	0.774
ykrY	0.8396
ykrW	0.9502
ykrU	0.8957
ykrS	1.27
ykrQ	0.8393
ylaL	1.19
ylaJ	0.9946
ylaG	1.03
ylaE	1.06
ylaC	1.03
ylaA	0.9826
ykvL	0.9776
ykvJ	0.8542
clpE	0.8151
motB	0.7139
ykvD	0.9855
spo0E	1.12
yktD	1.12
yktC	1.38
yktB	1.26
cad	0.9628
pdhD	1.12
pdhB	1.16
ykrZ	0.9178
ykrX	1.03
ykrV	0.9882
ykrT	1.35
dat	1.07
ykrM	1.15
ymfM	1.09
ymfK	1.35
ymfI	1.47
ymfF	1.72
ymfD	0.9926
spoIIIE	0.0
yloW	0.9037
yloU	0.8388
spoVM	0.9152
yloR	0.8767
ymfA	0.8956
dapG	0.9175
spoVFB	0.887
ymxH	0.9291
ylxY	0.8639
ribC	1.17
fmt	1.07
priA	1.28
yloH	1.26
yloC	1.25
ylnF	1.12
ylnD	1.14
ymfL	1.34
ymfJ	1.64
ymfH	1.73
ymfE	1.11
ymfC	0.9705
ymfB	0.923
yloV	0.8209
rpmB	0.9574
yloS	0.9516
yloQ	0.9548
yloO	0.9157
yloM	1.04
dapA	1.01
asd	0.8353
spoVFA	1.02
ymxG	1.04
rpsO	1.09
truB	1.18
def	1.09
yloI	1.12
yloD	1.29
yloA	1.07
ylnE	1.2
ylnC	1.33
yobK	0.9875
yobI	0.835
yozL	0.9641
yobH	1.0
rapK	1.13
yobF	1.14
yneI	1.07
ynzD	1.12
yneE	1.13
ynzC	1.65
yneA	1.11
yndN	1.18
yozI	1.09
yobD	1.08
pps	0.9799
yobA	1.08
yoaZ	1.04
yoaV	0.929
yndL	0.9489
yndJ	0.774
yndG	0.9133
yndD	0.9005
yndB	0.8968
ynzA	0.8134
yobJ	0.8267
yozM	1.02
yozK	1.08
phrK	1.09
yozJ	1.14
yobE	1.22
ccdA	1.12
yneF	1.32
tkt	1.41
yneB	1.08
lexA	0.9699
yndM	1.25
yozH	0.9734
xynA	0.7496
yobB	0.9992
penP	1.13
yoaW	0.9957
yoaU	1.07
yndK	1.01
yndH	1.02
yndE	1.16
ynzB	1.2
yndA	1.12
cotC	0.9926
yonR	1.0
yonT	0.8826
yonV	0.7523
yopA	0.8859
yopC	0.8855
yopE	1.16
yosR	0.9401
yosT	1.01
yosV	0.9359
yosZ	0.8697
yotB	0.9723
yotD	1.06
yopG	1.03
yopI	0.9841
yopK	0.7742
yopM	0.8885
yopO	0.9251
yopQ	0.9274
yotF	0.0
yotH	0.0
yotJ	0.0
yotL	1.08
yotN	0.9716
yodV	1.09
yonS	0.9779
yonU	0.8469
yonX	0.9287
yopB	1.03
yopD	0.9841
yopF	1.09
yosS	1.08
yosU	0.0
yosX	1.07
sspC	1.13
yotC	0.9652
yotE	0.9486
yopH	0.9571
yopJ	0.8566
yopL	0.8104
yopN	0.9898
yopP	0.871
yopR	0.9494
yotG	1.12
yotI	0.9909
yotK	1.04
yotM	1.1
yodU	1.11
cgeA	1.16
fer	0.9325
recQ	1.14
ypbE	1.3
ypbH	2.18
ypdA	1.22
sleB	1.09
ypcP	0.9974
ypdP	1.12
ypeQ	0.0
degR	1.07
ypfP	1.4
bsaA	1.16
ypfA	1.12
cmk	1.16
ypgA	1.46
yphB	0.9104
gpsA	0.804
yphF	0.9437
ypgR	1.27
yphP	1.19
ypjP	1.09
thyB	1.05
ypkP	0.8662
yplP	0.4701
ypbB	1.04
ypbD	1.2
ypbF	1.01
ypcA	0.9984
ypdC	1.16
ypeB	1.06
ypdQ	1.07
ypeP	1.09
ypzA	0.9814
cspD	1.04
metB	1.54
ypgQ	1.02
ypfB	1.37
ypfD	1.58
yphA	1.01
yphC	0.906
yphE	0.9473
spoIVA	0.9046
ilvD	0.8738
ypiP	1.1
ypjQ	1.14
dfrA	1.15
yplQ	0.9512
ilvA	0.8992
yqgA	1.08
yqgC	0.9264
yqgE	1.12
yqgG	1.01
yqgI	1.14
yqgK	1.4
bfmBAB	1.23
bmrR	1.08
yqiW	1.17
yqiY	0.7181
yqjA	0.78
yqjC	0.911
yqgL	1.07
yqgN	1.0
yqgP	1.09
glcK	1.1
yqgU	0.9972
yqgW	1.07
yqjE	1.1
yqjG	1.16
yqjI	1.35
yqjK	1.22
yqjM	1.34
yqjO	0.0
yqgB	1.25
sodA	1.59
pbpA	1.51
yqgH	1.28
yqgJ	1.25
yqzD	1.16
bfmBB	1.15
bmr	0.7628
yqiX	0.8095
yqiZ	0.6931
yqjB	1.04
yqjD	1.21
yqgM	1.1
yqgO	1.08
yqgQ	1.16
yqgT	1.12
yqgV	1.1
yqgX	1.57
yqjF	1.43
yqjH	1.43
yqjJ	2.25
yqjL	3.87
yqjN	1.29
yqjP	1.24
levE	0.8213
levG	0.9364
adhA	0.9649
yraC	1.17
yraE	1.06
yraF	1.02
yqbK	0.9748
yqbM	0.9679
yqbN	0.9707
yqbQ	0.9523
yqbS	0.9938
yqcA	0.9197
yraH	0.9269
yraJ	0.9506
yraL	1.1
yraM	1.12
yraO	1.02
sigZ	1.27
yqcD	1.03
yqxG	1.04
yqxI	0.9877
yqcF	1.28
yqzI	1.04
rapE	1.04
levF	0.9737
sacC	1.07
yraB	1.15
yraD	1.05
adhB	1.03
yraG	0.9961
yqbL	1.1
yqdB	1.09
yqbP	1.09
yqbR	1.05
yqbT	1.06
yqcB	1.2
yraI	0.9538
yraK	1.11
csn	1.06
yraN	1.16
yrpG	1.37
yrpE	1.54
yqcE	1.15
cwlA	1.04
yqxJ	1.07
yqcG	1.25
phrE	1.21
yqcI	1.23
ytaF	1.1
ytbE	1.15
ytcD	1.03
ytcF	1.2
dnaB	1.02
ytxB	0.9995
folC	1.17
spoIIB	2.16
ysxA	3.47
mreC	2.1
minC	2.29
spoIVFA	1.08
thrS	1.28
lytS	0.9315
ysbA	0.7687
yscB	0.7765
infC	0.9061
rplT	1.01
rplU	1.01
spo0B	0.8808
p`eB	0.7519
pheB	0.7673
yrxA	0.6068
nadB	0.5224
nadA	0.5748
ytaG	1.18
ytbD	1.11
gapB	1.15
ytcG	1.26
dnaI	1.1
ytxC	1.48
comC	1.97
maf	4.59
mreB	2.21
mreD	2.34
minD	1.99
spoIVFB	1.02
ysaA	0.9655
lytT	0.9324
ysbB	0.9625
yscA	0.9549
rpmI	1.04
ysdA	1.02
ysxB	1.28
obg	1.04
pheA	0.9757
nifS	0.8002
nadC	0.6436
yrbA	0.7296
yubA	1.41
yubC	1.01
yubE	1.03
yubG	0.8268
yuaB	0.8675
gbsA	0.8379
yteP	0.9202
yteR	0.9639
yteT	0.8906
yteV	0.9774
ytfP	0.9682
ytzG	1.14
yuaD	0.6847
yuaG	0.5249
yuaJ	0.7304
glgD	0.9092
ytaB	0.9403
ytxN	0.9921
ytzE	1.11
ythQ	0.9653
ytjP	1.18
ytlP	1.05
ytlR	1.04
ytmP	1.21
yubB	1.32
yubD	0.9373
yubF	0.8582
yuaA	1.0
yuaC	0.9502
gbsB	0.8689
yteQ	1.04
yteS	1.07
yteU	1.14
opuD	1.22
ytgP	1.31
ytzF	1.16
yuaF	0.5092
yuaI	0.5584
glgB	0.7698
glgA	0.9738
ytaA	1.07
cotS	1.05
ythP	1.04
ytiP	1.08
ytkP	1.15
ytlQ	1.16
amyX	1.21
ytzH	1.31
yvrB	0.8916
yvqK	1.05
yvqI	1.28
yvqG	0.949
yvqE	0.9448
gerAC	0.9101
yutL	0.8748
paiA	0.8269
yumD	0.7253
yumC	0.6711
yuiA	0.5331
yuiC	0.7761
gerAA	1.01
yuxN	1.04
yvqA	0.9808
yvtB	1.01
yusZ	0.9778
yusW	0.9201
yuiE	0.0
yuiG	0.8492
yuiI	0.649
dhbC	0.6482
dhbB	0.5351
yukL	0.6526
yvrA	0.9834
yvqJ	1.16
yvqH	1.7
yvqF	1.05
yvqC	1.03
gerAB	1.17
yutM	1.13
paiB	0.8576
yuzG	0.9453
yumB	0.7756
yuiB	0.6172
yuiD	1.16
citG	1.01
yvqB	1.05
yvtA	0.9966
mrgA	0.9008
yusX	0.9798
yusV	0.761
yuiF	0.9048
yuiH	0.8757
dhbA	0.8005
dhbE	0.7908
yukM	0.7912
yukJ	0.7211
yvyD	0.6107
cccB	0.8206
ftsX	0.9931
yvzD	0.8867
yvkA	0.8953
yvkC	1.03
yvfH	0.8367
lacR	0.9237
yvfM	0.8925
yvfO	0.9042
yvfS	0.9042
yvfU	0.9202
uvrB	0.8647
yvzB	0.7334
yvlA	0.7478
yvlC	0.8567
yvmB	0.8762
cypX	0.8468
yvfW	0.8052
yvbX	0.9048
yvbV	0.9895
yvbT	1.01
araE	0.9839
gap	1.0
yvjA	1.02
ftsE	1.08
yvjB	0.9028
yvjD	1.07
yvkB	1.02
csbA	0.9729
yvfI	0.8879
yvfL	0.9343
lacA	0.966
yvfR	0.9061
yvfT	0.8189
yvfV	0.9193
uvrA	1.06
yvkN	0.954
yvlB	0.8829
yvmA	0.9624
yvmC	0.9638
yvnA	0.8649
yvbY	0.874
yvbW	1.06
yvbU	1.06
araR	1.07
yvbQ	1.27
pgk	1.38
ywhR	1.05
sbo	0.9626
argS	0.8948
fnr	0.9155
ywiD	1.04
narH	0.9599
ywpD	0.9822
ywpF	0.9989
ywpH	0.975
ywqB	0.9484
ywqD	0.8688
ywqF	0.7194
narI	0.9116
ywjA	1.0
ywjC	1.08
ywjE	1.2
rpoE	1.22
ywjG	1.05
ywqH	0.0
ywqJ	1.09
ywqL	1.1
ywqN	0.9478
ywrA	0.9638
ywrC	0.8679
ywiA	1.1
ywiB	1.07
narK	1.07
ywiC	0.9869
narG	1.14
narJ	1.1
ywpE	1.1
ywpG	1.2
ywpJ	1.02
ywqC	1.14
ywqE	1.1
ywqG	1.04
ywiE	0.8887
ywjB	0.8365
ywjD	1.05
acdA	1.11
ctrA	1.03
spo0F	1.07
ywqI	1.16
ywqK	1.13
ywqM	1.16
ywqO	1.06
ywrB	1.09
ywrD	1.1
hutI	0.8387
hutP	0.862
yxiB	0.8985
yxiD	0.8207
yxxE	0.8382
bglH	0.9472
ywbA	0.9876
ywbC	1.01
ywbE	0.9359
ywbG	0.9129
ywbI	0.9281
thiC	0.9428
yxxF	0.7365
yxiF	0.6988
yxiG	0.7148
yxzG	0.7406
yxiJ	0.7448
yxiL	0.8603
ywbO	0.0
ywcB	0.847
ywcD	0.752
ywzA	0.702
qoxB	0.6
qoxD	0.6661
hutU	0.9134
yxiA	0.9414
yxiC	0.9583
yxxD	0.9739
bglP	0.9692
yxiE	0.9682
ywbB	0.9175
ywbD	0.8626
ywbF	0.8321
ywbH	0.7644
thiK	0.777
ywbM	0.8315
yxxG	0.7379
yxzC	0.7527
yxiH	0.786
yxiI	0.7912
yxiK	0.828
yxiM	0.8515
ywcA	0.9201
ywcC	0.9023
galT	0.6945
qoxA	0.6966
qoxC	0.7368
ywcE	1.05
ytrP	1.0
yprA	0.0
yloN	0.9446
yerG	0.9697
wprA	0.9438
yycJ	0.9928
rocR	0.9179
rocE	0.9064
phrG	0.8543
yycN	0.8895
yycP	0.8716
topB	0.8852
polA	0.9162
mmgA	1.08
ileS	0.9473
dinG	0.9193
carB	0.89
yycR	0.9052
yydA	0.8629
yydC	0.8612
fbp	0.8716
yydG	0.8349
yydI	0.7597
ytsD	1.06
yrvE	1.17
yloP	1.2
ykuA	1.02
ydhL	1.08
valS	1.05
yyxA	1.04
rocD	0.9703
rocF	1.03
rapG	1.0
yycO	0.9671
yycQ	0.9496
smc	0.9348
murD	0.9135
lonA	1.04
hrcA	0.9606
cheA	0.8913
alaS	0.9249
yycS	0.9958
yydB	0.9435
yydD	0.9764
yydF	1.18
yydH	1.01
yydJ	0.9013
yveM	0.8727
yutK	0.8789
yueB	0.953
yufK	1.02
ytpQ	1.06
ytmO	0.9481
yndF	0.9455
pksL	0.9198
mcpC	0.8828
yisZ	0.9459
ydbH	0.9167
ybxG	0.8678
ysdB	0.0
yrhE	1.65
yqcC	1.83
ponA	2.15
yomI	0.843
cgeC	0.7316
wapA	0.7583
ppsA	0.8455
pksM	0.8306
yetO	0.8142
rpoC	0.8366
dra	0.8016
yvfQ	1.02
yukA	1.06
yuxO	1.04
glgC	1.04
yttP	1.1
pykA	0.977
pksP	0.9069
pksK	0.8242
oppD	0.8724
srfAA	0.8862
yccK	1.02
secE	0.9712
rpmA	1.06
yrpC	1.12
yqgS	1.14
ypbR	1.04
yorL	0.951
odhA	1.13
dhbF	0.9856
pksR	1.03
yfkN	1.06
gutR	1.04
yxeF	0.9585
galK	1.02
rbcL	0.8881
aceF	0.9518
kdtA	0.952
tufA_E	0.9358
yazC	0.7997
yrhC	0.9997
yerC	0.9776
yshA	0.9442
yoqX	0.8837
yacF	0.98
yhcD	1.04
yetG	0.9854
ywnG	1.06
ywqA	1.09
degU	1.09
yvnB	1.18
cysS	0.9068
yqjU	1.11
ylaI	1.16
yuaE	1.11
yqaD	1.01
yozD	1.09
yazB	1.07
yfnB	1.12
ywmD	1.08
glcR	1.08
ggaB	1.07
prfB	1.14
yvoD	0.9728
ybcD	0.8172
ndhF	0.6816
adaA	0.9798
ybbU	1.09
ybbT	1.12
ybbP	1.11
folK	0.9409
sul	0.9805
pabA	1.03
cysK	1.23
yacC	1.27
sigW	0.8155
ybbJ	0.9038
ybbH	0.8254
ybbE	0.7223
ybbC	0.8914
feuA	0.8378
yabT	1.27
yabR	1.51
yabQ	1.6
yabO	0.982
spoVT	0.8895
ybcC	0.8695
adaB	1.02
alkA	1.14
glmS	1.18
ybbR	1.16
ybbM	0.8998
folA	1.08
pabC	1.03
pabB	1.06
yacD	1.2
yacB	1.24
ybbK	1.01
ybbI	0.9633
ybbF	0.9007
ybbD	0.949
ybbB	0.999
feuB	1.28
yabS	1.73
divIC	2.32
yabP	1.24
yabM	1.18
spoVC	1.13
ydaB	0.8905
ycsN	0.8058
yczI	0.794
ycsO	0.6532
ycsI	0.724
ycsE	0.9914
ycgF	0.8252
mdr	0.7901
lctE	0.8464
ycgB	0.8324
opuAC	0.8169
yceK	0.9167
yczH	0.8133
ycsA	0.7122
mtlA	0.5983
ycnK	0.5503
ycnI	0.5379
ycxE	0.9602
yceI	0.9478
yceF	1.19
yceD	1.28
yceB	0.9528
ycdI	0.9979
ycdG	0.8577
ydaA	0.8854
yczJ	0.9004
ycsK	0.72
ycsJ	0.5221
ycsF	0.6712
ycsD	1.05
ycgE	0.9487
lctP	0.9781
amyE	0.9105
ycgA	0.9352
opuAB	1.01
yceJ	0.9096
sipU	1.01
mtlD	0.8781
ycnL	0.7689
ycnJ	0.7287
gdh	1.1
ycnH	1.48
yceG	1.37
yceE	1.49
yceC	1.48
yceA	1.38
ycdH	1.49
ycdF	1.21
ydjJ	0.6723
ydjH	0.6099
ydjF	0.5229
gutB	0.8328
ydjB	0.9841
ydiR	0.8247
ydeI	0.9344
ydeG	0.8463
ydeE	1.03
ydeC	1.12
ydeB	1.34
ydeA	0.9941
ydiP	1.32
ydiN	0.9859
groEL	0.9451
ydiL	1.07
ydiJ	1.09
ydiH	1.02
yddS	0.964
yddQ	1.13
lrpA	1.16
phrI	1.03
yddJ	1.12
yddH	0.8842
ydjI	0.7099
ydjG	0.5674
ydjE	0.8501
ydjC	0.9942
ydiS	0.9602
ydiQ	0.9868
ydeH	1.14
ydeF	1.14
ydeD	0.9374
ydzE	0.7789
cspC	0.6943
yddT	1.21
ydiO	1.22
ydiM	0.9989
groES	1.2
ydiK	1.21
ydiI	1.15
ydiG	1.31
yddR	1.36
lrpB	1.11
yddM	1.03
rapI	1.06
yddI	1.13
yddG	1.08
yfiR	0.8637
lipB	0.7807
yfiN	0.877
yfiL	0.9252
yfiJ	0.9498
yfiH	1.14
yfnE	1.43
yfnG	2.69
yfnI	4.29
yetL	1.07
yetJ	0.9029
yezB	0.8181
yfiF	0.9117
yfiD	0.9324
glvC	0.9199
glvA	0.8439
yfjB	0.7882
yfjD	0.8112
yetH	0.8311
lplD	0.9697
lplB	0.9323
yetA	0.9608
yesX	1.01
yesV	1.09
yfiQ	0.9585
yfiO	0.9333
yfiM	0.893
yfiK	0.8364
yfiI	0.9697
yfiG	1.01
yfnF	1.2
yfnH	1.36
yetN	1.12
yetK	1.02
yezD	1.03
yetI	0.827
yfiE	1.01
yfiC	1.68
yfiA	0.9745
yfjA	1.02
yfjC	0.9599
yfjE	0.9577
yetF	1.11
lplC	1.05
lplA	1.32
yesZ	1.18
yesW	1.06
yesU	1.25
yhjC	0.8081
yhxD	0.7616
yhzC	0.6785
yhfW	0.9162
yhfU	0.9536
yhfS	0.8136
ygxB	1.06
yhdD	0.9045
yhdB	1.06
yhcZ	1.13
yhxB	1.45
glpK	1.27
yhfO	1.01
yhfN	1.08
yhfL	1.49
yhfJ	1.63
yhfH	1.13
yhfF	1.27
glpP	1.15
yhcX	1.6
yhcV	1.09
yhcT	1.07
yhcR	0.9321
yhcP	0.962
yhjA	0.9986
comK	1.06
yhxC	0.987
yhfV	0.9366
yhfT	1.06
yhfP	1.2
yhdE	1.04
yhdC	1.12
yhdA	1.07
yhcY	1.15
glpD	1.31
glpF	1.13
aprE	1.23
yhfM	1.66
yhfK	1.96
yhfI	1.61
gltT	1.0
yhfE	1.42
yhxA	1.31
yhcW	1.8
yhcU	1.18
yhcS	1.06
yhcQ	1.2
yhcO	1.14
yjqB	0.9159
xlyB	0.8132
phrA	0.6948
yjoB	0.9541
yjnA	1.4
yjmI	2.74
yjbC	4.37
oppF	0.6672
oppB	0.6963
trpS	0.6799
appC	0.6648
appA	0.7566
yjmG	0.947
yjmE	0.8347
yjmC	0.878
yjmA	0.8062
yjlC	0.7109
yjlA	0.8456
appD	0.8782
yjaY	1.11
yjzA	0.9803
yjaV	0.6706
yjzD	0.6693
argF	0.3537
yjqA	0.9029
yjpA	0.8051
rapA	0.7625
yjoA	1.84
yjmJ	0.9764
yjmH	0.9501
yjbB	0.9689
oppC	0.7125
oppA	0.7241
yjbA	0.7612
appB	0.7354
appF	0.9444
yjmF	0.8578
yjmD	0.921
yjmB	0.8187
yjlD	0.8136
yjlB	1.01
yjkB	1.03
yjaZ	0.9546
yjzB	1.01
med	1.02
yjaU	0.9166
yjzC	0.9426
pdhA	0.9683
ykrB	1.21
ykzG	0.941
adeC	1.06
ykqA	1.31
abh	3.31
ykrL	1.18
sspD	1.02
ykoZ	1.02
ykoV	0.869
ykoT	0.9011
ykoQ	0.8898
ykpC	0.9983
ykpB	0.7584
ykoA	0.9182
fruA	0.7978
yknZ	0.8773
yknX	0.8866
ykoN	0.8767
ykoL	0.8173
tnrA	0.9062
ykzD	0.8914
ykoI	0.852
ykoG	0.8644
ykyA	1.05
ykrA	1.0
ykqC	1.09
ykqB	1.16
kinC	1.11
mreBH	1.22
ykrK	1.19
ykrI	1.25
ykoX	1.11
ykoU	0.9961
ykoS	0.9034
ykoP	1.03
ampS	1.19
ykpA	0.999
sipT	1.38
fruR	0.9703
yknY	0.9747
yknW	0.9838
ykoM	0.9808
ykzB	1.06
ykoK	1.02
ykoJ	0.9158
ykoH	0.7973
ykoF	0.71
rbfA	0.9842
infB	0.9172
ylxR	1.12
ylxS	1.22
yluC	0.9278
cdsA	0.9465
ylnB	0.9495
cysH	0.8806
pyrF	1.09
pyrDII	1.01
pyrC	1.06
pyrP	1.13
frr	0.8994
tsf	0.9537
ylxL	0.7341
cheD	0.6719
cheW	0.6797
cheB	0.6712
ylyB	1.18
ylyA	0.9379
divIVA	0.9352
ylmG	1.06
ylmE	0.913
ylmC	0.8985
ylxP	0.9591
ylxQ	0.973
nusA	1.06
proS	1.0
yluB	0.9344
yluA	0.9257
ylnA	1.08
pyrE	1.17
pyrD	1.1
pyrAA	1.06
pyrB	1.21
pyrR	1.57
smbA	1.03
rpsB	1.05
sigD	0.7715
cheC	0.8216
ylxH	0.8851
lsp	1.33
ylmH	1.14
ylmF	1.13
ylmD	1.02
ylmB	1.1
yoaT	0.9819
yoaS	0.9595
yozF	1.02
yoaP	0.9388
yoaN	0.8667
pelB	0.9489
yncM	0.8869
ynzH	1.09
yncE	0.9892
yncC	0.9301
xylB	0.8942
xylR	0.8565
yoaJ	0.8461
yoaH	0.7272
yoaF	0.6433
yoaD	0.6543
yoaB	0.5261
yoxB	0.8484
ynaJ	0.8363
ynaG	0.9359
ynaE	1.11
ynaC	1.2
ynzG	0.8733
ynxB	0.8318
yozG	0.9255
yoaR	0.0
yoaQ	1.07
yoaO	1.01
yoaM	1.04
yoaK	1.09
thyA	1.11
yncF	1.05
yncD	1.15
yncB	1.12
xylA	1.06
xynB	0.908
yoaI	0.857
yoaG	0.8501
yoaE	0.7497
yoaC	0.573
yoaA	0.9849
yoxC	1.13
ynaI	1.24
ynaF	1.08
ynaD	1.17
ynaB	1.13
ynzF	0.9783
glnA	1.09
yopS	0.7761
yopU	0.6858
yopW	0.6902
yopY	0.8442
yoqA	0.9174
yoqC	0.8701
cgeD	0.7509
yodT	0.7166
yodR	0.9177
yodP	0.9698
yozE	1.02
yodM	0.952
yoqE	0.8379
yoqG	0.9478
yoqI	0.907
yoqK	0.9993
yoqM	1.08
yoqO	1.25
deoD	1.3
yodI	1.04
ctpA	1.04
yodE	0.9767
yodC	1.08
yojA	0.9038
yopT	0.7746
yopV	0.9135
yopX	0.8718
yopZ	0.976
yoqB	0.9916
yoqD	0.9432
cgeE	0.8751
yodS	0.9077
argE	0.9731
yodO	1.07
yodN	1.13
yodL	0.9995
yoqF	1.01
yoqH	1.02
yoqJ	1.05
yoqL	1.06
yoqN	1.12
yoqP	1.28
yodJ	1.42
yodH	0.8402
yodF	0.7305
yodD	1.17
yodA	1.11
yojB	1.06
hbs	0.9858
mtrB	1.17
gerCB	1.26
ndk	0.9421
aroF	0.7642
aroH	0.6904
ypmP	0.786
ypmR	0.833
ypmT	0.8488
ypoP	0.8666
yppQ	1.15
yokA	0.8162
trpD	0.7531
trpF	0.7342
trpA	0.7918
tyrA	0.8174
ypiA	1.19
ypiF	0.7854
yokC	0.9429
yokE	0.9828
yokG	0.7887
yokI	0.9634
yokK	0.9209
yolA	0.8415
mtrA	1.28
gerCA	1.64
gerCC	1.29
cheR	0.8565
aroB	0.7045
trpE	0.9023
ypmQ	0.8116
ypmS	0.9443
ypnP	0.9483
yppP	1.16
ypqP	0.8848
yokB	0.964
trpC	0.845
trpB	0.7516
hisC	0.8146
aroE	0.793
ypiB	0.8971
qcrA	0.7844
yokD	1.11
yokF	1.09
yokH	1.13
yokJ	1.23
yokL	1.11
yolB	1.02
yqgY	0.9383
yqhA	1.01
yqxL	0.9322
comGB	0.9301
comGD	0.9222
comGF	0.9414
yqjQ	1.02
yqjS	0.8003
yqjV	0.9629
yqjW	0.8682
yqjY	0.8816
yqkA	0.9077
yqzE	0.8692
yqxM	0.8443
cotN	0.7145
sinI	0.8716
yqhH	0.9793
yqhJ	0.8868
yqkC	1.02
yqkE	1.15
yqkG	0.9258
ansA	0.8603
yqkI	0.8162
yqkK	0.8816
yqgZ	1.22
yqhB	0.927
comGA	0.9697
comGC	0.9226
comGE	0.9342
comGG	0.9407
yqjR	1.08
yqjT	1.06
yqzH	0.9916
yqjX	1.06
yqjZ	1.1
yqkB	1.26
yqzG	1.01
sipW	1.07
sinR	1.01
yqhG	1.04
yqhI	1.05
yqhK	0.9891
yqkD	1.34
yqkF	1.47
ansR	0.9598
ansB	1.04
yqkJ	1.08
spoIIM	1.05
yrpD	1.35
aadK	0.964
yrdB	0.87
yrdD	1.09
yrdF	1.01
azlC	0.9595
yqcJ	0.9363
yqcL	0.8786
spoIVCA	0.9745
nucB	0.9223
yqeC	0.9824
yqeE	0.9649
brnQ	0.9392
gltR	0.9559
czcD	0.9536
yrdQ	0.9225
yrkA	0.855
blt	0.9212
yqeG	0.9872
aroD	0.9356
yqeJ	0.8827
yqeL	0.8508
comER	0.9355
comEB	0.0
yrpB	0.9982
yrdA	1.15
yrdC	1.11
cypA	1.11
azlB	1.08
azlD	1.1
yqcK	1.04
yqcM	1.05
spoIVCB	1.18
yqeB	1.15
yqeD	1.14
yqeF	1.38
yrdK	1.07
yrdN	1.08
trkA	1.05
yrdR	1.08
bltD	1.08
bltR	1.08
yqeH	1.09
yqeI	1.05
yqeK	1.05
yqeM	1.04
comEA	1.02
comEC	1.11
ysdC	1.26
araA	0.8056
araD	0.9481
araM	0.893
araP	0.825
abfA	0.7085
yrbB	0.6238
yrbD	0.9651
yrzG	0.9206
yrbE	0.9001
bofC	0.9246
ruvB	1.11
ysfE	0.0
ysfC	0.8266
ysfA	0.7762
pheS	0.7867
ysgB	0.8935
yshC	0.9067
tgt	0.8649
yrzE	0.9334
spoVB	0.9581
yrvB	1.08
yrvC	1.02
abnA	0.9593
araB	1.05
araL	0.9526
araN	1.05
araQ	1.1
cstA	0.9788
yrbC	1.24
yrzH	1.0
yrzF	1.11
csbX	1.02
ruvA	1.04
queA	0.9241
ysfD	0.9931
ysfB	0.8722
ysgA	0.8961
pheT	0.9582
yshB	1.04
yshD	1.12
yrbF	1.11
yrbG	1.08
yrzD	1.08
secF	1.24
yrvD	1.25
apt	1.23
ytxO	1.11
ytcB	1.04
ytdA	1.03
menF	1.11
ytxM	1.1
menE	0.8516
ytmQ	0.9028
malS	0.9335
ytoP	1.15
ytpP	1.17
ytpS	1.03
murC	1.03
ytgA	0.8862
ytgC	0.9286
ythB	1.15
ytiA	1.03
ytjA	0.9054
ytkA	0.8342
ytxH	0.0
aroA	0.0
ytxD	0.0
acuC	0.0
acsA	0.0
rpsD	0.0
ytcC	1.04
ytcA	1.24
yteA	1.06
menD	1.08
menB	0.9927
ytfD	0.8839
ytnP	0.913
ytzB	1.54
ytoQ	1.24
ytpR	1.35
ytpT	1.1
ytxG	1.05
ytgB	1.1
ytgD	1.09
ythA	1.14
ytiB	1.18
ytjB	1.24
dps	1.38
ytxJ	0.9759
ccpA	1.1
ytxE	1.15
acuA	1.06
tyrS	0.9912
yusU	0.9
yusS	0.871
yusQ	0.9819
yusO	0.9475
yusM	0.9668
yusK	0.947
yuxI	0.9975
yukE	1.09
yukC	1.08
yueC	0.909
yueE	1.07
yuzE	0.9807
yusI	1.32
yusG	1.05
yusE	0.9049
yusC	0.8338
yusA	0.9108
yurY	0.9569
yueG	1.1
yueI	1.02
yueK	0.9858
yuzC	0.9134
comQ	0.9104
comP	0.8892
yusT	0.9586
yusR	1.02
yusP	0.9738
yusN	1.01
yusL	0.9319
yusJ	0.9393
ald	1.12
yukD	1.25
yukB	1.15
yueD	1.17
yuzF	1.15
yueF	1.14
yusH	1.25
yusF	1.19
yusD	1.01
yusB	1.01
yurZ	1.11
yurX	1.17
yueH	1.35
yueJ	1.17
yuxH	1.05
degQ	1.08
comX	1.09
comA	1.12
yvoA	0.8449
nagA	0.8004
lgt	0.7684
yvpA	0.7055
hisZ	0.6338
hisD	0.7235
tpi	0.8983
eno	0.8709
yvbJ	0.8101
yvbH	0.8677
yvbF	0.9128
opuCB	0.8488
hisH	0.478
hisF	0.4963
yvcA	0.8548
yvzA	0.9246
yvcD	1.13
trxB	1.06
opuCD	0.9181
yvaZ	0.99
yvaX	1.1
yvaV	0.8565
opuBC	0.8974
yvaQ	1.32
nagB	0.7894
yvoB	0.8264
yvpB	0.6136
hisG	0.5883
hisB	0.6051
pgm	1.03
yvbK	1.62
yvbI	0.875
yvbG	0.9033
opuCA	0.9722
opuCC	0.9211
hisA	0.444
hisI	0.484
yvcB	1.14
yvcC	1.23
yvcE	1.76
yvcI	1.11
yvbA	1.1
yvaY	1.25
yvaW	1.22
opuBB	1.03
opuBD	1.16
yvaP	1.29
fbaA	0.9555
murZ	0.9346
rpmE	0.7366
ywkB	0.9338
ywkD	0.9042
ywkE	0.8378
ywrE	1.0
cotG	0.9849
cotB	1.01
ywrK	1.05
alsS	1.12
ywrO	1.13
ywlA	0.8718
ywlB	0.85
ywlE	0.8901
ywlG	0.8644
upp	0.7032
atpB	0.7376
ywsB	0.9784
rbsC	0.9302
rbsD	1.04
rbsR	0.9343
ywtA	0.902
ywtC	0.5994
ywjH	1.01
ywjI	0.9826
ywkA	0.9064
ywkC	0.9675
prfA	0.9438
ywkF	0.8871
ywrF	1.2
cotH	1.06
ywrJ	1.05
alsR	1.09
alsD	1.08
ywsA	0.9585
spoIIR	0.9855
ywlD	0.9713
ywlF	0.8991
glyA	0.7928
atpI	0.9122
atpE	0.7132
rbsB	1.14
rbsA	1.13
rbsK	1.08
ywsC	1.08
ywtB	0.9697
ywtD	0.853
deaD	0.7749
yxiP	0.8422
bglS	0.9302
katB	1.08
yxiT	1.2
yxjB	1.69
ywcF	2.08
ywcH	0.8889
ywcI	0.8736
ywcJ	0.9603
sacA	0.9795
thiD	1.0
yxjD	0.8152
yxjF	0.7732
yxjH	0.7358
yxjJ	0.8186
yxjL	0.8417
yxjN	0.8747
ywdD	0.9838
ywdF	0.9875
ywdH	0.9751
ywdJ	1.03
ywdL	0.8978
spsB	0.9366
yxiO	0.8691
licT	0.9178
yxiQ	0.9451
yxiS	1.1
yxjA	1.01
yxjC	1.24
ywcG	1.47
vpr	0.9463
sacT	0.885
sacP	1.02
ywdA	1.02
ywdC	1.13
yxjE	0.8393
yxjG	0.8357
yxjI	0.9562
pepT	1.06
yxjM	0.9673
yxjO	1.02
ywdE	1.14
ung	1.15
ywdI	1.24
ywdK	1.12
spsA	1.08
spsC	1.06
rnpA	1.1
jag	1.03
gidB	0.9142
yydK	0.7966
bglA	0.7792
ahpC	0.837
gntP	0.9063
gntR	0.8499
yxaB	0.817
yyaB	0.8616
spo0J	0.894
yyaD	0.8432
yyaF	0.9387
ssb	0.9741
exoA	0.8551
yxaD	0.8913
yxaF	0.8627
yxaH	0.8367
yxaJ	0.811
yxaM	0.8367
yxbB	0.8327
rpmH	1.11
spoIIIJ	1.04
thdF	1.13
yyaA	0.9846
yyzE	0.8536
ahpF	0.897
gntZ	1.04
gntK	1.02
yxaA	0.9589
yxaC	0.9677
soj	0.8712
yyaC	1.01
yyaE	1.01
rpsF	1.03
rpsR	1.01
yyaG	0.9468
yxnA	0.8551
yxaG	0.8673
yxaI	0.7492
yxaL	0.8694
yxbA	1.05
yxbC	0.9934
gltA	0.6296
ppsE	1.41
ebrA	1.66
ymfG	1.65
bpr	0.9642
cheV	0.9161
rho	0.9448
tagD	0.9383
yvfE	0.8756
yvgP	1.06
yurC	0.9747
aapA	0.9369
spoIIS	1.0
xtmB	0.8846
yhjN	0.9567
yhaA	0.9381
yheJ	0.8365
yfmB	0.8308
yqhQ	0.9081
yosN	0.8549
pnpA	0.9537
flhA	0.7655
fliP	0.7234
fruB	0.7879
ppsC	0.9607
yngB	0.933
pyrAB	0.9665
polC	0.8549
pycA	0.8506
ptsH	0.8273
tdk	0.9105
yvfC	0.8617
yvfK	0.9923
yusY	1.06
ysnF	1.13
lepA	1.01
xkdO	1.01
yirY	1.11
yhfQ	0.9175
yhaQ	1.06
yfkL	1.08
yfnC	1.2
spoIIIAG	1.22
yojG	1.24
flhF	0.7151
flhB	0.9268
cheY	0.9354
moaD	1.15
hprT	0.9231
yvoF	0.8502
yvdS	0.8875
sacB	0.9064
ffh	0.8671
ssuC	0.7276
yvfP	0.6452
ctc	0.9128
ppsB	0.8453
yvgR	0.8158
ydjK	0.8711
spoIIE	0.9182
ywbL	0.8931
sigL	0.8791
yacA	1.14
yvdR	0.9906
yveB	0.9588
yqxK	0.9306
yhaR	1.03
pnbA	1.1
ytnM	0.9857
prs	1.11
ykoW	1.06
cotA	1.02
ydjA	1.09
hutH	1.1
secA	1.11
ybaS	0.801
ybaN	0.8099
gerD	0.8066
cwlD	0.7689
ybaJ	0.8725
rplM	1.21
gcaD	1.33
yabJ	0.8941
yabH	1.01
veg	0.7308
ksgA	0.8024
ybaF	0.7928
ybxA	0.8096
rpoA	0.0
rpsM	1.11
infA	0.8399
adk	0.9373
abrB	0.784
yazA	1.03
yabA	0.9874
holB	1.12
yaaQ	1.01
ybaR	0.8948
kbaA	0.9416
ybaL	1.09
ybaK	0.8212
rpsI	1.01
truA	0.8315
spoVG	1.22
purR	0.9568
sspF	0.9159
yabG	0.8867
yabF	0.8283
ybaE	0.9949
rplQ	1.13
rpsK	1.09
rpmJ	1.04
map	1.01
secY	0.9354
yabC	1.05
yabB	1.07
yaaT	1.16
yaaR	1.22
tmk	1.15
ycnG	1.09
yczG	1.19
ycnD	1.14
yclQ	0.5484
yclO	0.6727
yclM	0.7798
rapJ	0.9309
ycdC	0.8328
natB	0.8328
yccH	0.8325
yccF	0.8658
yczB	0.8441
yclK	0.8332
yclI	0.8706
gerKB	0.8426
gerKA	0.779
yclE	0.6567
yclC	0.9568
cwlJ	0.8937
ycbO	0.943
ycbL	0.8839
yczA	0.9062
ycbH	0.8546
ycbF	0.7958
ycnF	1.02
ycnE	1.16
ycnC	0.9222
yclP	0.6325
yclN	0.846
rapC	0.8746
ycdD	0.8105
ycdA	0.7347
natA	0.9378
yccG	0.8863
lipA	0.8594
phoD	0.9559
yclJ	1.02
yclH	1.14
gerKC	0.9738
yczF	0.9344
yclD	1.0
yclB	1.1
ycbP	1.07
ycbN	1.02
ycbK	1.02
ycbJ	1.01
ycbG	0.9523
ycbE	0.9782
ydiF	1.08
ydiD	0.8321
ydiB	0.86
ydhU	0.9337
ydhS	0.9407
ydhQ	0.8811
yddF	0.822
yddC	0.869
yddA	0.8146
ydcS	0.8056
ydcQ	0.8672
ydcO	0.8558
ydhO	0.866
ydhM	0.8708
ydhK	0.9189
ydhI	0.9794
ydhG	0.9819
ydhF	0.9488
ydcN	1.1
ydcL	1.34
ydcH	1.08
ydcF	1.04
sigB	1.21
rsbU	1.1
ydiE	0.8353
ydiC	0.8935
ydiA	0.9911
ydhT	0.91
ydhR	0.8787
ydhP	0.953
yddD	0.952
yddB	0.7806
ydcT	0.9008
ydcR	0.9807
ydcP	0.9616
sacV	1.04
ydhN	0.9886
ydhJ	1.09
ydhH	1.05
phoB	1.16
ydhE	1.13
ydcM	1.59
ydcK	1.38
ydcG	1.36
rsbX	1.36
rsbW	1.36
rsbT	1.36
yfjF	0.0
acoR	1.07
acoC	1.12
acoA	1.06
yfjM	0.9423
yfjO	1.08
yesT	0.8775
yesR	0.8189
yesP	0.8871
yesM	0.8466
yesK	0.7776
cotJB	0.8146
yfjQ	1.12
yfjS	0.9875
yfkA	0.9558
yfkC	1.0
yfkE	0.958
yfkJ	0.9957
yesF	0.8237
yeeK	0.8783
rapH	0.8669
yezA	0.9196
yeeC	1.0
yeeA	0.7855
yfjU	0.8988
acoL	0.8583
acoB	0.9434
yfjL	1.0
yfjN	1.06
yfjP	1.06
yesS	0.718
yesQ	0.8967
yesO	0.8999
yesL	0.879
yesJ	0.7732
cotJA	0.8663
yfjR	1.7
yfjT	1.26
yfkB	1.11
yfkD	1.05
yfkH	1.05
yfkK	1.05
yesE	0.9377
yeeI	1.22
yeeG	1.12
yeeD	1.02
yeeB	1.14
yefC	1.19
yhfD	0.0
yhfB	0.0
yhgD	0.0
hemH	0.0
pbpF	0.0
yhgB	0.0
yhcN	0.9165
yhcL	0.9287
yhcJ	1.08
yhcI	0.8751
yhcG	0.8341
yhcE	0.8876
ecsC	1.08
ecsA	1.15
serC	0.9371
yhaH	1.12
yhaI	0.9896
yhaK	0.9953
yhcB	0.9113
yhbJ	0.9554
yhbH	0.8772
yhbF	0.7856
yhbD	0.9456
yhbA	1.15
yhfC	1.0
yhgE	1.02
hemY	1.01
hemE	1.11
yhgC	1.73
yhfA	0.9655
yhcM	0.7849
yhcK	0.9679
cspB	0.7825
yhcH	0.9148
yhcF	0.9682
yhcC	0.8846
ecsB	1.17
hit	1.0
yhaG	1.04
hpr	0.887
yhaJ	1.42
prsA	1.46
yhcA	1.2
yhbI	1.18
prkA	0.9839
yhbE	1.04
cspR	1.3
yhzB	1.43
yjkA	1.02
yjiC	0.0
yjiA	0.0
yjhA	0.0
yjgB	0.7892
yjfC	0.0
carA	0.0
argB	0.0
argC	0.0
yitY	0.0
yitW	0.0
yitU	1.13
yjfA	0.9482
cotT	0.9701
yjdJ	0.989
yjdG	0.8961
yjdE	0.8669
yjdC	0.8221
yitT	0.8221
nprB	0.7929
yitQ	0.7596
yitO	0.8042
yitM	0.7782
yitK	0.8788
yjjA	1.07
yjiB	0.998
yjhB	0.9223
yjgD	1.22
yjgA	0.9965
yjfB	0.8416
argD	0.5492
argJ	0.6003
yitZ	0.8972
yitX	1.09
yitV	1.05
ipi	0.9398
yjeA	1.38
yjdK	0.8664
yjdI	0.9806
yjdF	1.0
yjdD	0.9408
yjdB	1.04
yitS	1.14
yitR	0.9995
yitP	0.9075
yitN	0.8835
yitL	0.9219
yitJ	0.87
yknV	1.12
moaE	1.13
moeA	1.02
mobA	1.09
ykuV	1.36
ykuT	0.8478
ykoE	0.563
ykoC	0.5717
ispA	0.7748
yknA	0.7982
ykmA	0.8736
proA	0.8414
ykuR	0.9337
ykuP	0.76
ykuN	0.8671
ykuL	1.01
ykuK	0.96
ykuI	0.9918
ykkE	0.936
ykkC	0.896
ykkA	0.9201
ykzH	1.14
ykhA	1.33
ykgB	1.2
yknU	0.9203
mobB	1.12
moeB	1.1
ykuW	0.9901
ykuU	1.44
ykuS	0.8679
ykoD	0.628
ispU	0.7888
metC	0.8927
ykzA	1.26
yklA	0.829
proB	1.0
ykuQ	1.09
ykuO	0.8696
ykuM	1.07
ykzF	1.17
ykuJ	1.11
ykuH	1.15
ykkD	0.9932
ykkB	0.9223
ykjA	1.01
hmp	0.9526
ykgA	1.21
ykfD	1.31
fliR	0.5833
fliZ	0.5852
fliM	0.5974
flgE	0.6714
fliK	0.636
fliJ	0.6826
ylmA	0.8732
sigE	0.9983
ftsZ	1.15
sbp	1.99
ylxW	2.28
murB	2.91
fliH	0.7292
fliF	0.8029
flgC	0.9449
codY	1.22
clpQ	1.19
gid	1.09
spoVE	0.9756
mraY	0.9689
pbpB	0.9776
ylxA	0.9015
yllA	1.33
ylbP	1.1
fliQ	0.6859
fliY	0.6271
fliL	0.6924
ylxG	0.7433
ylxF	0.7321
fliI	0.8047
sigG	1.07
spoIIGA	1.07
ftsA	1.35
ylxX	2.36
divIB	3.14
murG	2.65
fliG	0.7898
fliE	0.915
flgB	1.09
clpY	1.34
codV	1.46
topA	1.13
murE	1.19
ftsL	1.14
yllB	1.15
ylbQ	1.39
ylbO	1.16
yoxD	2.65
proH	1.0
gltC	0.0
yogA	0.7115
ggt	0.7321
yoeC	0.9467
glnR	0.8559
ynbA	0.9897
cwlC	0.7959
nrdF	0.7642
ymaA	0.9661
ymzC	0.8443
yoeA	0.7964
pbp	0.8295
yngK	0.8654
yngJ	0.8858
yngH	1.13
yngF	1.05
miaA	0.9713
ymaG	1.03
ymaD	1.28
aprX	0.8712
ymzB	0.9171
pksN	0.7576
rtp	0.8193
proJ	0.6779
gltB	0.5958
yofA	0.8629
yoeD	0.9233
yoeB	0.4429
ynbB	0.9748
spoVK	0.9285
ymaB	0.8341
nrdE	1.02
ymzA	1.31
ymaH	0.7526
yoxA	0.8239
yngL	1.07
ynzE	1.01
yngI	0.9594
yngG	1.03
yngE	1.13
ymaF	1.06
ebrB	1.07
ymaC	1.11
ymaE	1.15
pksS	1.07
pksJ	0.922
yoqR	0.0
yoqT	0.0
yoqV	0.0
yoqY	0.0
yorA	0.9861
yorC	1.07
yojC	1.11
yojF	1.69
yojI	0.9257
yojK	1.36
yojM	0.933
yojO	1.31
yorE	0.8734
yorG	0.824
yorI	0.9812
yorK	0.8523
yorN	0.8308
yorP	0.7728
yocS	0.6941
sodF	0.974
dhaS	1.11
yozO	0.7359
yozN	0.808
yocL	0.8422
yoqS	0.9546
yoqU	0.9667
yoqW	0.8514
yoqZ	0.9118
yorB	1.0
yorD	1.03
yojE	1.01
yojH	1.03
yojJ	0.999
yojL	1.09
yojN	1.11
odhB	0.9149
yorF	0.8524
yorH	0.9668
yorJ	0.8952
yorM	0.9948
yorO	0.987
yorQ	0.966
yocR	0.9379
sqhC	1.05
yozC	1.07
yocN	0.9941
yocM	0.8931
yocK	1.0
qcrC	0.6751
ypjB	0.9653
ypjD	1.67
ypjF	1.37
ypjH	1.4
birA	1.28
yolC	0.9491
uvrX	0.7828
sunA	0.8164
yolI	0.8248
yolK	0.6599
yomB	0.9743
panC	0.9852
ypmB	1.19
asnS	0.9605
nth	1.13
yppB	2.51
yomD	0.8874
yomF	0.941
yomH	0.9198
yomK	0.9405
yozP	0.9693
yomN	0.8761
ypjA	0.9293
ypjC	1.17
dapB	1.52
ypjG	1.47
papS	1.25
panB	1.06
yolD	1.04
yolF	1.03
sunT	0.9222
yolJ	0.7592
yomA	1.01
yomC	0.9898
panD	1.05
ypmA	1.07
aspB	1.21
dnaD	1.1
ypoC	1.14
yppC	2.86
yomE	0.0
yomG	1.17
yomJ	1.01
yomL	1.64
yomM	1.2
yomO	1.05
yqhL	1.5
yqhN	1.37
yqhP	0.874
yqhS	0.9368
efp	1.04
spoIIIAA	0.9194
yqkL	1.08
drm	1.01
dacF	0.9018
spoIIAB	0.8386
spoVAA	0.9571
spoVAC	0.8183
spoIIIAC	0.9211
spoIIIAE	0.8287
spoIIIAH	0.8435
accC	0.9594
yqhZ	0.7872
yqiB	0.9698
spoVAE	0.8925
lysA	0.8566
ppiB	1.26
ypuB	1.26
ypzC	1.51
ypuD	1.86
yqhM	1.41
yqhO	0.9563
yqhR	1.06
yqhT	1.09
yqhV	1.02
spoIIIAB	0.991
ripX	1.02
pnp	1.03
spoIIAA	0.9724
sigF	0.9328
spoVAB	1.01
spoVAD	1.1
spoIIIAD	1.11
spoIIIAF	0.9868
accB	1.06
yqhY	1.01
folD	0.8972
yqiC	1.25
spoVAF	3.44
ypuA	6.79
ypzD	1.42
ypuC	1.53
sipS	1.63
ypuE	1.27
yrkB	0.0
yrkD	0.0
yrkF	0.0
yrkH	1.23
yrkJ	0.9853
yrkL	1.17
yqeN	0.9439
gpr	0.9747
yqxA	0.8319
dnaK	1.02
yqeT	0.914
yrkN	1.05
yrkP	1.0
yrkR	1.03
spoIIIC	1.05
yqaC	0.8854
yqaF	0.798
yqeV	0.8125
rpsU	0.9273
yqeZ	0.6329
yqfB	0.7478
yqfD	0.9727
yqfF	1.08
yrkC	0.9911
yrkE	0.9568
yrkG	0.0
yrkI	1.07
yrkK	1.01
yrkM	0.9698
rpsT	1.07
spoIIP	0.906
hemN	1.04
grpE	1.06
dnaJ	1.08
yqeU	1.07
yrkO	1.13
yrkQ	1.14
yrkS	1.18
yqaB	1.18
yqaE	0.9776
yqdA	0.9362
yqeW	0.9845
yqeY	0.928
yqfA	0.837
yqfC	1.13
phoH	1.3
yqfG	1.24
yshE	0.0
ysiA	1.07
etfB	0.9045
xsa	0.8528
uvrC	1.11
lysC	0.7099
relA	0.8832
yrvJ	0.6832
hisS	0.7899
yrvM	1.02
yrzC	1.4
yrvP	1.13
sdhC	0.9294
sdhB	0.9383
gerE	0.8977
racE	0.9114
rph	0.86
ysnB	0.9287
yrrB	1.22
yrrD	1.03
glnM	0.9525
glnQ	0.9743
yrzB	1.05
lcfA	0.9129
ysiB	0.9647
etfA	1.44
trxA	2.89
ask	0.9056
yslB	0.8797
yrvI	0.7922
yrzK	0.8732
aspS	0.8392
yrvN	1.11
yrvO	1.22
yrrA	1.16
sdhA	0.955
ysmA	1.0
ysmB	0.8565
gerM	0.9273
ysnA	0.9618
ysnE	1.01
yrrC	0.9199
glnP	1.16
glnH	1.12
yrrI	1.1
yrrK	1.11
yrrL	0.8675
ytkC	0.0
ytlC	0.0
ytlA	0.0
ytmB	1.04
metK	0.9108
ytnA	1.25
ytsP	0.8037
ytwP	0.0
nifZ	0.9998
sspA	1.01
ytcJ	1.28
yteI	0.9499
ytpA	2.84
ytqA	4.07
ytrA	20.38
ytrC	23.79
ytrE	26.59
ytsA	3.96
ytfI	1.02
ytxK	1.28
moaB	0.9721
argH	0.8978
ytkK	1.23
ytlI	0.973
ytlD	1.14
ytlB	1.23
ytmA	1.67
pckA	1.48
asnB	1.56
ytoA	1.73
ytvP	1.06
braB	1.01
ytbJ	1.12
ytcI	1.0
ytdI	1.09
yteJ	0.94
ytqB	3.63
ytzC	6.99
ytrB	14.92
ytrD	22.4
ytrF	12.69
ytsB	3.07
ytgI	1.85
ackA	1.02
argG	0.7395
ytzD	0.8765
ytkL	1.17
ytmI	1.09
yurW	0.0
yurU	0.8961
yurS	0.9568
yurQ	0.8632
yurO	0.6
yurM	0.7395
yufB	0.9525
yufD	0.9269
yufU	0.9253
yufS	0.8233
yufQ	0.7115
yufO	0.9105
yurK	0.7957
yurI	0.8865
yurF	0.918
yurD	0.9854
yunM	1.02
yunK	0.9453
yufM	1.02
yuxK	0.9481
yuxJ	1.03
kapB	1.12
patB	1.16
yugF	2.02
yurV	0.9273
yurT	0.9774
yurR	0.9823
yurP	0.9759
yurN	0.8603
yurL	0.8484
yufC	0.9737
yufV	0.9499
yufT	0.982
yufR	0.9108
yufP	0.833
yufN	0.6603
yurJ	0.8911
yurH	0.9096
yurE	1.06
yurB	1.02
yunL	1.1
yunJ	1.08
yufL	1.15
pbpD	1.14
kapD	1.07
kinB	1.2
yugE	1.42
yugG	1.58
yvcJ	0.0
yvcL	0.0
yvcN	1.21
yvcQ	0.9846
yvcS	0.9458
yvdA	1.01
yvaO	0.9387
yvzC	0.8401
yvaL	0.9306
yvaJ	0.8575
yvaG	0.9337
yvaE	0.8973
yvdC	0.8702
yvdE	1.05
yvdG	0.9808
yvdI	0.9151
yvdK	0.9638
yvdM	0.986
yvaC	0.9906
yvaA	1.21
yvgY	0.9246
yvgW	0.9067
yvgU	0.8089
yvgS	0.9118
yvcK	1.09
crh	1.05
yvcP	1.11
yvcR	1.28
yvcT	1.25
yvdB	0.8649
yvaN	0.847
yvaM	0.9814
yvaK	1.01
yvaI	0.9043
yvaF	1.03
yvaD	0.9121
yvdD	0.9358
yvdF	1.09
yvdH	1.24
yvdJ	1.34
yvdL	1.41
clpP	1.74
yvaB	0.0
yvgZ	1.06
yvgX	0.0
yvgV	0.8761
yvgT	0.999
yvgQ	1.0
atpF	0.0
atpA	0.5788
atpD	0.6766
ywmA	0.8781
ywmB	1.15
spoIID	1.13
ywtE	1.36
ywtG	0.9825
gerBB	0.9116
pmi	0.9677
tagC	1.11
tagA	1.08
ywmE	1.05
narA	1.06
ywmF	1.02
ureA	0.9281
ureC	0.945
ywnB	0.9744
tagF	0.8558
ggaA	0.9497
lytR	0.9706
lytC	0.8711
tuaB	0.9077
tuaD	0.8771
atpH	0.6276
atpG	0.5908
atpC	0.5131
ywzB	1.11
murA	1.54
ywmC	2.23
ywtF	3.35
gerBC	1.23
gerBA	1.18
lytD	1.14
tagB	1.19
tagE	1.16
narQ	1.14
rapB	1.21
ywmG	1.5
ureB	1.05
ywnA	1.15
ywnC	1.12
tagG	1.25
yvyH	0.9983
lytB	0.9355
tuaA	1.07
tuaC	1.07
tuaE	1.08
yxkA	0.0
yxkC	0.7748
aldY	1.12
msmX	0.8854
yxzE	0.8402
yxkJ	0.849
spsD	0.8613
spsG	0.8029
spsJ	0.758
yweA	0.5623
rocA	0.7663
rocC	0.6834
cydB	0.8956
cydD	1.09
yxlA	0.9087
yxlC	1.06
yxlE	0.9993
yxlG	0.9757
ywfB	0.9487
ywfD	0.9687
ywfF	1.05
ywfH	1.11
pta	1.06
ywfL	1.02
galE	0.7749
yxkD	0.7945
yxkF	0.93
yxkH	1.01
yxkI	0.9882
cydA	0.9502
spsE	0.9287
spsI	0.8734
spsK	0.8785
yweB	0.8943
rocB	0.8417
ywfA	0.6996
cydC	1.17
yxkO	1.17
sigY	1.13
yxlD	1.16
yxlF	1.13
yxlH	1.15
ywfC	1.12
ywfE	1.05
ywfG	1.2
ywfI	1.3
ywfK	1.14
ywfM	1.08
yyaH	0.0
yyaJ	0.0
yyaL	1.17
yyaN	0.9327
tetL	0.8841
yyaP	0.923
yxbD	0.9109
yxbF	0.9021
yxcA	0.9577
yxcC	0.9807
yxcE	0.8922
iolR	0.8292
yyaR	0.8613
yyaT	0.8579
yybB	0.8802
yybD	0.8126
yybF	0.8425
yybI	0.8806
iolB	0.9359
iolD	0.9313
iolF	0.9104
iolH	1.02
iolJ	0.9571
yxdK	0.9339
yyaI	0.8758
yyaK	0.8065
yyaM	0.9857
yyaO	0.944
tetB	0.9081
yyaQ	1.03
aldX	1.02
yxbG	1.0
htpG	1.06
yxcD	1.2
iolS	1.12
iolA	0.8777
yyaS	0.9478
yybA	0.9509
yybC	0.8392
yybE	0.775
yybG	0.9539
yybJ	0.9256
iolC	1.07
iolE	1.02
iolG	1.1
iolI	1.09
yxdJ	1.12
yxdL	1.15
yeeF	0.0
purQ	0.4721
ydgJ	0.9627
pbpC	0.7821
srfAC	0.7749
ycgI	0.935
yknT	1.02
ptsI	0.9003
ykvU	0.8888
ykzE	0.8059
yjdH	0.8971
yhdN	1.09
yczC	0.8392
lmrA	0.8735
ybgB	0.8151
ybdD	0.7717
fus	0.7542
yfiX	0.8997
yfkF	0.9031
treA	0.899
yflP	0.8949
yesY	0.8988
yddN	1.0
yerP	0.9866
ydjD	0.8706
yddE	0.9493
yclG	0.9809
nasB	0.9607
ycdB	1.02
patA	1.03
ykvW	1.08
ykrP	1.07
ykoY	1.0
yhaP	0.8971
yhbB	0.9594
yccC	0.9172
ybgE	0.8258
ybgA	0.8408
rpmD	0.9626
rpoB	0.9587
clpC	1.22
yfiB	1.22
yfkI	1.2
yflH	1.23
yetM	1.2
cotJC	0.9703
yddK	1.05
yabD	0.8667
yurG	0.9782
ytqD	1.08
acuB	1.15
dnaE	0.9467
levR	0.9015
yqzC	0.8681
yaaO	1.19
ypbG	1.53
ypvA	0.9652
cgeB	0.8869
yloB	0.9493
glcT	0.9833
yjcD	0.8533
metS	1.02
ythC	1.41
ytpB	1.61
ytoI	1.36
yrhJ	2.21
yqxH	1.01
bmrU	0.9587
yaaN	0.9573
qcrB	0.9012
yosO	1.11
ylqF	1.22
spoVD	1.19
yjgC	1.28
yjaX	1.31
rplO	0.8736
rplR	0.7312
rpsH	0.989
rplE	0.9577
rplN	0.8357
rpmC	0.716
xpaC	0.8121
bofA	1.03
recR	1.04
dnaX	0.9272
yaaI	0.7782
rpsC	0.9076
rpsS	0.8824
rplW	0.9713
rplC	0.8636
ybaC	0.7296
rpsG	0.8093
serS	0.7261
yaaD	0.7475
guaB	0.9602
gyrB	0.8191
recF	0.8948
rpsE	0.793
rplF	1.04
rpsN	0.7608
rplX	0.9445
rpsQ	0.6149
rplP	0.7968
csfB	0.978
yaaL	1.14
yaaK	1.22
yaaJ	0.9474
yaaH	0.9158
rplV	0.9987
rplB	0.9157
rplD	0.974
rpsJ	1.13
tufA	0.9928
rpsL	1.14
yaaE	0.7372
dacA	0.9868
yaaC	1.0
yaaB	1.1
yaaA	1.26
yclA	0.0
yckJ	1.41
yczE	0.8471
ycxD	0.9355
ycxB	0.7891
srfAD	0.8312
ycbD	0.8305
ycbA	0.78
ybgH	0.7673
ybgF	0.7112
ybfP	0.7804
ybfN	0.6674
yckH	0.9424
yckF	0.8376
nucA	0.875
yckE	0.8469
yckC	0.9564
yckA	0.8476
ybfM	0.841
ybfK	0.8219
purT	0.8682
ybfH	0.8349
ybfF	0.745
ybfB	0.6725
yckK	1.18
yckI	1.16
sfp	0.8698
ycxC	0.8789
ycxA	0.8234
comS	0.8107
ycbB	0.8524
ybgJ	0.8671
ybgG	0.884
ybfT	0.8383
ybfO	0.7985
psd	0.7778
yckG	0.9003
tlpC	1.03
nin	0.9841
yckD	0.9494
yckB	1.05
yciC	1.2
pssA	1.01
ybfJ	0.9091
ybfI	0.9991
ybfG	0.9962
ybfE	0.8458
ybfA	0.9745
ydhD	0.0
ydgK	1.04
ydgH	0.0
dinB	0.9139
expZ	0.8967
ydgD	1.33
rsbS	1.05
ydcE	1.08
dal	1.2
ydcB	0.8734
ydbS	0.855
murF	1.13
ydgB	1.24
ydfT	0.0
ydfR	0.0
ydfQ	0.0
ydfO	0.9437
ydfM	0.979
ydbP	1.35
ydbM	0.8674
ydbK	0.9858
ydbI	0.9187
ydbF	0.9004
ydbD	1.05
ydhC	1.14
ydgI	1.08
ydgG	0.9866
ydgF	0.8258
ydgE	1.25
ydgC	1.35
rsbR	1.12
ydcD	0.9783
ydcC	0.9721
ydbT	0.9956
ydbR	1.01
ddlA	1.83
ydgA	0.9941
ydfS	0.9857
ydzH	0.9751
ydfP	1.02
ydfN	1.08
ydfL	1.16
ydbN	1.02
ydbL	1.05
ydbJ	1.25
ydbG	1.04
ydbE	1.11
ydbC	1.04
yfkM	2.05
treR	1.06
yfkQ	0.976
yfkS	0.9854
yflA	0.9889
yflC	1.0
yefB	0.9499
yerQ	1.08
yerN	0.9933
yerL	1.11
sapB	1.08
yerH	1.43
yflE	1.19
yflG	1.22
yflJ	0.0
yflL	0.0
yflN	0.0
citT	0.8568
yerF	0.9414
yerD	0.8031
yerA	0.5165
yezC	0.2958
purH	0.2339
purM	0.2687
yfkO	0.8346
treP	0.874
yfkR	0.9861
yfkT	0.9523
yflB	0.9931
yflD	0.981
yefA	1.03
yerO	1.08
yerM	1.11
opuE	0.9651
yerI	0.9175
yflF	0.9321
yflI	1.02
yflK	1.06
yflM	0.8899
citM	0.9773
citSc	0.9233
yerE	0.9371
yerB	0.7985
yecA	0.3508
purD	0.2811
purN	0.3535
purF	0.3314
yhaL	0.989
yhaN	0.8894
yhaS	1.31
yhaU	1.07
yhaW	0.9511
yhaY	0.8337
ygaO	0.7819
ygaN	0.8739
ygbA	0.8069
katA	0.7451
ygaK	0.9626
ygaJ	1.07
yheA	1.25
yheD	0.0
sspB	0.0
yheG	0.0
yheK	0.0
yheN	0.947
ygaI	1.06
ygaH	0.9829
ygaF	0.9233
ygaE	0.9393
ygaC	1.22
sspE	0.9695
yhaM	0.8109
yhaO	0.931
yhaT	1.03
yhaV	0.9431
yhaX	0.9277
yhaZ	1.23
yhzA	1.73
ygcA	0.9379
ygaL	0.791
senS	0.7101
thiA	0.561
ygzA	0.9983
yheB	1.07
yheE	1.03
yheF	1.02
yheI	0.8985
yheM	0.8461
yhdZ	1.06
ygxA	1.25
ygaG	1.07
gsaB	1.01
ygaD	1.3
ygaB	1.11
yfhR	1.25
yjdA	1.12
yjcR	1.03
yjcP	0.898
yjcN	0.7978
yjcL	0.8321
yjcJ	0.6281
yitI	0.7461
yitG	0.8425
yitE	0.9042
yitC	0.0
yitA	0.0
yisX	0.0
yjcH	0.0
yjcF	1.39
yjcC	0.0
yjcA	0.0
cotW	0.0
cotY	0.0
yisV	0.0
yisT	0.0
degA	0.0
yisQ	1.02
yisO	0.8532
yjcS	1.0
yjcQ	0.7574
yjcO	0.8707
yjcM	1.01
yjcK	0.7563
yjcI	0.6823
yitH	0.8418
yitF	0.8492
yitD	0.4042
yitB	0.9563
yisY	0.8933
yisW	0.9495
yjcG	1.15
yjcE	1.03
yjcB	0.8863
cotV	0.9605
cotX	0.8519
cotZ	0.9388
yisU	1.07
yisS	0.994
yisR	1.1
yisP	1.01
yisN	1.15
yisL	1.3
ykuG	1.04
ykuE	1.43
ykuC	1.25
kinA	0.891
ykwD	0.8474
ykwB	0.7682
ykfC	0.7461
ykfA	0.7827
dppD	0.5708
dppB	0.9476
ykeA	0.0
ykcC	0.0
splA	0.0
ykvZ	0.0
ykvV	0.0
ykvS	0.0
ykvQ	0.0
ykvO	0.0
ykcA	0.0
ykaA	1.24
spoIISA	0.0
xhlB	0.0
xkdY	0.9798
xkdW	0.968
ykuF	0.9158
ykuD	1.11
ykyB	1.14
ykwC	0.8706
splB	0.7992
ykfB	0.7721
dppE	0.7022
dppC	0.0
dppA	0.7715
htrA	1.04
ykcB	0.9911
ptsG	0.839
ykvY	1.53
ykvT	1.18
ykvR	1.0
ykvP	0.9512
ykvN	1.01
ykbA	1.01
ykaB	1.2
xlyA	1.07
xhlA	1.09
xkdX	1.05
xkdV	0.9794
smf	0.8427
sucC	0.8464
ylqG	0.7724
rplS	0.932
ylqE	0.7516
ylqC	0.9012
rpmF	0.8055
ylbM	1.17
ylbK	1.5
ylbI	1.27
ylbG	0.0
ylbE	0.0
ylxM	1.29
ftsY	0.0
rncS	0.0
fabG	0.0
plsX	0.0
ylpB	0.0
ylbC	0.0
ylbA	0.0
ctaF	0.0
ctaD	0.0
ctaB	0.0
ylaO	0.9778
sucD	0.8905
ylqH	0.8928
rnh	0.8077
trmD	0.864
ylqD	0.8805
rpsP	0.9554
ylbN	1.04
ylbL	1.14
ylbJ	1.04
ylbH	1.09
ylbF	1.18
ylbD	1.03
ylqB	0.877
acpA	1.27
fabD	1.02
ylpC	0.9166
ylpA	0.9946
ylbB	1.06
ctaG	0.7874
ctaE	0.774
ctaC	0.7028
ctaA	0.8724
ylaN	1.17
yngD	0.0
yngA	1.09
ynfF	0.9688
bglC	0.7987
ynfC	0.8721
grlB	1.16
pksI	0.0
pksG	0.0
pksE	0.0
pksC	0.0
pksA	0.0
mutL	0.0
yneS	0.0
yneQ	0.0
tlp	0.0
citB	0.0
cotL	0.0
yneK	0.0
cotE	0.0
ymcB	0.0
tdh	0.0
ymdB	0.0
pbpX	0.0
cinA	0.0
yngC	0.0
xynD	0.9577
ynfE	0.8869
alsT	0.7247
grlA	0.9747
yneT	1.23
pksH	0.9131
pksF	0.9243
pksD	0.9164
pksB	0.9538
ymcC	0.8785
mutS	0.8999
yneR	1.12
yneP	1.24
yneN	0.9656
cotK	1.02
cotM	1.11
yneJ	1.14
ymcA	1.32
kbl	1.07
spoVS	0.9885
ymdA	0.9829
recA	1.01
pgsA	1.22
yorR	0.0
yorT	0.0
yorV	0.0
yorX	1.22
yorZ	0.0
yosB	0.0
yocJ	0.8601
yocH	0.8809
yocF	0.0
yocD	0.0
yocB	0.0
yocA	0.0
yosD	0.0
yosF	0.0
yosH	0.0
yosJ	0.0
yosL	0.0
yosP	0.0
yobW	0.0
yobU	0.0
yobS	0.0
yobQ	0.0
yobO	0.0
yobM	0.0
yorS	0.0
mtbP	0.0
yorW	1.05
yorY	0.9303
yosA	0.8914
yosC	0.9356
yocI	0.8755
yocG	1.25
yocE	1.28
yocC	0.7527
yozB	0.7631
yozA	1.66
yosE	0.9811
yosG	0.9678
yosI	0.95
yosK	0.9547
yosM	1.14
yosQ	0.988
yobV	1.23
yobT	0.9663
yobR	0.9808
csaA	1.03
yobN	1.13
yobL	1.13
yppD	0.0
yppF	1.49
ypqE	1.79
yprB	1.05
ypsA	1.31
ypsC	1.26
yomP	0.0
yomR	0.0
yomT	0.0
yomV	0.0
yomX	0.0
yomZ	0.0
kduD	0.0
kdgR	0.0
kdgA	0.0
ypwA	0.0
pbuX	0.0
ypbQ	0.0
yonB	0.0
yonD	0.0
yonF	0.0
yonH	0.0
yonK	0.0
yonO	0.0
yppE	0.0
yppG	0.0
cotD	1.07
ypsB	1.06
yptA	1.04
yomQ	0.9818
yomS	1.01
yomU	0.9103
yomW	0.9508
yomY	0.9864
yonA	1.02
kduI	1.07
kdgK	1.06
kdgT	1.02
xpt	1.12
bcsA	1.27
ypbS	1.09
yonC	1.08
yonE	1.01
yonG	1.15
yonI	1.06
yonN	1.02
yonP	0.0
yqiD	1.04
yqxC	1.06
recN	1.1
spo0A	0.9952
yqiH	1.13
yqiK	0.0
ribG	0.0
ribA	1.61
ribT	0.0
ypuG	0.0
ypuI	0.0
spmA	0.0
mmgB	0.0
mmgD	0.0
yqiQ	0.0
yqiR	0.0
yqiT	0.0
yqiV	0.0
ypuL	0.0
resB	0.0
resD	0.0
sigX	0.0
aroC	0.0
ypzE	0.0
yqiE	0.0
ahrC	0.0
spoIVB	0.0
yqiG	1.72
yqiI	1.02
ribB	1.16
ribH	1.1
ypuF	1.16
ypuH	1.12
dacB	1.03
spmB	0.9832
mmgC	1.11
mmgE	1.07
yqzF	1.18
yqiS	1.38
yqiU	1.28
bfmBAA	1.12
resA	0.8377
resC	0.7968
resE	0.7771
ypuN	1.14
serA	1.0
ypaA	1.17
yqaG	0.0
yqaI	0.0
yqaK	0.0
yqaM	0.0
yqaO	0.0
yqaQ	0.0
dgkA	0.0
bex	1.19
glyQ	0.0
yqzB	0.0
yqxD	0.0
sigA	0.0
yqaS	0.0
yqbA	0.0
yqbC	0.0
yqbE	0.0
yqbG	0.0
yqbI	0.0
yqfN	0.0
yqfP	0.0
yqfR	0.0
yqfT	0.0
yqfV	0.0
yqfX	0.0
yqaH	0.0
yqaJ	0.0
yqaL	0.0
yqaN	0.0
yqaP	1.2
yqaR	0.9395
cdd	0.9489
yqxN	0.8474
glyS	0.9222
yqfL	0.9128
dnaG	0.9435
cccA	0.9845
yqaT	1.08
yqbB	0.9732
yqbD	0.933
yqbF	0.9566
yqbH	1.04
yqbJ	0.9643
yqfO	1.05
yqfQ	1.09
yqfS	0.9969
yqfU	1.09
yqfW	1.11
yqfZ	1.15
ysnD	0.6284
ilvN	0.8195
leuA	0.7072
leuC	0.7401
ysoA	0.9798
clpX	1.8
yrrM	0.0
yrrO	0.0
greA	0.0
yrrS	0.0
yrrT	0.0
yrhA	0.0
ysxD	0.0
hemX	0.0
hemD	0.0
hemL	0.0
ysxE	0.0
yrhD	0.0
yrhG	0.0
yrhH	0.0
yrhK	0.0
yrhM	0.0
yrhO	0.0
ilvB	0.7459
ilvC	0.7693
leuB	0.721
leuD	0.8145
tig	1.16
lonB	0.9445
yrrN	1.12
udk	1.14
yrrR	1.39
yrzA	1.01
yrrU	1.08
yrhB	1.27
ysxC	1.14
hemA	0.7921
hemC	0.826
hemB	0.7506
spoVID	0.9043
yrhF	1.69
yrzI	2.14
yrhI	2.7
yrhL	1.64
sigV	1.6
levD	1.11
ytsC	4.17
yttA	1.95
ytvA	1.52
leuS	0.9577
melA	0.0
amyD	0.0
ytmJ	0.0
ytmL	0.0
hisP	0.0
ytnJ	0.0
hipO	0.0
ytqI	0.0
msmR	0.0
bioW	0.0
bioF	0.0
bioB	0.0
ytbQ	0.0
ytcQ	0.0
ytsJ	0.0
pfk	0.0
ytwI	0.0
citC	1.37
phoP	0.0
yttB	0.0
ytvB	0.0
ytwF	0.0
amyC	0.8826
msmE	1.09
ytmK	1.02
ytmM	0.9985
ytnI	0.8724
ribR	0.9738
ytpI	0.8156
ytrI	0.7364
ytaP	0.8056
bioA	0.717
bioD	0.7905
bioI	0.7459
ytcP	0.8504
ytdP	0.8666
yttI	0.9067
ytvI	0.8856
citZ	1.03
citH	1.03
phoR	1.05
mutM	1.21
yunI	0.0
yunG	0.0
yunE	0.0
yunC	0.0
yunA	0.0
yutC	0.0
yugH	0.0
yuzA	0.0
yugK	0.0
yugM	0.0
yugO	0.0
yugS	0.0
yutE	0.0
yutG	0.0
hom	0.0
thrB	0.0
yutI	0.0
yutJ	0.0
yugU	0.0
mcpB	0.0
mcpA	0.0
yuxG	0.0
yulC	0.0
yulE	0.0
yunH	0.0
yunF	0.0
yunD	0.0
yunB	0.0
yutB	0.8974
yutD	1.05
yugI	1.17
yugJ	1.62
pgi	1.21
yugN	1.25
yugP	1.63
yugT	1.49
yutF	0.767
yutH	0.7726
thrC	0.5686
yuxL	0.7992
yuzD	1.01
yuzB	1.13
tgl	1.05
tlpA	0.9877
tlpB	0.9868
yulB	1.0
yulD	0.9998
yulF	1.07
yvdO	0.0
yvdQ	0.0
yveA	0.0
racX	0.0
yveG	0.0
slr	0.0
yvgO	0.0
yvgM	0.0
yvgK	0.0
yvsG	0.0
fhuD	0.0
fhuG	0.0
yveN	0.0
yveP	0.0
yveR	0.0
yveT	0.0
yvfB	0.0
yvfF	0.0
yvrP	0.0
yvrN	0.0
yvrL	0.0
yvrI	0.0
yvrG	0.0
yvrD	0.0
yvdP	0.0
yvdT	0.0
pbpE	0.0
yveF	0.0
padC	1.16
yveL	1.3
yvgN	2.42
yvgL	0.9049
yvgJ	0.9099
yvsH	0.8248
fhuB	0.7695
fhuC	0.7978
yveO	0.8436
yveQ	0.8644
yveS	0.9114
yvfA	0.7442
yvfD	0.8722
yvfG	1.0
yvrO	0.9206
yvrM	0.9489
yvrK	1.05
yvrH	1.16
yvrE	1.11
yvrC	0.9695
mta	0.0
ywnF	0.0
spoIIQ	0.0
ywoA	0.0
nrgA	0.0
ywoC	0.0
tuaF	0.0
tuaH	0.0
yvhJ	0.0
degS	0.0
comFA	0.0
comFC	0.0
ywoE	0.0
ywoG	0.0
usd	0.0
mbl	0.0
flhP	0.0
ywpB	0.0
flgM	0.0
flgK	0.0
yviE	0.0
csrA	0.0
yvyC	0.0
fliS	0.0
ywnE	0.0
ywnH	0.0
ywnJ	0.0
nrgB	0.0
ywoB	0.0
ywoD	1.84
tuaG	0.8283
tagO	0.839
yvyE	0.9449
yviA	0.8734
comFB	0.9403
yvyF	0.9752
ywoF	1.19
ywoH	0.9956
spoIIID	0.9807
flhO	0.8436
rapD	1.04
ywpC	0.959
yvyG	0.9995
flgL	0.9719
yviF	0.8578
hag	0.9045
fliD	0.9082
fliT	0.9222
katX	0.0
yxzF	0.0
licB	0.0
licA	0.0
ywaA	1.39
dltD	0.0
ywfN	0.0
ywfO	0.0
ywgB	0.0
thrZ	0.0
ywhB	0.0
ywhD	0.0
dltB	0.0
ywaB	0.0
ywaD	0.0
ywaE	0.0
gspA	0.0
sacX	0.0
ywhF	0.0
ywhH	0.0
rapF	0.0
ywhL	0.0
ywhN	0.0
ywhP	0.0
yxlJ	0.0
licR	0.0
licC	0.0
licH	0.0
dltE	0.0
dltC	1.92
ywzC	1.11
ywgA	1.04
mmr	1.48
ywhA	1.65
ywhC	1.56
ywhE	1.1
dltA	2.52
ywaC	2.68
tyrZ	1.17
ywaF	1.08
sacY	1.0
epr	0.9995
ywhG	1.11
phrF	1.05
ywhK	1.11
ywhM	1.14
ywhO	1.09
ywhQ	1.15
yybK	0.0
yybM	0.0
yybO	0.0
yybQ	0.0
cotF	0.0
yybT	0.0
yxdM	0.0
yxeB	0.0
yxeD	0.0
yxeG	0.0
yxeI	0.0
yxeK	0.0
yycA	0.0
yycC	0.0
yycD	0.0
yycE	0.0
yycF	0.0
yycH	0.0
yxeM	0.0
yxeO	0.0
yxeQ	0.0
yxxB	0.0
nupC	0.0
hutM	0.0
yybL	0.0
yybN	0.0
yybP	0.0
yybR	0.0
yybS	0.0
rplI	0.7914
yxeA	0.8685
yxeC	0.82
yxeE	1.11
yxeH	1.14
yxeJ	1.11
yxeL	1.15
yycB	0.895
yyzB	0.9007
dnaC	0.9256
purA	0.7993
yycG	1.03
yycI	1.18
yxeN	1.58
yxeP	1.51
yxeR	1.17
deoR	1.2
pdp	1.43
hutG	2.16
lysS	1.05
mfd	1.13
gyrA	1.15
lytA	0.0
yvlD	0.0
yukF	0.0
rsbV	0.0
ydbO	0.0
ycsG	0.0
phrC	0.0
lmrB	0.0
pcp	0.0
ytfJ	0.0
ytzA	0.0
yraA	0.0
yqfY	0.0
yonJ	0.0
yodB	0.0
ycbM	0.0
ybfS	0.0
ybfQ	0.0
ybeC	0.0
ybdG	0.0
ybbA	0.0
ftsH	0.0
yabK	0.0
ywjF	0.0
ywlC	0.0
yveK	0.0
glgP	0.9635
ydcA	0.8721
ycnB	1.07
yceH	1.33
ycbU	0.9252
ycbR	0.857
accA	0.8788
yrhP	1.06
yqbO	1.13
ypqA	1.15
yosW	1.01
ppsD	0.9869
ycbC	0.9768
gltP	0.997
mpr	0.9615
ybdN	0.9965
ybdB	0.9721
yabE	0.7796
yaaG	0.0
yisD	0.0
yhjP	0.0
yhfR	0.0
yheH	0.0
yfhQ	0.0
ydcI	0.0
dnaN	0.0
srfAB	0.0
opuAA	0.0
ybdO	0.0
yabN	0.0
asnH	0.0
ywbN	0.0
yaaF	0.9898
addB	0.9915
yhjB	1.02
yheC	1.04
yheL	1.1
yesN	1.11
yclF	1.24
dnaA	1.3
amhX	0.9677
ycbT	1.09
feuC	0.9941
gidA	1.11
yxnB	1.01
spsF	0.9786
